EmployeeID,Department,JobRole,Age,MonthlyIncome,YearsAtCompany,OverTime,Attrition,AttritionProbability,RiskLevel,ModelVersion,EngagementScore,PerformanceRating,SkillGapCount,SkillGapScore,SkillGaps,TopMissingSkill,Recommendation,CourseTitle,Provider,DurationHours,Priority,EngagementBand
1,Sales,Sales Executive,41,5993,6,Yes,Yes,0.8875,HIGH,v1,53.3,3,14,51.62,"Microsoft PowerPoint, Microsoft Office, Salesforce, Microsoft Outlook, Active Listening",Microsoft PowerPoint,Learn Microsoft PowerPoint,Presenting Data to Decision Makers,LinkedIn Learning,10,9.45,Moderate
2,Research & Development,Research Scientist,49,5130,10,No,No,0.0926,LOW,v1,51.7,4,12,46.23,"R, Writing, Science, Speaking, Active Learning",R,Learn R,Statistical Programming in R,Coursera,24,6.75,Moderate
4,Research & Development,Laboratory Technician,37,2090,0,Yes,Yes,0.8391,HIGH,v1,61.7,3,13,45.99,"Microsoft Excel, Microsoft Office, Reading Comprehension, Active Listening, SAP",Microsoft Excel,Learn Microsoft Excel,Advanced Spreadsheet Modelling,Microsoft Learn,12,9.45,Moderate
5,Research & Development,Research Scientist,33,2909,8,Yes,No,0.337,LOW,v1,73.4,3,9,34.12,"R, Microsoft Office, Reading Comprehension, Mathematics, MATLAB",R,Learn R,Statistical Programming in R,Coursera,24,6.75,High
7,Research & Development,Laboratory Technician,27,3468,2,No,No,0.6407,HIGH,v1,46.7,3,12,39.99,"Reading Comprehension, Active Listening, Microsoft PowerPoint, Microsoft Word, MEDITECH",Reading Comprehension,Learn Reading Comprehension,Business Writing for Clarity,LinkedIn Learning,8,7.875,Moderate
8,Research & Development,Laboratory Technician,32,3068,7,No,No,0.1418,LOW,v1,78.3,3,12,41.12,"Microsoft Excel, Reading Comprehension, Active Listening, SAP, Microsoft PowerPoint",Microsoft Excel,Learn Microsoft Excel,Advanced Spreadsheet Modelling,Microsoft Learn,12,6.75,High
10,Research & Development,Laboratory Technician,59,2670,1,Yes,No,0.5555,MEDIUM,v1,43.3,4,11,36.87,"Microsoft Office, Active Listening, Microsoft Word, MEDITECH, Microsoft Outlook",Microsoft Office,Learn Microsoft Office,Productivity Suite Fundamentals,Microsoft Learn,10,7.762,Moderate
11,Research & Development,Laboratory Technician,30,2693,1,No,No,0.461,MEDIUM,v1,70.0,4,9,31.25,"Microsoft Excel, Reading Comprehension, SAP, Microsoft PowerPoint, MEDITECH",Microsoft Excel,Learn Microsoft Excel,Advanced Spreadsheet Modelling,Microsoft Learn,12,7.762,High
12,Research & Development,Manufacturing Director,38,9526,9,No,No,0.2085,LOW,v1,61.7,4,10,38.76,"Microsoft PowerPoint, Microsoft Excel, Microsoft Outlook, Reading Comprehension, Active Listening",Microsoft PowerPoint,Learn Microsoft PowerPoint,Presenting Data to Decision Makers,LinkedIn Learning,10,6.75,Moderate
13,Research & Development,Healthcare Representative,36,5237,7,No,No,0.19,LOW,v1,58.4,3,9,32.13,"Microsoft Office, Active Listening, Reading Comprehension, Microsoft Azure, Amazon Web Services (AWS)",Microsoft Office,Learn Microsoft Office,Productivity Suite Fundamentals,Microsoft Learn,10,6.75,Moderate
14,Research & Development,Laboratory Technician,35,2426,5,No,No,0.1992,LOW,v1,51.7,3,9,30.24,"Microsoft Excel, Active Listening, MEDITECH, Microsoft Outlook, Speaking",Microsoft Excel,Learn Microsoft Excel,Advanced Spreadsheet Modelling,Microsoft Learn,12,6.75,Moderate
15,Research & Development,Laboratory Technician,29,4193,9,Yes,No,0.4395,MEDIUM,v1,68.3,3,12,42.87,"Microsoft Excel, Microsoft Office, Reading Comprehension, Active Listening, SAP",Microsoft Excel,Learn Microsoft Excel,Advanced Spreadsheet Modelling,Microsoft Learn,12,7.762,Moderate
16,Research & Development,Research Scientist,31,2911,5,No,No,0.3503,MEDIUM,v1,51.7,3,12,47.11,"Microsoft Excel, R, Writing, Speaking, Active Learning",Microsoft Excel,Learn Microsoft Excel,Advanced Spreadsheet Modelling,Microsoft Learn,12,7.762,Moderate
18,Research & Development,Laboratory Technician,34,2661,2,No,No,0.1756,LOW,v1,70.0,3,12,40.37,"Microsoft Office, Reading Comprehension, Microsoft PowerPoint, MEDITECH, Google Docs",Microsoft Office,Learn Microsoft Office,Productivity Suite Fundamentals,Microsoft Learn,10,6.75,High
19,Research & Development,Laboratory Technician,28,2028,4,Yes,Yes,0.9654,HIGH,v1,55.0,3,13,44.62,"Microsoft Excel, Microsoft Office, Reading Comprehension, Microsoft PowerPoint, MEDITECH",Microsoft Excel,Learn Microsoft Excel,Advanced Spreadsheet Modelling,Microsoft Learn,12,9.45,Moderate
20,Research & Development,Manufacturing Director,29,9980,10,No,No,0.2376,LOW,v1,48.3,3,8,31.5,"SAP, Microsoft Office, Microsoft Outlook, Reading Comprehension, Active Learning",SAP,Learn SAP,Enterprise Resource Planning Essentials,SAP,24,6.75,Moderate
21,Research & Development,Research Scientist,32,3298,6,Yes,No,0.1084,LOW,v1,50.0,3,11,43.37,"Microsoft Excel, R, Writing, Science, Critical Thinking",Microsoft Excel,Learn Microsoft Excel,Advanced Spreadsheet Modelling,Microsoft Learn,12,6.75,Moderate
22,Research & Development,Laboratory Technician,22,2935,1,Yes,No,0.4901,MEDIUM,v1,83.3,3,13,44.37,"Microsoft Excel, Active Listening, SAP, Microsoft PowerPoint, Microsoft Word",Microsoft Excel,Learn Microsoft Excel,Advanced Spreadsheet Modelling,Microsoft Learn,12,7.762,High
23,Sales,Manager,53,15427,25,No,No,0.025,LOW,v1,55.0,3,5,19.0,"Microsoft Excel, Active Listening, Adobe Acrobat, Adobe Photoshop, Autodesk AutoCAD",Microsoft Excel,Learn Microsoft Excel,Advanced Spreadsheet Modelling,Microsoft Learn,12,6.75,Moderate
24,Research & Development,Research Scientist,38,3944,3,Yes,No,0.4021,MEDIUM,v1,83.4,3,11,42.37,"Microsoft Excel, R, Writing, Reading Comprehension, Active Listening",Microsoft Excel,Learn Microsoft Excel,Advanced Spreadsheet Modelling,Microsoft Learn,12,7.762,High
26,Research & Development,Manufacturing Director,24,4011,4,No,No,0.0083,LOW,v1,60.0,3,13,49.88,"Microsoft PowerPoint, Microsoft Excel, Microsoft Outlook, Monitoring, Speaking",Microsoft PowerPoint,Learn Microsoft PowerPoint,Presenting Data to Decision Makers,LinkedIn Learning,10,6.75,Moderate
27,Sales,Sales Representative,36,3407,5,No,Yes,0.7299,HIGH,v1,35.0,4,11,37.38,"Speaking, IBM SPSS Statistics, Microsoft PowerPoint, Microsoft Word, HubSpot",Speaking,Learn Speaking,Listening and Influence at Work,LinkedIn Learning,6,8.148,Low
28,Research & Development,Research Director,34,11994,12,No,No,0.0211,LOW,v1,43.3,3,10,36.88,"Science, Active Listening, Speaking, Writing, Microsoft Project",Science,Learn Science,Scientific Method in Practice,edX,14,6.18,Moderate
30,Research & Development,Research Scientist,21,1232,0,No,No,0.424,MEDIUM,v1,80.0,3,11,43.62,"Microsoft Excel, R, Microsoft Office, Science, Critical Thinking",Microsoft Excel,Learn Microsoft Excel,Advanced Spreadsheet Modelling,Microsoft Learn,12,7.762,High
31,Research & Development,Research Scientist,34,2960,4,No,Yes,0.3895,MEDIUM,v1,40.0,3,14,54.61,"Microsoft Excel, R, Microsoft Office, Writing, Science",Microsoft Excel,Learn Microsoft Excel,Advanced Spreadsheet Modelling,Microsoft Learn,12,7.762,Moderate
32,Research & Development,Manager,53,19094,14,No,No,0.0149,LOW,v1,65.0,3,9,32.12,"Microsoft PowerPoint, Active Learning, Apple macOS, Atlassian JIRA, Atlassian Confluence",Microsoft PowerPoint,Learn Microsoft PowerPoint,Presenting Data to Decision Makers,LinkedIn Learning,10,6.75,Moderate
33,Research & Development,Research Scientist,32,3919,10,Yes,Yes,0.9018,HIGH,v1,20.0,4,7,27.74,"Microsoft Excel, Speaking, Active Learning, Critical Thinking, Active Listening",Microsoft Excel,Learn Microsoft Excel,Advanced Spreadsheet Modelling,Microsoft Learn,12,9.45,Low
35,Sales,Sales Executive,42,6825,9,No,No,0.1262,LOW,v1,60.0,3,7,26.12,"Microsoft Excel, Microsoft Outlook, Adobe Creative Cloud, Adobe InDesign, Critical Thinking",Microsoft Excel,Learn Microsoft Excel,Advanced Spreadsheet Modelling,Microsoft Learn,12,6.75,Moderate
36,Research & Development,Healthcare Representative,44,10248,22,No,No,0.0703,LOW,v1,58.3,3,6,21.62,"Microsoft Outlook, Google Workspace, Linux, Apache Hadoop, Microsoft Access",Microsoft Outlook,Learn Microsoft Outlook,Productivity Suite Fundamentals,Microsoft Learn,10,6.75,Moderate
38,Sales,Manager,46,18947,2,No,No,0.3507,MEDIUM,v1,38.3,3,8,28.38,"Monitoring, Critical Thinking, Apple macOS, Atlassian Confluence, Google Analytics",Monitoring,Learn Monitoring,Performance Tracking and Review,LinkedIn Learning,6,6.9,Low
39,Research & Development,Laboratory Technician,33,2496,1,No,No,0.4915,MEDIUM,v1,80.0,3,14,45.74,"Reading Comprehension, Active Listening, SAP, MEDITECH, Google Docs",Reading Comprehension,Learn Reading Comprehension,Business Writing for Clarity,LinkedIn Learning,8,6.469,High
40,Research & Development,Healthcare Representative,44,6465,4,Yes,No,0.0304,LOW,v1,91.7,3,8,30.0,"Salesforce, Speaking, Active Listening, Reading Comprehension, Active Learning",Salesforce,Learn Salesforce,Managing the Customer Pipeline,Trailhead,16,6.75,High
41,Research & Development,Laboratory Technician,30,2206,10,No,No,0.4459,MEDIUM,v1,58.3,3,11,38.87,"Microsoft Excel, Microsoft Office, Reading Comprehension, Microsoft Word, MEDITECH",Microsoft Excel,Learn Microsoft Excel,Advanced Spreadsheet Modelling,Microsoft Learn,12,7.762,Moderate
42,Sales,Sales Representative,39,2086,1,No,Yes,0.1726,LOW,v1,88.3,3,9,31.88,"Salesforce, Active Listening, Reading Comprehension, IBM SPSS Statistics, Microsoft Word",Salesforce,Learn Salesforce,Managing the Customer Pipeline,Trailhead,16,6.75,High
45,Research & Development,Research Scientist,24,2293,2,Yes,Yes,0.754,HIGH,v1,58.3,3,11,42.99,"Microsoft Excel, Microsoft Office, Writing, Speaking, Active Learning",Microsoft Excel,Learn Microsoft Excel,Advanced Spreadsheet Modelling,Microsoft Learn,12,9.45,Moderate
46,Research & Development,Research Scientist,43,2645,5,No,No,0.0059,LOW,v1,80.0,3,10,39.48,"Microsoft Excel, R, Science, Speaking, Active Learning",Microsoft Excel,Learn Microsoft Excel,Advanced Spreadsheet Modelling,Microsoft Learn,12,6.75,High
47,Sales,Sales Representative,50,2683,3,Yes,Yes,0.8825,HIGH,v1,45.0,3,15,54.12,"Microsoft Excel, Microsoft Office, Salesforce, Reading Comprehension, IBM SPSS Statistics",Microsoft Excel,Learn Microsoft Excel,Advanced Spreadsheet Modelling,Microsoft Learn,12,9.45,Moderate
49,Sales,Sales Representative,35,2014,2,No,No,0.2657,LOW,v1,76.7,3,8,29.64,"Salesforce, Speaking, Active Listening, Reading Comprehension, Microsoft Word",Salesforce,Learn Salesforce,Managing the Customer Pipeline,Trailhead,16,6.75,High
51,Research & Development,Research Scientist,36,3419,1,Yes,No,0.7234,HIGH,v1,40.0,3,14,53.23,"Microsoft Office, Writing, Science, Speaking, Active Learning",Microsoft Office,Learn Microsoft Office,Productivity Suite Fundamentals,Microsoft Learn,10,9.45,Moderate
52,Sales,Sales Executive,33,5376,5,No,No,0.1641,LOW,v1,48.3,3,8,30.24,"Microsoft PowerPoint, Microsoft Office, Salesforce, Adobe Creative Cloud, Adobe InDesign",Microsoft PowerPoint,Learn Microsoft PowerPoint,Presenting Data to Decision Makers,LinkedIn Learning,10,6.75,Moderate
53,Research & Development,Laboratory Technician,35,1951,1,No,No,0.2751,LOW,v1,76.7,3,16,55.24,"Microsoft Excel, Microsoft Office, Reading Comprehension, Active Listening, SAP",Microsoft Excel,Learn Microsoft Excel,Advanced Spreadsheet Modelling,Microsoft Learn,12,6.75,High
54,Research & Development,Laboratory Technician,27,2341,1,No,No,0.219,LOW,v1,56.7,3,8,27.12,"Microsoft Office, Active Listening, Google Docs, Microsoft Outlook, Electronic Medical Record (EMR)",Microsoft Office,Learn Microsoft Office,Productivity Suite Fundamentals,Microsoft Learn,10,6.75,Moderate
55,Research & Development,Laboratory Technician,26,2293,1,No,Yes,0.9465,HIGH,v1,31.7,3,10,32.12,"Active Listening, SAP, Microsoft Word, MEDITECH, Monitoring",Active Listening,Learn Active Listening,Running Effective Remote Meetings,LinkedIn Learning,6,7.602,Low
56,Sales,Sales Executive,27,8726,9,No,No,0.3186,LOW,v1,76.7,3,8,30.12,"Microsoft Excel, Salesforce, Speaking, Adobe Creative Cloud, Adobe InDesign",Microsoft Excel,Learn Microsoft Excel,Advanced Spreadsheet Modelling,Microsoft Learn,12,6.75,High
57,Research & Development,Laboratory Technician,30,4011,12,No,No,0.2329,LOW,v1,80.0,4,4,13.0,"Google Docs, Microsoft PowerPoint, Active Learning, Monitoring",Google Docs,Learn Google Docs,Business Documents That Get Read,LinkedIn Learning,8,5.25,High
58,Research & Development,Research Director,41,19545,22,No,Yes,0.1453,LOW,v1,63.4,3,7,26.38,"Microsoft Office, Monitoring, Writing, Microsoft SharePoint, Microsoft Visio",Microsoft Office,Learn Microsoft Office,Productivity Suite Fundamentals,Microsoft Learn,10,6.75,Moderate
60,Sales,Sales Executive,34,4568,9,No,No,0.2364,LOW,v1,60.0,4,12,42.62,"Microsoft Office, Salesforce, Speaking, Active Listening, Adobe Creative Cloud",Microsoft Office,Learn Microsoft Office,Productivity Suite Fundamentals,Microsoft Learn,10,6.75,Moderate
61,Research & Development,Research Scientist,37,3022,1,No,No,0.6447,HIGH,v1,43.3,4,14,53.23,"R, Writing, Science, Speaking, Active Learning",R,Learn R,Statistical Programming in R,Coursera,24,9.45,Moderate
62,Sales,Sales Executive,46,5772,9,Yes,No,0.702,HIGH,v1,63.4,4,7,23.5,"Speaking, Active Listening, Adobe Illustrator, Reading Comprehension, Writing",Speaking,Learn Speaking,Listening and Influence at Work,LinkedIn Learning,6,8.4,Moderate
63,Research & Development,Laboratory Technician,35,2269,1,No,No,0.0741,LOW,v1,95.0,3,13,45.5,"Microsoft Excel, Microsoft Office, Reading Comprehension, SAP, Microsoft PowerPoint",Microsoft Excel,Learn Microsoft Excel,Advanced Spreadsheet Modelling,Microsoft Learn,12,6.75,High
64,Research & Development,Laboratory Technician,48,5381,1,Yes,Yes,0.9471,HIGH,v1,48.3,3,16,54.87,"Microsoft Excel, Microsoft Office, Active Listening, SAP, Microsoft PowerPoint",Microsoft Excel,Learn Microsoft Excel,Advanced Spreadsheet Modelling,Microsoft Learn,12,9.45,Moderate
65,Research & Development,Laboratory Technician,28,3441,2,Yes,Yes,0.8874,HIGH,v1,61.7,3,8,28.0,"Microsoft Excel, Microsoft Office, MEDITECH, Microsoft Outlook, Electronic Medical Record (EMR)",Microsoft Excel,Learn Microsoft Excel,Advanced Spreadsheet Modelling,Microsoft Learn,12,9.45,Moderate
68,Sales,Sales Executive,44,5454,4,Yes,No,0.6037,HIGH,v1,35.0,4,9,33.0,"Microsoft PowerPoint, Salesforce, Microsoft Outlook, Adobe Creative Cloud, Adobe InDesign",Microsoft PowerPoint,Learn Microsoft PowerPoint,Presenting Data to Decision Makers,LinkedIn Learning,10,9.45,Low
70,Research & Development,Healthcare Representative,35,9884,4,Yes,No,0.2711,LOW,v1,38.3,3,14,50.5,"Microsoft Excel, Speaking, Active Listening, Reading Comprehension, Amazon Web Services (AWS)",Microsoft Excel,Learn Microsoft Excel,Advanced Spreadsheet Modelling,Microsoft Learn,12,6.75,Low
72,Sales,Sales Executive,26,4157,2,Yes,No,0.9239,HIGH,v1,63.3,3,8,28.87,"Microsoft Excel, Speaking, Active Listening, Adobe Photoshop, Reading Comprehension",Microsoft Excel,Learn Microsoft Excel,Advanced Spreadsheet Modelling,Microsoft Learn,12,9.45,Moderate
73,Research & Development,Research Director,33,13458,15,Yes,No,0.3757,MEDIUM,v1,63.4,3,9,32.88,"Critical Thinking, Reading Comprehension, Speaking, Microsoft SharePoint, ESRI ArcGIS",Critical Thinking,Learn Critical Thinking,Structured Problem Solving,Coursera,12,6.9,Moderate
74,Sales,Sales Executive,35,9069,9,No,No,0.458,MEDIUM,v1,38.3,4,9,33.13,"Microsoft PowerPoint, Salesforce, Speaking, Active Listening, Critical Thinking",Microsoft PowerPoint,Learn Microsoft PowerPoint,Presenting Data to Decision Makers,LinkedIn Learning,10,7.762,Low
75,Research & Development,Laboratory Technician,35,4014,2,Yes,No,0.786,HIGH,v1,46.7,3,8,26.62,"Microsoft Excel, Microsoft PowerPoint, MEDITECH, Speaking, Monitoring",Microsoft Excel,Learn Microsoft Excel,Advanced Spreadsheet Modelling,Microsoft Learn,12,9.45,Moderate
76,Research & Development,Laboratory Technician,31,5915,7,No,No,0.0537,LOW,v1,81.7,4,7,24.37,"Microsoft Office, Active Listening, SAP, Google Docs, Critical Thinking",Microsoft Office,Learn Microsoft Office,Productivity Suite Fundamentals,Microsoft Learn,10,6.75,High
77,Research & Development,Manufacturing Director,37,5993,7,No,No,0.0293,LOW,v1,50.0,3,14,53.01,"Microsoft PowerPoint, Microsoft Office, Monitoring, Critical Thinking, Reading Comprehension",Microsoft PowerPoint,Learn Microsoft PowerPoint,Presenting Data to Decision Makers,LinkedIn Learning,10,6.75,Moderate
78,Research & Development,Manufacturing Director,32,6162,9,Yes,No,0.4883,MEDIUM,v1,60.0,4,13,51.51,"SAP, Microsoft PowerPoint, Microsoft Excel, Microsoft Office, Microsoft Outlook",SAP,Learn SAP,Enterprise Resource Planning Essentials,SAP,24,7.762,Moderate
79,Research & Development,Laboratory Technician,38,2406,10,No,No,0.6823,HIGH,v1,86.7,3,10,33.87,"Microsoft Office, Active Listening, Microsoft PowerPoint, Microsoft Word, MEDITECH",Microsoft Office,Learn Microsoft Office,Productivity Suite Fundamentals,Microsoft Learn,10,9.45,High
80,Research & Development,Research Director,50,18740,27,Yes,No,0.5832,HIGH,v1,50.0,3,10,38.5,"Microsoft Office, Science, Monitoring, Critical Thinking, Reading Comprehension",Microsoft Office,Learn Microsoft Office,Productivity Suite Fundamentals,Microsoft Learn,10,9.45,Moderate
81,Sales,Sales Executive,59,7637,21,No,No,0.6147,HIGH,v1,31.7,3,7,25.25,"Microsoft Excel, Speaking, Active Listening, Adobe InDesign, Adobe Acrobat",Microsoft Excel,Learn Microsoft Excel,Advanced Spreadsheet Modelling,Microsoft Learn,12,9.45,Low
83,Research & Development,Healthcare Representative,36,10096,17,No,No,0.0591,LOW,v1,63.4,3,11,40.13,"Microsoft Office, Microsoft Outlook, Speaking, Google Workspace, Linux",Microsoft Office,Learn Microsoft Office,Productivity Suite Fundamentals,Microsoft Learn,10,6.75,Moderate
84,Research & Development,Manager,55,14756,5,Yes,No,0.0382,LOW,v1,73.4,3,7,25.62,"Reading Comprehension, Active Listening, Active Learning, Apple macOS, Atlassian JIRA",Reading Comprehension,Learn Reading Comprehension,Business Writing for Clarity,LinkedIn Learning,8,6.0,High
85,Research & Development,Manufacturing Director,36,6499,6,No,No,0.4883,MEDIUM,v1,41.6,3,14,54.63,"SAP, Microsoft PowerPoint, Microsoft Excel, Microsoft Outlook, Monitoring",SAP,Learn SAP,Enterprise Resource Planning Essentials,SAP,24,7.762,Moderate
86,Research & Development,Research Scientist,45,9724,1,No,No,0.0317,LOW,v1,40.0,3,5,18.12,"Speaking, MATLAB, IBM SPSS Statistics, SAS, Adobe Photoshop",Speaking,Learn Speaking,Listening and Influence at Work,LinkedIn Learning,6,6.18,Moderate
88,Research & Development,Research Scientist,35,2194,3,No,No,0.4838,MEDIUM,v1,38.3,3,13,50.48,"Microsoft Excel, R, Microsoft Office, Science, Speaking",Microsoft Excel,Learn Microsoft Excel,Advanced Spreadsheet Modelling,Microsoft Learn,12,7.762,Low
90,Research & Development,Research Scientist,36,3388,1,Yes,Yes,0.7765,HIGH,v1,53.3,3,12,47.86,"Microsoft Excel, R, Microsoft Office, Science, Active Learning",Microsoft Excel,Learn Microsoft Excel,Advanced Spreadsheet Modelling,Microsoft Learn,12,9.45,Moderate
91,Sales,Sales Executive,59,5473,4,No,No,0.4741,MEDIUM,v1,43.3,3,12,45.0,"Microsoft PowerPoint, Microsoft Office, Microsoft Outlook, Speaking, Adobe Creative Cloud",Microsoft PowerPoint,Learn Microsoft PowerPoint,Presenting Data to Decision Makers,LinkedIn Learning,10,7.762,Moderate
94,Research & Development,Research Scientist,29,2703,5,No,No,0.0128,LOW,v1,60.0,4,11,43.62,"Microsoft Excel, R, Microsoft Office, Active Learning, Critical Thinking",Microsoft Excel,Learn Microsoft Excel,Advanced Spreadsheet Modelling,Microsoft Learn,12,6.75,Moderate
95,Research & Development,Research Scientist,31,2501,1,No,No,0.4042,MEDIUM,v1,53.3,3,9,33.87,"Writing, Science, Critical Thinking, Active Listening, MATLAB",Writing,Learn Writing,Business Writing for Clarity,LinkedIn Learning,8,7.331,Moderate
96,Research & Development,Research Scientist,32,6220,10,No,No,0.0504,LOW,v1,46.7,3,9,34.37,"Writing, Speaking, Critical Thinking, Reading Comprehension, Active Listening",Writing,Learn Writing,Business Writing for Clarity,LinkedIn Learning,8,6.375,Moderate
97,Research & Development,Laboratory Technician,36,3038,1,No,No,0.4545,MEDIUM,v1,75.0,3,11,36.87,"Microsoft Office, Reading Comprehension, SAP, Microsoft Word, Google Docs",Microsoft Office,Learn Microsoft Office,Productivity Suite Fundamentals,Microsoft Learn,10,7.762,High
98,Research & Development,Manufacturing Director,31,4424,11,No,No,0.0328,LOW,v1,80.0,4,7,30.25,"SAP, Microsoft PowerPoint, Microsoft Excel, Microsoft Office, Microsoft Outlook",SAP,Learn SAP,Enterprise Resource Planning Essentials,SAP,24,6.75,High
100,Sales,Sales Executive,35,4312,15,No,No,0.0928,LOW,v1,35.0,3,13,47.0,"Microsoft Office, Salesforce, Microsoft Outlook, Active Listening, Adobe Creative Cloud",Microsoft Office,Learn Microsoft Office,Productivity Suite Fundamentals,Microsoft Learn,10,6.75,Low
101,Research & Development,Research Director,45,13245,0,Yes,No,0.0327,LOW,v1,55.0,3,7,26.5,"Microsoft Office, Monitoring, Reading Comprehension, Microsoft SharePoint, Active Learning",Microsoft Office,Learn Microsoft Office,Productivity Suite Fundamentals,Microsoft Learn,10,6.75,Moderate
102,Research & Development,Research Director,37,13664,5,No,No,0.1963,LOW,v1,51.7,3,8,30.88,"Science, Monitoring, Critical Thinking, Reading Comprehension, Speaking",Science,Learn Science,Scientific Method in Practice,edX,14,6.18,Moderate
103,Human Resources,Human Resources,46,5021,4,Yes,No,0.5096,MEDIUM,v1,53.3,4,9,34.63,"Microsoft Office, Microsoft Outlook, Speaking, Applicant Tracking System (ATS), Critical Thinking",Microsoft Office,Learn Microsoft Office,Productivity Suite Fundamentals,Microsoft Learn,10,7.762,Moderate
104,Research & Development,Laboratory Technician,30,5126,10,Yes,No,0.6302,HIGH,v1,70.0,3,15,51.74,"Microsoft Excel, Microsoft Office, Reading Comprehension, Active Listening, Microsoft Word",Microsoft Excel,Learn Microsoft Excel,Advanced Spreadsheet Modelling,Microsoft Learn,12,9.45,High
105,Research & Development,Research Scientist,35,2859,6,No,No,0.2016,LOW,v1,45.0,3,8,31.87,"R, Microsoft Office, Writing, Critical Thinking, Active Listening",R,Learn R,Statistical Programming in R,Coursera,24,6.75,Moderate
106,Sales,Sales Executive,55,10239,1,No,No,0.062,LOW,v1,66.7,3,6,22.12,"Microsoft Office, Speaking, Adobe InDesign, Adobe Illustrator, Adobe Photoshop",Microsoft Office,Learn Microsoft Office,Productivity Suite Fundamentals,Microsoft Learn,10,6.75,Moderate
107,Research & Development,Research Scientist,38,5329,13,Yes,No,0.0781,LOW,v1,56.7,3,11,42.24,"R, Microsoft Office, Speaking, Critical Thinking, Reading Comprehension",R,Learn R,Statistical Programming in R,Coursera,24,6.75,Moderate
110,Research & Development,Manufacturing Director,34,4325,5,No,No,0.2344,LOW,v1,43.3,3,8,31.25,"SAP, Microsoft Office, Monitoring, Speaking, Learning Strategies",SAP,Learn SAP,Enterprise Resource Planning Essentials,SAP,24,6.75,Moderate
112,Research & Development,Manufacturing Director,56,7260,6,No,No,0.0564,LOW,v1,55.0,3,11,42.64,"SAP, Microsoft PowerPoint, Microsoft Outlook, Critical Thinking, Reading Comprehension",SAP,Learn SAP,Enterprise Resource Planning Essentials,SAP,24,6.75,Moderate
113,Sales,Sales Representative,23,2322,0,No,No,0.8306,HIGH,v1,46.7,3,14,49.5,"Microsoft Office, Salesforce, Reading Comprehension, IBM SPSS Statistics, Microsoft PowerPoint",Microsoft Office,Learn Microsoft Office,Productivity Suite Fundamentals,Microsoft Learn,10,9.45,Moderate
116,Research & Development,Laboratory Technician,51,2075,4,No,No,0.048,LOW,v1,80.0,4,13,43.87,"Microsoft Office, SAP, Microsoft PowerPoint, Microsoft Word, MEDITECH",Microsoft Office,Learn Microsoft Office,Productivity Suite Fundamentals,Microsoft Learn,10,6.75,High
117,Research & Development,Healthcare Representative,30,4152,11,No,No,0.0687,LOW,v1,61.7,3,8,30.62,"Microsoft Excel, Speaking, Active Listening, Reading Comprehension, Google Workspace",Microsoft Excel,Learn Microsoft Excel,Advanced Spreadsheet Modelling,Microsoft Learn,12,6.75,Moderate
118,Sales,Sales Executive,46,9619,9,No,Yes,0.2329,LOW,v1,71.7,3,12,44.99,"Microsoft Excel, Salesforce, Microsoft Outlook, Active Listening, Speaking",Microsoft Excel,Learn Microsoft Excel,Advanced Spreadsheet Modelling,Microsoft Learn,12,6.75,High
119,Research & Development,Healthcare Representative,40,13503,22,No,No,0.2315,LOW,v1,46.6,4,14,53.5,"Microsoft Excel, Microsoft Office, Salesforce, Speaking, Active Listening",Microsoft Excel,Learn Microsoft Excel,Advanced Spreadsheet Modelling,Microsoft Learn,12,6.75,Moderate
120,Sales,Sales Executive,51,5441,10,Yes,No,0.5008,MEDIUM,v1,70.0,4,10,36.49,"Microsoft Excel, Microsoft Office, Salesforce, Speaking, Adobe InDesign",Microsoft Excel,Learn Microsoft Excel,Advanced Spreadsheet Modelling,Microsoft Learn,12,7.762,High
121,Sales,Sales Executive,30,5209,11,Yes,No,0.3281,LOW,v1,40.0,3,9,30.87,"Microsoft Outlook, Speaking, Adobe Acrobat, Adobe Photoshop, Adobe Illustrator",Microsoft Outlook,Learn Microsoft Outlook,Productivity Suite Fundamentals,Microsoft Learn,10,6.75,Moderate
124,Research & Development,Healthcare Representative,46,10673,10,Yes,No,0.6567,HIGH,v1,33.3,3,11,40.25,"Salesforce, Microsoft Outlook, Active Listening, Reading Comprehension, Google Workspace",Salesforce,Learn Salesforce,Managing the Customer Pipeline,Trailhead,16,9.45,Low
125,Sales,Sales Executive,32,5010,11,No,No,0.4902,MEDIUM,v1,53.4,3,13,46.62,"Microsoft Excel, Salesforce, Microsoft Outlook, Active Listening, Adobe Creative Cloud",Microsoft Excel,Learn Microsoft Excel,Advanced Spreadsheet Modelling,Microsoft Learn,12,7.762,Moderate
126,Research & Development,Research Director,54,13549,4,No,No,0.0928,LOW,v1,36.7,3,9,33.76,"Microsoft Excel, Critical Thinking, Speaking, Writing, IBM SPSS Statistics",Microsoft Excel,Learn Microsoft Excel,Advanced Spreadsheet Modelling,Microsoft Learn,12,6.75,Low
128,Sales,Sales Executive,24,4999,3,No,No,0.2569,LOW,v1,41.7,4,15,54.5,"Microsoft PowerPoint, Microsoft Office, Salesforce, Speaking, Active Listening",Microsoft PowerPoint,Learn Microsoft PowerPoint,Presenting Data to Decision Makers,LinkedIn Learning,10,6.75,Moderate
129,Sales,Sales Executive,28,4221,5,No,No,0.1119,LOW,v1,61.7,3,11,38.87,"Microsoft PowerPoint, Active Listening, Adobe Creative Cloud, Adobe InDesign, Critical Thinking",Microsoft PowerPoint,Learn Microsoft PowerPoint,Presenting Data to Decision Makers,LinkedIn Learning,10,6.75,Moderate
131,Sales,Sales Executive,58,13872,37,No,No,0.0004,LOW,v1,68.4,3,7,25.25,"Microsoft PowerPoint, Microsoft Excel, Adobe InDesign, Critical Thinking, Adobe Acrobat",Microsoft PowerPoint,Learn Microsoft PowerPoint,Presenting Data to Decision Makers,LinkedIn Learning,10,6.75,Moderate
132,Research & Development,Laboratory Technician,44,2042,3,No,No,0.2295,LOW,v1,55.0,3,9,31.12,"Microsoft Office, Reading Comprehension, Active Listening, MEDITECH, Microsoft Outlook",Microsoft Office,Learn Microsoft Office,Productivity Suite Fundamentals,Microsoft Learn,10,6.75,Moderate
133,Human Resources,Human Resources,37,2073,3,Yes,Yes,0.7266,HIGH,v1,50.0,4,8,32.12,"Microsoft PowerPoint, Workday, Microsoft Outlook, Speaking, Oracle HRIS",Microsoft PowerPoint,Learn Microsoft PowerPoint,Presenting Data to Decision Makers,LinkedIn Learning,10,9.45,Moderate
134,Research & Development,Research Scientist,32,2956,1,No,No,0.3611,MEDIUM,v1,56.7,3,12,47.61,"Microsoft Excel, R, Writing, Science, Speaking",Microsoft Excel,Learn Microsoft Excel,Advanced Spreadsheet Modelling,Microsoft Learn,12,7.762,Moderate
137,Research & Development,Laboratory Technician,20,2926,1,Yes,Yes,0.9236,HIGH,v1,71.7,3,13,46.12,"Microsoft Excel, Microsoft Office, Reading Comprehension, Active Listening, SAP",Microsoft Excel,Learn Microsoft Excel,Advanced Spreadsheet Modelling,Microsoft Learn,12,9.45,High
138,Research & Development,Research Scientist,34,4809,16,No,No,0.0467,LOW,v1,53.4,3,7,26.12,"R, Critical Thinking, Mathematics, SAS, Python",R,Learn R,Statistical Programming in R,Coursera,24,6.75,Moderate
139,Research & Development,Healthcare Representative,37,5163,1,No,No,0.0089,LOW,v1,76.7,3,10,36.75,"Microsoft Office, Speaking, Active Listening, Microsoft Azure, Linux",Microsoft Office,Learn Microsoft Office,Productivity Suite Fundamentals,Microsoft Learn,10,6.75,High
140,Human Resources,Manager,59,18844,3,No,No,0.0148,LOW,v1,71.7,4,8,30.0,"Microsoft Excel, Speaking, Critical Thinking, Active Learning, Apple macOS",Microsoft Excel,Learn Microsoft Excel,Advanced Spreadsheet Modelling,Microsoft Learn,12,6.75,High
141,Research & Development,Research Director,50,18172,8,Yes,No,0.2245,LOW,v1,31.7,3,10,38.5,"Microsoft PowerPoint, Microsoft Office, Critical Thinking, Reading Comprehension, Active Listening",Microsoft PowerPoint,Learn Microsoft PowerPoint,Presenting Data to Decision Makers,LinkedIn Learning,10,6.75,Low
142,Sales,Sales Executive,25,5744,6,Yes,Yes,0.9021,HIGH,v1,61.7,3,11,41.87,"Microsoft PowerPoint, Salesforce, Microsoft Outlook, Active Listening, Speaking",Microsoft PowerPoint,Learn Microsoft PowerPoint,Presenting Data to Decision Makers,LinkedIn Learning,10,9.45,Moderate
143,Research & Development,Research Scientist,25,2889,2,No,No,0.1238,LOW,v1,75.0,3,13,49.49,"Microsoft Excel, Microsoft Office, Writing, Active Learning, Critical Thinking",Microsoft Excel,Learn Microsoft Excel,Advanced Spreadsheet Modelling,Microsoft Learn,12,6.75,High
144,Research & Development,Laboratory Technician,22,2871,0,No,No,0.6974,HIGH,v1,70.0,3,13,45.12,"Microsoft Excel, Microsoft Office, Reading Comprehension, Active Listening, SAP",Microsoft Excel,Learn Microsoft Excel,Advanced Spreadsheet Modelling,Microsoft Learn,12,9.45,High
145,Research & Development,Healthcare Representative,51,7484,13,No,No,0.6997,HIGH,v1,20.0,4,10,36.0,"Microsoft Excel, Salesforce, Google Workspace, Linux, Microsoft Azure",Microsoft Excel,Learn Microsoft Excel,Advanced Spreadsheet Modelling,Microsoft Learn,12,9.45,Low
147,Research & Development,Laboratory Technician,34,6074,9,Yes,Yes,0.9195,HIGH,v1,40.0,4,10,34.37,"Microsoft Office, Reading Comprehension, Active Listening, Microsoft PowerPoint, MEDITECH",Microsoft Office,Learn Microsoft Office,Productivity Suite Fundamentals,Microsoft Learn,10,9.45,Moderate
148,Human Resources,Manager,54,17328,5,Yes,No,0.1351,LOW,v1,91.7,3,11,41.12,"Microsoft PowerPoint, Microsoft Excel, Reading Comprehension, Speaking, Active Learning",Microsoft PowerPoint,Learn Microsoft PowerPoint,Presenting Data to Decision Makers,LinkedIn Learning,10,6.75,High
150,Research & Development,Laboratory Technician,24,2774,5,No,No,0.3363,LOW,v1,60.0,3,13,43.62,"Microsoft Office, Reading Comprehension, Active Listening, SAP, Microsoft PowerPoint",Microsoft Office,Learn Microsoft Office,Productivity Suite Fundamentals,Microsoft Learn,10,6.75,Moderate
151,Research & Development,Research Scientist,34,4505,1,No,No,0.1838,LOW,v1,48.3,3,10,38.24,"Microsoft Excel, Microsoft Office, Active Learning, Active Listening, Mathematics",Microsoft Excel,Learn Microsoft Excel,Advanced Spreadsheet Modelling,Microsoft Learn,12,6.75,Moderate
152,Sales,Sales Executive,37,7428,5,No,No,0.2516,LOW,v1,70.0,3,10,35.87,"Microsoft Office, Microsoft Outlook, Active Listening, Adobe InDesign, Critical Thinking",Microsoft Office,Learn Microsoft Office,Productivity Suite Fundamentals,Microsoft Learn,10,6.75,High
153,Research & Development,Manager,34,11631,11,No,No,0.1279,LOW,v1,41.7,3,10,36.5,"Microsoft PowerPoint, Active Listening, Critical Thinking, Active Learning, Apple macOS",Microsoft PowerPoint,Learn Microsoft PowerPoint,Presenting Data to Decision Makers,LinkedIn Learning,10,6.75,Moderate
154,Sales,Sales Executive,36,9738,9,No,No,0.0684,LOW,v1,70.0,3,11,43.88,"Microsoft PowerPoint, Microsoft Excel, Microsoft Office, Salesforce, Microsoft Outlook",Microsoft PowerPoint,Learn Microsoft PowerPoint,Presenting Data to Decision Makers,LinkedIn Learning,10,6.75,High
155,Research & Development,Laboratory Technician,36,2835,1,No,No,0.4444,MEDIUM,v1,56.7,4,11,38.87,"Microsoft Excel, Microsoft Office, Reading Comprehension, Active Listening, Microsoft PowerPoint",Microsoft Excel,Learn Microsoft Excel,Advanced Spreadsheet Modelling,Microsoft Learn,12,7.762,Moderate
158,Sales,Manager,43,16959,25,Yes,No,0.1874,LOW,v1,85.0,3,8,30.5,"Microsoft PowerPoint, Microsoft Office, Reading Comprehension, Active Listening, Atlassian JIRA",Microsoft PowerPoint,Learn Microsoft PowerPoint,Presenting Data to Decision Makers,LinkedIn Learning,10,6.75,High
159,Research & Development,Research Scientist,30,2613,10,No,No,0.1482,LOW,v1,31.7,4,10,38.86,"Microsoft Excel, R, Science, Active Learning, Reading Comprehension",Microsoft Excel,Learn Microsoft Excel,Advanced Spreadsheet Modelling,Microsoft Learn,12,6.75,Low
160,Sales,Sales Executive,33,6146,7,No,No,0.0432,LOW,v1,55.0,3,11,42.63,"Microsoft PowerPoint, Microsoft Excel, Microsoft Office, Salesforce, Microsoft Outlook",Microsoft PowerPoint,Learn Microsoft PowerPoint,Presenting Data to Decision Makers,LinkedIn Learning,10,6.75,Moderate
161,Research & Development,Research Scientist,56,4963,5,Yes,Yes,0.5357,MEDIUM,v1,43.3,3,9,34.86,"Microsoft Office, Speaking, Active Learning, Critical Thinking, Reading Comprehension",Microsoft Office,Learn Microsoft Office,Productivity Suite Fundamentals,Microsoft Learn,10,7.762,Moderate
162,Research & Development,Research Director,51,19537,20,No,No,0.473,MEDIUM,v1,53.4,3,9,33.38,"Microsoft PowerPoint, Critical Thinking, Writing, IBM SPSS Statistics, Microsoft SharePoint",Microsoft PowerPoint,Learn Microsoft PowerPoint,Presenting Data to Decision Makers,LinkedIn Learning,10,7.762,Moderate
163,Sales,Sales Executive,31,6172,7,Yes,Yes,0.9232,HIGH,v1,35.0,3,14,49.62,"Microsoft PowerPoint, Microsoft Excel, Microsoft Office, Adobe Creative Cloud, Adobe InDesign",Microsoft PowerPoint,Learn Microsoft PowerPoint,Presenting Data to Decision Makers,LinkedIn Learning,10,9.45,Low
164,Research & Development,Research Scientist,26,2368,5,No,No,0.1649,LOW,v1,43.3,3,14,54.86,"Microsoft Excel, R, Microsoft Office, Speaking, Active Learning",Microsoft Excel,Learn Microsoft Excel,Advanced Spreadsheet Modelling,Microsoft Learn,12,6.75,Moderate
165,Research & Development,Healthcare Representative,58,10312,40,No,Yes,0.0041,LOW,v1,81.7,3,6,22.25,"Microsoft Office, Reading Comprehension, Google Workspace, Microsoft Azure, Linux",Microsoft Office,Learn Microsoft Office,Productivity Suite Fundamentals,Microsoft Learn,10,6.75,High
167,Sales,Sales Representative,19,1675,0,Yes,Yes,0.9851,HIGH,v1,71.7,3,17,61.76,"Microsoft Excel, Salesforce, Microsoft Office, Active Listening, Speaking",Microsoft Excel,Learn Microsoft Excel,Advanced Spreadsheet Modelling,Microsoft Learn,12,9.45,High
169,Research & Development,Laboratory Technician,22,2523,2,No,No,0.3922,MEDIUM,v1,76.7,3,15,51.12,"Microsoft Excel, Reading Comprehension, Active Listening, SAP, Microsoft PowerPoint",Microsoft Excel,Learn Microsoft Excel,Advanced Spreadsheet Modelling,Microsoft Learn,12,7.762,High
170,Research & Development,Manufacturing Director,49,6567,15,No,No,0.0945,LOW,v1,41.7,3,8,31.76,"Microsoft Excel, Microsoft Office, Critical Thinking, Speaking, Reading Comprehension",Microsoft Excel,Learn Microsoft Excel,Advanced Spreadsheet Modelling,Microsoft Learn,12,6.75,Moderate
171,Research & Development,Research Scientist,43,4739,3,No,No,0.1864,LOW,v1,71.7,3,12,47.73,"Microsoft Excel, Microsoft Office, Writing, Science, Speaking",Microsoft Excel,Learn Microsoft Excel,Advanced Spreadsheet Modelling,Microsoft Learn,12,6.75,High
174,Sales,Sales Executive,50,9208,2,No,No,0.358,MEDIUM,v1,80.0,3,7,24.49,"Microsoft PowerPoint, Adobe Creative Cloud, Adobe Acrobat, Adobe Illustrator, Writing",Microsoft PowerPoint,Learn Microsoft PowerPoint,Presenting Data to Decision Makers,LinkedIn Learning,10,7.762,High
175,Sales,Sales Executive,31,4559,2,Yes,Yes,0.9151,HIGH,v1,43.3,3,8,28.87,"Microsoft PowerPoint, Microsoft Excel, Microsoft Office, Adobe Photoshop, Reading Comprehension",Microsoft PowerPoint,Learn Microsoft PowerPoint,Presenting Data to Decision Makers,LinkedIn Learning,10,9.45,Moderate
176,Sales,Sales Executive,41,8189,9,Yes,No,0.3432,LOW,v1,66.7,3,17,63.12,"Microsoft PowerPoint, Microsoft Excel, Salesforce, Microsoft Outlook, Microsoft Office",Microsoft PowerPoint,Learn Microsoft PowerPoint,Presenting Data to Decision Makers,LinkedIn Learning,10,6.75,Moderate
177,Human Resources,Human Resources,26,2942,8,No,No,0.0813,LOW,v1,70.0,4,12,48.0,"Microsoft PowerPoint, Microsoft Excel, Workday, Microsoft Outlook, Speaking",Microsoft PowerPoint,Learn Microsoft PowerPoint,Presenting Data to Decision Makers,LinkedIn Learning,10,6.75,High
178,Research & Development,Manufacturing Director,36,4941,3,No,No,0.2711,LOW,v1,53.3,4,12,45.01,"Microsoft PowerPoint, Microsoft Office, Reading Comprehension, Active Listening, Learning Strategies",Microsoft PowerPoint,Learn Microsoft PowerPoint,Presenting Data to Decision Makers,LinkedIn Learning,10,6.75,Moderate
179,Research & Development,Manufacturing Director,51,10650,4,No,Yes,0.2142,LOW,v1,50.0,3,8,30.5,"Microsoft PowerPoint, Microsoft Excel, Speaking, Active Learning, Adobe InDesign",Microsoft PowerPoint,Learn Microsoft PowerPoint,Presenting Data to Decision Makers,LinkedIn Learning,10,6.75,Moderate
182,Sales,Sales Executive,39,5902,15,No,No,0.0705,LOW,v1,70.0,3,9,32.37,"Microsoft PowerPoint, Microsoft Excel, Adobe Creative Cloud, Adobe Acrobat, Adobe Photoshop",Microsoft PowerPoint,Learn Microsoft PowerPoint,Presenting Data to Decision Makers,LinkedIn Learning,10,6.75,High
183,Sales,Sales Executive,25,8639,2,No,No,0.5329,MEDIUM,v1,48.3,3,13,49.25,"Microsoft PowerPoint, Microsoft Excel, Microsoft Office, Salesforce, Microsoft Outlook",Microsoft PowerPoint,Learn Microsoft PowerPoint,Presenting Data to Decision Makers,LinkedIn Learning,10,7.762,Moderate
184,Human Resources,Human Resources,30,6347,11,Yes,No,0.2917,LOW,v1,70.0,3,9,35.5,"Microsoft PowerPoint, Microsoft Excel, Microsoft Office, Applicant Tracking System (ATS), Reading Comprehension",Microsoft PowerPoint,Learn Microsoft PowerPoint,Presenting Data to Decision Makers,LinkedIn Learning,10,6.75,High
190,Research & Development,Laboratory Technician,32,4200,5,No,Yes,0.7047,HIGH,v1,31.7,4,13,44.75,"Microsoft Excel, Microsoft Office, Reading Comprehension, SAP, Microsoft Word",Microsoft Excel,Learn Microsoft Excel,Advanced Spreadsheet Modelling,Microsoft Learn,12,9.45,Low
192,Research & Development,Research Scientist,45,3452,6,No,No,0.304,LOW,v1,68.3,3,12,46.36,"R, Microsoft Office, Speaking, Active Learning, Reading Comprehension",R,Learn R,Statistical Programming in R,Coursera,24,6.75,Moderate
193,Research & Development,Research Scientist,38,4317,3,Yes,No,0.4716,MEDIUM,v1,70.0,4,8,32.23,"R, Writing, Science, Speaking, Active Learning",R,Learn R,Statistical Programming in R,Coursera,24,7.762,High
194,Research & Development,Research Scientist,30,2632,5,No,No,0.3065,LOW,v1,48.4,3,10,39.74,"Microsoft Excel, R, Microsoft Office, Science, Critical Thinking",Microsoft Excel,Learn Microsoft Excel,Advanced Spreadsheet Modelling,Microsoft Learn,12,6.75,Moderate
195,Sales,Sales Executive,32,4668,8,No,No,0.0218,LOW,v1,75.0,3,8,30.74,"Microsoft Excel, Microsoft Office, Salesforce, Active Listening, Adobe InDesign",Microsoft Excel,Learn Microsoft Excel,Advanced Spreadsheet Modelling,Microsoft Learn,12,6.75,High
197,Research & Development,Research Scientist,30,3204,3,No,No,0.1365,LOW,v1,56.7,3,10,38.87,"R, Microsoft Office, Writing, Active Learning, Active Listening",R,Learn R,Statistical Programming in R,Coursera,24,6.75,Moderate
198,Research & Development,Laboratory Technician,30,2720,5,No,No,0.2737,LOW,v1,65.0,3,12,41.49,"Microsoft Office, Reading Comprehension, Active Listening, SAP, Microsoft PowerPoint",Microsoft Office,Learn Microsoft Office,Productivity Suite Fundamentals,Microsoft Learn,10,6.75,Moderate
199,Research & Development,Manager,41,17181,7,No,No,0.3456,LOW,v1,36.6,3,9,32.0,"Monitoring, Reading Comprehension, Apple macOS, Atlassian Confluence, Google Analytics",Monitoring,Learn Monitoring,Performance Tracking and Review,LinkedIn Learning,6,6.0,Low
200,Research & Development,Laboratory Technician,41,2238,5,No,No,0.2208,LOW,v1,50.0,4,15,51.62,"Microsoft Excel, Microsoft Office, Reading Comprehension, SAP, Microsoft PowerPoint",Microsoft Excel,Learn Microsoft Excel,Advanced Spreadsheet Modelling,Microsoft Learn,12,6.75,Moderate
201,Research & Development,Laboratory Technician,19,1483,1,No,No,0.7875,HIGH,v1,53.3,3,13,44.87,"Microsoft Excel, Microsoft Office, Active Listening, SAP, Microsoft PowerPoint",Microsoft Excel,Learn Microsoft Excel,Advanced Spreadsheet Modelling,Microsoft Learn,12,9.45,Moderate
202,Research & Development,Research Scientist,40,5605,20,No,No,0.1203,LOW,v1,43.3,3,11,41.24,"Microsoft Excel, Science, Reading Comprehension, Active Listening, Mathematics",Microsoft Excel,Learn Microsoft Excel,Advanced Spreadsheet Modelling,Microsoft Learn,12,6.75,Moderate
204,Sales,Sales Executive,35,7295,10,No,No,0.1631,LOW,v1,50.0,3,7,25.25,"Microsoft Excel, Microsoft Office, Adobe Creative Cloud, Adobe InDesign, Critical Thinking",Microsoft Excel,Learn Microsoft Excel,Advanced Spreadsheet Modelling,Microsoft Learn,12,6.75,Moderate
205,Sales,Sales Representative,53,2306,7,Yes,No,0.7335,HIGH,v1,53.3,4,10,34.5,"Speaking, Reading Comprehension, IBM SPSS Statistics, Apple macOS, Microsoft Word",Speaking,Learn Speaking,Listening and Influence at Work,LinkedIn Learning,6,8.148,Moderate
206,Research & Development,Laboratory Technician,45,2348,17,No,No,0.3725,MEDIUM,v1,40.0,3,9,28.75,"Microsoft Word, MEDITECH, Google Docs, Critical Thinking, Electronic Medical Record (EMR)",Microsoft Word,Learn Microsoft Word,Business Documents That Get Read,LinkedIn Learning,8,6.037,Moderate
207,Sales,Sales Executive,32,8998,9,No,No,0.4341,MEDIUM,v1,73.3,3,11,40.25,"Microsoft Excel, Salesforce, Microsoft Outlook, Speaking, Adobe Creative Cloud",Microsoft Excel,Learn Microsoft Excel,Advanced Spreadsheet Modelling,Microsoft Learn,12,7.762,High
208,Research & Development,Manufacturing Director,29,4319,10,No,No,0.0185,LOW,v1,66.7,3,13,51.13,"SAP, Microsoft PowerPoint, Microsoft Excel, Microsoft Office, Monitoring",SAP,Learn SAP,Enterprise Resource Planning Essentials,SAP,24,6.75,Moderate
211,Research & Development,Manufacturing Director,51,6132,1,No,No,0.1639,LOW,v1,51.7,3,10,38.25,"SAP, Microsoft Outlook, Monitoring, Critical Thinking, Learning Strategies",SAP,Learn SAP,Enterprise Resource Planning Essentials,SAP,24,6.75,Moderate
214,Research & Development,Research Scientist,58,3346,1,Yes,No,0.6542,HIGH,v1,33.3,4,10,39.48,"Microsoft Excel, Microsoft Office, Science, Speaking, Active Learning",Microsoft Excel,Learn Microsoft Excel,Advanced Spreadsheet Modelling,Microsoft Learn,12,9.45,Low
215,Sales,Sales Executive,40,10855,12,No,No,0.4505,MEDIUM,v1,56.7,3,10,34.5,"Microsoft Outlook, Speaking, Adobe Creative Cloud, Adobe InDesign, Adobe Acrobat",Microsoft Outlook,Learn Microsoft Outlook,Productivity Suite Fundamentals,Microsoft Learn,10,7.762,Moderate
216,Sales,Sales Representative,34,2231,4,No,No,0.5357,MEDIUM,v1,70.0,3,9,32.0,"Salesforce, Speaking, Active Listening, IBM SPSS Statistics, Microsoft PowerPoint",Salesforce,Learn Salesforce,Managing the Customer Pipeline,Trailhead,16,7.762,High
217,Research & Development,Research Scientist,22,2323,2,No,No,0.082,LOW,v1,70.0,4,13,51.23,"Microsoft Excel, R, Writing, Science, Speaking",Microsoft Excel,Learn Microsoft Excel,Advanced Spreadsheet Modelling,Microsoft Learn,12,6.75,High
218,Research & Development,Research Scientist,27,2024,2,No,No,0.0631,LOW,v1,56.7,3,12,47.24,"Microsoft Excel, R, Microsoft Office, Speaking, Active Learning",Microsoft Excel,Learn Microsoft Excel,Advanced Spreadsheet Modelling,Microsoft Learn,12,6.75,Moderate
221,Research & Development,Research Scientist,28,2713,5,No,No,0.3217,LOW,v1,66.7,3,12,47.99,"Microsoft Excel, R, Microsoft Office, Writing, Science",Microsoft Excel,Learn Microsoft Excel,Advanced Spreadsheet Modelling,Microsoft Learn,12,6.75,Moderate
223,Research & Development,Healthcare Representative,57,9439,5,Yes,No,0.2351,LOW,v1,71.7,3,11,41.12,"Microsoft Excel, Microsoft Outlook, Speaking, Active Listening, Reading Comprehension",Microsoft Excel,Learn Microsoft Excel,Advanced Spreadsheet Modelling,Microsoft Learn,12,6.75,High
224,Research & Development,Research Scientist,27,2566,1,Yes,No,0.1583,LOW,v1,56.7,3,12,47.49,"Microsoft Excel, R, Microsoft Office, Writing, Science",Microsoft Excel,Learn Microsoft Excel,Advanced Spreadsheet Modelling,Microsoft Learn,12,6.75,Moderate
226,Research & Development,Manager,50,19926,5,No,No,0.0895,LOW,v1,53.3,3,12,45.5,"Microsoft Excel, Microsoft Office, Speaking, Active Listening, Critical Thinking",Microsoft Excel,Learn Microsoft Excel,Advanced Spreadsheet Modelling,Microsoft Learn,12,6.75,Moderate
227,Research & Development,Research Scientist,41,2451,9,No,No,0.1317,LOW,v1,46.7,3,10,38.87,"Microsoft Excel, R, Writing, Critical Thinking, Active Listening",Microsoft Excel,Learn Microsoft Excel,Advanced Spreadsheet Modelling,Microsoft Learn,12,6.75,Moderate
228,Sales,Sales Executive,30,9419,10,No,No,0.254,LOW,v1,70.0,3,6,20.99,"Microsoft Office, Salesforce, Adobe Acrobat, Monitoring, Active Learning",Microsoft Office,Learn Microsoft Office,Productivity Suite Fundamentals,Microsoft Learn,10,6.75,High
230,Sales,Sales Executive,38,8686,8,No,No,0.2158,LOW,v1,60.0,4,6,22.12,"Microsoft Office, Active Listening, Adobe Creative Cloud, Adobe InDesign, Critical Thinking",Microsoft Office,Learn Microsoft Office,Productivity Suite Fundamentals,Microsoft Learn,10,6.75,Moderate
231,Research & Development,Research Scientist,32,3038,5,No,No,0.2703,LOW,v1,60.0,4,7,26.37,"Writing, Critical Thinking, Reading Comprehension, Mathematics, IBM SPSS Statistics",Writing,Learn Writing,Business Writing for Clarity,LinkedIn Learning,8,6.375,Moderate
233,Research & Development,Research Scientist,27,3058,5,Yes,No,0.5682,MEDIUM,v1,55.0,3,8,31.74,"Microsoft Excel, Microsoft Office, Speaking, Critical Thinking, Active Listening",Microsoft Excel,Learn Microsoft Excel,Advanced Spreadsheet Modelling,Microsoft Learn,12,7.762,Moderate
235,Sales,Sales Representative,19,2325,0,No,Yes,0.9746,HIGH,v1,28.3,4,12,45.52,"Microsoft Excel, Microsoft Office, Salesforce, Speaking, Active Listening",Microsoft Excel,Learn Microsoft Excel,Advanced Spreadsheet Modelling,Microsoft Learn,12,9.45,Low
238,Research & Development,Laboratory Technician,36,2088,8,No,No,0.7869,HIGH,v1,58.3,3,11,35.49,"Reading Comprehension, Active Listening, Microsoft Word, MEDITECH, Speaking",Reading Comprehension,Learn Reading Comprehension,Business Writing for Clarity,LinkedIn Learning,8,7.875,Moderate
239,Research & Development,Laboratory Technician,30,3072,12,No,No,0.1291,LOW,v1,46.7,3,12,42.12,"Microsoft Excel, Microsoft Office, Active Listening, SAP, Microsoft PowerPoint",Microsoft Excel,Learn Microsoft Excel,Advanced Spreadsheet Modelling,Microsoft Learn,12,6.75,Moderate
240,Sales,Sales Executive,45,5006,5,Yes,No,0.4542,MEDIUM,v1,45.0,3,9,33.0,"Microsoft PowerPoint, Microsoft Office, Adobe Creative Cloud, Adobe InDesign, Critical Thinking",Microsoft PowerPoint,Learn Microsoft PowerPoint,Presenting Data to Decision Makers,LinkedIn Learning,10,7.762,Moderate
241,Research & Development,Research Scientist,56,4257,2,Yes,No,0.0559,LOW,v1,46.7,3,9,34.5,"R, Microsoft Office, Critical Thinking, Active Listening, MATLAB",R,Learn R,Statistical Programming in R,Coursera,24,6.75,Moderate
242,Research & Development,Research Scientist,33,2500,3,No,No,0.109,LOW,v1,75.0,3,12,46.12,"R, Microsoft Office, Science, Critical Thinking, Reading Comprehension",R,Learn R,Statistical Programming in R,Coursera,24,6.75,High
243,Research & Development,Laboratory Technician,19,1102,1,No,Yes,0.8991,HIGH,v1,56.6,4,13,44.25,"Microsoft Excel, Reading Comprehension, SAP, Microsoft PowerPoint, Microsoft Word",Microsoft Excel,Learn Microsoft Excel,Advanced Spreadsheet Modelling,Microsoft Learn,12,9.45,Moderate
244,Sales,Sales Executive,46,10453,24,No,No,0.1059,LOW,v1,40.0,4,5,18.12,"Microsoft Office, Adobe Creative Cloud, Adobe Acrobat, Adobe Photoshop, Monitoring",Microsoft Office,Learn Microsoft Office,Productivity Suite Fundamentals,Microsoft Learn,10,6.75,Moderate
245,Research & Development,Laboratory Technician,38,2288,2,No,No,0.3289,LOW,v1,76.7,3,11,36.12,"Reading Comprehension, Active Listening, Microsoft PowerPoint, Google Docs, Microsoft Outlook",Reading Comprehension,Learn Reading Comprehension,Business Writing for Clarity,LinkedIn Learning,8,5.625,High
246,Research & Development,Research Scientist,31,3929,4,Yes,No,0.495,MEDIUM,v1,76.7,4,14,55.36,"Microsoft Excel, R, Microsoft Office, Science, Speaking",Microsoft Excel,Learn Microsoft Excel,Advanced Spreadsheet Modelling,Microsoft Learn,12,7.762,High
247,Research & Development,Research Scientist,34,2311,3,No,No,0.1662,LOW,v1,66.7,3,9,33.12,"Science, Critical Thinking, Reading Comprehension, MATLAB, IBM SPSS Statistics",Science,Learn Science,Scientific Method in Practice,edX,14,6.18,Moderate
248,Sales,Sales Representative,41,3140,4,Yes,Yes,0.8944,HIGH,v1,48.3,4,11,39.0,"Microsoft Office, Speaking, Reading Comprehension, IBM SPSS Statistics, Microsoft PowerPoint",Microsoft Office,Learn Microsoft Office,Productivity Suite Fundamentals,Microsoft Learn,10,9.45,Moderate
249,Research & Development,Laboratory Technician,50,3690,3,No,No,0.2067,LOW,v1,56.7,3,12,40.0,"Microsoft Office, Reading Comprehension, SAP, Microsoft PowerPoint, Microsoft Outlook",Microsoft Office,Learn Microsoft Office,Productivity Suite Fundamentals,Microsoft Learn,10,6.75,Moderate
250,Research & Development,Manufacturing Director,53,4450,4,No,No,0.0259,LOW,v1,61.7,3,11,42.88,"SAP, Microsoft PowerPoint, Microsoft Excel, Microsoft Office, Reading Comprehension",SAP,Learn SAP,Enterprise Resource Planning Essentials,SAP,24,6.75,Moderate
252,Research & Development,Research Scientist,33,2756,8,No,No,0.0186,LOW,v1,66.7,3,11,41.86,"R, Science, Active Learning, Critical Thinking, Reading Comprehension",R,Learn R,Statistical Programming in R,Coursera,24,6.75,Moderate
253,Research & Development,Manager,40,19033,20,No,No,0.0607,LOW,v1,70.0,3,13,48.38,"Microsoft PowerPoint, Microsoft Office, Monitoring, Active Listening, Critical Thinking",Microsoft PowerPoint,Learn Microsoft PowerPoint,Presenting Data to Decision Makers,LinkedIn Learning,10,6.75,High
254,Research & Development,Research Director,55,18722,24,No,No,0.0428,LOW,v1,68.3,3,5,18.5,"Reading Comprehension, Active Listening, Microsoft SharePoint, Microsoft Visio, Microsoft Access",Reading Comprehension,Learn Reading Comprehension,Business Writing for Clarity,LinkedIn Learning,8,6.0,Moderate
256,Research & Development,Manufacturing Director,34,9547,10,No,No,0.0562,LOW,v1,60.0,3,10,38.13,"Microsoft PowerPoint, Microsoft Outlook, Monitoring, Active Listening, Learning Strategies",Microsoft PowerPoint,Learn Microsoft PowerPoint,Presenting Data to Decision Makers,LinkedIn Learning,10,6.75,Moderate
258,Research & Development,Healthcare Representative,51,13734,7,No,No,0.0394,LOW,v1,63.3,3,11,42.63,"Microsoft Excel, Microsoft Office, Microsoft Outlook, Speaking, Active Listening",Microsoft Excel,Learn Microsoft Excel,Advanced Spreadsheet Modelling,Microsoft Learn,12,6.75,Moderate
259,Research & Development,Manager,52,19999,33,No,No,0.0007,LOW,v1,51.7,3,2,7.0,"Monitoring, Learning Strategies",Monitoring,Learn Monitoring,Performance Tracking and Review,LinkedIn Learning,6,6.0,Moderate
260,Research & Development,Research Scientist,27,2279,7,No,No,0.0946,LOW,v1,61.7,3,11,42.86,"Microsoft Excel, Microsoft Office, Science, Speaking, Critical Thinking",Microsoft Excel,Learn Microsoft Excel,Advanced Spreadsheet Modelling,Microsoft Learn,12,6.75,Moderate
261,Research & Development,Manufacturing Director,35,5916,1,Yes,Yes,0.8521,HIGH,v1,45.0,3,12,47.63,"SAP, Microsoft Excel, Microsoft Office, Microsoft Outlook, Monitoring",SAP,Learn SAP,Enterprise Resource Planning Essentials,SAP,24,9.45,Moderate
262,Research & Development,Research Scientist,43,2089,5,No,No,0.0026,LOW,v1,100.0,3,12,46.99,"R, Microsoft Office, Writing, Science, Speaking",R,Learn R,Statistical Programming in R,Coursera,24,6.75,High
264,Research & Development,Manager,45,16792,20,No,No,0.2546,LOW,v1,58.3,4,12,44.0,"Microsoft Office, Monitoring, Reading Comprehension, Critical Thinking, Active Learning",Microsoft Office,Learn Microsoft Office,Productivity Suite Fundamentals,Microsoft Learn,10,6.75,Moderate
267,Research & Development,Research Scientist,37,3564,8,Yes,No,0.5935,HIGH,v1,36.7,3,12,48.11,"Microsoft Excel, R, Microsoft Office, Writing, Speaking",Microsoft Excel,Learn Microsoft Excel,Advanced Spreadsheet Modelling,Microsoft Learn,12,9.45,Low
269,Research & Development,Laboratory Technician,35,4425,6,No,No,0.8303,HIGH,v1,53.3,3,9,30.0,"Reading Comprehension, SAP, MEDITECH, Google Docs, Microsoft Outlook",Reading Comprehension,Learn Reading Comprehension,Business Writing for Clarity,LinkedIn Learning,8,7.875,Moderate
270,Research & Development,Manufacturing Director,42,5265,5,No,No,0.0158,LOW,v1,63.4,3,8,30.63,"SAP, Microsoft Office, Speaking, Learning Strategies, Adobe InDesign",SAP,Learn SAP,Enterprise Resource Planning Essentials,SAP,24,6.75,Moderate
271,Research & Development,Manufacturing Director,38,6553,1,No,No,0.1187,LOW,v1,70.0,3,10,39.25,"SAP, Microsoft Office, Microsoft Outlook, Monitoring, Reading Comprehension",SAP,Learn SAP,Enterprise Resource Planning Essentials,SAP,24,6.75,High
273,Research & Development,Manufacturing Director,38,6261,7,No,No,0.1754,LOW,v1,66.7,3,6,22.88,"Monitoring, Speaking, Reading Comprehension, Active Listening, Active Learning",Monitoring,Learn Monitoring,Performance Tracking and Review,LinkedIn Learning,6,6.0,Moderate
274,Research & Development,Manufacturing Director,27,4298,2,No,No,0.8478,HIGH,v1,38.3,3,16,62.76,"SAP, Microsoft PowerPoint, Microsoft Excel, Microsoft Office, Microsoft Outlook",SAP,Learn SAP,Enterprise Resource Planning Essentials,SAP,24,9.45,Low
275,Research & Development,Manufacturing Director,49,6804,7,Yes,No,0.03,LOW,v1,76.7,3,11,42.63,"Microsoft PowerPoint, Microsoft Excel, Monitoring, Critical Thinking, Reading Comprehension",Microsoft PowerPoint,Learn Microsoft PowerPoint,Presenting Data to Decision Makers,LinkedIn Learning,10,6.75,High
277,Research & Development,Research Scientist,34,3815,5,Yes,No,0.2758,LOW,v1,81.7,3,11,41.74,"R, Microsoft Office, Speaking, Reading Comprehension, Mathematics",R,Learn R,Statistical Programming in R,Coursera,24,6.75,High
281,Research & Development,Laboratory Technician,40,2741,7,Yes,No,0.6689,HIGH,v1,81.7,3,14,47.62,"Microsoft Excel, Reading Comprehension, Active Listening, SAP, Microsoft PowerPoint",Microsoft Excel,Learn Microsoft Excel,Advanced Spreadsheet Modelling,Microsoft Learn,12,9.45,High
282,Research & Development,Healthcare Representative,38,6673,1,Yes,Yes,0.8339,HIGH,v1,36.7,3,11,42.62,"Microsoft Excel, Microsoft Office, Salesforce, Microsoft Outlook, Active Listening",Microsoft Excel,Learn Microsoft Excel,Advanced Spreadsheet Modelling,Microsoft Learn,12,9.45,Low
283,Sales,Sales Executive,29,7639,10,No,Yes,0.2392,LOW,v1,68.3,4,9,31.62,"Speaking, Active Listening, Adobe InDesign, Critical Thinking, Adobe Illustrator",Speaking,Learn Speaking,Listening and Influence at Work,LinkedIn Learning,6,6.0,Moderate
284,Research & Development,Research Scientist,22,2328,4,Yes,No,0.3968,MEDIUM,v1,60.0,3,11,44.37,"Microsoft Excel, R, Microsoft Office, Writing, Active Learning",Microsoft Excel,Learn Microsoft Excel,Advanced Spreadsheet Modelling,Microsoft Learn,12,7.762,Moderate
286,Research & Development,Laboratory Technician,36,2153,8,No,No,0.6743,HIGH,v1,63.3,3,14,45.74,"Reading Comprehension, Active Listening, SAP, Microsoft PowerPoint, Microsoft Word",Reading Comprehension,Learn Reading Comprehension,Business Writing for Clarity,LinkedIn Learning,8,7.875,Moderate
287,Research & Development,Healthcare Representative,40,4876,3,No,No,0.0315,LOW,v1,68.3,3,12,43.75,"Microsoft Office, Salesforce, Active Listening, Reading Comprehension, Linux",Microsoft Office,Learn Microsoft Office,Productivity Suite Fundamentals,Microsoft Learn,10,6.75,Moderate
288,Research & Development,Healthcare Representative,46,9396,4,No,No,0.0347,LOW,v1,53.4,3,9,32.0,"Salesforce, Active Listening, Microsoft Azure, Linux, Apache Hadoop",Salesforce,Learn Salesforce,Managing the Customer Pipeline,Trailhead,16,6.75,Moderate
291,Sales,Sales Executive,32,10400,14,No,Yes,0.4687,MEDIUM,v1,61.7,3,9,33.49,"Microsoft PowerPoint, Microsoft Excel, Microsoft Outlook, Adobe Creative Cloud, Critical Thinking",Microsoft PowerPoint,Learn Microsoft PowerPoint,Presenting Data to Decision Makers,LinkedIn Learning,10,7.762,Moderate
292,Research & Development,Manufacturing Director,30,8474,11,No,No,0.0669,LOW,v1,58.4,4,11,42.89,"SAP, Microsoft Office, Microsoft Outlook, Critical Thinking, Reading Comprehension",SAP,Learn SAP,Enterprise Resource Planning Essentials,SAP,24,6.75,Moderate
293,Sales,Sales Executive,27,9981,7,No,No,0.1622,LOW,v1,76.7,3,11,41.25,"Microsoft PowerPoint, Microsoft Excel, Microsoft Office, Salesforce, Active Listening",Microsoft PowerPoint,Learn Microsoft PowerPoint,Presenting Data to Decision Makers,LinkedIn Learning,10,6.75,High
296,Research & Development,Research Director,51,12490,10,No,No,0.0333,LOW,v1,35.0,3,9,35.38,"Microsoft PowerPoint, Microsoft Excel, Microsoft Office, Monitoring, Speaking",Microsoft PowerPoint,Learn Microsoft PowerPoint,Presenting Data to Decision Makers,LinkedIn Learning,10,6.75,Low
297,Research & Development,Research Scientist,30,2657,5,Yes,Yes,0.6003,HIGH,v1,53.4,3,11,43.11,"R, Writing, Science, Speaking, Active Learning",R,Learn R,Statistical Programming in R,Coursera,24,9.45,Moderate
298,Sales,Manager,41,13591,1,Yes,No,0.1792,LOW,v1,83.4,3,12,44.5,"Microsoft PowerPoint, Microsoft Excel, Active Listening, Critical Thinking, Active Learning",Microsoft PowerPoint,Learn Microsoft PowerPoint,Presenting Data to Decision Makers,LinkedIn Learning,10,6.75,High
299,Sales,Sales Executive,30,6696,6,No,Yes,0.9525,HIGH,v1,33.3,3,9,33.12,"Microsoft PowerPoint, Microsoft Office, Microsoft Outlook, Speaking, Adobe Acrobat",Microsoft PowerPoint,Learn Microsoft PowerPoint,Presenting Data to Decision Makers,LinkedIn Learning,10,9.45,Low
300,Research & Development,Research Scientist,29,2058,6,No,Yes,0.1185,LOW,v1,65.0,3,9,34.74,"R, Science, Active Learning, Critical Thinking, Reading Comprehension",R,Learn R,Statistical Programming in R,Coursera,24,6.75,Moderate
302,Sales,Sales Executive,45,8865,19,No,No,0.2668,LOW,v1,78.3,3,7,25.12,"Microsoft Excel, Adobe Creative Cloud, Critical Thinking, Adobe Acrobat, Adobe Illustrator",Microsoft Excel,Learn Microsoft Excel,Advanced Spreadsheet Modelling,Microsoft Learn,12,6.75,High
303,Sales,Sales Executive,54,5940,6,No,No,0.0223,LOW,v1,56.7,3,4,16.5,"Microsoft Excel, Salesforce, Speaking, Adobe Photoshop",Microsoft Excel,Learn Microsoft Excel,Advanced Spreadsheet Modelling,Microsoft Learn,12,6.75,Moderate
304,Research & Development,Laboratory Technician,36,5914,13,No,No,0.221,LOW,v1,71.7,3,12,40.62,"Microsoft Excel, Reading Comprehension, Active Listening, Microsoft PowerPoint, Microsoft Word",Microsoft Excel,Learn Microsoft Excel,Advanced Spreadsheet Modelling,Microsoft Learn,12,6.75,High
305,Research & Development,Research Scientist,33,2622,3,No,No,0.2986,LOW,v1,51.7,4,10,38.48,"Science, Speaking, Active Learning, Critical Thinking, Reading Comprehension",Science,Learn Science,Scientific Method in Practice,edX,14,6.18,Moderate
306,Research & Development,Research Director,37,12185,10,Yes,No,0.0554,LOW,v1,70.0,3,8,31.38,"Microsoft PowerPoint, Microsoft Office, Monitoring, Critical Thinking, Speaking",Microsoft PowerPoint,Learn Microsoft PowerPoint,Presenting Data to Decision Makers,LinkedIn Learning,10,6.75,High
307,Sales,Sales Executive,38,10609,16,No,No,0.023,LOW,v1,48.4,3,10,37.13,"Microsoft PowerPoint, Microsoft Excel, Salesforce, Active Listening, Adobe Creative Cloud",Microsoft PowerPoint,Learn Microsoft PowerPoint,Presenting Data to Decision Makers,LinkedIn Learning,10,6.75,Moderate
308,Research & Development,Manufacturing Director,31,4345,5,No,No,0.0205,LOW,v1,53.4,3,7,28.12,"SAP, Microsoft PowerPoint, Microsoft Office, Monitoring, Active Learning",SAP,Learn SAP,Enterprise Resource Planning Essentials,SAP,24,6.75,Moderate
309,Research & Development,Research Scientist,59,2177,1,No,No,0.0993,LOW,v1,61.7,3,13,51.23,"R, Microsoft Office, Writing, Science, Speaking",R,Learn R,Statistical Programming in R,Coursera,24,6.75,Moderate
311,Sales,Sales Representative,37,2793,9,No,No,0.5368,MEDIUM,v1,63.4,3,12,42.38,"Salesforce, Speaking, Active Listening, Microsoft Project, IBM SPSS Statistics",Salesforce,Learn Salesforce,Managing the Customer Pipeline,Trailhead,16,7.762,Moderate
312,Sales,Sales Executive,29,7918,11,No,No,0.1455,LOW,v1,73.3,3,14,53.37,"Microsoft PowerPoint, Microsoft Excel, Microsoft Office, Salesforce, Microsoft Outlook",Microsoft PowerPoint,Learn Microsoft PowerPoint,Presenting Data to Decision Makers,LinkedIn Learning,10,6.75,High
314,Sales,Sales Executive,35,8789,10,No,No,0.2527,LOW,v1,65.0,3,11,39.49,"Microsoft Excel, Microsoft Outlook, Active Listening, Speaking, Adobe Creative Cloud",Microsoft Excel,Learn Microsoft Excel,Advanced Spreadsheet Modelling,Microsoft Learn,12,6.75,Moderate
315,Research & Development,Research Scientist,29,2389,4,Yes,Yes,0.8154,HIGH,v1,63.3,3,10,38.99,"Microsoft Office, Writing, Science, Speaking, Critical Thinking",Microsoft Office,Learn Microsoft Office,Productivity Suite Fundamentals,Microsoft Learn,10,9.45,Moderate
316,Research & Development,Laboratory Technician,52,3212,2,No,No,0.2879,LOW,v1,60.0,3,13,44.37,"Microsoft Excel, Microsoft Office, Reading Comprehension, SAP, Microsoft Word",Microsoft Excel,Learn Microsoft Excel,Advanced Spreadsheet Modelling,Microsoft Learn,12,6.75,Moderate
319,Research & Development,Manager,42,19232,22,No,No,0.101,LOW,v1,80.0,3,11,40.5,"Microsoft PowerPoint, Speaking, Active Listening, Critical Thinking, Active Learning",Microsoft PowerPoint,Learn Microsoft PowerPoint,Presenting Data to Decision Makers,LinkedIn Learning,10,6.75,High
321,Human Resources,Human Resources,59,2267,2,No,No,0.226,LOW,v1,58.3,3,11,42.51,"Microsoft Excel, Workday, Microsoft Outlook, Applicant Tracking System (ATS), Reading Comprehension",Microsoft Excel,Learn Microsoft Excel,Advanced Spreadsheet Modelling,Microsoft Learn,12,6.75,Moderate
323,Sales,Manager,50,19517,7,No,No,0.0102,LOW,v1,78.3,3,10,38.0,"Microsoft PowerPoint, Microsoft Office, Monitoring, Speaking, Critical Thinking",Microsoft PowerPoint,Learn Microsoft PowerPoint,Presenting Data to Decision Makers,LinkedIn Learning,10,6.75,High
325,Research & Development,Laboratory Technician,33,2436,5,Yes,Yes,0.7825,HIGH,v1,66.7,3,11,37.87,"Microsoft Excel, Microsoft Office, SAP, Microsoft Word, MEDITECH",Microsoft Excel,Learn Microsoft Excel,Advanced Spreadsheet Modelling,Microsoft Learn,12,9.45,Moderate
327,Sales,Manager,43,16064,17,Yes,No,0.1716,LOW,v1,83.4,4,12,44.0,"Microsoft Excel, Monitoring, Reading Comprehension, Critical Thinking, Active Learning",Microsoft Excel,Learn Microsoft Excel,Advanced Spreadsheet Modelling,Microsoft Learn,12,6.75,High
328,Research & Development,Laboratory Technician,33,2707,9,No,Yes,0.5287,MEDIUM,v1,31.7,4,9,30.24,"Reading Comprehension, Active Listening, Microsoft Word, Microsoft PowerPoint, MEDITECH",Reading Comprehension,Learn Reading Comprehension,Business Writing for Clarity,LinkedIn Learning,8,6.469,Low
329,Sales,Manager,52,19068,33,Yes,No,0.3188,LOW,v1,53.3,3,8,29.5,"Microsoft PowerPoint, Monitoring, Speaking, Atlassian Confluence, Google Analytics",Microsoft PowerPoint,Learn Microsoft PowerPoint,Presenting Data to Decision Makers,LinkedIn Learning,10,6.75,Moderate
330,Sales,Sales Representative,32,3931,4,No,No,0.3142,LOW,v1,50.0,3,12,41.14,"Speaking, Active Listening, Microsoft Project, IBM SPSS Statistics, Microsoft PowerPoint",Speaking,Learn Speaking,Listening and Influence at Work,LinkedIn Learning,6,5.82,Moderate
331,Research & Development,Laboratory Technician,32,3730,3,Yes,Yes,0.7549,HIGH,v1,58.3,3,13,43.99,"Microsoft Office, Reading Comprehension, Active Listening, Microsoft Word, MEDITECH",Microsoft Office,Learn Microsoft Office,Productivity Suite Fundamentals,Microsoft Learn,10,9.45,Moderate
332,Research & Development,Laboratory Technician,39,2232,3,No,No,0.1027,LOW,v1,66.7,3,11,37.74,"Microsoft Excel, Microsoft Office, Active Listening, MEDITECH, Google Docs",Microsoft Excel,Learn Microsoft Excel,Advanced Spreadsheet Modelling,Microsoft Learn,12,6.75,Moderate
333,Sales,Sales Executive,32,4465,3,No,No,0.1666,LOW,v1,70.0,3,10,36.87,"Microsoft Excel, Microsoft Office, Microsoft Outlook, Active Listening, Adobe Creative Cloud",Microsoft Excel,Learn Microsoft Excel,Advanced Spreadsheet Modelling,Microsoft Learn,12,6.75,High
334,Research & Development,Research Scientist,41,3072,1,No,No,0.1859,LOW,v1,35.0,3,10,39.24,"Microsoft Excel, R, Speaking, Critical Thinking, Reading Comprehension",Microsoft Excel,Learn Microsoft Excel,Advanced Spreadsheet Modelling,Microsoft Learn,12,6.75,Low
335,Research & Development,Research Scientist,40,3319,9,No,No,0.1793,LOW,v1,56.7,3,13,51.49,"Microsoft Excel, R, Microsoft Office, Writing, Active Learning",Microsoft Excel,Learn Microsoft Excel,Advanced Spreadsheet Modelling,Microsoft Learn,12,6.75,Moderate
336,Research & Development,Manager,45,19202,24,No,No,0.0011,LOW,v1,85.0,3,6,22.12,"Monitoring, Speaking, Active Learning, Atlassian Confluence, Adobe Acrobat",Monitoring,Learn Monitoring,Performance Tracking and Review,LinkedIn Learning,6,6.0,High
337,Research & Development,Research Director,31,13675,2,No,No,0.1091,LOW,v1,53.4,3,10,38.38,"Microsoft Excel, Science, Monitoring, Active Listening, Speaking",Microsoft Excel,Learn Microsoft Excel,Advanced Spreadsheet Modelling,Microsoft Learn,12,6.75,Moderate
338,Research & Development,Research Scientist,33,2911,2,No,No,0.0702,LOW,v1,63.3,3,9,33.62,"R, Critical Thinking, Reading Comprehension, Mathematics, IBM SPSS Statistics",R,Learn R,Statistical Programming in R,Coursera,24,6.75,Moderate
339,Research & Development,Manufacturing Director,34,5957,11,No,No,0.2528,LOW,v1,41.7,3,10,37.5,"Microsoft Outlook, Monitoring, Critical Thinking, Speaking, Active Learning",Microsoft Outlook,Learn Microsoft Outlook,Productivity Suite Fundamentals,Microsoft Learn,10,6.75,Moderate
340,Research & Development,Research Scientist,37,3920,3,No,No,0.0812,LOW,v1,26.7,3,13,50.49,"Microsoft Excel, Microsoft Office, Writing, Science, Speaking",Microsoft Excel,Learn Microsoft Excel,Advanced Spreadsheet Modelling,Microsoft Learn,12,6.75,Low
341,Research & Development,Manufacturing Director,45,6434,3,No,No,0.113,LOW,v1,65.0,3,14,55.13,"SAP, Microsoft PowerPoint, Microsoft Excel, Microsoft Office, Microsoft Outlook",SAP,Learn SAP,Enterprise Resource Planning Essentials,SAP,24,6.75,Moderate
342,Research & Development,Manufacturing Director,37,10048,1,No,Yes,0.3999,MEDIUM,v1,50.0,3,7,26.38,"SAP, Reading Comprehension, Active Listening, Active Learning, Adobe After Effects",SAP,Learn SAP,Enterprise Resource Planning Essentials,SAP,24,7.762,Moderate
343,Research & Development,Healthcare Representative,39,10938,19,No,No,0.0516,LOW,v1,70.0,4,14,53.76,"Microsoft Excel, Microsoft Office, Salesforce, Microsoft Outlook, Speaking",Microsoft Excel,Learn Microsoft Excel,Advanced Spreadsheet Modelling,Microsoft Learn,12,6.75,High
346,Research & Development,Research Scientist,29,2340,6,No,No,0.1689,LOW,v1,70.0,3,9,35.37,"R, Microsoft Office, Writing, Speaking, Active Listening",R,Learn R,Statistical Programming in R,Coursera,24,6.75,High
347,Research & Development,Research Scientist,42,6545,3,Yes,No,0.4807,MEDIUM,v1,61.7,3,10,37.86,"Microsoft Office, Science, Active Learning, Critical Thinking, Mathematics",Microsoft Office,Learn Microsoft Office,Productivity Suite Fundamentals,Microsoft Learn,10,7.762,Moderate
349,Sales,Sales Executive,29,6931,3,No,No,0.0743,LOW,v1,86.7,3,11,39.62,"Microsoft Excel, Microsoft Office, Microsoft Outlook, Speaking, Adobe Acrobat",Microsoft Excel,Learn Microsoft Excel,Advanced Spreadsheet Modelling,Microsoft Learn,12,6.75,High
350,Research & Development,Manufacturing Director,25,4898,4,No,No,0.0695,LOW,v1,56.7,3,12,46.64,"Microsoft PowerPoint, Microsoft Excel, Microsoft Outlook, Monitoring, Speaking",Microsoft PowerPoint,Learn Microsoft PowerPoint,Presenting Data to Decision Makers,LinkedIn Learning,10,6.75,Moderate
351,Research & Development,Laboratory Technician,42,2593,9,Yes,No,0.3107,LOW,v1,45.0,3,12,40.5,"Microsoft Excel, SAP, Microsoft PowerPoint, Microsoft Word, MEDITECH",Microsoft Excel,Learn Microsoft Excel,Advanced Spreadsheet Modelling,Microsoft Learn,12,6.75,Moderate
352,Research & Development,Research Director,40,19436,21,No,No,0.0008,LOW,v1,56.7,3,7,27.0,"Microsoft Excel, Science, Monitoring, Speaking, IBM SPSS Statistics",Microsoft Excel,Learn Microsoft Excel,Advanced Spreadsheet Modelling,Microsoft Learn,12,6.75,Moderate
353,Research & Development,Research Scientist,51,2723,1,No,No,0.2401,LOW,v1,68.3,3,14,54.11,"Microsoft Excel, R, Writing, Science, Speaking",Microsoft Excel,Learn Microsoft Excel,Advanced Spreadsheet Modelling,Microsoft Learn,12,6.75,Moderate
355,Research & Development,Laboratory Technician,31,3479,5,No,Yes,0.8057,HIGH,v1,50.0,3,9,30.62,"Microsoft Office, Active Listening, SAP, Microsoft Word, MEDITECH",Microsoft Office,Learn Microsoft Office,Productivity Suite Fundamentals,Microsoft Learn,10,9.45,Moderate
359,Research & Development,Laboratory Technician,32,2794,5,No,No,0.5649,MEDIUM,v1,48.3,4,14,48.74,"Microsoft Excel, Microsoft Office, Reading Comprehension, Active Listening, SAP",Microsoft Excel,Learn Microsoft Excel,Advanced Spreadsheet Modelling,Microsoft Learn,12,7.762,Moderate
361,Sales,Sales Executive,38,5249,8,No,No,0.0394,LOW,v1,78.3,3,11,40.87,"Microsoft PowerPoint, Salesforce, Microsoft Outlook, Active Listening, Speaking",Microsoft PowerPoint,Learn Microsoft PowerPoint,Presenting Data to Decision Makers,LinkedIn Learning,10,6.75,High
362,Research & Development,Laboratory Technician,32,2176,6,No,No,0.7496,HIGH,v1,48.3,3,13,44.74,"Microsoft Excel, Microsoft Office, Reading Comprehension, Active Listening, SAP",Microsoft Excel,Learn Microsoft Excel,Advanced Spreadsheet Modelling,Microsoft Learn,12,9.45,Moderate
363,Sales,Manager,46,16872,7,Yes,No,0.7347,HIGH,v1,31.7,3,7,25.38,"Speaking, Critical Thinking, Atlassian JIRA, Adobe Acrobat, Writing",Speaking,Learn Speaking,Listening and Influence at Work,LinkedIn Learning,6,8.4,Low
364,Research & Development,Laboratory Technician,28,3485,0,No,Yes,0.8006,HIGH,v1,43.4,3,12,40.24,"Reading Comprehension, Active Listening, SAP, Microsoft PowerPoint, Microsoft Word",Reading Comprehension,Learn Reading Comprehension,Business Writing for Clarity,LinkedIn Learning,8,7.875,Moderate
366,Sales,Sales Executive,29,6644,0,No,No,0.3098,LOW,v1,31.6,3,8,28.37,"Salesforce, Microsoft Outlook, Adobe InDesign, Critical Thinking, Adobe Acrobat",Salesforce,Learn Salesforce,Managing the Customer Pipeline,Trailhead,16,6.75,Low
367,Research & Development,Healthcare Representative,31,5582,9,No,No,0.0488,LOW,v1,58.3,4,10,38.24,"Microsoft Office, Salesforce, Speaking, Active Listening, Reading Comprehension",Microsoft Office,Learn Microsoft Office,Productivity Suite Fundamentals,Microsoft Learn,10,6.75,Moderate
369,Research & Development,Healthcare Representative,25,4000,6,No,No,0.0191,LOW,v1,51.7,3,12,44.0,"Microsoft Excel, Microsoft Outlook, Speaking, Reading Comprehension, Google Workspace",Microsoft Excel,Learn Microsoft Excel,Advanced Spreadsheet Modelling,Microsoft Learn,12,6.75,Moderate
372,Research & Development,Healthcare Representative,45,13496,20,Yes,No,0.0333,LOW,v1,73.4,3,8,28.88,"Microsoft Office, Salesforce, Google Workspace, Apache Hadoop, Microsoft Access",Microsoft Office,Learn Microsoft Office,Productivity Suite Fundamentals,Microsoft Learn,10,6.75,High
373,Research & Development,Laboratory Technician,36,3210,15,No,No,0.0107,LOW,v1,83.4,3,15,49.24,"Reading Comprehension, Active Listening, SAP, Microsoft PowerPoint, Microsoft Outlook",Reading Comprehension,Learn Reading Comprehension,Business Writing for Clarity,LinkedIn Learning,8,5.625,High
374,Research & Development,Manager,55,19045,36,Yes,No,0.0025,LOW,v1,53.4,3,5,18.5,"Microsoft Office, Speaking, Atlassian JIRA, Writing, Learning Strategies",Microsoft Office,Learn Microsoft Office,Productivity Suite Fundamentals,Microsoft Learn,10,6.75,Moderate
376,Research & Development,Manager,47,11849,10,Yes,Yes,0.6092,HIGH,v1,41.7,3,10,37.12,"Microsoft Office, Reading Comprehension, Speaking, Active Listening, Active Learning",Microsoft Office,Learn Microsoft Office,Productivity Suite Fundamentals,Microsoft Learn,10,9.45,Moderate
377,Research & Development,Research Scientist,28,2070,5,No,No,0.0262,LOW,v1,81.7,4,14,53.49,"R, Microsoft Office, Writing, Science, Reading Comprehension",R,Learn R,Statistical Programming in R,Coursera,24,6.75,High
378,Sales,Sales Executive,37,6502,5,No,No,0.1882,LOW,v1,78.3,3,10,36.87,"Microsoft Excel, Microsoft Office, Salesforce, Speaking, Critical Thinking",Microsoft Excel,Learn Microsoft Excel,Advanced Spreadsheet Modelling,Microsoft Learn,12,6.75,High
379,Research & Development,Research Scientist,21,3230,3,No,No,0.3113,LOW,v1,63.3,3,9,35.49,"Microsoft Office, Writing, Science, Active Learning, Critical Thinking",Microsoft Office,Learn Microsoft Office,Productivity Suite Fundamentals,Microsoft Learn,10,6.75,Moderate
380,Research & Development,Research Director,37,13603,5,Yes,No,0.0205,LOW,v1,56.7,3,12,45.88,"Microsoft Excel, Science, Monitoring, Critical Thinking, Active Listening",Microsoft Excel,Learn Microsoft Excel,Advanced Spreadsheet Modelling,Microsoft Learn,12,6.75,Moderate
381,Research & Development,Manager,35,11996,7,No,No,0.2522,LOW,v1,50.0,3,10,37.12,"Microsoft Excel, Microsoft Office, Reading Comprehension, Active Learning, Atlassian JIRA",Microsoft Excel,Learn Microsoft Excel,Advanced Spreadsheet Modelling,Microsoft Learn,12,6.75,Moderate
382,Sales,Sales Executive,38,5605,8,Yes,No,0.5285,MEDIUM,v1,41.7,4,13,45.62,"Microsoft Excel, Microsoft Outlook, Speaking, Adobe Creative Cloud, Adobe InDesign",Microsoft Excel,Learn Microsoft Excel,Advanced Spreadsheet Modelling,Microsoft Learn,12,7.762,Moderate
384,Research & Development,Manufacturing Director,26,6397,6,No,No,0.1168,LOW,v1,40.0,4,10,37.64,"Microsoft Office, Critical Thinking, Speaking, Reading Comprehension, Active Listening",Microsoft Office,Learn Microsoft Office,Productivity Suite Fundamentals,Microsoft Learn,10,6.75,Moderate
385,Research & Development,Research Director,50,19144,10,No,No,0.0282,LOW,v1,31.7,3,10,37.5,"Microsoft PowerPoint, Science, Critical Thinking, Writing, IBM SPSS Statistics",Microsoft PowerPoint,Learn Microsoft PowerPoint,Presenting Data to Decision Makers,LinkedIn Learning,10,6.75,Low
386,Research & Development,Research Director,53,17584,5,Yes,No,0.0208,LOW,v1,65.0,3,8,30.0,"Microsoft Excel, Science, Writing, Active Learning, ESRI ArcGIS",Microsoft Excel,Learn Microsoft Excel,Advanced Spreadsheet Modelling,Microsoft Learn,12,6.75,Moderate
387,Sales,Sales Executive,42,4907,20,No,No,0.0735,LOW,v1,60.0,4,10,34.87,"Microsoft Office, Microsoft Outlook, Adobe Creative Cloud, Adobe InDesign, Critical Thinking",Microsoft Office,Learn Microsoft Office,Productivity Suite Fundamentals,Microsoft Learn,10,6.75,Moderate
388,Sales,Sales Executive,29,4554,10,No,No,0.3947,MEDIUM,v1,58.3,3,10,37.87,"Microsoft PowerPoint, Microsoft Office, Salesforce, Microsoft Outlook, Active Listening",Microsoft PowerPoint,Learn Microsoft PowerPoint,Presenting Data to Decision Makers,LinkedIn Learning,10,7.762,Moderate
389,Research & Development,Laboratory Technician,55,5415,10,Yes,No,0.5568,MEDIUM,v1,73.3,3,11,38.37,"Microsoft Excel, Microsoft Office, Reading Comprehension, SAP, Microsoft Word",Microsoft Excel,Learn Microsoft Excel,Advanced Spreadsheet Modelling,Microsoft Learn,12,7.762,High
390,Research & Development,Healthcare Representative,26,4741,5,Yes,No,0.9074,HIGH,v1,33.4,3,11,43.0,"Microsoft Excel, Microsoft Office, Salesforce, Microsoft Outlook, Speaking",Microsoft Excel,Learn Microsoft Excel,Advanced Spreadsheet Modelling,Microsoft Learn,12,9.45,Low
391,Research & Development,Research Scientist,37,2115,17,No,No,0.0135,LOW,v1,80.0,3,10,38.99,"R, Writing, Science, Speaking, Critical Thinking",R,Learn R,Statistical Programming in R,Coursera,24,6.75,High
392,Research & Development,Laboratory Technician,44,3161,1,Yes,Yes,0.7653,HIGH,v1,66.7,4,15,50.74,"Microsoft Excel, Reading Comprehension, Active Listening, SAP, Microsoft PowerPoint",Microsoft Excel,Learn Microsoft Excel,Advanced Spreadsheet Modelling,Microsoft Learn,12,9.45,Moderate
393,Research & Development,Healthcare Representative,38,5745,2,No,No,0.069,LOW,v1,80.0,3,11,39.38,"Microsoft Excel, Salesforce, Google Workspace, Linux, Microsoft Azure",Microsoft Excel,Learn Microsoft Excel,Advanced Spreadsheet Modelling,Microsoft Learn,12,6.75,High
394,Research & Development,Laboratory Technician,26,2373,3,Yes,Yes,0.8339,HIGH,v1,46.7,3,10,33.87,"Microsoft Office, Microsoft Word, MEDITECH, Google Docs, Microsoft Outlook",Microsoft Office,Learn Microsoft Office,Productivity Suite Fundamentals,Microsoft Learn,10,9.45,Moderate
395,Research & Development,Research Scientist,28,3310,5,No,No,0.0402,LOW,v1,86.7,4,13,52.11,"Microsoft Excel, R, Microsoft Office, Writing, Science",Microsoft Excel,Learn Microsoft Excel,Advanced Spreadsheet Modelling,Microsoft Learn,12,6.75,High
396,Research & Development,Research Director,49,18665,3,Yes,No,0.581,HIGH,v1,50.0,3,7,27.12,"Microsoft PowerPoint, Science, Monitoring, Active Listening, ESRI ArcGIS",Microsoft PowerPoint,Learn Microsoft PowerPoint,Presenting Data to Decision Makers,LinkedIn Learning,10,9.45,Moderate
397,Research & Development,Research Scientist,36,4485,8,No,No,0.4482,MEDIUM,v1,60.0,3,12,45.61,"R, Writing, Science, Speaking, Active Listening",R,Learn R,Statistical Programming in R,Coursera,24,7.762,Moderate
399,Sales,Sales Representative,31,2789,2,No,No,0.4592,MEDIUM,v1,58.3,3,12,45.64,"Microsoft Excel, Microsoft Office, Salesforce, Speaking, Active Listening",Microsoft Excel,Learn Microsoft Excel,Advanced Spreadsheet Modelling,Microsoft Learn,12,7.762,Moderate
401,Sales,Sales Executive,26,5828,8,Yes,Yes,0.9035,HIGH,v1,71.7,3,10,34.24,"Salesforce, Active Listening, Adobe Creative Cloud, Adobe InDesign, Adobe Acrobat",Salesforce,Learn Salesforce,Managing the Customer Pipeline,Trailhead,16,9.45,High
403,Research & Development,Research Scientist,37,2326,4,Yes,No,0.5742,MEDIUM,v1,65.0,3,11,42.74,"Microsoft Excel, R, Science, Active Learning, Critical Thinking",Microsoft Excel,Learn Microsoft Excel,Advanced Spreadsheet Modelling,Microsoft Learn,12,7.762,Moderate
404,Sales,Sales Executive,42,13525,20,No,No,0.6508,HIGH,v1,65.0,3,9,34.37,"Microsoft Excel, Salesforce, Microsoft Outlook, Speaking, Adobe InDesign",Microsoft Excel,Learn Microsoft Excel,Advanced Spreadsheet Modelling,Microsoft Learn,12,9.45,Moderate
405,Research & Development,Laboratory Technician,18,1420,0,No,Yes,0.8602,HIGH,v1,66.7,3,10,33.87,"Microsoft Excel, Active Listening, Microsoft PowerPoint, Microsoft Word, Google Docs",Microsoft Excel,Learn Microsoft Excel,Advanced Spreadsheet Modelling,Microsoft Learn,12,9.45,Moderate
406,Sales,Sales Executive,35,8020,11,No,No,0.1013,LOW,v1,51.7,3,9,32.49,"Microsoft PowerPoint, Salesforce, Microsoft Outlook, Adobe Creative Cloud, Adobe InDesign",Microsoft PowerPoint,Learn Microsoft PowerPoint,Presenting Data to Decision Makers,LinkedIn Learning,10,6.75,Moderate
407,Research & Development,Laboratory Technician,36,3688,1,No,No,0.386,MEDIUM,v1,88.3,3,9,31.0,"Microsoft Excel, SAP, Microsoft PowerPoint, MEDITECH, Google Docs",Microsoft Excel,Learn Microsoft Excel,Advanced Spreadsheet Modelling,Microsoft Learn,12,7.762,High
408,Research & Development,Manufacturing Director,51,5482,4,No,No,0.0457,LOW,v1,50.0,3,12,46.26,"SAP, Microsoft PowerPoint, Microsoft Office, Monitoring, Critical Thinking",SAP,Learn SAP,Enterprise Resource Planning Essentials,SAP,24,6.75,Moderate
410,Sales,Manager,41,16015,22,No,No,0.0393,LOW,v1,60.0,3,8,29.88,"Reading Comprehension, Speaking, Active Listening, Critical Thinking, Atlassian JIRA",Reading Comprehension,Learn Reading Comprehension,Business Writing for Clarity,LinkedIn Learning,8,6.0,Moderate
411,Sales,Sales Representative,18,1200,0,No,No,0.9372,HIGH,v1,58.3,3,14,48.88,"Salesforce, Speaking, Reading Comprehension, IBM SPSS Statistics, Apple macOS",Salesforce,Learn Salesforce,Managing the Customer Pipeline,Trailhead,16,9.45,Moderate
412,Research & Development,Healthcare Representative,28,5661,8,No,No,0.0554,LOW,v1,48.3,3,12,46.63,"Microsoft Excel, Microsoft Office, Salesforce, Microsoft Outlook, Active Listening",Microsoft Excel,Learn Microsoft Excel,Advanced Spreadsheet Modelling,Microsoft Learn,12,6.75,Moderate
416,Sales,Sales Executive,31,6929,8,No,No,0.5954,HIGH,v1,70.0,3,12,46.75,"Microsoft PowerPoint, Microsoft Excel, Microsoft Office, Salesforce, Microsoft Outlook",Microsoft PowerPoint,Learn Microsoft PowerPoint,Presenting Data to Decision Makers,LinkedIn Learning,10,9.45,High
417,Research & Development,Healthcare Representative,39,9613,18,No,No,0.0006,LOW,v1,73.3,3,10,37.63,"Microsoft Excel, Microsoft Office, Salesforce, Active Listening, Reading Comprehension",Microsoft Excel,Learn Microsoft Excel,Advanced Spreadsheet Modelling,Microsoft Learn,12,6.75,High
419,Research & Development,Laboratory Technician,36,5674,9,No,No,0.1614,LOW,v1,50.0,3,11,37.49,"Microsoft Office, Reading Comprehension, Active Listening, Microsoft PowerPoint, Microsoft Word",Microsoft Office,Learn Microsoft Office,Productivity Suite Fundamentals,Microsoft Learn,10,6.75,Moderate
420,Sales,Sales Executive,32,5484,13,No,No,0.1142,LOW,v1,60.0,3,10,37.12,"Salesforce, Microsoft Outlook, Active Listening, Speaking, Adobe InDesign",Salesforce,Learn Salesforce,Managing the Customer Pipeline,Trailhead,16,6.75,Moderate
421,Research & Development,Research Director,38,12061,10,No,No,0.0818,LOW,v1,35.0,3,13,49.88,"Microsoft PowerPoint, Science, Monitoring, Critical Thinking, Reading Comprehension",Microsoft PowerPoint,Learn Microsoft PowerPoint,Presenting Data to Decision Makers,LinkedIn Learning,10,6.75,Low
422,Research & Development,Healthcare Representative,58,5660,5,Yes,No,0.0436,LOW,v1,60.0,3,11,41.76,"Microsoft Excel, Microsoft Office, Microsoft Outlook, Speaking, Reading Comprehension",Microsoft Excel,Learn Microsoft Excel,Advanced Spreadsheet Modelling,Microsoft Learn,12,6.75,Moderate
423,Research & Development,Research Scientist,31,4821,5,Yes,No,0.1542,LOW,v1,76.7,3,8,31.12,"R, Microsoft Office, Science, Critical Thinking, IBM SPSS Statistics",R,Learn R,Statistical Programming in R,Coursera,24,6.75,High
424,Human Resources,Human Resources,31,6410,2,No,No,0.9174,HIGH,v1,28.3,3,9,36.5,"Microsoft PowerPoint, Microsoft Excel, Microsoft Outlook, Speaking, Oracle HRIS",Microsoft PowerPoint,Learn Microsoft PowerPoint,Presenting Data to Decision Makers,LinkedIn Learning,10,9.45,Low
425,Research & Development,Laboratory Technician,45,5210,24,No,No,0.4235,MEDIUM,v1,26.7,3,10,34.24,"Microsoft Excel, Active Listening, SAP, Microsoft PowerPoint, Microsoft Word",Microsoft Excel,Learn Microsoft Excel,Advanced Spreadsheet Modelling,Microsoft Learn,12,7.762,Low
426,Research & Development,Research Scientist,31,2695,2,Yes,No,0.271,LOW,v1,63.3,3,8,31.12,"Microsoft Excel, Microsoft Office, Active Learning, Critical Thinking, IBM SPSS Statistics",Microsoft Excel,Learn Microsoft Excel,Advanced Spreadsheet Modelling,Microsoft Learn,12,6.75,Moderate
428,Research & Development,Manager,33,11878,10,No,No,0.3807,MEDIUM,v1,60.0,3,10,37.5,"Microsoft Excel, Microsoft Office, Reading Comprehension, Active Listening, Apple macOS",Microsoft Excel,Learn Microsoft Excel,Advanced Spreadsheet Modelling,Microsoft Learn,12,7.762,Moderate
429,Research & Development,Manager,39,17068,21,Yes,No,0.6088,HIGH,v1,50.0,3,9,35.0,"Microsoft PowerPoint, Microsoft Excel, Monitoring, Reading Comprehension, Speaking",Microsoft PowerPoint,Learn Microsoft PowerPoint,Presenting Data to Decision Makers,LinkedIn Learning,10,9.45,Moderate
430,Research & Development,Laboratory Technician,43,2455,8,No,No,0.0918,LOW,v1,70.0,3,12,39.99,"Microsoft Office, Reading Comprehension, Active Listening, SAP, Microsoft PowerPoint",Microsoft Office,Learn Microsoft Office,Productivity Suite Fundamentals,Microsoft Learn,10,6.75,High
431,Research & Development,Healthcare Representative,49,13964,7,Yes,No,0.4193,MEDIUM,v1,61.7,3,14,51.01,"Microsoft Excel, Salesforce, Microsoft Outlook, Reading Comprehension, Linux",Microsoft Excel,Learn Microsoft Excel,Advanced Spreadsheet Modelling,Microsoft Learn,12,7.762,Moderate
433,Research & Development,Research Scientist,52,4941,8,No,Yes,0.3467,LOW,v1,36.6,3,9,36.49,"Microsoft Office, R, Writing, Speaking, Active Learning",Microsoft Office,Learn Microsoft Office,Productivity Suite Fundamentals,Microsoft Learn,10,6.75,Low
434,Research & Development,Research Scientist,27,2478,4,Yes,No,0.711,HIGH,v1,48.3,3,11,42.24,"Microsoft Excel, Microsoft Office, Active Learning, Critical Thinking, Reading Comprehension",Microsoft Excel,Learn Microsoft Excel,Advanced Spreadsheet Modelling,Microsoft Learn,12,9.45,Moderate
436,Sales,Sales Executive,32,5228,13,Yes,No,0.8749,HIGH,v1,51.7,3,9,36.5,"Microsoft PowerPoint, Microsoft Excel, Microsoft Office, Salesforce, Microsoft Outlook",Microsoft PowerPoint,Learn Microsoft PowerPoint,Presenting Data to Decision Makers,LinkedIn Learning,10,9.45,Moderate
437,Sales,Sales Executive,27,4478,5,Yes,No,0.6126,HIGH,v1,66.7,3,12,43.75,"Microsoft PowerPoint, Microsoft Excel, Salesforce, Speaking, Adobe Creative Cloud",Microsoft PowerPoint,Learn Microsoft PowerPoint,Presenting Data to Decision Makers,LinkedIn Learning,10,9.45,Moderate
438,Sales,Sales Executive,31,7547,7,No,No,0.0235,LOW,v1,86.7,3,11,40.12,"Microsoft Office, Salesforce, Microsoft Outlook, Speaking, Adobe InDesign",Microsoft Office,Learn Microsoft Office,Productivity Suite Fundamentals,Microsoft Learn,10,6.75,High
439,Research & Development,Research Scientist,32,5055,7,No,No,0.1681,LOW,v1,66.7,3,12,45.99,"Microsoft Office, Writing, Speaking, Critical Thinking, Reading Comprehension",Microsoft Office,Learn Microsoft Office,Productivity Suite Fundamentals,Microsoft Learn,10,6.75,Moderate
440,Research & Development,Research Scientist,28,3464,3,Yes,Yes,0.7661,HIGH,v1,45.0,3,11,43.24,"Microsoft Excel, R, Microsoft Office, Speaking, Critical Thinking",Microsoft Excel,Learn Microsoft Excel,Advanced Spreadsheet Modelling,Microsoft Learn,12,9.45,Moderate
441,Research & Development,Research Scientist,30,5775,10,No,No,0.0163,LOW,v1,86.7,3,12,47.61,"Microsoft Excel, Microsoft Office, Writing, Science, Speaking",Microsoft Excel,Learn Microsoft Excel,Advanced Spreadsheet Modelling,Microsoft Learn,12,6.75,High
442,Research & Development,Manufacturing Director,31,8943,10,No,No,0.3118,LOW,v1,51.7,4,16,63.01,"SAP, Microsoft PowerPoint, Microsoft Excel, Microsoft Outlook, Microsoft Office",SAP,Learn SAP,Enterprise Resource Planning Essentials,SAP,24,6.75,Moderate
444,Research & Development,Manager,39,19272,21,No,No,0.4976,MEDIUM,v1,61.7,3,8,30.0,"Microsoft PowerPoint, Reading Comprehension, Speaking, Active Listening, Atlassian JIRA",Microsoft PowerPoint,Learn Microsoft PowerPoint,Presenting Data to Decision Makers,LinkedIn Learning,10,7.762,Moderate
445,Sales,Sales Executive,39,5238,1,Yes,Yes,0.6176,HIGH,v1,61.7,3,14,50.5,"Microsoft Office, Salesforce, Microsoft Outlook, Active Listening, Adobe Creative Cloud",Microsoft Office,Learn Microsoft Office,Productivity Suite Fundamentals,Microsoft Learn,10,9.45,Moderate
446,Sales,Sales Executive,33,4682,7,No,No,0.768,HIGH,v1,56.6,3,10,36.24,"Microsoft PowerPoint, Microsoft Excel, Microsoft Office, Active Listening, Adobe Creative Cloud",Microsoft PowerPoint,Learn Microsoft PowerPoint,Presenting Data to Decision Makers,LinkedIn Learning,10,9.45,Moderate
447,Research & Development,Research Director,47,18300,3,No,No,0.019,LOW,v1,70.0,3,4,15.0,"Monitoring, Active Listening, Active Learning, Microsoft Project",Monitoring,Learn Monitoring,Performance Tracking and Review,LinkedIn Learning,6,6.0,High
448,Research & Development,Laboratory Technician,43,5257,9,No,No,0.2715,LOW,v1,60.0,3,8,25.99,"Reading Comprehension, Active Listening, SAP, Speaking, Monitoring",Reading Comprehension,Learn Reading Comprehension,Business Writing for Clarity,LinkedIn Learning,8,5.625,Moderate
449,Sales,Sales Executive,27,6349,5,Yes,No,0.2759,LOW,v1,60.0,3,14,52.25,"Microsoft PowerPoint, Microsoft Excel, Microsoft Office, Salesforce, Microsoft Outlook",Microsoft PowerPoint,Learn Microsoft PowerPoint,Presenting Data to Decision Makers,LinkedIn Learning,10,6.75,Moderate
450,Research & Development,Research Scientist,54,4869,4,No,No,0.0682,LOW,v1,71.7,3,11,41.86,"Microsoft Excel, Speaking, Active Learning, Critical Thinking, Reading Comprehension",Microsoft Excel,Learn Microsoft Excel,Advanced Spreadsheet Modelling,Microsoft Learn,12,6.75,High
451,Research & Development,Healthcare Representative,43,9985,1,No,No,0.3657,MEDIUM,v1,35.0,3,12,44.25,"Salesforce, Microsoft Outlook, Speaking, Active Listening, Amazon Web Services (AWS)",Salesforce,Learn Salesforce,Managing the Customer Pipeline,Trailhead,16,7.762,Low
452,Research & Development,Research Scientist,45,3697,10,No,No,0.1395,LOW,v1,76.7,3,9,35.25,"Microsoft Excel, R, Writing, Critical Thinking, Active Listening",Microsoft Excel,Learn Microsoft Excel,Advanced Spreadsheet Modelling,Microsoft Learn,12,6.75,High
453,Sales,Sales Executive,40,7457,4,Yes,No,0.6105,HIGH,v1,48.3,4,12,45.75,"Microsoft PowerPoint, Microsoft Excel, Salesforce, Microsoft Outlook, Active Listening",Microsoft PowerPoint,Learn Microsoft PowerPoint,Presenting Data to Decision Makers,LinkedIn Learning,10,9.45,Moderate
454,Research & Development,Laboratory Technician,29,2119,7,Yes,Yes,0.8224,HIGH,v1,21.7,3,13,45.24,"Microsoft Excel, Microsoft Office, Active Listening, SAP, Microsoft Word",Microsoft Excel,Learn Microsoft Excel,Advanced Spreadsheet Modelling,Microsoft Learn,12,9.45,Low
455,Research & Development,Laboratory Technician,29,3983,3,No,No,0.369,MEDIUM,v1,61.7,3,13,43.37,"Microsoft Office, Active Listening, SAP, Microsoft PowerPoint, Microsoft Word",Microsoft Office,Learn Microsoft Office,Productivity Suite Fundamentals,Microsoft Learn,10,7.762,Moderate
456,Sales,Sales Executive,30,6118,10,No,No,0.0627,LOW,v1,65.0,3,11,41.75,"Microsoft PowerPoint, Microsoft Excel, Microsoft Office, Microsoft Outlook, Adobe InDesign",Microsoft PowerPoint,Learn Microsoft PowerPoint,Presenting Data to Decision Makers,LinkedIn Learning,10,6.75,Moderate
458,Sales,Sales Executive,27,6214,8,No,No,0.1609,LOW,v1,43.3,3,12,45.12,"Microsoft PowerPoint, Microsoft Excel, Microsoft Outlook, Speaking, Active Listening",Microsoft PowerPoint,Learn Microsoft PowerPoint,Presenting Data to Decision Makers,LinkedIn Learning,10,6.75,Moderate
460,Research & Development,Manufacturing Director,37,6347,6,No,No,0.0433,LOW,v1,78.3,3,10,39.0,"SAP, Microsoft PowerPoint, Microsoft Excel, Microsoft Outlook, Active Learning",SAP,Learn SAP,Enterprise Resource Planning Essentials,SAP,24,6.75,High
461,Research & Development,Research Director,38,11510,11,Yes,No,0.0211,LOW,v1,65.0,3,10,37.88,"Microsoft Office, Science, Monitoring, Speaking, Writing",Microsoft Office,Learn Microsoft Office,Productivity Suite Fundamentals,Microsoft Learn,10,6.75,Moderate
462,Research & Development,Manufacturing Director,31,7143,11,Yes,No,0.3927,MEDIUM,v1,71.7,3,11,43.25,"SAP, Microsoft PowerPoint, Microsoft Office, Microsoft Outlook, Critical Thinking",SAP,Learn SAP,Enterprise Resource Planning Essentials,SAP,24,7.762,High
463,Sales,Sales Executive,29,8268,7,Yes,No,0.5185,MEDIUM,v1,48.3,3,11,40.49,"Salesforce, Microsoft Outlook, Active Listening, Speaking, Adobe Creative Cloud",Salesforce,Learn Salesforce,Managing the Customer Pipeline,Trailhead,16,7.762,Moderate
464,Research & Development,Manufacturing Director,35,8095,16,No,No,0.0142,LOW,v1,60.0,3,10,38.14,"SAP, Microsoft Office, Monitoring, Reading Comprehension, Active Listening",SAP,Learn SAP,Enterprise Resource Planning Essentials,SAP,24,6.75,Moderate
465,Research & Development,Research Scientist,23,2904,4,No,No,0.1153,LOW,v1,71.7,3,12,47.11,"Microsoft Excel, R, Writing, Science, Speaking",Microsoft Excel,Learn Microsoft Excel,Advanced Spreadsheet Modelling,Microsoft Learn,12,6.75,High
466,Research & Development,Manufacturing Director,41,6032,5,Yes,No,0.7031,HIGH,v1,58.3,3,11,42.26,"Microsoft PowerPoint, Microsoft Outlook, Critical Thinking, Speaking, Reading Comprehension",Microsoft PowerPoint,Learn Microsoft PowerPoint,Presenting Data to Decision Makers,LinkedIn Learning,10,9.45,Moderate
467,Sales,Sales Representative,47,2976,0,No,No,0.8709,HIGH,v1,53.4,3,13,45.38,"Microsoft Office, Active Listening, Reading Comprehension, IBM SPSS Statistics, Microsoft PowerPoint",Microsoft Office,Learn Microsoft Office,Productivity Suite Fundamentals,Microsoft Learn,10,9.45,Moderate
468,Research & Development,Research Director,42,15992,1,No,No,0.0929,LOW,v1,60.0,3,4,15.88,"Microsoft Excel, Reading Comprehension, Writing, IBM SPSS Statistics",Microsoft Excel,Learn Microsoft Excel,Advanced Spreadsheet Modelling,Microsoft Learn,12,6.75,Moderate
469,Sales,Sales Executive,29,4649,4,No,No,0.0987,LOW,v1,61.7,3,10,39.25,"Microsoft Excel, Microsoft Office, Salesforce, Microsoft Outlook, Active Listening",Microsoft Excel,Learn Microsoft Excel,Advanced Spreadsheet Modelling,Microsoft Learn,12,6.75,Moderate
470,Human Resources,Human Resources,42,2696,3,Yes,No,0.5334,MEDIUM,v1,66.7,3,12,47.25,"Microsoft PowerPoint, Workday, Microsoft Office, Microsoft Outlook, Speaking",Microsoft PowerPoint,Learn Microsoft PowerPoint,Presenting Data to Decision Makers,LinkedIn Learning,10,7.762,Moderate
471,Research & Development,Laboratory Technician,32,2370,8,No,No,0.0987,LOW,v1,56.7,3,10,33.74,"Reading Comprehension, Active Listening, Microsoft PowerPoint, Microsoft Word, MEDITECH",Reading Comprehension,Learn Reading Comprehension,Business Writing for Clarity,LinkedIn Learning,8,5.625,Moderate
473,Sales,Manager,48,12504,0,No,No,0.208,LOW,v1,40.0,4,10,39.5,"Microsoft PowerPoint, Microsoft Excel, Microsoft Office, Monitoring, Reading Comprehension",Microsoft PowerPoint,Learn Microsoft PowerPoint,Presenting Data to Decision Makers,LinkedIn Learning,10,6.75,Moderate
474,Research & Development,Research Scientist,37,5974,7,Yes,No,0.3889,MEDIUM,v1,48.3,3,10,39.24,"Microsoft Excel, R, Speaking, Active Learning, Critical Thinking",Microsoft Excel,Learn Microsoft Excel,Advanced Spreadsheet Modelling,Microsoft Learn,12,7.762,Moderate
475,Sales,Sales Executive,30,4736,2,Yes,No,0.6707,HIGH,v1,75.0,3,11,41.37,"Microsoft PowerPoint, Microsoft Excel, Microsoft Office, Microsoft Outlook, Speaking",Microsoft PowerPoint,Learn Microsoft PowerPoint,Presenting Data to Decision Makers,LinkedIn Learning,10,9.45,High
476,Sales,Sales Executive,26,5296,8,No,No,0.1816,LOW,v1,63.4,3,13,47.24,"Microsoft PowerPoint, Microsoft Excel, Salesforce, Microsoft Outlook, Adobe Creative Cloud",Microsoft PowerPoint,Learn Microsoft PowerPoint,Presenting Data to Decision Makers,LinkedIn Learning,10,6.75,Moderate
477,Research & Development,Healthcare Representative,42,6781,1,No,No,0.084,LOW,v1,51.7,4,8,30.62,"Microsoft Excel, Microsoft Outlook, Active Listening, Amazon Web Services (AWS), Google Workspace",Microsoft Excel,Learn Microsoft Excel,Advanced Spreadsheet Modelling,Microsoft Learn,12,6.75,Moderate
478,Sales,Sales Representative,21,2174,3,Yes,Yes,0.9925,HIGH,v1,35.0,3,11,38.88,"Salesforce, Active Listening, Reading Comprehension, IBM SPSS Statistics, Microsoft PowerPoint",Salesforce,Learn Salesforce,Managing the Customer Pipeline,Trailhead,16,9.45,Low
479,Sales,Sales Executive,36,6653,1,No,No,0.0783,LOW,v1,80.0,3,8,30.37,"Microsoft PowerPoint, Microsoft Excel, Microsoft Office, Adobe Creative Cloud, Adobe InDesign",Microsoft PowerPoint,Learn Microsoft PowerPoint,Presenting Data to Decision Makers,LinkedIn Learning,10,6.75,High
481,Sales,Sales Executive,36,9699,13,No,No,0.6217,HIGH,v1,48.3,3,4,13.63,"Microsoft Excel, Adobe Acrobat, Reading Comprehension, Mathematics",Microsoft Excel,Learn Microsoft Excel,Advanced Spreadsheet Modelling,Microsoft Learn,12,9.45,Moderate
482,Research & Development,Healthcare Representative,57,6755,3,No,No,0.0138,LOW,v1,73.4,3,15,56.5,"Microsoft Excel, Microsoft Office, Salesforce, Speaking, Active Listening",Microsoft Excel,Learn Microsoft Excel,Advanced Spreadsheet Modelling,Microsoft Learn,12,6.75,High
483,Research & Development,Laboratory Technician,40,2213,7,Yes,No,0.1533,LOW,v1,81.7,3,11,36.37,"Reading Comprehension, Active Listening, SAP, Microsoft PowerPoint, Microsoft Word",Reading Comprehension,Learn Reading Comprehension,Business Writing for Clarity,LinkedIn Learning,8,5.625,High
484,Sales,Sales Representative,21,2610,3,No,No,0.5753,MEDIUM,v1,58.3,4,12,44.5,"Microsoft Excel, Microsoft Office, Salesforce, Reading Comprehension, IBM SPSS Statistics",Microsoft Excel,Learn Microsoft Excel,Advanced Spreadsheet Modelling,Microsoft Learn,12,7.762,Moderate
485,Sales,Sales Representative,33,2851,1,Yes,Yes,0.9557,HIGH,v1,70.0,3,13,47.5,"Microsoft Excel, Microsoft Office, Salesforce, Speaking, Reading Comprehension",Microsoft Excel,Learn Microsoft Excel,Advanced Spreadsheet Modelling,Microsoft Learn,12,9.45,High
486,Research & Development,Laboratory Technician,37,3452,5,No,No,0.2429,LOW,v1,43.4,4,8,26.5,"SAP, Microsoft PowerPoint, Microsoft Word, MEDITECH, Google Docs",SAP,Learn SAP,Enterprise Resource Planning Essentials,SAP,24,5.25,Moderate
487,Research & Development,Manufacturing Director,46,5258,1,No,No,0.0299,LOW,v1,71.7,3,10,37.26,"Microsoft Outlook, Speaking, Reading Comprehension, Active Listening, Active Learning",Microsoft Outlook,Learn Microsoft Outlook,Productivity Suite Fundamentals,Microsoft Learn,10,6.75,High
488,Sales,Sales Executive,41,9355,8,No,Yes,0.7147,HIGH,v1,43.3,3,9,31.62,"Microsoft PowerPoint, Microsoft Office, Adobe Creative Cloud, Adobe InDesign, Adobe Acrobat",Microsoft PowerPoint,Learn Microsoft PowerPoint,Presenting Data to Decision Makers,LinkedIn Learning,10,9.45,Moderate
491,Research & Development,Healthcare Representative,50,10496,4,No,No,0.0801,LOW,v1,78.3,3,11,38.51,"Microsoft Office, Reading Comprehension, Google Workspace, Microsoft Azure, Apache Hadoop",Microsoft Office,Learn Microsoft Office,Productivity Suite Fundamentals,Microsoft Learn,10,6.75,High
492,Sales,Sales Executive,40,6380,6,Yes,Yes,0.8674,HIGH,v1,51.7,3,9,31.49,"Microsoft Excel, Adobe Creative Cloud, Adobe InDesign, Critical Thinking, Adobe Acrobat",Microsoft Excel,Learn Microsoft Excel,Advanced Spreadsheet Modelling,Microsoft Learn,12,9.45,Moderate
493,Research & Development,Research Scientist,31,2657,2,Yes,No,0.5268,MEDIUM,v1,51.7,3,12,46.87,"Microsoft Excel, Microsoft Office, Writing, Active Learning, Critical Thinking",Microsoft Excel,Learn Microsoft Excel,Advanced Spreadsheet Modelling,Microsoft Learn,12,7.762,Moderate
494,Sales,Sales Representative,21,2716,1,No,Yes,0.8488,HIGH,v1,68.3,3,14,50.38,"Microsoft Office, Salesforce, Speaking, Active Listening, Reading Comprehension",Microsoft Office,Learn Microsoft Office,Productivity Suite Fundamentals,Microsoft Learn,10,9.45,Moderate
495,Research & Development,Research Scientist,29,2201,3,No,No,0.205,LOW,v1,86.7,3,10,37.87,"Microsoft Excel, Writing, Reading Comprehension, Active Listening, Mathematics",Microsoft Excel,Learn Microsoft Excel,Advanced Spreadsheet Modelling,Microsoft Learn,12,6.75,High
496,Research & Development,Healthcare Representative,35,6540,1,No,No,0.3638,MEDIUM,v1,48.3,3,11,40.13,"Microsoft Excel, Microsoft Outlook, Reading Comprehension, Google Workspace, Linux",Microsoft Excel,Learn Microsoft Excel,Advanced Spreadsheet Modelling,Microsoft Learn,12,7.762,Moderate
497,Research & Development,Laboratory Technician,27,3816,5,No,No,0.1175,LOW,v1,60.0,3,12,39.49,"Microsoft Office, Active Listening, Microsoft Word, Microsoft Outlook, Critical Thinking",Microsoft Office,Learn Microsoft Office,Productivity Suite Fundamentals,Microsoft Learn,10,6.75,Moderate
498,Sales,Sales Executive,28,5253,7,No,No,0.2187,LOW,v1,73.3,3,9,32.62,"Salesforce, Speaking, Active Listening, Adobe Creative Cloud, Critical Thinking",Salesforce,Learn Salesforce,Managing the Customer Pipeline,Trailhead,16,6.75,High
499,Research & Development,Healthcare Representative,49,10965,5,No,No,0.1817,LOW,v1,51.7,4,7,26.38,"Microsoft Excel, Salesforce, Active Listening, Google Workspace, Apache Hadoop",Microsoft Excel,Learn Microsoft Excel,Advanced Spreadsheet Modelling,Microsoft Learn,12,6.75,Moderate
500,Sales,Sales Executive,51,4936,7,No,No,0.0337,LOW,v1,71.7,3,10,35.62,"Microsoft Office, Active Listening, Adobe Creative Cloud, Adobe InDesign, Critical Thinking",Microsoft Office,Learn Microsoft Office,Productivity Suite Fundamentals,Microsoft Learn,10,6.75,High
501,Research & Development,Research Scientist,36,2543,2,No,No,0.0505,LOW,v1,70.0,3,13,51.23,"Microsoft Excel, Microsoft Office, Writing, Science, Speaking",Microsoft Excel,Learn Microsoft Excel,Advanced Spreadsheet Modelling,Microsoft Learn,12,6.75,High
502,Sales,Sales Executive,34,5304,5,Yes,Yes,0.8113,HIGH,v1,63.3,3,14,51.12,"Microsoft Excel, Microsoft Office, Salesforce, Microsoft Outlook, Speaking",Microsoft Excel,Learn Microsoft Excel,Advanced Spreadsheet Modelling,Microsoft Learn,12,9.45,Moderate
505,Research & Development,Manager,55,16659,5,Yes,No,0.038,LOW,v1,76.7,3,12,45.0,"Microsoft PowerPoint, Monitoring, Reading Comprehension, Speaking, Critical Thinking",Microsoft PowerPoint,Learn Microsoft PowerPoint,Presenting Data to Decision Makers,LinkedIn Learning,10,6.75,High
507,Sales,Sales Executive,24,4260,5,Yes,No,0.2769,LOW,v1,81.7,3,12,42.62,"Microsoft PowerPoint, Microsoft Excel, Microsoft Outlook, Critical Thinking, Adobe Acrobat",Microsoft PowerPoint,Learn Microsoft PowerPoint,Presenting Data to Decision Makers,LinkedIn Learning,10,6.75,High
508,Sales,Sales Representative,30,2476,1,No,No,0.865,HIGH,v1,50.0,3,15,54.76,"Microsoft Excel, Microsoft Office, Speaking, Active Listening, Reading Comprehension",Microsoft Excel,Learn Microsoft Excel,Advanced Spreadsheet Modelling,Microsoft Learn,12,9.45,Moderate
510,Research & Development,Research Scientist,26,3102,6,No,Yes,0.3121,LOW,v1,46.7,4,14,54.86,"Microsoft Excel, R, Microsoft Office, Science, Speaking",Microsoft Excel,Learn Microsoft Excel,Advanced Spreadsheet Modelling,Microsoft Learn,12,6.75,Moderate
511,Research & Development,Research Scientist,22,2244,2,No,No,0.3647,MEDIUM,v1,46.7,3,12,47.36,"Microsoft Excel, R, Microsoft Office, Science, Speaking",Microsoft Excel,Learn Microsoft Excel,Advanced Spreadsheet Modelling,Microsoft Learn,12,7.762,Moderate
513,Sales,Sales Executive,36,7596,10,No,No,0.7014,HIGH,v1,48.3,3,11,39.12,"Microsoft PowerPoint, Microsoft Excel, Active Listening, Adobe Creative Cloud, Adobe InDesign",Microsoft PowerPoint,Learn Microsoft PowerPoint,Presenting Data to Decision Makers,LinkedIn Learning,10,9.45,Moderate
514,Research & Development,Research Scientist,30,2285,1,Yes,Yes,0.9475,HIGH,v1,76.7,4,15,59.73,"Microsoft Excel, R, Microsoft Office, Writing, Science",Microsoft Excel,Learn Microsoft Excel,Advanced Spreadsheet Modelling,Microsoft Learn,12,9.45,High
515,Research & Development,Laboratory Technician,37,3034,18,No,No,0.2123,LOW,v1,48.3,3,13,42.99,"Active Listening, SAP, Microsoft PowerPoint, Microsoft Word, MEDITECH",Active Listening,Learn Active Listening,Running Effective Remote Meetings,LinkedIn Learning,6,5.43,Moderate
516,Sales,Sales Executive,40,5715,5,No,No,0.1072,LOW,v1,63.3,3,12,43.99,"Microsoft Excel, Microsoft Office, Microsoft Outlook, Active Listening, Speaking",Microsoft Excel,Learn Microsoft Excel,Advanced Spreadsheet Modelling,Microsoft Learn,12,6.75,Moderate
517,Research & Development,Laboratory Technician,42,2576,5,No,No,0.2676,LOW,v1,36.7,3,10,32.74,"Active Listening, Microsoft Word, MEDITECH, Google Docs, Microsoft Outlook",Active Listening,Learn Active Listening,Running Effective Remote Meetings,LinkedIn Learning,6,5.43,Low
518,Research & Development,Manufacturing Director,37,4197,1,Yes,No,0.36,MEDIUM,v1,55.0,3,8,32.26,"SAP, Microsoft Excel, Microsoft Office, Microsoft Outlook, Reading Comprehension",SAP,Learn SAP,Enterprise Resource Planning Essentials,SAP,24,7.762,Moderate
520,Research & Development,Research Director,43,14336,25,No,No,0.0158,LOW,v1,35.0,3,6,22.0,"Microsoft PowerPoint, IBM SPSS Statistics, Microsoft SharePoint, Microsoft Visio, Active Learning",Microsoft PowerPoint,Learn Microsoft PowerPoint,Presenting Data to Decision Makers,LinkedIn Learning,10,6.75,Low
521,Research & Development,Laboratory Technician,40,3448,1,No,No,0.471,MEDIUM,v1,48.3,4,8,27.0,"Microsoft Excel, Microsoft PowerPoint, Microsoft Word, Google Docs, Monitoring",Microsoft Excel,Learn Microsoft Excel,Advanced Spreadsheet Modelling,Microsoft Learn,12,7.762,Moderate
522,Research & Development,Research Director,54,19406,4,No,No,0.0874,LOW,v1,28.3,3,6,22.88,"Microsoft Excel, Active Listening, Speaking, Microsoft Project, Microsoft SharePoint",Microsoft Excel,Learn Microsoft Excel,Advanced Spreadsheet Modelling,Microsoft Learn,12,6.75,Low
523,Sales,Sales Executive,34,6538,3,No,No,0.1379,LOW,v1,60.0,3,13,48.25,"Microsoft PowerPoint, Microsoft Excel, Microsoft Office, Microsoft Outlook, Speaking",Microsoft PowerPoint,Learn Microsoft PowerPoint,Presenting Data to Decision Makers,LinkedIn Learning,10,6.75,Moderate
524,Research & Development,Manufacturing Director,31,4306,13,No,No,0.1552,LOW,v1,26.7,3,13,51.26,"SAP, Microsoft PowerPoint, Microsoft Office, Microsoft Outlook, Monitoring",SAP,Learn SAP,Enterprise Resource Planning Essentials,SAP,24,6.75,Low
525,Research & Development,Laboratory Technician,43,2258,3,No,No,0.6877,HIGH,v1,76.7,4,9,31.12,"Microsoft Excel, Microsoft Office, SAP, Microsoft Word, Speaking",Microsoft Excel,Learn Microsoft Excel,Advanced Spreadsheet Modelling,Microsoft Learn,12,9.45,High
526,Research & Development,Healthcare Representative,43,4522,5,Yes,No,0.0969,LOW,v1,70.0,3,14,52.39,"Microsoft Excel, Microsoft Office, Salesforce, Microsoft Outlook, Reading Comprehension",Microsoft Excel,Learn Microsoft Excel,Advanced Spreadsheet Modelling,Microsoft Learn,12,6.75,High
527,Sales,Sales Executive,25,4487,5,Yes,No,0.8193,HIGH,v1,58.3,3,15,56.0,"Microsoft PowerPoint, Microsoft Excel, Salesforce, Microsoft Outlook, Microsoft Office",Microsoft PowerPoint,Learn Microsoft PowerPoint,Presenting Data to Decision Makers,LinkedIn Learning,10,9.45,Moderate
529,Research & Development,Research Scientist,37,4449,13,Yes,No,0.516,MEDIUM,v1,53.4,3,8,29.99,"Writing, Speaking, Active Listening, Mathematics, Microsoft Project",Writing,Learn Writing,Business Writing for Clarity,LinkedIn Learning,8,7.331,Moderate
530,Research & Development,Laboratory Technician,31,2218,4,No,No,0.5021,MEDIUM,v1,45.0,3,12,42.37,"Microsoft Excel, Microsoft Office, Active Listening, Microsoft PowerPoint, Microsoft Word",Microsoft Excel,Learn Microsoft Excel,Advanced Spreadsheet Modelling,Microsoft Learn,12,7.762,Moderate
531,Research & Development,Manager,39,19197,21,Yes,No,0.1645,LOW,v1,60.0,3,7,26.5,"Microsoft Excel, Monitoring, Critical Thinking, Active Learning, Atlassian Confluence",Microsoft Excel,Learn Microsoft Excel,Advanced Spreadsheet Modelling,Microsoft Learn,12,6.75,Moderate
532,Sales,Sales Executive,56,13212,7,No,No,0.2204,LOW,v1,53.3,3,6,22.5,"Microsoft Excel, Active Listening, Adobe Creative Cloud, Critical Thinking, Adobe Illustrator",Microsoft Excel,Learn Microsoft Excel,Advanced Spreadsheet Modelling,Microsoft Learn,12,6.75,Moderate
533,Sales,Sales Executive,30,6577,5,No,No,0.4089,MEDIUM,v1,56.7,3,10,35.25,"Microsoft Excel, Speaking, Active Listening, Adobe Creative Cloud, Adobe InDesign",Microsoft Excel,Learn Microsoft Excel,Advanced Spreadsheet Modelling,Microsoft Learn,12,7.762,Moderate
534,Sales,Sales Executive,41,8392,10,No,No,0.159,LOW,v1,48.3,3,10,35.99,"Microsoft Office, Salesforce, Microsoft Outlook, Adobe InDesign, Critical Thinking",Microsoft Office,Learn Microsoft Office,Productivity Suite Fundamentals,Microsoft Learn,10,6.75,Moderate
536,Research & Development,Laboratory Technician,28,4558,10,No,No,0.2841,LOW,v1,50.0,3,13,45.87,"Microsoft Excel, Microsoft Office, Active Listening, SAP, Microsoft PowerPoint",Microsoft Excel,Learn Microsoft Excel,Advanced Spreadsheet Modelling,Microsoft Learn,12,6.75,Moderate
538,Research & Development,Laboratory Technician,25,4031,2,No,Yes,0.4899,MEDIUM,v1,33.4,3,7,24.37,"Microsoft Office, Active Listening, Microsoft Word, Microsoft PowerPoint, Critical Thinking",Microsoft Office,Learn Microsoft Office,Productivity Suite Fundamentals,Microsoft Learn,10,7.762,Low
543,Research & Development,Manufacturing Director,52,7969,5,Yes,No,0.0458,LOW,v1,65.0,3,13,50.01,"SAP, Microsoft PowerPoint, Microsoft Outlook, Critical Thinking, Reading Comprehension",SAP,Learn SAP,Enterprise Resource Planning Essentials,SAP,24,6.75,Moderate
544,Research & Development,Research Scientist,45,2654,2,No,No,0.0659,LOW,v1,61.7,4,10,37.36,"Speaking, Active Learning, Critical Thinking, Reading Comprehension, Mathematics",Speaking,Learn Speaking,Listening and Influence at Work,LinkedIn Learning,6,6.18,Moderate
546,Research & Development,Manager,52,16555,5,No,No,0.003,LOW,v1,76.7,3,7,26.0,"Microsoft PowerPoint, Speaking, Apple macOS, Atlassian JIRA, Atlassian Confluence",Microsoft PowerPoint,Learn Microsoft PowerPoint,Presenting Data to Decision Makers,LinkedIn Learning,10,6.75,High
547,Research & Development,Research Scientist,42,4556,5,No,No,0.1968,LOW,v1,50.0,3,8,31.24,"Microsoft Office, R, Speaking, Active Learning, IBM SPSS Statistics",Microsoft Office,Learn Microsoft Office,Productivity Suite Fundamentals,Microsoft Learn,10,6.75,Moderate
548,Research & Development,Manufacturing Director,30,6091,5,No,No,0.1988,LOW,v1,60.0,4,12,45.13,"Microsoft Office, Microsoft Outlook, Speaking, Active Listening, Learning Strategies",Microsoft Office,Learn Microsoft Office,Productivity Suite Fundamentals,Microsoft Learn,10,6.75,Moderate
549,Research & Development,Manager,60,19566,29,No,No,0.5276,MEDIUM,v1,26.7,3,5,19.0,"Microsoft Excel, Monitoring, Atlassian JIRA, Atlassian Confluence, Adobe Acrobat",Microsoft Excel,Learn Microsoft Excel,Advanced Spreadsheet Modelling,Microsoft Learn,12,7.762,Low
550,Research & Development,Manufacturing Director,46,4810,10,No,No,0.008,LOW,v1,61.7,3,8,30.25,"Microsoft Excel, Microsoft Office, Learning Strategies, Active Learning, Adobe Acrobat",Microsoft Excel,Learn Microsoft Excel,Advanced Spreadsheet Modelling,Microsoft Learn,12,6.75,Moderate
551,Research & Development,Healthcare Representative,42,4523,6,No,No,0.0191,LOW,v1,83.3,3,8,28.75,"Microsoft Excel, Reading Comprehension, Google Workspace, Microsoft Azure, Active Learning",Microsoft Excel,Learn Microsoft Excel,Advanced Spreadsheet Modelling,Microsoft Learn,12,6.75,High
554,Sales,Sales Representative,24,3202,5,Yes,Yes,0.9207,HIGH,v1,40.0,3,12,41.88,"Microsoft Excel, Active Listening, Reading Comprehension, Microsoft Project, IBM SPSS Statistics",Microsoft Excel,Learn Microsoft Excel,Advanced Spreadsheet Modelling,Microsoft Learn,12,9.45,Moderate
555,Sales,Sales Representative,34,2351,2,No,Yes,0.6942,HIGH,v1,55.0,3,15,53.88,"Salesforce, Microsoft Office, Active Listening, Speaking, Reading Comprehension",Salesforce,Learn Salesforce,Managing the Customer Pipeline,Trailhead,16,9.45,Moderate
556,Research & Development,Laboratory Technician,38,1702,1,Yes,No,0.7063,HIGH,v1,83.4,4,13,44.99,"Microsoft Excel, Microsoft Office, Active Listening, Microsoft PowerPoint, Microsoft Word",Microsoft Excel,Learn Microsoft Excel,Advanced Spreadsheet Modelling,Microsoft Learn,12,9.45,High
558,Sales,Manager,40,18041,20,No,No,0.0017,LOW,v1,70.0,3,3,11.0,"Critical Thinking, Active Learning, Google Analytics",Critical Thinking,Learn Critical Thinking,Structured Problem Solving,Coursera,12,5.82,High
560,Research & Development,Research Scientist,26,2886,3,No,No,0.1499,LOW,v1,50.0,4,13,51.23,"R, Microsoft Office, Writing, Science, Speaking",R,Learn R,Statistical Programming in R,Coursera,24,6.75,Moderate
562,Research & Development,Laboratory Technician,30,2097,5,No,No,0.0714,LOW,v1,66.7,3,15,51.74,"Microsoft Excel, Microsoft Office, Reading Comprehension, Active Listening, Microsoft PowerPoint",Microsoft Excel,Learn Microsoft Excel,Advanced Spreadsheet Modelling,Microsoft Learn,12,6.75,Moderate
564,Research & Development,Research Director,29,11935,10,No,No,0.0393,LOW,v1,51.7,3,10,38.38,"Microsoft Excel, Microsoft Office, Monitoring, Active Listening, Writing",Microsoft Excel,Learn Microsoft Excel,Advanced Spreadsheet Modelling,Microsoft Learn,12,6.75,Moderate
565,Research & Development,Research Scientist,29,2546,2,No,Yes,0.6443,HIGH,v1,50.0,3,12,47.99,"Microsoft Excel, R, Microsoft Office, Writing, Science",Microsoft Excel,Learn Microsoft Excel,Advanced Spreadsheet Modelling,Microsoft Learn,12,9.45,Moderate
566,Human Resources,Human Resources,19,2564,1,No,Yes,0.8749,HIGH,v1,60.0,3,13,49.01,"Microsoft PowerPoint, Microsoft Excel, Microsoft Outlook, Applicant Tracking System (ATS), Oracle HRIS",Microsoft PowerPoint,Learn Microsoft PowerPoint,Presenting Data to Decision Makers,LinkedIn Learning,10,9.45,Moderate
567,Sales,Sales Executive,30,8412,9,No,No,0.0659,LOW,v1,46.7,3,7,23.12,"Speaking, Adobe Creative Cloud, Adobe Illustrator, Adobe Photoshop, Writing",Speaking,Learn Speaking,Listening and Influence at Work,LinkedIn Learning,6,6.0,Moderate
568,Sales,Manager,57,14118,1,No,No,0.1759,LOW,v1,50.0,3,14,52.12,"Microsoft PowerPoint, Microsoft Office, Monitoring, Speaking, Active Listening",Microsoft PowerPoint,Learn Microsoft PowerPoint,Presenting Data to Decision Makers,LinkedIn Learning,10,6.75,Moderate
569,Research & Development,Manager,50,17046,27,No,No,0.0241,LOW,v1,48.3,3,6,21.12,"Reading Comprehension, Active Learning, Atlassian JIRA, Google Analytics, Writing",Reading Comprehension,Learn Reading Comprehension,Business Writing for Clarity,LinkedIn Learning,8,6.0,Moderate
571,Research & Development,Laboratory Technician,30,2564,11,No,No,0.0313,LOW,v1,71.7,3,12,40.62,"Microsoft Office, SAP, Microsoft PowerPoint, Microsoft Word, MEDITECH",Microsoft Office,Learn Microsoft Office,Productivity Suite Fundamentals,Microsoft Learn,10,6.75,High
573,Sales,Sales Executive,60,10266,18,No,No,0.5654,MEDIUM,v1,46.7,3,6,24.12,"Microsoft PowerPoint, Microsoft Excel, Microsoft Outlook, Speaking, Adobe Photoshop",Microsoft PowerPoint,Learn Microsoft PowerPoint,Presenting Data to Decision Makers,LinkedIn Learning,10,7.762,Moderate
574,Research & Development,Manufacturing Director,47,5070,5,No,No,0.0176,LOW,v1,63.4,3,15,58.76,"SAP, Microsoft PowerPoint, Microsoft Excel, Microsoft Office, Monitoring",SAP,Learn SAP,Enterprise Resource Planning Essentials,SAP,24,6.75,Moderate
575,Research & Development,Research Director,46,17861,3,No,No,0.0709,LOW,v1,43.4,3,8,30.0,"Microsoft Excel, Science, Speaking, IBM SPSS Statistics, Microsoft SharePoint",Microsoft Excel,Learn Microsoft Excel,Advanced Spreadsheet Modelling,Microsoft Learn,12,6.75,Moderate
577,Research & Development,Laboratory Technician,35,4230,5,No,No,0.5881,HIGH,v1,56.7,3,7,24.12,"Microsoft Office, Active Listening, MEDITECH, Google Docs, Monitoring",Microsoft Office,Learn Microsoft Office,Productivity Suite Fundamentals,Microsoft Learn,10,9.45,Moderate
578,Research & Development,Laboratory Technician,54,3780,1,No,No,0.4915,MEDIUM,v1,66.7,3,7,22.74,"Active Listening, SAP, MEDITECH, Speaking, Electronic Medical Record (EMR)",Active Listening,Learn Active Listening,Running Effective Remote Meetings,LinkedIn Learning,6,6.244,Moderate
579,Research & Development,Research Scientist,34,2768,7,No,No,0.027,LOW,v1,65.0,3,13,50.11,"R, Microsoft Office, Writing, Science, Active Learning",R,Learn R,Statistical Programming in R,Coursera,24,6.75,Moderate
580,Sales,Sales Executive,46,9071,3,Yes,No,0.237,LOW,v1,68.3,3,8,29.25,"Microsoft PowerPoint, Salesforce, Microsoft Outlook, Adobe Creative Cloud, Adobe Illustrator",Microsoft PowerPoint,Learn Microsoft PowerPoint,Presenting Data to Decision Makers,LinkedIn Learning,10,6.75,Moderate
581,Research & Development,Manufacturing Director,31,10648,13,No,No,0.0084,LOW,v1,65.0,4,9,34.88,"Microsoft Office, Microsoft Outlook, Monitoring, Critical Thinking, Active Listening",Microsoft Office,Learn Microsoft Office,Productivity Suite Fundamentals,Microsoft Learn,10,6.75,Moderate
582,Research & Development,Manager,33,13610,7,Yes,Yes,0.6308,HIGH,v1,68.3,3,9,33.5,"Monitoring, Reading Comprehension, Active Listening, Critical Thinking, Active Learning",Monitoring,Learn Monitoring,Performance Tracking and Review,LinkedIn Learning,6,8.4,Moderate
584,Research & Development,Laboratory Technician,33,3408,4,No,Yes,0.6398,HIGH,v1,40.0,3,11,36.87,"Microsoft Office, Active Listening, MEDITECH, Google Docs, Microsoft Outlook",Microsoft Office,Learn Microsoft Office,Productivity Suite Fundamentals,Microsoft Learn,10,9.45,Moderate
585,Sales,Sales Representative,30,2983,3,No,No,0.6577,HIGH,v1,56.7,3,16,57.76,"Microsoft Excel, Salesforce, Microsoft Office, Speaking, Apple macOS",Microsoft Excel,Learn Microsoft Excel,Advanced Spreadsheet Modelling,Microsoft Learn,12,9.45,Moderate
586,Research & Development,Healthcare Representative,35,7632,8,Yes,No,0.4495,MEDIUM,v1,73.4,3,10,34.76,"Microsoft Outlook, Google Workspace, Linux, Microsoft Azure, Apache Hadoop",Microsoft Outlook,Learn Microsoft Outlook,Productivity Suite Fundamentals,Microsoft Learn,10,7.762,High
587,Research & Development,Healthcare Representative,31,9824,1,No,Yes,0.7219,HIGH,v1,46.7,3,11,41.37,"Microsoft Excel, Microsoft Office, Salesforce, Active Listening, Reading Comprehension",Microsoft Excel,Learn Microsoft Excel,Advanced Spreadsheet Modelling,Microsoft Learn,12,9.45,Moderate
590,Human Resources,Human Resources,34,9950,3,Yes,Yes,0.9523,HIGH,v1,40.0,3,10,38.75,"Microsoft PowerPoint, Microsoft Excel, Microsoft Office, Microsoft Outlook, Reading Comprehension",Microsoft PowerPoint,Learn Microsoft PowerPoint,Presenting Data to Decision Makers,LinkedIn Learning,10,9.45,Moderate
591,Research & Development,Laboratory Technician,42,2093,2,No,No,0.3518,MEDIUM,v1,63.4,3,13,43.49,"Microsoft Excel, Active Listening, SAP, Microsoft PowerPoint, Microsoft Word",Microsoft Excel,Learn Microsoft Excel,Advanced Spreadsheet Modelling,Microsoft Learn,12,7.762,Moderate
592,Sales,Sales Executive,36,9980,10,No,No,0.388,MEDIUM,v1,68.3,3,9,31.49,"Microsoft PowerPoint, Adobe Creative Cloud, Adobe InDesign, Critical Thinking, Adobe Acrobat",Microsoft PowerPoint,Learn Microsoft PowerPoint,Presenting Data to Decision Makers,LinkedIn Learning,10,7.762,Moderate
593,Research & Development,Laboratory Technician,22,3894,2,No,Yes,0.7735,HIGH,v1,58.4,3,12,41.37,"Microsoft Excel, Reading Comprehension, Active Listening, SAP, Microsoft Word",Microsoft Excel,Learn Microsoft Excel,Advanced Spreadsheet Modelling,Microsoft Learn,12,9.45,Moderate
595,Sales,Sales Executive,48,4051,9,No,No,0.2103,LOW,v1,63.3,3,10,37.49,"Microsoft PowerPoint, Microsoft Excel, Microsoft Outlook, Speaking, Adobe InDesign",Microsoft PowerPoint,Learn Microsoft PowerPoint,Presenting Data to Decision Makers,LinkedIn Learning,10,6.75,Moderate
597,Sales,Manager,55,16835,10,No,No,0.1107,LOW,v1,46.7,4,4,15.5,"Microsoft PowerPoint, Monitoring, Adobe Acrobat, Apple macOS",Microsoft PowerPoint,Learn Microsoft PowerPoint,Presenting Data to Decision Makers,LinkedIn Learning,10,6.75,Moderate
599,Sales,Sales Executive,41,6230,14,No,No,0.0836,LOW,v1,86.7,3,9,31.62,"Salesforce, Microsoft Outlook, Adobe Creative Cloud, Adobe Acrobat, Adobe Photoshop",Salesforce,Learn Salesforce,Managing the Customer Pipeline,Trailhead,16,6.75,High
600,Sales,Sales Executive,35,4717,11,No,No,0.5751,MEDIUM,v1,60.0,3,12,45.37,"Microsoft PowerPoint, Microsoft Excel, Microsoft Office, Microsoft Outlook, Speaking",Microsoft PowerPoint,Learn Microsoft PowerPoint,Presenting Data to Decision Makers,LinkedIn Learning,10,7.762,Moderate
601,Research & Development,Manufacturing Director,40,13237,20,No,No,0.4545,MEDIUM,v1,60.0,3,10,37.51,"Microsoft Outlook, Monitoring, Reading Comprehension, Active Listening, Learning Strategies",Microsoft Outlook,Learn Microsoft Outlook,Productivity Suite Fundamentals,Microsoft Learn,10,7.762,Moderate
602,Research & Development,Laboratory Technician,39,3755,8,No,No,0.2403,LOW,v1,60.0,3,10,32.99,"Reading Comprehension, Active Listening, SAP, Google Docs, Microsoft Outlook",Reading Comprehension,Learn Reading Comprehension,Business Writing for Clarity,LinkedIn Learning,8,5.625,Moderate
604,Sales,Sales Executive,31,6582,6,Yes,No,0.5636,MEDIUM,v1,75.0,3,11,39.87,"Microsoft PowerPoint, Microsoft Excel, Microsoft Outlook, Speaking, Adobe Creative Cloud",Microsoft PowerPoint,Learn Microsoft PowerPoint,Presenting Data to Decision Makers,LinkedIn Learning,10,7.762,High
605,Research & Development,Manufacturing Director,42,7406,10,Yes,No,0.5061,MEDIUM,v1,51.7,4,8,30.63,"Microsoft PowerPoint, Microsoft Excel, Critical Thinking, Learning Strategies, Adobe After Effects",Microsoft PowerPoint,Learn Microsoft PowerPoint,Presenting Data to Decision Makers,LinkedIn Learning,10,7.762,Moderate
606,Sales,Sales Executive,45,4805,8,No,No,0.0131,LOW,v1,65.0,3,14,51.12,"Microsoft PowerPoint, Microsoft Excel, Microsoft Office, Microsoft Outlook, Speaking",Microsoft PowerPoint,Learn Microsoft PowerPoint,Presenting Data to Decision Makers,LinkedIn Learning,10,6.75,Moderate
608,Human Resources,Human Resources,26,2741,7,Yes,Yes,0.7398,HIGH,v1,51.7,3,13,49.25,"Microsoft Excel, Workday, Microsoft Outlook, Speaking, Reading Comprehension",Microsoft Excel,Learn Microsoft Excel,Advanced Spreadsheet Modelling,Microsoft Learn,12,9.45,Moderate
611,Research & Development,Manufacturing Director,29,4262,3,No,No,0.1809,LOW,v1,85.0,3,10,39.63,"Microsoft PowerPoint, Microsoft Office, Microsoft Outlook, Monitoring, Speaking",Microsoft PowerPoint,Learn Microsoft PowerPoint,Presenting Data to Decision Makers,LinkedIn Learning,10,6.75,High
612,Research & Development,Research Director,33,16184,6,No,No,0.0205,LOW,v1,61.7,3,7,27.5,"Microsoft PowerPoint, Microsoft Office, Monitoring, Critical Thinking, ESRI ArcGIS",Microsoft PowerPoint,Learn Microsoft PowerPoint,Presenting Data to Decision Makers,LinkedIn Learning,10,6.75,Moderate
613,Sales,Manager,31,11557,5,No,No,0.3376,LOW,v1,63.3,4,14,52.5,"Microsoft PowerPoint, Microsoft Office, Monitoring, Reading Comprehension, Speaking",Microsoft PowerPoint,Learn Microsoft PowerPoint,Presenting Data to Decision Makers,LinkedIn Learning,10,6.75,Moderate
614,Sales,Sales Representative,18,1878,0,Yes,Yes,0.9909,HIGH,v1,53.3,3,9,31.62,"Microsoft Office, Speaking, Reading Comprehension, IBM SPSS Statistics, Microsoft PowerPoint",Microsoft Office,Learn Microsoft Office,Productivity Suite Fundamentals,Microsoft Learn,10,9.45,Moderate
615,Sales,Sales Executive,40,10932,1,No,No,0.0769,LOW,v1,30.0,3,7,24.12,"Salesforce, Speaking, Adobe Acrobat, Adobe Illustrator, Writing",Salesforce,Learn Salesforce,Managing the Customer Pipeline,Trailhead,16,6.75,Low
616,Research & Development,Healthcare Representative,41,6811,8,Yes,No,0.1489,LOW,v1,38.3,3,9,31.26,"Salesforce, Linux, Microsoft Azure, Apache Hadoop, Amazon Web Services (AWS)",Salesforce,Learn Salesforce,Managing the Customer Pipeline,Trailhead,16,6.75,Low
618,Sales,Sales Executive,26,4306,0,No,No,0.7402,HIGH,v1,46.7,3,8,31.25,"Microsoft PowerPoint, Microsoft Office, Salesforce, Microsoft Outlook, Speaking",Microsoft PowerPoint,Learn Microsoft PowerPoint,Presenting Data to Decision Makers,LinkedIn Learning,10,9.45,Moderate
620,Sales,Sales Executive,35,4859,5,No,No,0.3243,LOW,v1,56.7,3,11,39.25,"Salesforce, Microsoft Outlook, Speaking, Adobe Creative Cloud, Adobe InDesign",Salesforce,Learn Salesforce,Managing the Customer Pipeline,Trailhead,16,6.75,Moderate
621,Sales,Sales Executive,34,5337,10,No,No,0.1896,LOW,v1,95.0,3,9,32.0,"Microsoft PowerPoint, Speaking, Active Listening, Adobe InDesign, Critical Thinking",Microsoft PowerPoint,Learn Microsoft PowerPoint,Presenting Data to Decision Makers,LinkedIn Learning,10,6.75,High
622,Research & Development,Laboratory Technician,26,2340,1,Yes,Yes,0.9958,HIGH,v1,46.7,3,13,44.99,"Microsoft Excel, Microsoft Office, Reading Comprehension, Active Listening, Microsoft Word",Microsoft Excel,Learn Microsoft Excel,Advanced Spreadsheet Modelling,Microsoft Learn,12,9.45,Moderate
623,Research & Development,Manufacturing Director,37,7491,6,No,No,0.1609,LOW,v1,78.3,3,9,35.64,"SAP, Microsoft Office, Microsoft Outlook, Speaking, Reading Comprehension",SAP,Learn SAP,Enterprise Resource Planning Essentials,SAP,24,6.75,High
624,Research & Development,Healthcare Representative,46,10527,2,No,No,0.0957,LOW,v1,51.7,3,7,25.51,"Salesforce, Speaking, Linux, Apache Hadoop, Microsoft Access",Salesforce,Learn Salesforce,Managing the Customer Pipeline,Trailhead,16,6.75,Moderate
625,Sales,Manager,41,16595,18,No,No,0.4668,MEDIUM,v1,36.7,3,9,32.62,"Monitoring, Speaking, Active Learning, Apple macOS, Atlassian JIRA",Monitoring,Learn Monitoring,Performance Tracking and Review,LinkedIn Learning,6,6.9,Low
626,Sales,Sales Executive,37,8834,9,No,No,0.1859,LOW,v1,46.7,3,7,25.0,"Microsoft Excel, Adobe Creative Cloud, Critical Thinking, Adobe Acrobat, Adobe Photoshop",Microsoft Excel,Learn Microsoft Excel,Advanced Spreadsheet Modelling,Microsoft Learn,12,6.75,Moderate
630,Research & Development,Research Scientist,52,5577,10,Yes,No,0.27,LOW,v1,50.0,3,12,45.98,"Microsoft Excel, Science, Speaking, Active Learning, Critical Thinking",Microsoft Excel,Learn Microsoft Excel,Advanced Spreadsheet Modelling,Microsoft Learn,12,6.75,Moderate
631,Sales,Sales Executive,32,4707,4,No,Yes,0.071,LOW,v1,85.0,3,10,37.0,"Microsoft Excel, Salesforce, Microsoft Outlook, Speaking, Critical Thinking",Microsoft Excel,Learn Microsoft Excel,Advanced Spreadsheet Modelling,Microsoft Learn,12,6.75,High
632,Sales,Sales Representative,24,2400,2,No,No,0.6209,HIGH,v1,83.4,3,13,47.26,"Microsoft Excel, Salesforce, Speaking, Active Listening, Reading Comprehension",Microsoft Excel,Learn Microsoft Excel,Advanced Spreadsheet Modelling,Microsoft Learn,12,9.45,High
634,Research & Development,Healthcare Representative,38,9824,1,No,No,0.0128,LOW,v1,66.7,3,12,44.5,"Microsoft Office, Salesforce, Speaking, Reading Comprehension, Google Workspace",Microsoft Office,Learn Microsoft Office,Productivity Suite Fundamentals,Microsoft Learn,10,6.75,Moderate
635,Research & Development,Manufacturing Director,37,6447,6,No,No,0.4103,MEDIUM,v1,41.6,3,12,45.01,"Microsoft Excel, Microsoft Outlook, Reading Comprehension, Active Listening, Learning Strategies",Microsoft Excel,Learn Microsoft Excel,Advanced Spreadsheet Modelling,Microsoft Learn,12,7.762,Moderate
638,Research & Development,Research Director,49,19502,31,Yes,No,0.0043,LOW,v1,65.0,3,5,19.0,"Microsoft PowerPoint, Reading Comprehension, Active Learning, Microsoft Access, Microsoft Project",Microsoft PowerPoint,Learn Microsoft PowerPoint,Presenting Data to Decision Makers,LinkedIn Learning,10,6.75,Moderate
639,Research & Development,Research Scientist,24,2725,6,Yes,No,0.4163,MEDIUM,v1,75.0,3,15,58.11,"Microsoft Excel, R, Writing, Science, Active Learning",Microsoft Excel,Learn Microsoft Excel,Advanced Spreadsheet Modelling,Microsoft Learn,12,7.762,High
641,Sales,Sales Executive,26,6272,5,No,No,0.3866,MEDIUM,v1,51.7,4,10,36.5,"Microsoft PowerPoint, Microsoft Excel, Microsoft Outlook, Speaking, Critical Thinking",Microsoft PowerPoint,Learn Microsoft PowerPoint,Presenting Data to Decision Makers,LinkedIn Learning,10,7.762,Moderate
643,Research & Development,Laboratory Technician,24,2127,1,No,No,0.6043,HIGH,v1,58.3,4,11,36.62,"Microsoft Excel, Reading Comprehension, Microsoft Word, Microsoft Outlook, Critical Thinking",Microsoft Excel,Learn Microsoft Excel,Advanced Spreadsheet Modelling,Microsoft Learn,12,9.45,Moderate
644,Human Resources,Manager,50,18200,32,No,No,0.1239,LOW,v1,43.3,3,12,44.0,"Microsoft Excel, Monitoring, Reading Comprehension, Critical Thinking, Active Learning",Microsoft Excel,Learn Microsoft Excel,Advanced Spreadsheet Modelling,Microsoft Learn,12,6.75,Moderate
645,Sales,Sales Representative,25,2096,7,No,No,0.5819,HIGH,v1,60.0,3,13,47.76,"Microsoft Excel, Microsoft Office, Speaking, Active Listening, Reading Comprehension",Microsoft Excel,Learn Microsoft Excel,Advanced Spreadsheet Modelling,Microsoft Learn,12,9.45,Moderate
647,Research & Development,Laboratory Technician,24,2886,6,Yes,Yes,0.7613,HIGH,v1,56.7,3,11,39.87,"Microsoft Excel, Microsoft Office, Reading Comprehension, Active Listening, SAP",Microsoft Excel,Learn Microsoft Excel,Advanced Spreadsheet Modelling,Microsoft Learn,12,9.45,Moderate
648,Sales,Sales Representative,30,2033,1,No,Yes,0.9384,HIGH,v1,36.7,3,11,41.38,"Microsoft Excel, Microsoft Office, Salesforce, Speaking, Active Listening",Microsoft Excel,Learn Microsoft Excel,Advanced Spreadsheet Modelling,Microsoft Learn,12,9.45,Low
649,Research & Development,Research Scientist,34,3622,6,Yes,No,0.2784,LOW,v1,65.0,3,13,51.23,"R, Microsoft Office, Writing, Science, Speaking",R,Learn R,Statistical Programming in R,Coursera,24,6.75,Moderate
650,Sales,Sales Executive,31,4233,3,No,Yes,0.5298,MEDIUM,v1,30.0,3,8,26.5,"Active Listening, Adobe Creative Cloud, Critical Thinking, Adobe Acrobat, Reading Comprehension",Active Listening,Learn Active Listening,Running Effective Remote Meetings,LinkedIn Learning,6,6.9,Low
652,Research & Development,Laboratory Technician,35,3681,3,No,No,0.7507,HIGH,v1,58.3,3,10,32.87,"Reading Comprehension, Microsoft PowerPoint, Microsoft Word, MEDITECH, Google Docs",Reading Comprehension,Learn Reading Comprehension,Business Writing for Clarity,LinkedIn Learning,8,7.875,Moderate
653,Sales,Sales Executive,31,5460,7,No,No,0.0567,LOW,v1,80.0,4,11,38.37,"Microsoft PowerPoint, Speaking, Active Listening, Adobe Creative Cloud, Adobe InDesign",Microsoft PowerPoint,Learn Microsoft PowerPoint,Presenting Data to Decision Makers,LinkedIn Learning,10,6.75,High
655,Research & Development,Research Scientist,27,2187,5,No,No,0.0621,LOW,v1,40.0,3,8,30.99,"Microsoft Office, Writing, Speaking, Active Listening, Mathematics",Microsoft Office,Learn Microsoft Office,Productivity Suite Fundamentals,Microsoft Learn,10,6.75,Moderate
656,Sales,Sales Executive,37,9602,3,Yes,No,0.6063,HIGH,v1,68.4,3,12,43.0,"Microsoft Office, Microsoft Outlook, Speaking, Active Listening, Adobe Creative Cloud",Microsoft Office,Learn Microsoft Office,Productivity Suite Fundamentals,Microsoft Learn,10,9.45,Moderate
657,Research & Development,Research Scientist,20,2836,1,No,No,0.3518,MEDIUM,v1,63.3,3,9,35.74,"Microsoft Excel, Microsoft Office, Active Learning, Critical Thinking, Reading Comprehension",Microsoft Excel,Learn Microsoft Excel,Advanced Spreadsheet Modelling,Microsoft Learn,12,7.762,Moderate
659,Research & Development,Healthcare Representative,42,4089,10,No,No,0.0195,LOW,v1,73.4,3,13,46.63,"Microsoft Office, Speaking, Active Listening, Google Workspace, Microsoft Azure",Microsoft Office,Learn Microsoft Office,Productivity Suite Fundamentals,Microsoft Learn,10,6.75,High
661,Research & Development,Research Director,43,16627,1,Yes,No,0.0749,LOW,v1,56.6,3,7,26.76,"Microsoft PowerPoint, Critical Thinking, Speaking, Writing, Active Learning",Microsoft PowerPoint,Learn Microsoft PowerPoint,Presenting Data to Decision Makers,LinkedIn Learning,10,6.75,Moderate
662,Research & Development,Research Scientist,38,2619,0,No,No,0.2766,LOW,v1,45.0,3,9,35.87,"Microsoft Excel, R, Writing, Speaking, Critical Thinking",Microsoft Excel,Learn Microsoft Excel,Advanced Spreadsheet Modelling,Microsoft Learn,12,6.75,Moderate
663,Research & Development,Laboratory Technician,43,5679,8,Yes,No,0.6568,HIGH,v1,70.0,3,11,36.87,"Microsoft Excel, Microsoft Word, MEDITECH, Google Docs, Microsoft Outlook",Microsoft Excel,Learn Microsoft Excel,Advanced Spreadsheet Modelling,Microsoft Learn,12,9.45,High
664,Research & Development,Manager,48,15402,3,No,No,0.1562,LOW,v1,28.3,3,3,11.0,"Microsoft Office, Atlassian Confluence, Learning Strategies",Microsoft Office,Learn Microsoft Office,Productivity Suite Fundamentals,Microsoft Learn,10,6.75,Low
665,Human Resources,Human Resources,44,5985,2,No,No,0.3405,LOW,v1,46.7,3,15,57.63,"Microsoft PowerPoint, Microsoft Excel, Workday, Microsoft Outlook, Oracle HRIS",Microsoft PowerPoint,Learn Microsoft PowerPoint,Presenting Data to Decision Makers,LinkedIn Learning,10,6.75,Moderate
666,Sales,Sales Representative,34,2579,8,Yes,No,0.5156,MEDIUM,v1,70.0,3,14,51.26,"Microsoft Excel, Microsoft Office, Salesforce, Speaking, Active Listening",Microsoft Excel,Learn Microsoft Excel,Advanced Spreadsheet Modelling,Microsoft Learn,12,7.762,High
667,Sales,Sales Representative,27,3041,4,No,Yes,0.3047,LOW,v1,43.4,3,16,58.26,"Microsoft Excel, Salesforce, Microsoft Office, Active Listening, Speaking",Microsoft Excel,Learn Microsoft Excel,Advanced Spreadsheet Modelling,Microsoft Learn,12,6.75,Moderate
669,Sales,Sales Representative,21,3447,3,No,No,0.8714,HIGH,v1,66.7,3,11,38.62,"Microsoft Office, Speaking, Reading Comprehension, Microsoft PowerPoint, Apple macOS",Microsoft Office,Learn Microsoft Office,Productivity Suite Fundamentals,Microsoft Learn,10,9.45,Moderate
671,Research & Development,Manager,44,19513,2,Yes,No,0.0533,LOW,v1,81.7,3,9,35.38,"Microsoft PowerPoint, Microsoft Office, Monitoring, Speaking, Active Listening",Microsoft PowerPoint,Learn Microsoft PowerPoint,Presenting Data to Decision Makers,LinkedIn Learning,10,6.75,High
675,Research & Development,Research Scientist,22,2773,2,No,No,0.1642,LOW,v1,56.7,4,13,49.61,"Microsoft Excel, Writing, Science, Active Learning, Critical Thinking",Microsoft Excel,Learn Microsoft Excel,Advanced Spreadsheet Modelling,Microsoft Learn,12,6.75,Moderate
677,Sales,Sales Executive,33,7104,5,No,No,0.1129,LOW,v1,70.0,3,10,35.87,"Microsoft Excel, Microsoft Office, Speaking, Adobe Creative Cloud, Adobe InDesign",Microsoft Excel,Learn Microsoft Excel,Advanced Spreadsheet Modelling,Microsoft Learn,12,6.75,High
679,Research & Development,Research Scientist,32,6322,6,Yes,No,0.3409,LOW,v1,61.7,3,11,43.48,"R, Microsoft Office, Science, Speaking, Active Learning",R,Learn R,Statistical Programming in R,Coursera,24,6.75,Moderate
680,Research & Development,Research Scientist,30,2083,1,No,No,0.3398,LOW,v1,66.7,4,15,58.98,"Microsoft Excel, R, Microsoft Office, Science, Speaking",Microsoft Excel,Learn Microsoft Excel,Advanced Spreadsheet Modelling,Microsoft Learn,12,6.75,Moderate
682,Sales,Sales Executive,53,8381,14,No,No,0.3535,MEDIUM,v1,61.7,4,14,51.99,"Microsoft Excel, Microsoft Office, Salesforce, Microsoft Outlook, Speaking",Microsoft Excel,Learn Microsoft Excel,Advanced Spreadsheet Modelling,Microsoft Learn,12,7.762,Moderate
683,Research & Development,Research Scientist,34,2691,10,No,No,0.0437,LOW,v1,68.3,3,12,45.98,"Microsoft Excel, Microsoft Office, Science, Speaking, Active Learning",Microsoft Excel,Learn Microsoft Excel,Advanced Spreadsheet Modelling,Microsoft Learn,12,6.75,Moderate
684,Sales,Sales Executive,45,4286,1,No,Yes,0.7607,HIGH,v1,36.7,3,13,49.12,"Microsoft PowerPoint, Microsoft Excel, Microsoft Office, Salesforce, Microsoft Outlook",Microsoft PowerPoint,Learn Microsoft PowerPoint,Presenting Data to Decision Makers,LinkedIn Learning,10,9.45,Low
686,Research & Development,Laboratory Technician,26,2659,3,Yes,No,0.4922,MEDIUM,v1,76.7,3,15,51.74,"Microsoft Excel, Microsoft Office, Reading Comprehension, Active Listening, Microsoft Word",Microsoft Excel,Learn Microsoft Excel,Advanced Spreadsheet Modelling,Microsoft Learn,12,7.762,High
689,Research & Development,Manufacturing Director,37,9434,10,No,No,0.0844,LOW,v1,66.7,3,10,38.5,"Microsoft PowerPoint, Microsoft Excel, Microsoft Office, Speaking, Active Learning",Microsoft PowerPoint,Learn Microsoft PowerPoint,Presenting Data to Decision Makers,LinkedIn Learning,10,6.75,Moderate
690,Sales,Sales Executive,29,5561,6,No,No,0.3153,LOW,v1,48.3,3,8,27.75,"Microsoft Office, Speaking, Adobe Creative Cloud, Adobe InDesign, Adobe Illustrator",Microsoft Office,Learn Microsoft Office,Productivity Suite Fundamentals,Microsoft Learn,10,6.75,Moderate
691,Research & Development,Research Scientist,35,6646,17,No,No,0.3508,MEDIUM,v1,50.0,3,8,30.62,"Microsoft Excel, Speaking, Critical Thinking, Active Listening, MATLAB",Microsoft Excel,Learn Microsoft Excel,Advanced Spreadsheet Modelling,Microsoft Learn,12,7.762,Moderate
692,Research & Development,Healthcare Representative,33,7725,13,No,No,0.0596,LOW,v1,66.7,4,13,49.13,"Microsoft Excel, Microsoft Office, Salesforce, Speaking, Active Listening",Microsoft Excel,Learn Microsoft Excel,Advanced Spreadsheet Modelling,Microsoft Learn,12,6.75,Moderate
698,Human Resources,Human Resources,54,10725,9,No,No,0.3564,MEDIUM,v1,61.7,3,12,46.13,"Workday, Microsoft Office, Microsoft Outlook, Applicant Tracking System (ATS), Oracle HRIS",Workday,Learn Microsoft Office,Productivity Suite Fundamentals,Microsoft Learn,10,7.762,Moderate
699,Research & Development,Manufacturing Director,36,8847,3,Yes,No,0.4073,MEDIUM,v1,41.6,3,12,47.26,"SAP, Microsoft PowerPoint, Microsoft Outlook, Monitoring, Critical Thinking",SAP,Learn SAP,Enterprise Resource Planning Essentials,SAP,24,7.762,Moderate
700,Research & Development,Research Scientist,27,2045,4,No,No,0.3619,MEDIUM,v1,58.3,3,9,35.99,"Microsoft Excel, R, Writing, Active Learning, Critical Thinking",Microsoft Excel,Learn Microsoft Excel,Advanced Spreadsheet Modelling,Microsoft Learn,12,7.762,Moderate
701,Research & Development,Research Scientist,20,1009,1,Yes,Yes,0.6084,HIGH,v1,76.7,3,13,50.61,"Microsoft Excel, R, Writing, Science, Active Learning",Microsoft Excel,Learn Microsoft Excel,Advanced Spreadsheet Modelling,Microsoft Learn,12,9.45,High
702,Research & Development,Research Scientist,33,3348,10,Yes,Yes,0.9372,HIGH,v1,26.7,3,12,46.61,"R, Microsoft Office, Writing, Speaking, Active Learning",R,Learn R,Statistical Programming in R,Coursera,24,9.45,Low
704,Research & Development,Laboratory Technician,35,1281,1,No,No,0.2337,LOW,v1,58.4,3,13,44.62,"Microsoft Excel, Microsoft Office, Reading Comprehension, SAP, Microsoft PowerPoint",Microsoft Excel,Learn Microsoft Excel,Advanced Spreadsheet Modelling,Microsoft Learn,12,6.75,Moderate
705,Research & Development,Research Scientist,23,2819,3,No,No,0.2384,LOW,v1,40.0,3,9,34.62,"Microsoft Office, Science, Critical Thinking, Reading Comprehension, Active Listening",Microsoft Office,Learn Microsoft Office,Productivity Suite Fundamentals,Microsoft Learn,10,6.75,Moderate
707,Sales,Sales Executive,25,4851,3,No,No,0.0865,LOW,v1,71.7,4,12,42.12,"Microsoft PowerPoint, Microsoft Outlook, Speaking, Adobe Creative Cloud, Adobe InDesign",Microsoft PowerPoint,Learn Microsoft PowerPoint,Presenting Data to Decision Makers,LinkedIn Learning,10,6.75,High
709,Sales,Sales Executive,38,4028,7,No,No,0.1274,LOW,v1,68.3,4,10,35.12,"Microsoft Excel, Speaking, Active Listening, Critical Thinking, Adobe Acrobat",Microsoft Excel,Learn Microsoft Excel,Advanced Spreadsheet Modelling,Microsoft Learn,12,6.75,Moderate
710,Research & Development,Research Scientist,29,2720,10,No,No,0.0403,LOW,v1,56.7,3,10,38.74,"R, Microsoft Office, Active Learning, Critical Thinking, Active Listening",R,Learn R,Statistical Programming in R,Coursera,24,6.75,Moderate
712,Sales,Sales Executive,48,8120,2,No,No,0.1069,LOW,v1,61.7,3,11,40.99,"Microsoft PowerPoint, Microsoft Excel, Microsoft Outlook, Speaking, Adobe Creative Cloud",Microsoft PowerPoint,Learn Microsoft PowerPoint,Presenting Data to Decision Makers,LinkedIn Learning,10,6.75,Moderate
714,Sales,Sales Executive,27,4647,6,Yes,No,0.167,LOW,v1,88.3,4,10,33.62,"Active Listening, Adobe Creative Cloud, Adobe InDesign, Critical Thinking, Adobe Acrobat",Active Listening,Learn Active Listening,Running Effective Remote Meetings,LinkedIn Learning,6,6.0,High
715,Research & Development,Research Scientist,37,4680,1,No,No,0.1312,LOW,v1,85.0,3,15,57.73,"Microsoft Office, Writing, Science, Speaking, Active Learning",Microsoft Office,Learn Microsoft Office,Productivity Suite Fundamentals,Microsoft Learn,10,6.75,High
716,Research & Development,Laboratory Technician,50,3221,20,Yes,No,0.0898,LOW,v1,81.7,3,11,37.37,"Microsoft Excel, Active Listening, Microsoft PowerPoint, Microsoft Word, Google Docs",Microsoft Excel,Learn Microsoft Excel,Advanced Spreadsheet Modelling,Microsoft Learn,12,6.75,High
717,Research & Development,Healthcare Representative,34,8621,8,No,No,0.1594,LOW,v1,56.6,3,11,39.25,"Microsoft Excel, Active Listening, Reading Comprehension, Google Workspace, Linux",Microsoft Excel,Learn Microsoft Excel,Advanced Spreadsheet Modelling,Microsoft Learn,12,6.75,Moderate
720,Sales,Sales Executive,24,4577,2,No,Yes,0.9213,HIGH,v1,46.7,3,12,42.37,"Microsoft PowerPoint, Microsoft Excel, Active Listening, Adobe Creative Cloud, Adobe InDesign",Microsoft PowerPoint,Learn Microsoft PowerPoint,Presenting Data to Decision Makers,LinkedIn Learning,10,9.45,Moderate
721,Research & Development,Healthcare Representative,39,4553,20,No,No,0.2062,LOW,v1,58.3,3,10,37.88,"Microsoft Excel, Microsoft Outlook, Speaking, Active Listening, Reading Comprehension",Microsoft Excel,Learn Microsoft Excel,Advanced Spreadsheet Modelling,Microsoft Learn,12,6.75,Moderate
722,Sales,Sales Executive,32,5396,10,No,No,0.1386,LOW,v1,81.7,3,12,42.5,"Microsoft Excel, Salesforce, Active Listening, Adobe InDesign, Critical Thinking",Microsoft Excel,Learn Microsoft Excel,Advanced Spreadsheet Modelling,Microsoft Learn,12,6.75,High
723,Sales,Sales Executive,50,6796,4,Yes,Yes,0.7533,HIGH,v1,53.4,3,9,31.5,"Microsoft Excel, Speaking, Active Listening, Adobe Acrobat, Adobe Photoshop",Microsoft Excel,Learn Microsoft Excel,Advanced Spreadsheet Modelling,Microsoft Learn,12,9.45,Moderate
724,Research & Development,Healthcare Representative,38,7625,9,No,No,0.0081,LOW,v1,73.3,3,13,49.01,"Microsoft Excel, Microsoft Office, Microsoft Outlook, Speaking, Active Listening",Microsoft Excel,Learn Microsoft Excel,Advanced Spreadsheet Modelling,Microsoft Learn,12,6.75,High
725,Research & Development,Manufacturing Director,27,7412,9,No,No,0.0687,LOW,v1,50.0,3,10,39.63,"Microsoft Excel, Microsoft Office, Microsoft Outlook, Monitoring, Reading Comprehension",Microsoft Excel,Learn Microsoft Excel,Advanced Spreadsheet Modelling,Microsoft Learn,12,6.75,Moderate
727,Research & Development,Research Director,32,11159,7,No,No,0.0202,LOW,v1,80.0,3,13,49.38,"Microsoft PowerPoint, Microsoft Excel, Critical Thinking, Reading Comprehension, Active Listening",Microsoft PowerPoint,Learn Microsoft PowerPoint,Presenting Data to Decision Makers,LinkedIn Learning,10,6.75,High
728,Sales,Sales Executive,47,4960,7,No,No,0.1157,LOW,v1,56.7,3,6,22.62,"Microsoft Excel, Microsoft Office, Adobe InDesign, Adobe Acrobat, Adobe Illustrator",Microsoft Excel,Learn Microsoft Excel,Advanced Spreadsheet Modelling,Microsoft Learn,12,6.75,Moderate
729,Sales,Sales Executive,40,10475,18,Yes,No,0.7333,HIGH,v1,45.0,4,9,32.75,"Microsoft PowerPoint, Microsoft Excel, Speaking, Active Listening, Adobe Acrobat",Microsoft PowerPoint,Learn Microsoft PowerPoint,Presenting Data to Decision Makers,LinkedIn Learning,10,9.45,Moderate
730,Research & Development,Research Director,53,14814,5,No,No,0.0022,LOW,v1,75.0,3,6,24.0,"Microsoft PowerPoint, Microsoft Excel, Monitoring, Critical Thinking, Microsoft SharePoint",Microsoft PowerPoint,Learn Microsoft PowerPoint,Presenting Data to Decision Makers,LinkedIn Learning,10,6.75,High
731,Human Resources,Manager,41,19141,21,No,No,0.6541,HIGH,v1,53.3,3,7,24.12,"Active Learning, Atlassian JIRA, Atlassian Confluence, Google Analytics, Writing",Active Learning,Learn Active Learning,Learning How to Learn,Coursera,8,7.602,Moderate
732,Sales,Sales Executive,60,5405,2,No,No,0.7031,HIGH,v1,36.7,3,10,37.37,"Microsoft PowerPoint, Microsoft Excel, Microsoft Outlook, Speaking, Active Listening",Microsoft PowerPoint,Learn Microsoft PowerPoint,Presenting Data to Decision Makers,LinkedIn Learning,10,9.45,Low
733,Research & Development,Manufacturing Director,27,8793,9,No,No,0.1408,LOW,v1,48.3,4,9,34.63,"SAP, Microsoft Office, Monitoring, Active Listening, Learning Strategies",SAP,Learn SAP,Enterprise Resource Planning Essentials,SAP,24,6.75,Moderate
734,Human Resources,Manager,41,19189,22,No,No,0.0971,LOW,v1,61.7,3,6,23.5,"Microsoft Excel, Microsoft Office, Speaking, Atlassian Confluence, Adobe Acrobat",Microsoft Excel,Learn Microsoft Excel,Advanced Spreadsheet Modelling,Microsoft Learn,12,6.75,Moderate
738,Sales,Sales Representative,50,3875,2,No,No,0.3691,MEDIUM,v1,66.7,3,14,50.64,"Microsoft Office, Salesforce, Speaking, Active Listening, Reading Comprehension",Microsoft Office,Learn Microsoft Office,Productivity Suite Fundamentals,Microsoft Learn,10,7.762,Moderate
741,Research & Development,Research Scientist,28,2216,7,Yes,Yes,0.8062,HIGH,v1,30.0,3,13,49.48,"Microsoft Excel, Science, Speaking, Active Learning, Reading Comprehension",Microsoft Excel,Learn Microsoft Excel,Advanced Spreadsheet Modelling,Microsoft Learn,12,9.45,Low
742,Research & Development,Research Director,36,11713,8,No,No,0.0635,LOW,v1,35.0,3,10,38.5,"Microsoft PowerPoint, Microsoft Office, Science, Critical Thinking, Writing",Microsoft PowerPoint,Learn Microsoft PowerPoint,Presenting Data to Decision Makers,LinkedIn Learning,10,6.75,Low
743,Research & Development,Manufacturing Director,38,7861,1,Yes,No,0.4684,MEDIUM,v1,75.0,3,12,47.01,"SAP, Microsoft PowerPoint, Microsoft Excel, Microsoft Outlook, Speaking",SAP,Learn SAP,Enterprise Resource Planning Essentials,SAP,24,7.762,High
744,Research & Development,Laboratory Technician,44,3708,5,No,No,0.4999,MEDIUM,v1,36.7,3,13,44.0,"Microsoft Excel, Reading Comprehension, SAP, Microsoft Word, MEDITECH",Microsoft Excel,Learn Microsoft Excel,Advanced Spreadsheet Modelling,Microsoft Learn,12,7.762,Low
746,Sales,Sales Executive,47,13770,22,Yes,No,0.8811,HIGH,v1,71.7,3,9,32.12,"Salesforce, Microsoft Outlook, Active Listening, Adobe Acrobat, Adobe Photoshop",Salesforce,Learn Salesforce,Managing the Customer Pipeline,Trailhead,16,9.45,High
747,Sales,Sales Executive,30,5304,8,No,No,0.5312,MEDIUM,v1,75.0,4,8,30.25,"Microsoft PowerPoint, Microsoft Excel, Speaking, Adobe InDesign, Critical Thinking",Microsoft PowerPoint,Learn Microsoft PowerPoint,Presenting Data to Decision Makers,LinkedIn Learning,10,7.762,High
749,Sales,Sales Representative,29,2642,1,No,No,0.6926,HIGH,v1,66.7,3,11,39.9,"Salesforce, Speaking, Active Listening, Microsoft PowerPoint, Apple macOS",Salesforce,Learn Salesforce,Managing the Customer Pipeline,Trailhead,16,9.45,Moderate
752,Research & Development,Research Scientist,42,2759,2,Yes,Yes,0.5097,MEDIUM,v1,78.4,3,13,50.61,"Microsoft Office, Writing, Science, Speaking, Active Learning",Microsoft Office,Learn Microsoft Office,Productivity Suite Fundamentals,Microsoft Learn,10,7.762,High
754,Sales,Sales Executive,43,6804,2,No,No,0.1528,LOW,v1,75.0,3,11,40.12,"Microsoft PowerPoint, Microsoft Excel, Salesforce, Speaking, Adobe Creative Cloud",Microsoft PowerPoint,Learn Microsoft PowerPoint,Presenting Data to Decision Makers,LinkedIn Learning,10,6.75,High
757,Research & Development,Healthcare Representative,34,6142,5,No,No,0.2017,LOW,v1,63.4,3,8,28.63,"Microsoft Outlook, Speaking, Google Workspace, Microsoft Azure, Microsoft Access",Microsoft Outlook,Learn Microsoft Outlook,Productivity Suite Fundamentals,Microsoft Learn,10,6.75,Moderate
758,Research & Development,Laboratory Technician,23,2500,4,No,No,0.4669,MEDIUM,v1,48.3,3,10,33.75,"Microsoft Office, Reading Comprehension, SAP, Microsoft Word, Microsoft Outlook",Microsoft Office,Learn Microsoft Office,Productivity Suite Fundamentals,Microsoft Learn,10,7.762,Moderate
760,Human Resources,Human Resources,39,6389,8,No,No,0.5607,MEDIUM,v1,55.0,3,9,34.38,"Microsoft Excel, Speaking, Oracle HRIS, Active Listening, Writing",Microsoft Excel,Learn Microsoft Excel,Advanced Spreadsheet Modelling,Microsoft Learn,12,7.762,Moderate
762,Research & Development,Healthcare Representative,56,11103,10,No,No,0.0917,LOW,v1,71.7,3,10,35.51,"Microsoft Excel, Speaking, Google Workspace, Microsoft Azure, Apache Hadoop",Microsoft Excel,Learn Microsoft Excel,Advanced Spreadsheet Modelling,Microsoft Learn,12,6.75,High
763,Research & Development,Research Scientist,40,2342,4,Yes,No,0.2233,LOW,v1,73.3,4,10,39.87,"Microsoft Excel, R, Writing, Active Learning, Critical Thinking",Microsoft Excel,Learn Microsoft Excel,Advanced Spreadsheet Modelling,Microsoft Learn,12,6.75,High
764,Research & Development,Healthcare Representative,27,6811,7,No,No,0.4191,MEDIUM,v1,28.3,3,11,40.99,"Microsoft Office, Microsoft Outlook, Active Listening, Reading Comprehension, Linux",Microsoft Office,Learn Microsoft Office,Productivity Suite Fundamentals,Microsoft Learn,10,7.762,Low
766,Sales,Sales Representative,29,2297,2,No,No,0.2537,LOW,v1,66.7,3,13,47.76,"Microsoft Excel, Microsoft Office, Salesforce, Speaking, IBM SPSS Statistics",Microsoft Excel,Learn Microsoft Excel,Advanced Spreadsheet Modelling,Microsoft Learn,12,6.75,Moderate
769,Research & Development,Laboratory Technician,53,2450,2,No,No,0.0367,LOW,v1,86.7,3,7,24.12,"Microsoft Office, Active Listening, SAP, Google Docs, Science",Microsoft Office,Learn Microsoft Office,Productivity Suite Fundamentals,Microsoft Learn,10,6.75,High
771,Research & Development,Healthcare Representative,35,5093,1,No,No,0.0104,LOW,v1,51.7,3,8,28.5,"Microsoft Office, Active Listening, Google Workspace, Active Learning, Amazon Web Services (AWS)",Microsoft Office,Learn Microsoft Office,Productivity Suite Fundamentals,Microsoft Learn,10,6.75,Moderate
772,Research & Development,Laboratory Technician,32,5309,10,No,No,0.5261,MEDIUM,v1,66.7,3,11,37.62,"Microsoft Excel, Active Listening, SAP, Microsoft PowerPoint, MEDITECH",Microsoft Excel,Learn Microsoft Excel,Advanced Spreadsheet Modelling,Microsoft Learn,12,7.762,Moderate
773,Research & Development,Research Scientist,38,3057,1,Yes,No,0.6319,HIGH,v1,60.0,3,14,54.73,"R, Microsoft Office, Writing, Science, Speaking",R,Learn R,Statistical Programming in R,Coursera,24,9.45,Moderate
775,Research & Development,Manufacturing Director,34,5121,0,No,No,0.2161,LOW,v1,40.0,3,8,30.39,"Microsoft Office, Speaking, Reading Comprehension, Active Listening, Learning Strategies",Microsoft Office,Learn Microsoft Office,Productivity Suite Fundamentals,Microsoft Learn,10,6.75,Moderate
776,Sales,Manager,52,16856,34,No,No,0.0397,LOW,v1,36.7,3,5,17.62,"Active Learning, Apple macOS, Atlassian Confluence, Google Analytics, Autodesk AutoCAD",Active Learning,Learn Active Learning,Learning How to Learn,Coursera,8,5.43,Low
780,Research & Development,Research Scientist,33,2686,10,Yes,Yes,0.2767,LOW,v1,78.3,3,8,30.62,"R, Active Learning, Critical Thinking, Active Listening, MATLAB",R,Learn R,Statistical Programming in R,Coursera,24,6.75,High
781,Sales,Sales Executive,25,6180,6,No,No,0.409,MEDIUM,v1,68.3,4,10,36.12,"Microsoft PowerPoint, Salesforce, Speaking, Active Listening, Adobe Creative Cloud",Microsoft PowerPoint,Learn Microsoft PowerPoint,Presenting Data to Decision Makers,LinkedIn Learning,10,7.762,Moderate
783,Sales,Sales Representative,45,6632,8,No,No,0.7938,HIGH,v1,36.7,3,12,44.64,"Microsoft Excel, Salesforce, Speaking, Active Listening, Microsoft Project",Microsoft Excel,Learn Microsoft Excel,Advanced Spreadsheet Modelling,Microsoft Learn,12,9.45,Low
784,Research & Development,Research Scientist,23,3505,2,No,No,0.2141,LOW,v1,65.0,3,14,54.86,"Microsoft Excel, R, Microsoft Office, Speaking, Active Learning",Microsoft Excel,Learn Microsoft Excel,Advanced Spreadsheet Modelling,Microsoft Learn,12,6.75,Moderate
785,Sales,Sales Executive,47,6397,5,Yes,Yes,0.8813,HIGH,v1,71.7,3,9,32.0,"Microsoft Excel, Microsoft Office, Speaking, Critical Thinking, Adobe Acrobat",Microsoft Excel,Learn Microsoft Excel,Advanced Spreadsheet Modelling,Microsoft Learn,12,9.45,High
786,Sales,Sales Executive,34,6274,6,No,No,0.0754,LOW,v1,83.4,4,10,37.37,"Microsoft Excel, Microsoft Office, Salesforce, Adobe Creative Cloud, Adobe InDesign",Microsoft Excel,Learn Microsoft Excel,Advanced Spreadsheet Modelling,Microsoft Learn,12,6.75,High
787,Research & Development,Manager,55,19859,5,Yes,Yes,0.2149,LOW,v1,56.7,3,10,38.0,"Microsoft Excel, Microsoft Office, Speaking, Active Listening, Critical Thinking",Microsoft Excel,Learn Microsoft Excel,Advanced Spreadsheet Modelling,Microsoft Learn,12,6.75,Moderate
789,Sales,Sales Executive,36,7587,10,No,No,0.3219,LOW,v1,21.7,3,11,41.37,"Microsoft PowerPoint, Microsoft Excel, Microsoft Office, Microsoft Outlook, Critical Thinking",Microsoft PowerPoint,Learn Microsoft PowerPoint,Presenting Data to Decision Makers,LinkedIn Learning,10,6.75,Low
791,Research & Development,Research Scientist,52,4258,4,No,No,0.0096,LOW,v1,76.7,3,11,41.86,"Microsoft Office, Science, Speaking, Critical Thinking, Active Listening",Microsoft Office,Learn Microsoft Office,Productivity Suite Fundamentals,Microsoft Learn,10,6.75,High
792,Research & Development,Laboratory Technician,26,4364,2,No,No,0.8333,HIGH,v1,40.0,3,10,33.87,"Microsoft Office, SAP, Microsoft Word, MEDITECH, Microsoft Outlook",Microsoft Office,Learn Microsoft Office,Productivity Suite Fundamentals,Microsoft Learn,10,9.45,Moderate
793,Research & Development,Healthcare Representative,29,4335,8,No,No,0.4641,MEDIUM,v1,48.3,3,11,40.13,"Salesforce, Microsoft Outlook, Reading Comprehension, Google Workspace, Linux",Salesforce,Learn Salesforce,Managing the Customer Pipeline,Trailhead,16,7.762,Moderate
796,Sales,Sales Executive,26,5326,4,No,Yes,0.8698,HIGH,v1,40.0,3,9,31.12,"Microsoft Outlook, Speaking, Adobe Creative Cloud, Adobe InDesign, Adobe Acrobat",Microsoft Outlook,Learn Microsoft Outlook,Productivity Suite Fundamentals,Microsoft Learn,10,9.45,Moderate
797,Research & Development,Research Scientist,34,3280,4,No,No,0.0512,LOW,v1,78.3,3,10,39.74,"Microsoft Excel, R, Microsoft Office, Science, Active Learning",Microsoft Excel,Learn Microsoft Excel,Advanced Spreadsheet Modelling,Microsoft Learn,12,6.75,High
799,Research & Development,Manufacturing Director,54,5485,5,Yes,No,0.4379,MEDIUM,v1,50.0,3,9,34.25,"Microsoft Excel, Monitoring, Critical Thinking, Active Listening, Learning Strategies",Microsoft Excel,Learn Microsoft Excel,Advanced Spreadsheet Modelling,Microsoft Learn,12,7.762,Moderate
800,Sales,Sales Executive,27,4342,4,No,No,0.328,LOW,v1,73.4,3,13,48.75,"Microsoft PowerPoint, Microsoft Office, Salesforce, Microsoft Outlook, Active Listening",Microsoft PowerPoint,Learn Microsoft PowerPoint,Presenting Data to Decision Makers,LinkedIn Learning,10,6.75,High
802,Research & Development,Research Scientist,37,2782,5,Yes,No,0.2356,LOW,v1,45.0,3,16,63.23,"Microsoft Excel, R, Microsoft Office, Writing, Science",Microsoft Excel,Learn Microsoft Excel,Advanced Spreadsheet Modelling,Microsoft Learn,12,6.75,Moderate
803,Research & Development,Manufacturing Director,38,5980,15,Yes,No,0.8627,HIGH,v1,45.0,3,6,22.0,"Microsoft Outlook, Active Learning, Adobe InDesign, Adobe Acrobat, Adobe Photoshop",Microsoft Outlook,Learn Microsoft Outlook,Productivity Suite Fundamentals,Microsoft Learn,10,9.45,Moderate
804,Research & Development,Research Scientist,34,4381,6,No,No,0.2683,LOW,v1,38.3,3,13,50.23,"R, Writing, Science, Speaking, Active Learning",R,Learn R,Statistical Programming in R,Coursera,24,6.75,Low
805,Sales,Sales Representative,35,2572,3,No,No,0.5587,MEDIUM,v1,55.0,3,10,36.26,"Microsoft Office, Salesforce, Active Listening, Microsoft Project, IBM SPSS Statistics",Microsoft Office,Learn Microsoft Office,Productivity Suite Fundamentals,Microsoft Learn,10,7.762,Moderate
806,Research & Development,Laboratory Technician,30,3833,2,No,No,0.1556,LOW,v1,56.7,4,9,31.62,"Microsoft Excel, Microsoft Office, Active Listening, Google Docs, Microsoft Outlook",Microsoft Excel,Learn Microsoft Excel,Advanced Spreadsheet Modelling,Microsoft Learn,12,6.75,Moderate
807,Research & Development,Healthcare Representative,40,4244,8,No,No,0.0285,LOW,v1,68.3,4,8,29.25,"Microsoft Excel, Active Listening, Reading Comprehension, Google Workspace, Apache Hadoop",Microsoft Excel,Learn Microsoft Excel,Advanced Spreadsheet Modelling,Microsoft Learn,12,6.75,Moderate
808,Sales,Sales Executive,34,6500,3,No,No,0.3481,MEDIUM,v1,43.4,3,14,52.24,"Microsoft PowerPoint, Microsoft Excel, Microsoft Office, Salesforce, Microsoft Outlook",Microsoft PowerPoint,Learn Microsoft PowerPoint,Presenting Data to Decision Makers,LinkedIn Learning,10,7.762,Moderate
809,Research & Development,Manager,42,18430,24,No,No,0.3103,LOW,v1,61.7,3,6,23.12,"Microsoft Excel, Reading Comprehension, Active Listening, Active Learning, Atlassian Confluence",Microsoft Excel,Learn Microsoft Excel,Advanced Spreadsheet Modelling,Microsoft Learn,12,6.75,Moderate
811,Research & Development,Laboratory Technician,23,1601,0,Yes,Yes,0.8503,HIGH,v1,55.0,4,11,36.87,"Microsoft Excel, Reading Comprehension, SAP, Microsoft Word, Microsoft Outlook",Microsoft Excel,Learn Microsoft Excel,Advanced Spreadsheet Modelling,Microsoft Learn,12,9.45,Moderate
812,Research & Development,Laboratory Technician,24,2694,1,No,No,0.2619,LOW,v1,48.3,3,15,49.99,"Microsoft Excel, Active Listening, SAP, Microsoft PowerPoint, MEDITECH",Microsoft Excel,Learn Microsoft Excel,Advanced Spreadsheet Modelling,Microsoft Learn,12,6.75,Moderate
813,Research & Development,Laboratory Technician,52,3149,5,No,No,0.1665,LOW,v1,70.0,4,9,30.75,"Microsoft Office, SAP, Microsoft PowerPoint, Microsoft Word, Google Docs",Microsoft Office,Learn Microsoft Office,Productivity Suite Fundamentals,Microsoft Learn,10,6.75,High
815,Research & Development,Research Director,50,17639,4,No,No,0.0048,LOW,v1,70.0,3,8,29.88,"Monitoring, Reading Comprehension, Active Listening, Speaking, Microsoft Project",Monitoring,Learn Monitoring,Performance Tracking and Review,LinkedIn Learning,6,6.0,High
816,Research & Development,Laboratory Technician,29,2319,1,Yes,Yes,0.9478,HIGH,v1,35.0,3,15,51.62,"Microsoft Excel, Microsoft Office, Reading Comprehension, SAP, Microsoft PowerPoint",Microsoft Excel,Learn Microsoft Excel,Advanced Spreadsheet Modelling,Microsoft Learn,12,9.45,Low
817,Research & Development,Research Director,33,11691,13,No,No,0.0046,LOW,v1,75.0,3,10,37.26,"Microsoft PowerPoint, Monitoring, Speaking, Writing, IBM SPSS Statistics",Microsoft PowerPoint,Learn Microsoft PowerPoint,Presenting Data to Decision Makers,LinkedIn Learning,10,6.75,High
819,Sales,Sales Executive,33,5324,3,No,Yes,0.868,HIGH,v1,33.4,3,10,37.12,"Microsoft PowerPoint, Salesforce, Microsoft Outlook, Active Listening, Speaking",Microsoft PowerPoint,Learn Microsoft PowerPoint,Presenting Data to Decision Makers,LinkedIn Learning,10,9.45,Low
820,Research & Development,Manager,47,16752,26,Yes,No,0.0214,LOW,v1,71.7,3,11,40.38,"Microsoft Office, Speaking, Active Listening, Critical Thinking, Apple macOS",Microsoft Office,Learn Microsoft Office,Productivity Suite Fundamentals,Microsoft Learn,10,6.75,High
823,Research & Development,Manufacturing Director,36,5228,9,No,No,0.0142,LOW,v1,50.0,3,10,39.76,"Microsoft PowerPoint, Microsoft Excel, Microsoft Office, Microsoft Outlook, Reading Comprehension",Microsoft PowerPoint,Learn Microsoft PowerPoint,Presenting Data to Decision Makers,LinkedIn Learning,10,6.75,Moderate
824,Research & Development,Research Scientist,29,2700,10,No,No,0.0202,LOW,v1,75.0,4,9,34.24,"Microsoft Office, Science, Speaking, Active Listening, MATLAB",Microsoft Office,Learn Microsoft Office,Productivity Suite Fundamentals,Microsoft Learn,10,6.75,High
825,Research & Development,Research Director,58,19246,31,Yes,Yes,0.4068,MEDIUM,v1,66.7,3,7,26.5,"Microsoft PowerPoint, Reading Comprehension, Active Listening, Microsoft SharePoint, ESRI ArcGIS",Microsoft PowerPoint,Learn Microsoft PowerPoint,Presenting Data to Decision Makers,LinkedIn Learning,10,7.762,Moderate
826,Research & Development,Research Scientist,35,2506,2,No,No,0.0523,LOW,v1,81.7,3,13,50.74,"Microsoft Excel, R, Microsoft Office, Science, Active Learning",Microsoft Excel,Learn Microsoft Excel,Advanced Spreadsheet Modelling,Microsoft Learn,12,6.75,High
827,Research & Development,Manufacturing Director,42,6062,4,Yes,No,0.1916,LOW,v1,78.3,3,11,41.38,"Microsoft Excel, Microsoft Outlook, Critical Thinking, Active Listening, Active Learning",Microsoft Excel,Learn Microsoft Excel,Advanced Spreadsheet Modelling,Microsoft Learn,12,6.75,High
828,Research & Development,Research Scientist,28,4382,2,No,Yes,0.2784,LOW,v1,65.0,3,11,41.24,"R, Active Learning, Critical Thinking, Reading Comprehension, Mathematics",R,Learn R,Statistical Programming in R,Coursera,24,6.75,Moderate
829,Human Resources,Human Resources,36,2143,5,No,No,0.4799,MEDIUM,v1,53.3,3,14,54.75,"Microsoft PowerPoint, Microsoft Excel, Workday, Microsoft Office, Speaking",Microsoft PowerPoint,Learn Microsoft PowerPoint,Presenting Data to Decision Makers,LinkedIn Learning,10,7.762,Moderate
830,Research & Development,Manufacturing Director,32,6162,14,No,No,0.0383,LOW,v1,58.4,3,11,43.13,"SAP, Microsoft Excel, Microsoft Outlook, Monitoring, Critical Thinking",SAP,Learn SAP,Enterprise Resource Planning Essentials,SAP,24,6.75,Moderate
832,Research & Development,Laboratory Technician,40,5094,1,No,No,0.9254,HIGH,v1,48.3,3,6,20.0,"Microsoft Word, MEDITECH, Google Docs, Microsoft Outlook, Email",Microsoft Word,Learn Microsoft Word,Business Documents That Get Read,LinkedIn Learning,8,7.35,Moderate
833,Research & Development,Manufacturing Director,30,6877,0,Yes,No,0.5098,MEDIUM,v1,60.0,4,13,50.38,"Microsoft PowerPoint, Microsoft Office, Microsoft Outlook, Critical Thinking, Speaking",Microsoft PowerPoint,Learn Microsoft PowerPoint,Presenting Data to Decision Makers,LinkedIn Learning,10,7.762,Moderate
834,Research & Development,Research Scientist,45,2274,1,No,No,0.3623,MEDIUM,v1,55.0,3,13,50.24,"Microsoft Excel, R, Microsoft Office, Speaking, Active Learning",Microsoft Excel,Learn Microsoft Excel,Advanced Spreadsheet Modelling,Microsoft Learn,12,7.762,Moderate
836,Research & Development,Manufacturing Director,42,4434,9,No,No,0.2375,LOW,v1,48.3,3,11,40.51,"Critical Thinking, Speaking, Reading Comprehension, Active Listening, Learning Strategies",Critical Thinking,Learn Critical Thinking,Structured Problem Solving,Coursera,12,6.0,Moderate
837,Research & Development,Healthcare Representative,38,6288,4,No,No,0.3892,MEDIUM,v1,20.0,3,11,41.01,"Microsoft Office, Salesforce, Microsoft Outlook, Reading Comprehension, Google Workspace",Microsoft Office,Learn Microsoft Office,Productivity Suite Fundamentals,Microsoft Learn,10,7.762,Low
838,Research & Development,Research Scientist,34,2553,5,No,No,0.2391,LOW,v1,68.3,3,12,45.99,"R, Writing, Speaking, Active Learning, Critical Thinking",R,Learn R,Statistical Programming in R,Coursera,24,6.75,Moderate
840,Sales,Sales Executive,49,7654,9,No,Yes,0.0884,LOW,v1,75.0,3,7,27.25,"Microsoft PowerPoint, Microsoft Excel, Microsoft Outlook, Critical Thinking, Adobe Acrobat",Microsoft PowerPoint,Learn Microsoft PowerPoint,Presenting Data to Decision Makers,LinkedIn Learning,10,6.75,High
842,Sales,Sales Executive,55,5160,9,No,Yes,0.4387,MEDIUM,v1,71.7,3,12,44.37,"Microsoft PowerPoint, Salesforce, Microsoft Outlook, Speaking, Active Listening",Microsoft PowerPoint,Learn Microsoft PowerPoint,Presenting Data to Decision Makers,LinkedIn Learning,10,7.762,High
843,Research & Development,Research Director,43,17159,4,No,No,0.1277,LOW,v1,40.0,4,12,45.38,"Microsoft Office, Monitoring, Critical Thinking, Reading Comprehension, Active Listening",Microsoft Office,Learn Microsoft Office,Productivity Suite Fundamentals,Microsoft Learn,10,6.75,Moderate
844,Research & Development,Research Director,27,12808,9,Yes,No,0.1149,LOW,v1,65.0,3,10,38.5,"Microsoft PowerPoint, Science, Monitoring, Critical Thinking, Active Listening",Microsoft PowerPoint,Learn Microsoft PowerPoint,Presenting Data to Decision Makers,LinkedIn Learning,10,6.75,Moderate
845,Research & Development,Manufacturing Director,35,10221,8,No,No,0.0691,LOW,v1,68.4,4,10,38.13,"Microsoft PowerPoint, Monitoring, Critical Thinking, Speaking, Reading Comprehension",Microsoft PowerPoint,Learn Microsoft PowerPoint,Presenting Data to Decision Makers,LinkedIn Learning,10,6.75,Moderate
846,Sales,Sales Executive,28,4779,8,Yes,No,0.8763,HIGH,v1,43.3,4,11,40.37,"Microsoft PowerPoint, Salesforce, Speaking, Active Listening, Adobe Creative Cloud",Microsoft PowerPoint,Learn Microsoft PowerPoint,Presenting Data to Decision Makers,LinkedIn Learning,10,9.45,Moderate
847,Human Resources,Human Resources,34,3737,3,No,No,0.1488,LOW,v1,66.7,3,13,50.75,"Microsoft Excel, Workday, Microsoft Office, Microsoft Outlook, Speaking",Microsoft Excel,Learn Microsoft Excel,Advanced Spreadsheet Modelling,Microsoft Learn,12,6.75,Moderate
848,Research & Development,Research Scientist,26,2366,8,Yes,Yes,0.4609,MEDIUM,v1,51.7,3,13,50.11,"R, Microsoft Office, Writing, Speaking, Active Learning",R,Learn R,Statistical Programming in R,Coursera,24,7.762,Moderate
850,Research & Development,Research Scientist,27,1706,0,No,No,0.0477,LOW,v1,78.3,3,13,51.61,"Microsoft Excel, R, Microsoft Office, Writing, Science",Microsoft Excel,Learn Microsoft Excel,Advanced Spreadsheet Modelling,Microsoft Learn,12,6.75,High
851,Sales,Manager,51,16307,20,No,No,0.1726,LOW,v1,48.4,3,9,33.12,"Microsoft Excel, Monitoring, Speaking, Active Learning, Atlassian Confluence",Microsoft Excel,Learn Microsoft Excel,Advanced Spreadsheet Modelling,Microsoft Learn,12,6.75,Moderate
852,Research & Development,Healthcare Representative,44,5933,5,No,No,0.2971,LOW,v1,61.7,3,12,44.62,"Microsoft Office, Microsoft Outlook, Speaking, Active Listening, Reading Comprehension",Microsoft Office,Learn Microsoft Office,Productivity Suite Fundamentals,Microsoft Learn,10,6.75,Moderate
854,Research & Development,Research Scientist,25,3424,4,No,No,0.7653,HIGH,v1,36.7,3,9,34.49,"Writing, Science, Speaking, Critical Thinking, Active Listening",Writing,Learn Writing,Business Writing for Clarity,LinkedIn Learning,8,8.925,Low
855,Sales,Sales Executive,33,4037,9,No,No,0.1286,LOW,v1,35.0,4,9,31.24,"Microsoft PowerPoint, Microsoft Office, Adobe Creative Cloud, Adobe InDesign, Adobe Illustrator",Microsoft PowerPoint,Learn Microsoft PowerPoint,Presenting Data to Decision Makers,LinkedIn Learning,10,6.75,Low
856,Research & Development,Research Scientist,35,2559,6,No,No,0.5601,MEDIUM,v1,36.7,3,15,58.61,"Microsoft Excel, R, Microsoft Office, Writing, Speaking",Microsoft Excel,Learn Microsoft Excel,Advanced Spreadsheet Modelling,Microsoft Learn,12,7.762,Low
857,Sales,Sales Executive,36,6201,18,Yes,No,0.1634,LOW,v1,68.3,3,11,39.62,"Microsoft Excel, Microsoft Office, Speaking, Active Listening, Adobe Creative Cloud",Microsoft Excel,Learn Microsoft Excel,Advanced Spreadsheet Modelling,Microsoft Learn,12,6.75,Moderate
859,Sales,Sales Executive,32,4403,5,No,No,0.293,LOW,v1,65.0,3,11,40.12,"Microsoft PowerPoint, Microsoft Excel, Salesforce, Speaking, Adobe Creative Cloud",Microsoft PowerPoint,Learn Microsoft PowerPoint,Presenting Data to Decision Makers,LinkedIn Learning,10,6.75,Moderate
861,Research & Development,Research Scientist,30,3761,5,No,No,0.3012,LOW,v1,53.3,3,10,38.75,"Microsoft Excel, Microsoft Office, Writing, Critical Thinking, Reading Comprehension",Microsoft Excel,Learn Microsoft Excel,Advanced Spreadsheet Modelling,Microsoft Learn,12,6.75,Moderate
862,Sales,Sales Executive,53,10934,5,Yes,No,0.2518,LOW,v1,58.3,3,10,37.75,"Microsoft PowerPoint, Microsoft Excel, Salesforce, Speaking, Adobe InDesign",Microsoft PowerPoint,Learn Microsoft PowerPoint,Presenting Data to Decision Makers,LinkedIn Learning,10,6.75,Moderate
864,Sales,Sales Executive,45,10761,5,Yes,No,0.5296,MEDIUM,v1,53.4,3,12,45.0,"Microsoft PowerPoint, Microsoft Excel, Microsoft Office, Salesforce, Microsoft Outlook",Microsoft PowerPoint,Learn Microsoft PowerPoint,Presenting Data to Decision Makers,LinkedIn Learning,10,7.762,Moderate
865,Research & Development,Research Scientist,32,5175,5,No,No,0.1231,LOW,v1,70.0,3,11,43.48,"Microsoft Excel, Microsoft Office, Science, Speaking, Active Learning",Microsoft Excel,Learn Microsoft Excel,Advanced Spreadsheet Modelling,Microsoft Learn,12,6.75,High
867,Research & Development,Manufacturing Director,52,13826,9,No,No,0.0792,LOW,v1,68.3,4,6,24.51,"SAP, Microsoft Office, Microsoft Outlook, Active Listening, Learning Strategies",SAP,Learn SAP,Enterprise Resource Planning Essentials,SAP,24,6.75,Moderate
868,Sales,Sales Executive,37,6334,1,No,No,0.2623,LOW,v1,68.3,3,13,49.25,"Microsoft PowerPoint, Microsoft Excel, Microsoft Office, Salesforce, Active Listening",Microsoft PowerPoint,Learn Microsoft PowerPoint,Presenting Data to Decision Makers,LinkedIn Learning,10,6.75,Moderate
869,Human Resources,Human Resources,28,4936,5,No,No,0.0495,LOW,v1,65.0,3,10,38.13,"Microsoft PowerPoint, Workday, Reading Comprehension, Oracle HRIS, Active Listening",Microsoft PowerPoint,Learn Microsoft PowerPoint,Presenting Data to Decision Makers,LinkedIn Learning,10,6.75,Moderate
872,Research & Development,Manufacturing Director,22,4775,2,No,No,0.2202,LOW,v1,58.3,4,12,46.76,"Microsoft PowerPoint, Microsoft Excel, Microsoft Office, Monitoring, Critical Thinking",Microsoft PowerPoint,Learn Microsoft PowerPoint,Presenting Data to Decision Makers,LinkedIn Learning,10,6.75,Moderate
874,Research & Development,Laboratory Technician,44,2818,3,Yes,No,0.4248,MEDIUM,v1,66.7,4,10,33.74,"Microsoft Excel, Active Listening, Microsoft PowerPoint, Microsoft Word, MEDITECH",Microsoft Excel,Learn Microsoft Excel,Advanced Spreadsheet Modelling,Microsoft Learn,12,7.762,Moderate
875,Research & Development,Research Scientist,42,2515,2,Yes,No,0.6005,HIGH,v1,73.3,3,11,41.49,"Writing, Science, Speaking, Critical Thinking, Active Listening",Writing,Learn Writing,Business Writing for Clarity,LinkedIn Learning,8,8.925,High
878,Human Resources,Human Resources,36,2342,5,No,No,0.2347,LOW,v1,25.0,4,12,45.5,"Microsoft Office, Microsoft Outlook, Speaking, Applicant Tracking System (ATS), Oracle HRIS",Microsoft Office,Learn Microsoft Office,Productivity Suite Fundamentals,Microsoft Learn,10,6.75,Low
879,Sales,Sales Executive,25,4194,5,Yes,No,0.6083,HIGH,v1,50.0,3,12,44.62,"Microsoft PowerPoint, Microsoft Office, Salesforce, Microsoft Outlook, Speaking",Microsoft PowerPoint,Learn Microsoft PowerPoint,Presenting Data to Decision Makers,LinkedIn Learning,10,9.45,Moderate
880,Research & Development,Manufacturing Director,35,10685,17,Yes,No,0.1679,LOW,v1,61.7,4,10,36.88,"Microsoft Outlook, Monitoring, Active Listening, Active Learning, Adobe After Effects",Microsoft Outlook,Learn Microsoft Outlook,Productivity Suite Fundamentals,Microsoft Learn,10,6.75,Moderate
881,Research & Development,Research Scientist,35,2022,10,Yes,Yes,0.6589,HIGH,v1,51.7,3,13,50.23,"Microsoft Office, Writing, Science, Speaking, Active Learning",Microsoft Office,Learn Microsoft Office,Productivity Suite Fundamentals,Microsoft Learn,10,9.45,Moderate
882,Research & Development,Laboratory Technician,32,2314,3,No,No,0.0331,LOW,v1,80.0,3,12,40.87,"Microsoft Office, Active Listening, Microsoft PowerPoint, Microsoft Word, MEDITECH",Microsoft Office,Learn Microsoft Office,Productivity Suite Fundamentals,Microsoft Learn,10,6.75,High
885,Sales,Sales Executive,25,4256,5,No,No,0.6962,HIGH,v1,36.7,3,14,52.62,"Microsoft PowerPoint, Microsoft Office, Salesforce, Microsoft Outlook, Active Listening",Microsoft PowerPoint,Learn Microsoft PowerPoint,Presenting Data to Decision Makers,LinkedIn Learning,10,9.45,Low
887,Research & Development,Research Scientist,49,3580,4,No,No,0.0912,LOW,v1,43.4,3,8,30.99,"Microsoft Excel, Writing, Science, Active Listening, Mathematics",Microsoft Excel,Learn Microsoft Excel,Advanced Spreadsheet Modelling,Microsoft Learn,12,6.75,Moderate
888,Research & Development,Laboratory Technician,24,3162,5,No,No,0.1028,LOW,v1,53.3,3,13,44.24,"Microsoft Office, Active Listening, SAP, Microsoft PowerPoint, Microsoft Word",Microsoft Office,Learn Microsoft Office,Productivity Suite Fundamentals,Microsoft Learn,10,6.75,Moderate
889,Sales,Sales Executive,32,6524,10,No,No,0.4552,MEDIUM,v1,53.3,3,13,47.74,"Microsoft PowerPoint, Microsoft Excel, Salesforce, Microsoft Outlook, Speaking",Microsoft PowerPoint,Learn Microsoft PowerPoint,Presenting Data to Decision Makers,LinkedIn Learning,10,7.762,Moderate
893,Sales,Sales Representative,38,2899,2,No,No,0.3996,MEDIUM,v1,45.0,3,13,47.02,"Microsoft Office, Salesforce, Speaking, Active Listening, Microsoft Project",Microsoft Office,Learn Microsoft Office,Productivity Suite Fundamentals,Microsoft Learn,10,7.762,Moderate
894,Research & Development,Laboratory Technician,42,5231,5,Yes,No,0.221,LOW,v1,76.7,3,9,29.24,"Active Listening, SAP, MEDITECH, Microsoft Outlook, Speaking",Active Listening,Learn Active Listening,Running Effective Remote Meetings,LinkedIn Learning,6,5.43,High
895,Research & Development,Research Scientist,31,2356,6,Yes,No,0.2126,LOW,v1,80.0,3,13,51.61,"Microsoft Excel, R, Microsoft Office, Writing, Science",Microsoft Excel,Learn Microsoft Excel,Advanced Spreadsheet Modelling,Microsoft Learn,12,6.75,High
896,Sales,Sales Representative,29,2800,3,Yes,Yes,0.7356,HIGH,v1,51.7,3,11,38.62,"Microsoft Office, Active Listening, Reading Comprehension, Microsoft Project, Microsoft Word",Microsoft Office,Learn Microsoft Office,Productivity Suite Fundamentals,Microsoft Learn,10,9.45,Moderate
897,Sales,Sales Executive,53,11836,2,No,No,0.0933,LOW,v1,63.4,3,11,39.12,"Microsoft Excel, Microsoft Outlook, Speaking, Adobe Creative Cloud, Adobe InDesign",Microsoft Excel,Learn Microsoft Excel,Advanced Spreadsheet Modelling,Microsoft Learn,12,6.75,Moderate
899,Research & Development,Manufacturing Director,35,10903,13,No,No,0.5356,MEDIUM,v1,48.3,3,10,37.88,"SAP, Critical Thinking, Speaking, Reading Comprehension, Active Listening",SAP,Learn SAP,Enterprise Resource Planning Essentials,SAP,24,7.762,Moderate
900,Sales,Sales Representative,37,2973,5,No,No,0.6296,HIGH,v1,73.4,3,13,47.64,"Microsoft Office, Salesforce, Speaking, Active Listening, Reading Comprehension",Microsoft Office,Learn Microsoft Office,Productivity Suite Fundamentals,Microsoft Learn,10,9.45,High
901,Research & Development,Research Director,53,14275,12,No,No,0.0232,LOW,v1,83.4,3,7,26.62,"Science, Monitoring, Critical Thinking, Reading Comprehension, Microsoft SharePoint",Science,Learn Science,Scientific Method in Practice,edX,14,6.18,High
902,Research & Development,Healthcare Representative,43,5562,5,No,No,0.104,LOW,v1,75.0,3,11,39.88,"Microsoft Excel, Active Listening, Amazon Web Services (AWS), Google Workspace, Linux",Microsoft Excel,Learn Microsoft Excel,Advanced Spreadsheet Modelling,Microsoft Learn,12,6.75,High
903,Sales,Sales Executive,47,4537,7,Yes,No,0.3163,LOW,v1,70.0,4,10,36.75,"Microsoft PowerPoint, Microsoft Excel, Active Listening, Critical Thinking, Adobe Acrobat",Microsoft PowerPoint,Learn Microsoft PowerPoint,Presenting Data to Decision Makers,LinkedIn Learning,10,6.75,High
904,Sales,Sales Executive,37,7642,10,Yes,No,0.7256,HIGH,v1,46.7,3,10,37.87,"Microsoft Excel, Salesforce, Microsoft Outlook, Active Listening, Adobe InDesign",Microsoft Excel,Learn Microsoft Excel,Advanced Spreadsheet Modelling,Microsoft Learn,12,9.45,Moderate
905,Research & Development,Manager,50,17924,31,No,No,0.0205,LOW,v1,36.7,3,12,45.5,"Microsoft PowerPoint, Microsoft Excel, Monitoring, Speaking, Active Listening",Microsoft PowerPoint,Learn Microsoft PowerPoint,Presenting Data to Decision Makers,LinkedIn Learning,10,6.75,Low
909,Human Resources,Human Resources,39,5204,5,No,No,0.0524,LOW,v1,75.0,3,6,24.12,"Microsoft PowerPoint, Microsoft Outlook, Speaking, Applicant Tracking System (ATS), Reading Comprehension",Microsoft PowerPoint,Learn Microsoft PowerPoint,Presenting Data to Decision Makers,LinkedIn Learning,10,6.75,High
910,Human Resources,Human Resources,33,2277,4,Yes,No,0.3993,MEDIUM,v1,68.3,3,12,45.75,"Microsoft PowerPoint, Microsoft Excel, Microsoft Outlook, Speaking, Applicant Tracking System (ATS)",Microsoft PowerPoint,Learn Microsoft PowerPoint,Presenting Data to Decision Makers,LinkedIn Learning,10,7.762,Moderate
911,Research & Development,Laboratory Technician,32,2795,1,Yes,Yes,0.9693,HIGH,v1,53.3,4,13,44.12,"Microsoft Office, Active Listening, SAP, Microsoft PowerPoint, Microsoft Word",Microsoft Office,Learn Microsoft Office,Productivity Suite Fundamentals,Microsoft Learn,10,9.45,Moderate
912,Research & Development,Laboratory Technician,29,2532,4,No,No,0.1685,LOW,v1,55.0,3,12,39.62,"Microsoft Office, Microsoft Word, MEDITECH, Google Docs, Microsoft Outlook",Microsoft Office,Learn Microsoft Office,Productivity Suite Fundamentals,Microsoft Learn,10,6.75,Moderate
913,Research & Development,Research Scientist,44,2559,8,Yes,No,0.7763,HIGH,v1,43.3,3,10,38.99,"Microsoft Excel, Microsoft Office, Writing, Science, Critical Thinking",Microsoft Excel,Learn Microsoft Excel,Advanced Spreadsheet Modelling,Microsoft Learn,12,9.45,Moderate
916,Sales,Sales Executive,28,4908,4,No,No,0.5882,HIGH,v1,60.0,3,10,35.37,"Salesforce, Speaking, Adobe Creative Cloud, Critical Thinking, Adobe Acrobat",Salesforce,Learn Salesforce,Managing the Customer Pipeline,Trailhead,16,9.45,Moderate
918,Research & Development,Laboratory Technician,58,2380,1,Yes,Yes,0.8149,HIGH,v1,73.3,3,13,43.49,"Microsoft Office, Active Listening, Microsoft PowerPoint, Microsoft Word, MEDITECH",Microsoft Office,Learn Microsoft Office,Productivity Suite Fundamentals,Microsoft Learn,10,9.45,High
920,Research & Development,Manufacturing Director,43,4765,1,No,No,0.3024,LOW,v1,48.3,4,10,39.63,"SAP, Microsoft PowerPoint, Microsoft Excel, Microsoft Office, Active Listening",SAP,Learn SAP,Enterprise Resource Planning Essentials,SAP,24,6.75,Moderate
922,Sales,Sales Representative,20,2044,2,No,Yes,0.6742,HIGH,v1,56.7,3,14,49.62,"Microsoft Excel, Microsoft Office, Reading Comprehension, IBM SPSS Statistics, Microsoft PowerPoint",Microsoft Excel,Learn Microsoft Excel,Advanced Spreadsheet Modelling,Microsoft Learn,12,9.45,Moderate
923,Research & Development,Research Scientist,21,2693,1,No,Yes,0.2897,LOW,v1,71.7,3,14,53.86,"Microsoft Excel, Microsoft Office, Science, Active Learning, Critical Thinking",Microsoft Excel,Learn Microsoft Excel,Advanced Spreadsheet Modelling,Microsoft Learn,12,6.75,High
924,Research & Development,Healthcare Representative,36,6586,16,Yes,No,0.0274,LOW,v1,65.0,3,13,48.37,"Microsoft Excel, Salesforce, Speaking, Active Listening, Amazon Web Services (AWS)",Microsoft Excel,Learn Microsoft Excel,Advanced Spreadsheet Modelling,Microsoft Learn,12,6.75,Moderate
925,Sales,Sales Representative,47,3294,3,Yes,No,0.6754,HIGH,v1,63.3,3,12,42.14,"Salesforce, Speaking, Active Listening, Microsoft Project, Microsoft PowerPoint",Salesforce,Learn Salesforce,Managing the Customer Pipeline,Trailhead,16,9.45,Moderate
926,Research & Development,Manufacturing Director,22,4171,3,Yes,Yes,0.2892,LOW,v1,58.3,3,11,43.76,"SAP, Microsoft PowerPoint, Microsoft Excel, Microsoft Office, Monitoring",SAP,Learn SAP,Enterprise Resource Planning Essentials,SAP,24,6.75,Moderate
927,Research & Development,Laboratory Technician,41,2778,7,Yes,Yes,0.7455,HIGH,v1,48.3,3,12,42.49,"Microsoft Excel, Microsoft Office, Reading Comprehension, Active Listening, SAP",Microsoft Excel,Learn Microsoft Excel,Advanced Spreadsheet Modelling,Microsoft Learn,12,9.45,Moderate
930,Research & Development,Research Scientist,28,2377,2,No,No,0.0739,LOW,v1,63.4,3,14,55.11,"Microsoft Excel, R, Writing, Science, Speaking",Microsoft Excel,Learn Microsoft Excel,Advanced Spreadsheet Modelling,Microsoft Learn,12,6.75,Moderate
932,Research & Development,Laboratory Technician,39,2404,2,Yes,Yes,0.8199,HIGH,v1,46.7,4,6,19.62,"Active Listening, Microsoft Word, Google Docs, Electronic Medical Record (EMR), Active Learning",Active Listening,Learn Active Listening,Running Effective Remote Meetings,LinkedIn Learning,6,7.602,Moderate
933,Research & Development,Research Scientist,27,2318,1,No,No,0.3788,MEDIUM,v1,60.0,3,12,46.49,"Microsoft Excel, R, Writing, Speaking, Critical Thinking",Microsoft Excel,Learn Microsoft Excel,Advanced Spreadsheet Modelling,Microsoft Learn,12,7.762,Moderate
934,Research & Development,Laboratory Technician,34,2008,1,No,No,0.6294,HIGH,v1,46.7,3,14,47.74,"Microsoft Excel, Microsoft Office, Active Listening, Microsoft PowerPoint, Microsoft Word",Microsoft Excel,Learn Microsoft Excel,Advanced Spreadsheet Modelling,Microsoft Learn,12,9.45,Moderate
936,Sales,Sales Executive,42,6244,5,No,No,0.4768,MEDIUM,v1,51.7,3,12,44.87,"Microsoft Excel, Microsoft Office, Salesforce, Speaking, Active Listening",Microsoft Excel,Learn Microsoft Excel,Advanced Spreadsheet Modelling,Microsoft Learn,12,7.762,Moderate
939,Research & Development,Research Scientist,33,2799,3,Yes,No,0.7365,HIGH,v1,35.0,3,11,42.74,"R, Microsoft Office, Science, Critical Thinking, Reading Comprehension",R,Learn R,Statistical Programming in R,Coursera,24,9.45,Low
940,Research & Development,Healthcare Representative,58,10552,6,Yes,No,0.0597,LOW,v1,51.7,3,11,42.0,"Microsoft Excel, Microsoft Office, Microsoft Outlook, Speaking, Reading Comprehension",Microsoft Excel,Learn Microsoft Excel,Advanced Spreadsheet Modelling,Microsoft Learn,12,6.75,Moderate
941,Sales,Sales Representative,31,2329,7,No,No,0.7346,HIGH,v1,53.3,3,8,27.5,"Speaking, Reading Comprehension, Microsoft PowerPoint, Apple macOS, Microsoft Word",Speaking,Learn Speaking,Listening and Influence at Work,LinkedIn Learning,6,8.148,Moderate
942,Research & Development,Healthcare Representative,35,4014,10,Yes,No,0.0778,LOW,v1,76.7,4,10,35.5,"Microsoft Office, Active Listening, Google Workspace, Linux, Microsoft Azure",Microsoft Office,Learn Microsoft Office,Productivity Suite Fundamentals,Microsoft Learn,10,6.75,High
944,Research & Development,Laboratory Technician,49,7403,26,No,No,0.1984,LOW,v1,38.3,3,13,44.24,"Microsoft Excel, Reading Comprehension, Active Listening, Microsoft Word, MEDITECH",Microsoft Excel,Learn Microsoft Excel,Advanced Spreadsheet Modelling,Microsoft Learn,12,6.75,Low
945,Research & Development,Research Scientist,48,2259,0,No,No,0.1198,LOW,v1,61.7,3,10,39.37,"Microsoft Excel, R, Writing, Science, Critical Thinking",Microsoft Excel,Learn Microsoft Excel,Advanced Spreadsheet Modelling,Microsoft Learn,12,6.75,Moderate
947,Sales,Sales Executive,31,6932,9,No,No,0.0585,LOW,v1,71.7,3,10,35.75,"Microsoft Outlook, Active Listening, Adobe Creative Cloud, Adobe InDesign, Critical Thinking",Microsoft Outlook,Learn Microsoft Outlook,Productivity Suite Fundamentals,Microsoft Learn,10,6.75,High
949,Research & Development,Research Scientist,36,4678,6,No,No,0.0883,LOW,v1,70.0,3,11,43.36,"Microsoft Excel, Microsoft Office, Science, Active Learning, Critical Thinking",Microsoft Excel,Learn Microsoft Excel,Advanced Spreadsheet Modelling,Microsoft Learn,12,6.75,High
950,Research & Development,Research Director,38,13582,15,No,No,0.0149,LOW,v1,50.0,3,11,41.88,"Microsoft PowerPoint, Science, Monitoring, Reading Comprehension, Speaking",Microsoft PowerPoint,Learn Microsoft PowerPoint,Presenting Data to Decision Makers,LinkedIn Learning,10,6.75,Moderate
951,Research & Development,Laboratory Technician,32,2332,3,No,No,0.1828,LOW,v1,48.3,4,13,42.99,"Microsoft Office, Active Listening, SAP, MEDITECH, Microsoft Outlook",Microsoft Office,Learn Microsoft Office,Productivity Suite Fundamentals,Microsoft Learn,10,6.75,Moderate
952,Sales,Sales Representative,25,2413,1,Yes,Yes,0.967,HIGH,v1,48.3,3,9,31.76,"Microsoft Excel, Speaking, Active Listening, Microsoft PowerPoint, Microsoft Word",Microsoft Excel,Learn Microsoft Excel,Advanced Spreadsheet Modelling,Microsoft Learn,12,9.45,Moderate
954,Sales,Sales Executive,40,9705,1,No,No,0.7396,HIGH,v1,26.6,3,13,47.5,"Microsoft PowerPoint, Microsoft Excel, Microsoft Outlook, Active Listening, Speaking",Microsoft PowerPoint,Learn Microsoft PowerPoint,Presenting Data to Decision Makers,LinkedIn Learning,10,9.45,Low
956,Sales,Sales Executive,26,4294,7,No,No,0.6173,HIGH,v1,35.0,3,13,49.25,"Microsoft PowerPoint, Microsoft Excel, Microsoft Office, Microsoft Outlook, Active Listening",Microsoft PowerPoint,Learn Microsoft PowerPoint,Presenting Data to Decision Makers,LinkedIn Learning,10,9.45,Low
957,Research & Development,Laboratory Technician,41,4721,18,Yes,No,0.4127,MEDIUM,v1,53.4,3,11,36.87,"Microsoft Office, SAP, Microsoft PowerPoint, Microsoft Word, MEDITECH",Microsoft Office,Learn Microsoft Office,Productivity Suite Fundamentals,Microsoft Learn,10,7.762,Moderate
958,Research & Development,Laboratory Technician,36,2519,11,No,No,0.1539,LOW,v1,66.7,4,9,29.62,"Active Listening, SAP, Microsoft Word, MEDITECH, Microsoft Outlook",Active Listening,Learn Active Listening,Running Effective Remote Meetings,LinkedIn Learning,6,5.43,Moderate
959,Sales,Sales Representative,19,2121,1,Yes,Yes,0.9862,HIGH,v1,56.6,3,11,39.76,"Salesforce, Speaking, Active Listening, Reading Comprehension, IBM SPSS Statistics",Salesforce,Learn Salesforce,Managing the Customer Pipeline,Trailhead,16,9.45,Moderate
960,Research & Development,Laboratory Technician,20,2973,1,No,Yes,0.97,HIGH,v1,30.0,3,14,48.49,"Microsoft Excel, Microsoft Office, Active Listening, SAP, Microsoft PowerPoint",Microsoft Excel,Learn Microsoft Excel,Advanced Spreadsheet Modelling,Microsoft Learn,12,9.45,Low
961,Research & Development,Healthcare Representative,31,5855,9,Yes,No,0.1923,LOW,v1,73.3,3,14,52.38,"Microsoft Excel, Microsoft Office, Salesforce, Speaking, Active Listening",Microsoft Excel,Learn Microsoft Excel,Advanced Spreadsheet Modelling,Microsoft Learn,12,6.75,High
964,Research & Development,Research Scientist,40,3617,1,Yes,No,0.6572,HIGH,v1,66.7,3,15,56.98,"Microsoft Office, Science, Speaking, Active Learning, Critical Thinking",Microsoft Office,Learn Microsoft Office,Productivity Suite Fundamentals,Microsoft Learn,10,9.45,Moderate
966,Research & Development,Manufacturing Director,32,6725,8,No,No,0.1643,LOW,v1,51.7,3,13,49.63,"SAP, Microsoft Office, Microsoft Outlook, Speaking, Reading Comprehension",SAP,Learn SAP,Enterprise Resource Planning Essentials,SAP,24,6.75,Moderate
967,Sales,Sales Executive,36,10325,16,Yes,Yes,0.4159,MEDIUM,v1,61.7,3,13,47.5,"Microsoft PowerPoint, Microsoft Excel, Salesforce, Speaking, Active Listening",Microsoft PowerPoint,Learn Microsoft PowerPoint,Presenting Data to Decision Makers,LinkedIn Learning,10,7.762,Moderate
969,Research & Development,Healthcare Representative,33,6949,5,No,No,0.0755,LOW,v1,55.0,3,9,32.38,"Microsoft Office, Google Workspace, Microsoft Azure, Linux, Apache Hadoop",Microsoft Office,Learn Microsoft Office,Productivity Suite Fundamentals,Microsoft Learn,10,6.75,Moderate
970,Sales,Sales Executive,37,10609,14,No,Yes,0.8982,HIGH,v1,35.0,3,5,16.75,"Microsoft Excel, Critical Thinking, Reading Comprehension, Monitoring, Mathematics",Microsoft Excel,Learn Microsoft Excel,Advanced Spreadsheet Modelling,Microsoft Learn,12,9.45,Low
972,Research & Development,Laboratory Technician,45,4447,9,No,No,0.0577,LOW,v1,48.3,3,10,35.87,"Microsoft Excel, Microsoft Office, Reading Comprehension, SAP, Microsoft PowerPoint",Microsoft Excel,Learn Microsoft Excel,Advanced Spreadsheet Modelling,Microsoft Learn,12,6.75,Moderate
974,Sales,Sales Representative,29,2157,3,No,No,0.5969,HIGH,v1,73.4,3,13,48.14,"Microsoft Excel, Microsoft Office, Speaking, Active Listening, Reading Comprehension",Microsoft Excel,Learn Microsoft Excel,Advanced Spreadsheet Modelling,Microsoft Learn,12,9.45,High
975,Sales,Sales Executive,35,4601,5,No,No,0.3825,MEDIUM,v1,63.4,3,15,53.62,"Microsoft PowerPoint, Microsoft Excel, Microsoft Outlook, Active Listening, Adobe InDesign",Microsoft PowerPoint,Learn Microsoft PowerPoint,Presenting Data to Decision Makers,LinkedIn Learning,10,7.762,Moderate
976,Research & Development,Manager,52,17099,9,No,No,0.0125,LOW,v1,75.0,3,8,29.5,"Microsoft PowerPoint, Speaking, Active Listening, Apple macOS, Atlassian Confluence",Microsoft PowerPoint,Learn Microsoft PowerPoint,Presenting Data to Decision Makers,LinkedIn Learning,10,6.75,High
977,Research & Development,Research Scientist,58,2479,1,No,Yes,0.3164,LOW,v1,66.7,4,14,53.73,"R, Writing, Science, Speaking, Active Learning",R,Learn R,Statistical Programming in R,Coursera,24,6.75,Moderate
981,Sales,Manager,53,14852,17,No,No,0.2523,LOW,v1,71.7,3,8,28.62,"Monitoring, Active Learning, Atlassian JIRA, Google Analytics, Adobe Acrobat",Monitoring,Learn Monitoring,Performance Tracking and Review,LinkedIn Learning,6,6.0,High
982,Sales,Sales Executive,30,7264,8,No,No,0.4749,MEDIUM,v1,65.0,3,11,40.5,"Microsoft PowerPoint, Microsoft Excel, Salesforce, Active Listening, Adobe Creative Cloud",Microsoft PowerPoint,Learn Microsoft PowerPoint,Presenting Data to Decision Makers,LinkedIn Learning,10,7.762,Moderate
983,Sales,Sales Executive,38,5666,5,Yes,No,0.6524,HIGH,v1,73.4,3,14,50.12,"Microsoft PowerPoint, Microsoft Excel, Microsoft Outlook, Speaking, Adobe Creative Cloud",Microsoft PowerPoint,Learn Microsoft PowerPoint,Presenting Data to Decision Makers,LinkedIn Learning,10,9.45,High
984,Sales,Sales Executive,35,7823,10,No,No,0.0654,LOW,v1,80.0,3,12,43.12,"Microsoft PowerPoint, Microsoft Office, Salesforce, Speaking, Adobe Acrobat",Microsoft PowerPoint,Learn Microsoft PowerPoint,Presenting Data to Decision Makers,LinkedIn Learning,10,6.75,High
985,Sales,Sales Executive,39,7880,8,No,No,0.0483,LOW,v1,65.0,3,7,25.5,"Microsoft Excel, Active Listening, Adobe Creative Cloud, Adobe InDesign, Adobe Illustrator",Microsoft Excel,Learn Microsoft Excel,Advanced Spreadsheet Modelling,Microsoft Learn,12,6.75,Moderate
986,Sales,Sales Executive,40,13194,1,Yes,Yes,0.4945,MEDIUM,v1,56.6,3,5,17.25,"Salesforce, Adobe Creative Cloud, Adobe InDesign, Adobe Illustrator, Mathematics",Salesforce,Learn Salesforce,Managing the Customer Pipeline,Trailhead,16,7.762,Moderate
987,Research & Development,Manufacturing Director,47,5067,19,Yes,No,0.0353,LOW,v1,80.0,3,11,42.26,"Microsoft PowerPoint, Microsoft Office, Microsoft Outlook, Monitoring, Reading Comprehension",Microsoft PowerPoint,Learn Microsoft PowerPoint,Presenting Data to Decision Makers,LinkedIn Learning,10,6.75,High
990,Sales,Sales Executive,36,5079,7,No,No,0.0327,LOW,v1,66.7,3,8,26.49,"Speaking, Adobe Creative Cloud, Critical Thinking, Adobe Illustrator, Adobe Photoshop",Speaking,Learn Speaking,Listening and Influence at Work,LinkedIn Learning,6,6.0,Moderate
991,Research & Development,Research Scientist,31,2321,3,Yes,Yes,0.7312,HIGH,v1,31.7,4,10,37.36,"Microsoft Excel, Science, Active Learning, Mathematics, MATLAB",Microsoft Excel,Learn Microsoft Excel,Advanced Spreadsheet Modelling,Microsoft Learn,12,9.45,Low
992,Sales,Manager,33,17444,10,No,No,0.2892,LOW,v1,76.7,3,9,35.38,"Microsoft PowerPoint, Microsoft Excel, Microsoft Office, Monitoring, Critical Thinking",Microsoft PowerPoint,Learn Microsoft PowerPoint,Presenting Data to Decision Makers,LinkedIn Learning,10,6.75,High
994,Research & Development,Research Scientist,29,2404,0,Yes,Yes,0.8404,HIGH,v1,45.0,4,10,39.62,"Microsoft Excel, R, Microsoft Office, Active Learning, Critical Thinking",Microsoft Excel,Learn Microsoft Excel,Advanced Spreadsheet Modelling,Microsoft Learn,12,9.45,Moderate
995,Research & Development,Research Scientist,33,3452,3,No,No,0.2103,LOW,v1,63.3,3,13,52.23,"Microsoft Excel, R, Microsoft Office, Writing, Science",Microsoft Excel,Learn Microsoft Excel,Advanced Spreadsheet Modelling,Microsoft Learn,12,6.75,Moderate
996,Research & Development,Laboratory Technician,45,2270,5,No,No,0.0281,LOW,v1,86.7,3,9,29.75,"Microsoft PowerPoint, Microsoft Word, MEDITECH, Google Docs, Microsoft Outlook",Microsoft PowerPoint,Learn Microsoft PowerPoint,Presenting Data to Decision Makers,LinkedIn Learning,10,5.25,High
997,Research & Development,Research Director,50,17399,5,No,No,0.0056,LOW,v1,78.3,4,9,35.26,"Microsoft Excel, Microsoft Office, Monitoring, Active Listening, Speaking",Microsoft Excel,Learn Microsoft Excel,Advanced Spreadsheet Modelling,Microsoft Learn,12,6.75,High
998,Research & Development,Healthcare Representative,33,5488,6,Yes,No,0.3542,MEDIUM,v1,58.3,3,12,43.63,"Microsoft Excel, Salesforce, Active Listening, Reading Comprehension, Amazon Web Services (AWS)",Microsoft Excel,Learn Microsoft Excel,Advanced Spreadsheet Modelling,Microsoft Learn,12,7.762,Moderate
999,Research & Development,Research Director,41,19419,18,No,No,0.0241,LOW,v1,55.0,3,9,34.5,"Microsoft Excel, Science, Critical Thinking, Active Listening, Speaking",Microsoft Excel,Learn Microsoft Excel,Advanced Spreadsheet Modelling,Microsoft Learn,12,6.75,Moderate
1001,Research & Development,Laboratory Technician,27,2811,2,No,No,0.7399,HIGH,v1,53.3,3,10,34.37,"Microsoft Excel, Microsoft Office, Reading Comprehension, Google Docs, Speaking",Microsoft Excel,Learn Microsoft Excel,Advanced Spreadsheet Modelling,Microsoft Learn,12,9.45,Moderate
1002,Research & Development,Laboratory Technician,45,3633,9,Yes,No,0.3233,LOW,v1,53.4,3,14,48.24,"Microsoft Excel, Reading Comprehension, Active Listening, SAP, Microsoft PowerPoint",Microsoft Excel,Learn Microsoft Excel,Advanced Spreadsheet Modelling,Microsoft Learn,12,6.75,Moderate
1003,Sales,Sales Executive,47,4163,9,Yes,No,0.2604,LOW,v1,83.4,3,13,48.49,"Microsoft PowerPoint, Microsoft Office, Salesforce, Microsoft Outlook, Active Listening",Microsoft PowerPoint,Learn Microsoft PowerPoint,Presenting Data to Decision Makers,LinkedIn Learning,10,6.75,High
1004,Research & Development,Research Scientist,30,2132,5,Yes,Yes,0.9057,HIGH,v1,50.0,3,13,49.49,"Microsoft Office, Writing, Science, Critical Thinking, Reading Comprehension",Microsoft Office,Learn Microsoft Office,Productivity Suite Fundamentals,Microsoft Learn,10,9.45,Moderate
1005,Research & Development,Manufacturing Director,50,13973,12,Yes,No,0.1174,LOW,v1,76.7,3,11,43.13,"SAP, Microsoft Excel, Microsoft Office, Microsoft Outlook, Monitoring",SAP,Learn SAP,Enterprise Resource Planning Essentials,SAP,24,6.75,High
1006,Research & Development,Research Scientist,38,2684,2,No,No,0.1507,LOW,v1,58.4,3,14,54.24,"Microsoft Excel, R, Microsoft Office, Speaking, Critical Thinking",Microsoft Excel,Learn Microsoft Excel,Advanced Spreadsheet Modelling,Microsoft Learn,12,6.75,Moderate
1007,Research & Development,Manufacturing Director,46,10845,8,No,No,0.0448,LOW,v1,70.0,3,11,42.26,"Microsoft PowerPoint, Microsoft Office, Monitoring, Critical Thinking, Reading Comprehension",Microsoft PowerPoint,Learn Microsoft PowerPoint,Presenting Data to Decision Makers,LinkedIn Learning,10,6.75,High
1009,Research & Development,Manufacturing Director,24,4377,4,No,No,0.0894,LOW,v1,61.7,3,12,46.26,"SAP, Microsoft Outlook, Monitoring, Critical Thinking, Speaking",SAP,Learn SAP,Enterprise Resource Planning Essentials,SAP,24,6.75,Moderate
1010,Research & Development,Laboratory Technician,35,3743,4,Yes,Yes,0.7118,HIGH,v1,41.7,4,13,45.74,"Microsoft Excel, Microsoft Office, Reading Comprehension, Active Listening, SAP",Microsoft Excel,Learn Microsoft Excel,Advanced Spreadsheet Modelling,Microsoft Learn,12,9.45,Moderate
1011,Research & Development,Manufacturing Director,31,4148,4,No,No,0.2045,LOW,v1,46.7,3,9,34.63,"Microsoft PowerPoint, Microsoft Excel, Monitoring, Speaking, Learning Strategies",Microsoft PowerPoint,Learn Microsoft PowerPoint,Presenting Data to Decision Makers,LinkedIn Learning,10,6.75,Moderate
1012,Research & Development,Research Scientist,18,1051,0,No,No,0.323,LOW,v1,73.3,3,15,58.11,"Microsoft Excel, R, Microsoft Office, Writing, Speaking",Microsoft Excel,Learn Microsoft Excel,Advanced Spreadsheet Modelling,Microsoft Learn,12,6.75,High
1013,Research & Development,Manufacturing Director,54,10739,10,No,No,0.083,LOW,v1,66.7,3,9,34.89,"SAP, Microsoft Office, Monitoring, Reading Comprehension, Active Listening",SAP,Learn SAP,Enterprise Resource Planning Essentials,SAP,24,6.75,Moderate
1014,Research & Development,Healthcare Representative,35,10388,16,Yes,No,0.5365,MEDIUM,v1,61.7,3,13,48.63,"Microsoft Excel, Microsoft Office, Salesforce, Microsoft Outlook, Reading Comprehension",Microsoft Excel,Learn Microsoft Excel,Advanced Spreadsheet Modelling,Microsoft Learn,12,7.762,Moderate
1015,Research & Development,Research Director,30,11416,8,Yes,No,0.0463,LOW,v1,43.3,3,9,35.0,"Microsoft PowerPoint, Microsoft Office, Science, Active Listening, Writing",Microsoft PowerPoint,Learn Microsoft PowerPoint,Presenting Data to Decision Makers,LinkedIn Learning,10,6.75,Moderate
1016,Research & Development,Research Scientist,20,2600,1,Yes,Yes,0.9342,HIGH,v1,38.3,3,10,37.99,"Microsoft Office, Writing, Science, Active Listening, Mathematics",Microsoft Office,Learn Microsoft Office,Productivity Suite Fundamentals,Microsoft Learn,10,9.45,Low
1017,Research & Development,Laboratory Technician,30,2422,3,No,Yes,0.7674,HIGH,v1,43.3,3,11,38.37,"Microsoft Excel, Microsoft Office, SAP, Microsoft PowerPoint, MEDITECH",Microsoft Excel,Learn Microsoft Excel,Advanced Spreadsheet Modelling,Microsoft Learn,12,9.45,Moderate
1018,Research & Development,Manufacturing Director,26,5472,8,No,No,0.0401,LOW,v1,88.3,3,11,44.0,"Microsoft PowerPoint, Microsoft Excel, Microsoft Office, Microsoft Outlook, Monitoring",Microsoft PowerPoint,Learn Microsoft PowerPoint,Presenting Data to Decision Makers,LinkedIn Learning,10,6.75,High
1019,Research & Development,Laboratory Technician,22,2451,4,No,No,0.9179,HIGH,v1,11.7,3,8,25.37,"Reading Comprehension, Microsoft PowerPoint, Speaking, Monitoring, Electronic Medical Record (EMR)",Reading Comprehension,Learn Reading Comprehension,Business Writing for Clarity,LinkedIn Learning,8,7.875,Low
1022,Research & Development,Healthcare Representative,48,4240,2,No,No,0.1099,LOW,v1,48.3,3,11,41.88,"Microsoft Excel, Microsoft Office, Salesforce, Microsoft Outlook, Linux",Microsoft Excel,Learn Microsoft Excel,Advanced Spreadsheet Modelling,Microsoft Learn,12,6.75,Moderate
1024,Research & Development,Healthcare Representative,48,10999,15,No,No,0.1158,LOW,v1,55.0,3,12,44.13,"Microsoft Excel, Microsoft Office, Salesforce, Reading Comprehension, Linux",Microsoft Excel,Learn Microsoft Excel,Advanced Spreadsheet Modelling,Microsoft Learn,12,6.75,Moderate
1025,Research & Development,Manufacturing Director,41,5003,2,No,No,0.1927,LOW,v1,70.0,3,8,30.87,"Microsoft Excel, Microsoft Outlook, Speaking, Learning Strategies, Active Learning",Microsoft Excel,Learn Microsoft Excel,Advanced Spreadsheet Modelling,Microsoft Learn,12,6.75,High
1026,Research & Development,Manufacturing Director,39,12742,21,No,No,0.0486,LOW,v1,75.0,3,12,48.14,"SAP, Microsoft PowerPoint, Microsoft Office, Microsoft Outlook, Monitoring",SAP,Learn SAP,Enterprise Resource Planning Essentials,SAP,24,6.75,High
1027,Research & Development,Manufacturing Director,27,4227,3,No,No,0.0791,LOW,v1,60.0,3,9,35.26,"SAP, Microsoft Office, Monitoring, Critical Thinking, Reading Comprehension",SAP,Learn SAP,Enterprise Resource Planning Essentials,SAP,24,6.75,Moderate
1028,Research & Development,Laboratory Technician,35,3917,3,No,No,0.23,LOW,v1,58.3,4,10,33.74,"Microsoft Excel, Active Listening, Microsoft Word, MEDITECH, Google Docs",Microsoft Excel,Learn Microsoft Excel,Advanced Spreadsheet Modelling,Microsoft Learn,12,6.75,Moderate
1029,Sales,Manager,42,18303,1,No,No,0.1496,LOW,v1,75.0,3,14,52.5,"Microsoft PowerPoint, Monitoring, Reading Comprehension, Speaking, Active Listening",Microsoft PowerPoint,Learn Microsoft PowerPoint,Presenting Data to Decision Makers,LinkedIn Learning,10,6.75,High
1030,Research & Development,Laboratory Technician,50,2380,1,No,No,0.4322,MEDIUM,v1,60.0,3,10,32.62,"Active Listening, SAP, Microsoft Word, Google Docs, Microsoft Outlook",Active Listening,Learn Active Listening,Running Effective Remote Meetings,LinkedIn Learning,6,6.244,Moderate
1032,Research & Development,Manufacturing Director,59,13726,5,Yes,No,0.2237,LOW,v1,61.7,3,9,33.75,"Microsoft PowerPoint, Critical Thinking, Reading Comprehension, Learning Strategies, Active Learning",Microsoft PowerPoint,Learn Microsoft PowerPoint,Presenting Data to Decision Makers,LinkedIn Learning,10,6.75,Moderate
1033,Research & Development,Healthcare Representative,37,4777,1,No,Yes,0.737,HIGH,v1,10.0,3,14,52.62,"Microsoft Office, Salesforce, Microsoft Outlook, Speaking, Active Listening",Microsoft Office,Learn Microsoft Office,Productivity Suite Fundamentals,Microsoft Learn,10,9.45,Low
1034,Research & Development,Healthcare Representative,55,6385,8,Yes,No,0.3807,MEDIUM,v1,60.0,3,13,47.64,"Salesforce, Microsoft Outlook, Speaking, Reading Comprehension, Google Workspace",Salesforce,Learn Salesforce,Managing the Customer Pipeline,Trailhead,16,7.762,Moderate
1035,Research & Development,Research Director,41,19973,21,No,No,0.0067,LOW,v1,40.0,4,14,53.38,"Microsoft PowerPoint, Microsoft Office, Science, Monitoring, Critical Thinking",Microsoft PowerPoint,Learn Microsoft PowerPoint,Presenting Data to Decision Makers,LinkedIn Learning,10,6.75,Moderate
1036,Sales,Sales Executive,38,6861,1,Yes,No,0.8235,HIGH,v1,70.0,3,9,33.5,"Microsoft Excel, Microsoft Outlook, Active Listening, Adobe Creative Cloud, Adobe InDesign",Microsoft Excel,Learn Microsoft Excel,Advanced Spreadsheet Modelling,Microsoft Learn,12,9.45,High
1037,Sales,Sales Executive,26,4969,2,No,Yes,0.7957,HIGH,v1,26.7,3,10,38.0,"Microsoft Excel, Microsoft Office, Salesforce, Speaking, Adobe InDesign",Microsoft Excel,Learn Microsoft Excel,Advanced Spreadsheet Modelling,Microsoft Learn,12,9.45,Low
1038,Sales,Manager,52,19845,32,No,Yes,0.0312,LOW,v1,50.0,3,13,48.62,"Microsoft PowerPoint, Microsoft Office, Monitoring, Reading Comprehension, Active Listening",Microsoft PowerPoint,Learn Microsoft PowerPoint,Presenting Data to Decision Makers,LinkedIn Learning,10,6.75,Moderate
1039,Sales,Sales Executive,44,13320,12,Yes,No,0.4006,MEDIUM,v1,91.7,3,9,32.24,"Microsoft PowerPoint, Microsoft Excel, Salesforce, Critical Thinking, Adobe Acrobat",Microsoft PowerPoint,Learn Microsoft PowerPoint,Presenting Data to Decision Makers,LinkedIn Learning,10,7.762,High
1040,Sales,Sales Executive,50,6347,18,No,No,0.0009,LOW,v1,66.7,3,11,38.12,"Microsoft Outlook, Speaking, Active Listening, Adobe Illustrator, Adobe Acrobat",Microsoft Outlook,Learn Microsoft Outlook,Productivity Suite Fundamentals,Microsoft Learn,10,6.75,Moderate
1042,Research & Development,Laboratory Technician,36,2743,17,No,Yes,0.478,MEDIUM,v1,55.0,3,5,17.75,"Microsoft Office, Reading Comprehension, MEDITECH, Electronic Medical Record (EMR), Email",Microsoft Office,Learn Microsoft Office,Productivity Suite Fundamentals,Microsoft Learn,10,7.762,Moderate
1043,Research & Development,Manufacturing Director,39,10880,21,Yes,No,0.5394,MEDIUM,v1,53.4,3,10,39.13,"SAP, Microsoft PowerPoint, Microsoft Excel, Speaking, Active Listening",SAP,Learn SAP,Enterprise Resource Planning Essentials,SAP,24,7.762,Moderate
1044,Sales,Sales Representative,33,2342,2,No,No,0.1868,LOW,v1,60.0,3,14,50.14,"Microsoft Excel, Microsoft Office, Speaking, Active Listening, Microsoft Project",Microsoft Excel,Learn Microsoft Excel,Advanced Spreadsheet Modelling,Microsoft Learn,12,6.75,Moderate
1045,Sales,Manager,45,17650,9,No,No,0.02,LOW,v1,85.0,3,11,41.0,"Microsoft Office, Monitoring, Reading Comprehension, Active Listening, Critical Thinking",Microsoft Office,Learn Microsoft Office,Productivity Suite Fundamentals,Microsoft Learn,10,6.75,High
1046,Research & Development,Laboratory Technician,32,4025,8,No,No,0.5217,MEDIUM,v1,70.0,3,12,41.75,"Microsoft Excel, Microsoft Office, Reading Comprehension, Microsoft Word, MEDITECH",Microsoft Excel,Learn Microsoft Excel,Advanced Spreadsheet Modelling,Microsoft Learn,12,7.762,High
1047,Sales,Sales Executive,34,9725,15,No,No,0.0125,LOW,v1,76.7,3,12,44.87,"Microsoft PowerPoint, Salesforce, Microsoft Outlook, Speaking, Adobe Creative Cloud",Microsoft PowerPoint,Learn Microsoft PowerPoint,Presenting Data to Decision Makers,LinkedIn Learning,10,6.75,High
1048,Sales,Manager,59,11904,6,Yes,No,0.4389,MEDIUM,v1,60.0,3,12,45.0,"Microsoft Excel, Microsoft Office, Active Listening, Critical Thinking, Active Learning",Microsoft Excel,Learn Microsoft Excel,Advanced Spreadsheet Modelling,Microsoft Learn,12,7.762,Moderate
1049,Human Resources,Human Resources,45,2177,6,No,No,0.5599,MEDIUM,v1,43.3,3,10,39.5,"Microsoft PowerPoint, Microsoft Excel, Workday, Speaking, Reading Comprehension",Microsoft PowerPoint,Learn Microsoft PowerPoint,Presenting Data to Decision Makers,LinkedIn Learning,10,7.762,Moderate
1050,Sales,Sales Executive,53,7525,15,No,No,0.2854,LOW,v1,41.7,3,9,29.5,"Adobe Creative Cloud, Adobe InDesign, Critical Thinking, Adobe Acrobat, Adobe Photoshop",Adobe Creative Cloud,Learn Adobe Creative Cloud,Digital Image Editing Foundations,Adobe,16,5.25,Moderate
1052,Research & Development,Laboratory Technician,36,4834,1,No,Yes,0.751,HIGH,v1,45.0,3,9,30.75,"Microsoft Excel, SAP, Microsoft PowerPoint, Google Docs, Microsoft Outlook",Microsoft Excel,Learn Microsoft Excel,Advanced Spreadsheet Modelling,Microsoft Learn,12,9.45,Moderate
1053,Research & Development,Research Scientist,26,2042,3,Yes,Yes,0.9375,HIGH,v1,30.0,3,13,49.99,"Microsoft Excel, Writing, Science, Speaking, Critical Thinking",Microsoft Excel,Learn Microsoft Excel,Advanced Spreadsheet Modelling,Microsoft Learn,12,9.45,Low
1055,Sales,Sales Representative,34,2220,1,Yes,No,0.7432,HIGH,v1,70.0,3,11,38.0,"Speaking, Active Listening, Reading Comprehension, Microsoft Project, IBM SPSS Statistics",Speaking,Learn Speaking,Listening and Influence at Work,LinkedIn Learning,6,8.148,High
1056,Sales,Sales Representative,28,1052,1,No,No,0.7236,HIGH,v1,60.0,4,14,51.26,"Microsoft Excel, Microsoft Office, Salesforce, Speaking, Reading Comprehension",Microsoft Excel,Learn Microsoft Excel,Advanced Spreadsheet Modelling,Microsoft Learn,12,9.45,Moderate
1060,Research & Development,Research Scientist,38,2821,2,No,No,0.0929,LOW,v1,60.0,3,9,35.12,"Microsoft Excel, Microsoft Office, Science, Critical Thinking, Active Listening",Microsoft Excel,Learn Microsoft Excel,Advanced Spreadsheet Modelling,Microsoft Learn,12,6.75,Moderate
1061,Research & Development,Research Director,50,19237,8,Yes,No,0.0662,LOW,v1,58.3,3,6,21.38,"Speaking, Active Learning, Microsoft SharePoint, ESRI ArcGIS, Adobe Acrobat",Speaking,Learn Speaking,Listening and Influence at Work,LinkedIn Learning,6,5.82,Moderate
1062,Research & Development,Healthcare Representative,37,4107,4,No,No,0.2231,LOW,v1,51.7,3,10,35.5,"Speaking, Active Listening, Reading Comprehension, Google Workspace, Apache Hadoop",Speaking,Learn Speaking,Listening and Influence at Work,LinkedIn Learning,6,6.375,Moderate
1066,Sales,Sales Executive,40,8396,7,No,No,0.7296,HIGH,v1,38.3,3,10,36.25,"Microsoft Excel, Speaking, Active Listening, Adobe Creative Cloud, Adobe InDesign",Microsoft Excel,Learn Microsoft Excel,Advanced Spreadsheet Modelling,Microsoft Learn,12,9.45,Low
1068,Research & Development,Research Scientist,26,2007,5,No,No,0.1653,LOW,v1,45.0,3,15,59.61,"Microsoft Excel, R, Microsoft Office, Writing, Science",Microsoft Excel,Learn Microsoft Excel,Advanced Spreadsheet Modelling,Microsoft Learn,12,6.75,Moderate
1069,Research & Development,Research Director,46,19627,2,No,No,0.0059,LOW,v1,86.7,3,7,25.38,"Critical Thinking, Speaking, Active Learning, ESRI ArcGIS, Microsoft Visio",Critical Thinking,Learn Critical Thinking,Structured Problem Solving,Coursera,12,6.0,High
1070,Sales,Sales Executive,54,10686,9,No,No,0.4882,MEDIUM,v1,55.0,3,6,23.5,"Microsoft Excel, Salesforce, Speaking, Adobe InDesign, Critical Thinking",Microsoft Excel,Learn Microsoft Excel,Advanced Spreadsheet Modelling,Microsoft Learn,12,7.762,Moderate
1071,Research & Development,Research Scientist,56,2942,5,No,No,0.0272,LOW,v1,50.0,3,11,42.61,"Microsoft Excel, Writing, Science, Speaking, Critical Thinking",Microsoft Excel,Learn Microsoft Excel,Advanced Spreadsheet Modelling,Microsoft Learn,12,6.75,Moderate
1073,Research & Development,Manufacturing Director,36,8858,14,No,No,0.0813,LOW,v1,66.6,3,10,38.25,"SAP, Microsoft Office, Monitoring, Critical Thinking, Learning Strategies",SAP,Learn SAP,Enterprise Resource Planning Essentials,SAP,24,6.75,Moderate
1074,Research & Development,Manager,55,16756,9,No,No,0.1872,LOW,v1,40.0,3,10,37.12,"Microsoft Excel, Monitoring, Speaking, Active Learning, Apple macOS",Microsoft Excel,Learn Microsoft Excel,Advanced Spreadsheet Modelling,Microsoft Learn,12,6.75,Moderate
1076,Sales,Sales Executive,43,10798,1,No,No,0.2518,LOW,v1,68.3,3,13,48.12,"Microsoft PowerPoint, Microsoft Excel, Salesforce, Speaking, Adobe Creative Cloud",Microsoft PowerPoint,Learn Microsoft PowerPoint,Presenting Data to Decision Makers,LinkedIn Learning,10,6.75,Moderate
1077,Sales,Sales Representative,20,2323,2,Yes,Yes,0.9126,HIGH,v1,80.0,3,7,25.76,"Microsoft Excel, Speaking, IBM SPSS Statistics, Microsoft Word, HubSpot",Microsoft Excel,Learn Microsoft Excel,Advanced Spreadsheet Modelling,Microsoft Learn,12,9.45,High
1079,Research & Development,Laboratory Technician,21,1416,1,No,Yes,0.9262,HIGH,v1,26.7,3,15,52.24,"Microsoft Excel, Microsoft Office, Reading Comprehension, Active Listening, SAP",Microsoft Excel,Learn Microsoft Excel,Advanced Spreadsheet Modelling,Microsoft Learn,12,9.45,Low
1080,Research & Development,Research Scientist,46,4615,16,Yes,No,0.1926,LOW,v1,38.3,4,8,30.62,"Microsoft Excel, Active Learning, Critical Thinking, Reading Comprehension, IBM SPSS Statistics",Microsoft Excel,Learn Microsoft Excel,Advanced Spreadsheet Modelling,Microsoft Learn,12,6.75,Low
1081,Research & Development,Research Scientist,51,2461,10,Yes,Yes,0.2464,LOW,v1,58.4,3,8,30.24,"Microsoft Excel, Science, Active Learning, MATLAB, IBM SPSS Statistics",Microsoft Excel,Learn Microsoft Excel,Advanced Spreadsheet Modelling,Microsoft Learn,12,6.75,Moderate
1082,Research & Development,Healthcare Representative,28,8722,10,No,Yes,0.5409,MEDIUM,v1,20.0,3,12,44.87,"Microsoft Excel, Salesforce, Microsoft Outlook, Active Listening, Reading Comprehension",Microsoft Excel,Learn Microsoft Excel,Advanced Spreadsheet Modelling,Microsoft Learn,12,7.762,Low
1083,Research & Development,Laboratory Technician,26,3955,5,No,No,0.7068,HIGH,v1,18.3,3,10,33.37,"Microsoft Excel, Reading Comprehension, SAP, Microsoft Outlook, Speaking",Microsoft Excel,Learn Microsoft Excel,Advanced Spreadsheet Modelling,Microsoft Learn,12,9.45,Low
1084,Research & Development,Manufacturing Director,30,9957,6,No,No,0.1223,LOW,v1,41.7,3,11,42.13,"Microsoft PowerPoint, Microsoft Excel, Microsoft Outlook, Reading Comprehension, Learning Strategies",Microsoft PowerPoint,Learn Microsoft PowerPoint,Presenting Data to Decision Makers,LinkedIn Learning,10,6.75,Moderate
1085,Research & Development,Research Scientist,41,3376,10,No,No,0.0387,LOW,v1,68.3,3,12,47.98,"Microsoft Excel, R, Microsoft Office, Science, Speaking",Microsoft Excel,Learn Microsoft Excel,Advanced Spreadsheet Modelling,Microsoft Learn,12,6.75,Moderate
1088,Research & Development,Healthcare Representative,38,8823,19,No,No,0.0057,LOW,v1,46.7,3,12,44.75,"Microsoft Excel, Salesforce, Microsoft Outlook, Active Listening, Reading Comprehension",Microsoft Excel,Learn Microsoft Excel,Advanced Spreadsheet Modelling,Microsoft Learn,12,6.75,Moderate
1092,Research & Development,Healthcare Representative,40,10322,11,No,No,0.4446,MEDIUM,v1,66.7,4,11,39.51,"Microsoft Excel, Salesforce, Reading Comprehension, Google Workspace, Linux",Microsoft Excel,Learn Microsoft Excel,Advanced Spreadsheet Modelling,Microsoft Learn,12,7.762,Moderate
1094,Research & Development,Laboratory Technician,27,4621,3,No,No,0.0995,LOW,v1,40.0,3,10,34.62,"Microsoft Excel, Reading Comprehension, Microsoft PowerPoint, Microsoft Word, Google Docs",Microsoft Excel,Learn Microsoft Excel,Advanced Spreadsheet Modelling,Microsoft Learn,12,6.75,Moderate
1096,Research & Development,Manufacturing Director,55,10976,3,No,No,0.0211,LOW,v1,60.0,3,12,48.01,"SAP, Microsoft PowerPoint, Microsoft Excel, Microsoft Outlook, Monitoring",SAP,Learn SAP,Enterprise Resource Planning Essentials,SAP,24,6.75,Moderate
1097,Research & Development,Research Scientist,28,3660,8,No,No,0.0474,LOW,v1,75.0,3,11,42.99,"Microsoft Office, Writing, Science, Active Learning, Critical Thinking",Microsoft Office,Learn Microsoft Office,Productivity Suite Fundamentals,Microsoft Learn,10,6.75,High
1098,Human Resources,Human Resources,44,10482,20,No,Yes,0.4524,MEDIUM,v1,35.0,3,10,38.75,"Microsoft Excel, Workday, Microsoft Office, Microsoft Outlook, Speaking",Microsoft Excel,Learn Microsoft Excel,Advanced Spreadsheet Modelling,Microsoft Learn,12,7.762,Low
1099,Research & Development,Healthcare Representative,33,7119,3,No,No,0.057,LOW,v1,75.0,3,10,36.62,"Salesforce, Microsoft Outlook, Active Listening, Amazon Web Services (AWS), Google Workspace",Salesforce,Learn Salesforce,Managing the Customer Pipeline,Trailhead,16,6.75,High
1100,Sales,Sales Executive,35,9582,8,Yes,Yes,0.731,HIGH,v1,46.7,4,10,39.12,"Microsoft Excel, Microsoft Office, Salesforce, Microsoft Outlook, Speaking",Microsoft Excel,Learn Microsoft Excel,Advanced Spreadsheet Modelling,Microsoft Learn,12,9.45,Moderate
1101,Research & Development,Research Scientist,33,4508,13,No,Yes,0.5724,MEDIUM,v1,41.7,4,5,20.12,"R, Science, Reading Comprehension, Critical Thinking, SAS",R,Learn R,Statistical Programming in R,Coursera,24,7.762,Moderate
1102,Research & Development,Laboratory Technician,28,2207,4,No,No,0.4245,MEDIUM,v1,51.7,3,12,39.99,"Microsoft Excel, Active Listening, Microsoft PowerPoint, MEDITECH, Microsoft Outlook",Microsoft Excel,Learn Microsoft Excel,Advanced Spreadsheet Modelling,Microsoft Learn,12,7.762,Moderate
1103,Research & Development,Healthcare Representative,34,7756,6,No,No,0.1888,LOW,v1,58.3,3,16,60.38,"Microsoft Excel, Salesforce, Microsoft Outlook, Microsoft Office, Speaking",Microsoft Excel,Learn Microsoft Excel,Advanced Spreadsheet Modelling,Microsoft Learn,12,6.75,Moderate
1105,Sales,Sales Executive,37,6694,1,Yes,No,0.2605,LOW,v1,75.0,3,11,41.12,"Microsoft PowerPoint, Microsoft Excel, Microsoft Office, Microsoft Outlook, Active Listening",Microsoft PowerPoint,Learn Microsoft PowerPoint,Presenting Data to Decision Makers,LinkedIn Learning,10,6.75,High
1106,Research & Development,Laboratory Technician,25,3691,7,Yes,Yes,0.4405,MEDIUM,v1,85.0,3,14,48.24,"Microsoft Excel, Microsoft Office, Reading Comprehension, Active Listening, Microsoft PowerPoint",Microsoft Excel,Learn Microsoft Excel,Advanced Spreadsheet Modelling,Microsoft Learn,12,7.762,High
1107,Research & Development,Laboratory Technician,26,2377,1,No,Yes,0.8547,HIGH,v1,48.4,4,12,40.49,"Microsoft Office, Active Listening, SAP, Microsoft Word, Google Docs",Microsoft Office,Learn Microsoft Office,Productivity Suite Fundamentals,Microsoft Learn,10,9.45,Moderate
1108,Research & Development,Research Scientist,33,2313,2,Yes,Yes,0.9659,HIGH,v1,31.6,4,11,41.98,"R, Science, Speaking, Active Learning, Critical Thinking",R,Learn R,Statistical Programming in R,Coursera,24,9.45,Low
1109,Research & Development,Manager,42,17665,22,No,No,0.013,LOW,v1,56.7,3,8,29.62,"Microsoft Excel, Reading Comprehension, Active Learning, Atlassian JIRA, Atlassian Confluence",Microsoft Excel,Learn Microsoft Excel,Advanced Spreadsheet Modelling,Microsoft Learn,12,6.75,Moderate
1111,Research & Development,Laboratory Technician,28,2596,1,No,Yes,0.8922,HIGH,v1,28.3,3,10,35.87,"Microsoft Excel, Microsoft Office, Reading Comprehension, Active Listening, Microsoft PowerPoint",Microsoft Excel,Learn Microsoft Excel,Advanced Spreadsheet Modelling,Microsoft Learn,12,9.45,Low
1113,Sales,Sales Executive,50,4728,0,Yes,Yes,0.5973,HIGH,v1,76.7,3,7,26.25,"Salesforce, Microsoft Outlook, Speaking, Adobe InDesign, Reading Comprehension",Salesforce,Learn Salesforce,Managing the Customer Pipeline,Trailhead,16,9.45,High
1114,Sales,Sales Executive,33,4302,3,No,No,0.1365,LOW,v1,63.3,3,10,36.62,"Microsoft PowerPoint, Salesforce, Microsoft Outlook, Speaking, Adobe Creative Cloud",Microsoft PowerPoint,Learn Microsoft PowerPoint,Presenting Data to Decision Makers,LinkedIn Learning,10,6.75,Moderate
1115,Research & Development,Research Scientist,34,2979,0,No,No,0.023,LOW,v1,71.7,3,9,34.49,"Microsoft Office, Writing, Speaking, Reading Comprehension, Mathematics",Microsoft Office,Learn Microsoft Office,Productivity Suite Fundamentals,Microsoft Learn,10,6.75,High
1116,Research & Development,Manager,48,16885,5,No,No,0.0152,LOW,v1,66.7,4,10,36.0,"Microsoft Excel, Critical Thinking, Active Learning, Apple macOS, Atlassian JIRA",Microsoft Excel,Learn Microsoft Excel,Advanced Spreadsheet Modelling,Microsoft Learn,12,6.75,Moderate
1117,Sales,Sales Executive,45,5593,15,No,No,0.0215,LOW,v1,55.0,3,7,24.62,"Active Listening, Adobe Creative Cloud, Adobe InDesign, Critical Thinking, Adobe Acrobat",Active Listening,Learn Active Listening,Running Effective Remote Meetings,LinkedIn Learning,6,6.0,Moderate
1118,Research & Development,Healthcare Representative,52,10445,8,No,No,0.2284,LOW,v1,53.3,3,9,34.63,"Microsoft Excel, Salesforce, Microsoft Outlook, Speaking, Google Workspace",Microsoft Excel,Learn Microsoft Excel,Advanced Spreadsheet Modelling,Microsoft Learn,12,6.75,Moderate
1119,Sales,Sales Executive,38,8740,8,Yes,No,0.3107,LOW,v1,55.0,3,13,47.75,"Microsoft Excel, Microsoft Office, Speaking, Active Listening, Adobe Creative Cloud",Microsoft Excel,Learn Microsoft Excel,Advanced Spreadsheet Modelling,Microsoft Learn,12,6.75,Moderate
1120,Research & Development,Research Scientist,29,2514,7,No,No,0.0646,LOW,v1,70.0,4,14,53.86,"R, Microsoft Office, Science, Active Learning, Critical Thinking",R,Learn R,Statistical Programming in R,Coursera,24,6.75,High
1121,Research & Development,Manufacturing Director,28,7655,9,No,No,0.0074,LOW,v1,55.0,3,8,30.63,"SAP, Microsoft Excel, Monitoring, Learning Strategies, Adobe After Effects",SAP,Learn SAP,Enterprise Resource Planning Essentials,SAP,24,6.75,Moderate
1124,Sales,Manager,46,17465,12,No,No,0.1668,LOW,v1,56.7,3,10,37.38,"Microsoft PowerPoint, Microsoft Office, Monitoring, Critical Thinking, Atlassian JIRA",Microsoft PowerPoint,Learn Microsoft PowerPoint,Presenting Data to Decision Makers,LinkedIn Learning,10,6.75,Moderate
1125,Sales,Sales Executive,38,7351,1,No,No,0.7241,HIGH,v1,63.3,3,13,49.0,"Microsoft PowerPoint, Microsoft Excel, Microsoft Office, Microsoft Outlook, Active Listening",Microsoft PowerPoint,Learn Microsoft PowerPoint,Presenting Data to Decision Makers,LinkedIn Learning,10,9.45,Moderate
1126,Research & Development,Manufacturing Director,43,10820,8,No,No,0.5303,MEDIUM,v1,46.7,3,10,39.13,"Microsoft PowerPoint, Microsoft Excel, Monitoring, Critical Thinking, Reading Comprehension",Microsoft PowerPoint,Learn Microsoft PowerPoint,Presenting Data to Decision Makers,LinkedIn Learning,10,7.762,Moderate
1127,Research & Development,Healthcare Representative,39,12169,18,No,Yes,0.4071,MEDIUM,v1,66.7,3,6,21.0,"Salesforce, Google Workspace, Microsoft Azure, Linux, Monitoring",Salesforce,Learn Salesforce,Managing the Customer Pipeline,Trailhead,16,7.762,Moderate
1128,Research & Development,Research Director,40,19626,20,No,No,0.0916,LOW,v1,56.7,3,10,38.26,"Microsoft PowerPoint, Microsoft Excel, Active Listening, Speaking, Writing",Microsoft PowerPoint,Learn Microsoft PowerPoint,Presenting Data to Decision Makers,LinkedIn Learning,10,6.75,Moderate
1131,Research & Development,Research Scientist,21,2070,2,Yes,No,0.6129,HIGH,v1,60.0,3,10,38.12,"R, Active Learning, Critical Thinking, Reading Comprehension, Active Listening",R,Learn R,Statistical Programming in R,Coursera,24,9.45,Moderate
1132,Research & Development,Laboratory Technician,39,6782,5,No,No,0.4955,MEDIUM,v1,51.7,3,12,40.37,"Microsoft Excel, SAP, Microsoft PowerPoint, Microsoft Word, Google Docs",Microsoft Excel,Learn Microsoft Excel,Advanced Spreadsheet Modelling,Microsoft Learn,12,7.762,Moderate
1133,Research & Development,Manufacturing Director,36,7779,11,No,No,0.0825,LOW,v1,56.7,4,11,42.13,"SAP, Microsoft Excel, Monitoring, Speaking, Active Listening",SAP,Learn SAP,Enterprise Resource Planning Essentials,SAP,24,6.75,Moderate
1135,Sales,Sales Representative,31,2791,2,No,No,0.4601,MEDIUM,v1,78.3,3,12,43.26,"Microsoft Excel, Salesforce, Active Listening, Microsoft Project, IBM SPSS Statistics",Microsoft Excel,Learn Microsoft Excel,Advanced Spreadsheet Modelling,Microsoft Learn,12,7.762,High
1136,Research & Development,Research Scientist,28,3201,5,No,No,0.2188,LOW,v1,18.3,3,13,50.11,"Microsoft Excel, Writing, Science, Speaking, Critical Thinking",Microsoft Excel,Learn Microsoft Excel,Advanced Spreadsheet Modelling,Microsoft Learn,12,6.75,Low
1137,Sales,Sales Executive,35,4968,5,No,No,0.177,LOW,v1,86.7,3,12,45.37,"Microsoft PowerPoint, Microsoft Office, Salesforce, Microsoft Outlook, Speaking",Microsoft PowerPoint,Learn Microsoft PowerPoint,Presenting Data to Decision Makers,LinkedIn Learning,10,6.75,High
1138,Sales,Sales Executive,49,13120,9,No,No,0.4923,MEDIUM,v1,51.6,3,8,30.37,"Microsoft Excel, Microsoft Office, Salesforce, Adobe Creative Cloud, Adobe Acrobat",Microsoft Excel,Learn Microsoft Excel,Advanced Spreadsheet Modelling,Microsoft Learn,12,7.762,Moderate
1140,Research & Development,Manufacturing Director,34,4033,3,No,No,0.2343,LOW,v1,71.7,3,16,63.13,"SAP, Microsoft PowerPoint, Microsoft Excel, Microsoft Outlook, Microsoft Office",SAP,Learn SAP,Enterprise Resource Planning Essentials,SAP,24,6.75,High
1143,Research & Development,Research Scientist,29,3291,7,No,No,0.0414,LOW,v1,61.7,3,12,47.36,"Microsoft Excel, R, Microsoft Office, Science, Active Learning",Microsoft Excel,Learn Microsoft Excel,Advanced Spreadsheet Modelling,Microsoft Learn,12,6.75,Moderate
1148,Research & Development,Laboratory Technician,42,4272,1,No,No,0.9142,HIGH,v1,46.7,3,15,50.62,"Microsoft Office, Reading Comprehension, Active Listening, SAP, Microsoft PowerPoint",Microsoft Office,Learn Microsoft Office,Productivity Suite Fundamentals,Microsoft Learn,10,9.45,Moderate
1150,Research & Development,Manufacturing Director,29,5056,10,Yes,No,0.5096,MEDIUM,v1,56.6,3,11,42.38,"Microsoft PowerPoint, Microsoft Excel, Microsoft Office, Critical Thinking, Active Listening",Microsoft PowerPoint,Learn Microsoft PowerPoint,Presenting Data to Decision Makers,LinkedIn Learning,10,7.762,Moderate
1152,Human Resources,Human Resources,38,2844,7,No,No,0.2156,LOW,v1,83.4,3,9,35.5,"Microsoft Excel, Workday, Microsoft Office, Microsoft Outlook, Oracle HRIS",Microsoft Excel,Learn Microsoft Excel,Advanced Spreadsheet Modelling,Microsoft Learn,12,6.75,High
1154,Research & Development,Research Scientist,28,2703,3,Yes,No,0.5333,MEDIUM,v1,61.7,3,11,40.74,"Speaking, Critical Thinking, Reading Comprehension, Active Listening, Mathematics",Speaking,Learn Speaking,Listening and Influence at Work,LinkedIn Learning,6,7.107,Moderate
1156,Research & Development,Laboratory Technician,18,1904,0,No,Yes,0.713,HIGH,v1,70.0,3,12,41.99,"Microsoft Excel, Microsoft Office, Reading Comprehension, Active Listening, Microsoft PowerPoint",Microsoft Excel,Learn Microsoft Excel,Advanced Spreadsheet Modelling,Microsoft Learn,12,9.45,High
1157,Sales,Sales Executive,33,8224,5,Yes,Yes,0.8831,HIGH,v1,26.7,3,9,34.37,"Microsoft Excel, Salesforce, Microsoft Outlook, Speaking, Adobe Creative Cloud",Microsoft Excel,Learn Microsoft Excel,Advanced Spreadsheet Modelling,Microsoft Learn,12,9.45,Low
1158,Research & Development,Laboratory Technician,41,4766,1,Yes,No,0.8621,HIGH,v1,63.3,3,10,33.99,"Microsoft Excel, Reading Comprehension, Active Listening, MEDITECH, Google Docs",Microsoft Excel,Learn Microsoft Excel,Advanced Spreadsheet Modelling,Microsoft Learn,12,9.45,Moderate
1160,Research & Development,Laboratory Technician,31,2610,2,No,Yes,0.5399,MEDIUM,v1,61.7,3,13,46.0,"Microsoft Excel, Microsoft Office, Reading Comprehension, SAP, Microsoft PowerPoint",Microsoft Excel,Learn Microsoft Excel,Advanced Spreadsheet Modelling,Microsoft Learn,12,7.762,Moderate
1161,Research & Development,Healthcare Representative,37,5731,6,No,No,0.1746,LOW,v1,68.3,3,11,40.64,"Microsoft Office, Microsoft Outlook, Speaking, Reading Comprehension, Google Workspace",Microsoft Office,Learn Microsoft Office,Productivity Suite Fundamentals,Microsoft Learn,10,6.75,Moderate
1162,Research & Development,Research Scientist,27,2539,4,No,No,0.2199,LOW,v1,65.0,3,9,34.75,"Microsoft Excel, Writing, Critical Thinking, Reading Comprehension, Active Listening",Microsoft Excel,Learn Microsoft Excel,Advanced Spreadsheet Modelling,Microsoft Learn,12,6.75,Moderate
1163,Sales,Sales Executive,34,5714,6,No,No,0.2923,LOW,v1,48.3,4,13,47.49,"Microsoft PowerPoint, Microsoft Office, Microsoft Outlook, Active Listening, Speaking",Microsoft PowerPoint,Learn Microsoft PowerPoint,Presenting Data to Decision Makers,LinkedIn Learning,10,6.75,Moderate
1164,Human Resources,Human Resources,35,4323,5,No,No,0.4412,MEDIUM,v1,53.4,3,9,34.5,"Workday, Microsoft Outlook, Speaking, Oracle HRIS, Writing",Workday,Learn Microsoft Outlook,Productivity Suite Fundamentals,Microsoft Learn,10,7.762,Moderate
1165,Sales,Sales Executive,29,7336,11,No,Yes,0.6134,HIGH,v1,28.3,3,8,28.5,"Salesforce, Speaking, Active Listening, Adobe Creative Cloud, Critical Thinking",Salesforce,Learn Salesforce,Managing the Customer Pipeline,Trailhead,16,9.45,Low
1166,Research & Development,Research Director,40,13499,18,No,No,0.2383,LOW,v1,55.0,3,6,23.88,"Microsoft PowerPoint, Microsoft Excel, Active Listening, Writing, IBM SPSS Statistics",Microsoft PowerPoint,Learn Microsoft PowerPoint,Presenting Data to Decision Makers,LinkedIn Learning,10,6.75,Moderate
1167,Sales,Sales Executive,42,13758,21,Yes,Yes,0.8762,HIGH,v1,38.3,3,11,40.87,"Microsoft PowerPoint, Microsoft Excel, Microsoft Office, Speaking, Active Listening",Microsoft PowerPoint,Learn Microsoft PowerPoint,Presenting Data to Decision Makers,LinkedIn Learning,10,9.45,Low
1171,Sales,Sales Executive,42,5155,6,No,No,0.5462,MEDIUM,v1,48.3,3,11,42.12,"Microsoft PowerPoint, Microsoft Excel, Microsoft Office, Microsoft Outlook, Speaking",Microsoft PowerPoint,Learn Microsoft PowerPoint,Presenting Data to Decision Makers,LinkedIn Learning,10,7.762,Moderate
1172,Research & Development,Laboratory Technician,35,2258,8,No,No,0.3136,LOW,v1,61.7,3,10,33.25,"Microsoft Excel, SAP, MEDITECH, Google Docs, Critical Thinking",Microsoft Excel,Learn Microsoft Excel,Advanced Spreadsheet Modelling,Microsoft Learn,12,6.75,Moderate
1173,Research & Development,Laboratory Technician,24,3597,4,No,No,0.7925,HIGH,v1,66.7,4,11,36.87,"Microsoft Office, Microsoft Word, MEDITECH, Google Docs, Microsoft Outlook",Microsoft Office,Learn Microsoft Office,Productivity Suite Fundamentals,Microsoft Learn,10,9.45,Moderate
1175,Research & Development,Laboratory Technician,28,2515,1,Yes,Yes,0.7684,HIGH,v1,75.0,3,14,45.74,"Active Listening, SAP, Microsoft PowerPoint, Microsoft Word, MEDITECH",Active Listening,Learn Active Listening,Running Effective Remote Meetings,LinkedIn Learning,6,7.602,High
1177,Research & Development,Laboratory Technician,26,4420,8,No,No,0.0702,LOW,v1,68.3,4,9,30.99,"Microsoft Excel, Active Listening, SAP, Microsoft Word, Google Docs",Microsoft Excel,Learn Microsoft Excel,Advanced Spreadsheet Modelling,Microsoft Learn,12,6.75,Moderate
1179,Sales,Sales Executive,30,6578,10,No,No,0.2983,LOW,v1,51.7,3,9,34.62,"Microsoft PowerPoint, Microsoft Excel, Microsoft Office, Salesforce, Adobe InDesign",Microsoft PowerPoint,Learn Microsoft PowerPoint,Presenting Data to Decision Makers,LinkedIn Learning,10,6.75,Moderate
1180,Research & Development,Research Scientist,40,4422,1,Yes,No,0.7456,HIGH,v1,61.7,3,8,30.24,"Microsoft Excel, Speaking, Critical Thinking, Mathematics, MATLAB",Microsoft Excel,Learn Microsoft Excel,Advanced Spreadsheet Modelling,Microsoft Learn,12,9.45,Moderate
1182,Research & Development,Manufacturing Director,35,10274,7,No,No,0.0967,LOW,v1,50.0,3,8,32.0,"Microsoft PowerPoint, Microsoft Excel, Microsoft Office, Speaking, Reading Comprehension",Microsoft PowerPoint,Learn Microsoft PowerPoint,Presenting Data to Decision Makers,LinkedIn Learning,10,6.75,Moderate
1184,Research & Development,Healthcare Representative,34,5343,13,No,No,0.0573,LOW,v1,45.0,4,10,36.5,"Salesforce, Microsoft Outlook, Active Listening, Google Workspace, Apache Hadoop",Salesforce,Learn Salesforce,Managing the Customer Pipeline,Trailhead,16,6.75,Moderate
1185,Research & Development,Laboratory Technician,35,2376,2,No,No,0.2704,LOW,v1,76.7,3,14,48.62,"Microsoft Excel, Microsoft Office, Reading Comprehension, Active Listening, Microsoft PowerPoint",Microsoft Excel,Learn Microsoft Excel,Advanced Spreadsheet Modelling,Microsoft Learn,12,6.75,High
1188,Sales,Sales Executive,43,5346,4,No,Yes,0.8616,HIGH,v1,28.3,3,8,30.25,"Microsoft PowerPoint, Microsoft Outlook, Active Listening, Adobe Creative Cloud, Adobe InDesign",Microsoft PowerPoint,Learn Microsoft PowerPoint,Presenting Data to Decision Makers,LinkedIn Learning,10,9.45,Low
1190,Sales,Sales Representative,32,2827,1,No,No,0.1962,LOW,v1,46.7,3,15,52.76,"Microsoft Office, Active Listening, Speaking, Reading Comprehension, Microsoft PowerPoint",Microsoft Office,Learn Microsoft Office,Productivity Suite Fundamentals,Microsoft Learn,10,6.75,Moderate
1191,Research & Development,Manager,56,19943,5,No,No,0.0582,LOW,v1,56.7,3,10,38.0,"Microsoft PowerPoint, Microsoft Office, Speaking, Active Listening, Critical Thinking",Microsoft PowerPoint,Learn Microsoft PowerPoint,Presenting Data to Decision Makers,LinkedIn Learning,10,6.75,Moderate
1192,Research & Development,Laboratory Technician,29,3131,10,No,No,0.0602,LOW,v1,63.3,3,11,37.24,"Microsoft Excel, Reading Comprehension, Active Listening, SAP, Microsoft Outlook",Microsoft Excel,Learn Microsoft Excel,Advanced Spreadsheet Modelling,Microsoft Learn,12,6.75,Moderate
1193,Research & Development,Research Scientist,19,2552,1,No,No,0.5616,MEDIUM,v1,46.7,4,11,43.61,"R, Microsoft Office, Writing, Science, Speaking",R,Learn R,Statistical Programming in R,Coursera,24,7.762,Moderate
1195,Research & Development,Research Scientist,45,4477,3,Yes,No,0.2936,LOW,v1,48.4,3,10,39.74,"Microsoft Excel, R, Microsoft Office, Science, Active Learning",Microsoft Excel,Learn Microsoft Excel,Advanced Spreadsheet Modelling,Microsoft Learn,12,6.75,Moderate
1196,Research & Development,Manufacturing Director,37,6474,14,No,No,0.0203,LOW,v1,66.6,3,9,35.88,"SAP, Microsoft PowerPoint, Microsoft Excel, Microsoft Outlook, Speaking",SAP,Learn SAP,Enterprise Resource Planning Essentials,SAP,24,6.75,Moderate
1198,Research & Development,Laboratory Technician,20,3033,2,No,No,0.8697,HIGH,v1,33.3,3,13,44.24,"Microsoft Office, Reading Comprehension, Active Listening, SAP, Microsoft PowerPoint",Microsoft Office,Learn Microsoft Office,Productivity Suite Fundamentals,Microsoft Learn,10,9.45,Low
1200,Research & Development,Research Scientist,44,2936,6,Yes,Yes,0.3676,MEDIUM,v1,66.7,3,9,34.86,"Microsoft Office, Science, Active Learning, Reading Comprehension, Active Listening",Microsoft Office,Learn Microsoft Office,Productivity Suite Fundamentals,Microsoft Learn,10,7.762,Moderate
1201,Research & Development,Manager,53,18606,7,No,No,0.0051,LOW,v1,70.0,3,8,30.0,"Microsoft Excel, Microsoft Office, Monitoring, Atlassian JIRA, Atlassian Confluence",Microsoft Excel,Learn Microsoft Excel,Advanced Spreadsheet Modelling,Microsoft Learn,12,6.75,High
1202,Research & Development,Research Scientist,29,2168,5,Yes,No,0.508,MEDIUM,v1,41.7,3,13,50.73,"Microsoft Excel, Microsoft Office, Writing, Science, Speaking",Microsoft Excel,Learn Microsoft Excel,Advanced Spreadsheet Modelling,Microsoft Learn,12,7.762,Moderate
1203,Research & Development,Research Scientist,22,2853,0,Yes,Yes,0.6906,HIGH,v1,65.0,3,13,50.11,"R, Writing, Science, Speaking, Active Learning",R,Learn R,Statistical Programming in R,Coursera,24,9.45,Moderate
1204,Sales,Manager,46,17048,26,No,No,0.6795,HIGH,v1,40.0,4,6,22.5,"Microsoft PowerPoint, Microsoft Office, Apple macOS, Writing, Autodesk AutoCAD",Microsoft PowerPoint,Learn Microsoft PowerPoint,Presenting Data to Decision Makers,LinkedIn Learning,10,9.45,Moderate
1206,Research & Development,Research Scientist,44,2290,0,No,No,0.1895,LOW,v1,60.0,3,14,53.11,"Microsoft Excel, Writing, Science, Active Learning, Critical Thinking",Microsoft Excel,Learn Microsoft Excel,Advanced Spreadsheet Modelling,Microsoft Learn,12,6.75,Moderate
1207,Human Resources,Human Resources,33,3600,5,No,No,0.2361,LOW,v1,63.4,3,10,38.62,"Microsoft Excel, Workday, Speaking, Applicant Tracking System (ATS), Reading Comprehension",Microsoft Excel,Learn Microsoft Excel,Advanced Spreadsheet Modelling,Microsoft Learn,12,6.75,Moderate
1210,Research & Development,Research Scientist,41,2107,1,No,Yes,0.5303,MEDIUM,v1,8.3,3,12,46.74,"Microsoft Excel, R, Microsoft Office, Speaking, Critical Thinking",Microsoft Excel,Learn Microsoft Excel,Advanced Spreadsheet Modelling,Microsoft Learn,12,7.762,Low
1211,Sales,Sales Executive,30,4115,4,No,No,0.3147,LOW,v1,46.7,3,7,24.62,"Microsoft PowerPoint, Microsoft Excel, Adobe InDesign, Adobe Illustrator, Writing",Microsoft PowerPoint,Learn Microsoft PowerPoint,Presenting Data to Decision Makers,LinkedIn Learning,10,6.75,Moderate
1212,Sales,Sales Executive,40,4327,0,No,No,0.5069,MEDIUM,v1,53.3,3,9,34.5,"Microsoft PowerPoint, Microsoft Office, Microsoft Outlook, Speaking, Adobe InDesign",Microsoft PowerPoint,Learn Microsoft PowerPoint,Presenting Data to Decision Makers,LinkedIn Learning,10,7.762,Moderate
1215,Research & Development,Manager,50,17856,2,No,No,0.0043,LOW,v1,53.4,4,9,33.5,"Microsoft PowerPoint, Monitoring, Active Listening, Apple macOS, Atlassian JIRA",Microsoft PowerPoint,Learn Microsoft PowerPoint,Presenting Data to Decision Makers,LinkedIn Learning,10,6.75,Moderate
1216,Research & Development,Laboratory Technician,28,3196,6,No,No,0.439,MEDIUM,v1,45.0,3,12,40.0,"Reading Comprehension, SAP, Microsoft PowerPoint, Microsoft Word, MEDITECH",Reading Comprehension,Learn Reading Comprehension,Business Writing for Clarity,LinkedIn Learning,8,6.469,Moderate
1217,Research & Development,Research Director,46,19081,4,No,No,0.0302,LOW,v1,56.7,3,6,23.62,"Microsoft PowerPoint, Science, Critical Thinking, Reading Comprehension, ESRI ArcGIS",Microsoft PowerPoint,Learn Microsoft PowerPoint,Presenting Data to Decision Makers,LinkedIn Learning,10,6.75,Moderate
1218,Sales,Sales Executive,35,8966,7,Yes,No,0.2578,LOW,v1,50.0,3,8,30.0,"Microsoft Excel, Salesforce, Microsoft Outlook, Speaking, Adobe InDesign",Microsoft Excel,Learn Microsoft Excel,Advanced Spreadsheet Modelling,Microsoft Learn,12,6.75,Moderate
1219,Research & Development,Laboratory Technician,24,2210,1,No,Yes,0.7753,HIGH,v1,46.7,3,12,41.49,"Microsoft Excel, Microsoft Office, Active Listening, SAP, Microsoft PowerPoint",Microsoft Excel,Learn Microsoft Excel,Advanced Spreadsheet Modelling,Microsoft Learn,12,9.45,Moderate
1220,Sales,Sales Executive,33,4539,10,No,No,0.5797,MEDIUM,v1,48.3,3,10,36.75,"Microsoft PowerPoint, Salesforce, Microsoft Outlook, Active Listening, Adobe Creative Cloud",Microsoft PowerPoint,Learn Microsoft PowerPoint,Presenting Data to Decision Makers,LinkedIn Learning,10,7.762,Moderate
1221,Research & Development,Laboratory Technician,36,2741,7,No,No,0.0938,LOW,v1,50.0,3,10,33.74,"Microsoft Excel, Active Listening, Microsoft Word, MEDITECH, Microsoft Outlook",Microsoft Excel,Learn Microsoft Excel,Advanced Spreadsheet Modelling,Microsoft Learn,12,6.75,Moderate
1224,Research & Development,Laboratory Technician,30,3491,10,No,No,0.2663,LOW,v1,55.0,3,12,40.62,"Microsoft Excel, Microsoft Office, Reading Comprehension, Microsoft Word, Critical Thinking",Microsoft Excel,Learn Microsoft Excel,Advanced Spreadsheet Modelling,Microsoft Learn,12,6.75,Moderate
1225,Research & Development,Research Scientist,44,4541,20,No,No,0.1444,LOW,v1,80.0,4,7,26.37,"Writing, Active Learning, Active Listening, MATLAB, ESRI ArcGIS",Writing,Learn Writing,Business Writing for Clarity,LinkedIn Learning,8,6.375,High
1226,Sales,Sales Representative,20,2678,2,No,No,0.6066,HIGH,v1,88.3,3,11,40.38,"Microsoft Excel, Microsoft Office, Salesforce, IBM SPSS Statistics, Microsoft PowerPoint",Microsoft Excel,Learn Microsoft Excel,Advanced Spreadsheet Modelling,Microsoft Learn,12,9.45,High
1228,Research & Development,Manufacturing Director,46,7379,6,No,No,0.0425,LOW,v1,78.3,3,12,47.01,"SAP, Microsoft PowerPoint, Microsoft Excel, Monitoring, Critical Thinking",SAP,Learn SAP,Enterprise Resource Planning Essentials,SAP,24,6.75,High
1231,Human Resources,Human Resources,42,6272,4,No,No,0.0561,LOW,v1,60.0,3,6,22.75,"Microsoft Office, Speaking, Writing, Adobe Acrobat, Adobe Photoshop",Microsoft Office,Learn Microsoft Office,Productivity Suite Fundamentals,Microsoft Learn,10,6.75,Moderate
1233,Sales,Sales Executive,60,5220,11,Yes,No,0.0323,LOW,v1,75.0,3,15,55.87,"Microsoft PowerPoint, Microsoft Excel, Microsoft Office, Salesforce, Microsoft Outlook",Microsoft PowerPoint,Learn Microsoft PowerPoint,Presenting Data to Decision Makers,LinkedIn Learning,10,6.75,High
1234,Research & Development,Laboratory Technician,32,2743,2,No,No,0.5768,MEDIUM,v1,48.3,4,11,36.37,"Microsoft Office, SAP, Microsoft PowerPoint, Microsoft Word, Critical Thinking",Microsoft Office,Learn Microsoft Office,Productivity Suite Fundamentals,Microsoft Learn,10,7.762,Moderate
1235,Research & Development,Research Scientist,32,4998,8,Yes,No,0.3074,LOW,v1,76.7,3,13,50.49,"Microsoft Excel, Microsoft Office, Writing, Science, Speaking",Microsoft Excel,Learn Microsoft Excel,Advanced Spreadsheet Modelling,Microsoft Learn,12,6.75,High
1237,Research & Development,Manufacturing Director,36,10252,7,Yes,No,0.6045,HIGH,v1,30.0,4,8,30.76,"Microsoft PowerPoint, Microsoft Outlook, Reading Comprehension, Active Listening, Active Learning",Microsoft PowerPoint,Learn Microsoft PowerPoint,Presenting Data to Decision Makers,LinkedIn Learning,10,9.45,Low
1238,Research & Development,Research Scientist,33,2781,14,No,No,0.0149,LOW,v1,60.0,3,14,54.11,"R, Microsoft Office, Writing, Science, Speaking",R,Learn R,Statistical Programming in R,Coursera,24,6.75,Moderate
1239,Sales,Sales Executive,40,6852,5,No,No,0.6912,HIGH,v1,43.3,3,11,42.75,"Microsoft PowerPoint, Microsoft Excel, Salesforce, Microsoft Outlook, Speaking",Microsoft PowerPoint,Learn Microsoft PowerPoint,Presenting Data to Decision Makers,LinkedIn Learning,10,9.45,Moderate
1240,Sales,Sales Executive,25,4950,4,No,No,0.2855,LOW,v1,73.4,3,11,40.37,"Microsoft PowerPoint, Microsoft Outlook, Speaking, Active Listening, Adobe Creative Cloud",Microsoft PowerPoint,Learn Microsoft PowerPoint,Presenting Data to Decision Makers,LinkedIn Learning,10,6.75,High
1241,Research & Development,Research Scientist,30,3579,11,Yes,No,0.0666,LOW,v1,56.7,4,10,39.61,"Microsoft Excel, Microsoft Office, Writing, Science, Speaking",Microsoft Excel,Learn Microsoft Excel,Advanced Spreadsheet Modelling,Microsoft Learn,12,6.75,Moderate
1242,Research & Development,Research Director,42,13191,1,Yes,No,0.4478,MEDIUM,v1,33.4,3,5,18.5,"Monitoring, Critical Thinking, Active Learning, Adobe Acrobat, Microsoft Project",Monitoring,Learn Monitoring,Performance Tracking and Review,LinkedIn Learning,6,6.9,Low
1243,Sales,Sales Executive,35,10377,13,Yes,No,0.4169,MEDIUM,v1,60.0,3,10,37.87,"Microsoft PowerPoint, Microsoft Office, Microsoft Outlook, Active Listening, Adobe Creative Cloud",Microsoft PowerPoint,Learn Microsoft PowerPoint,Presenting Data to Decision Makers,LinkedIn Learning,10,7.762,Moderate
1244,Research & Development,Research Scientist,27,2235,9,Yes,No,0.6471,HIGH,v1,31.7,3,10,39.61,"R, Microsoft Office, Writing, Science, Speaking",R,Learn R,Statistical Programming in R,Coursera,24,9.45,Low
1245,Research & Development,Manufacturing Director,54,10502,5,No,No,0.0278,LOW,v1,56.7,3,8,31.5,"SAP, Microsoft Excel, Microsoft Office, Monitoring, Adobe After Effects",SAP,Learn SAP,Enterprise Resource Planning Essentials,SAP,24,6.75,Moderate
1246,Research & Development,Research Scientist,44,2011,10,No,No,0.0207,LOW,v1,75.0,3,8,30.74,"Microsoft Office, Science, Speaking, Active Listening, Microsoft Project",Microsoft Office,Learn Microsoft Office,Productivity Suite Fundamentals,Microsoft Learn,10,6.75,High
1248,Research & Development,Research Scientist,19,1859,1,Yes,Yes,0.8681,HIGH,v1,36.6,4,13,49.74,"Microsoft Excel, Microsoft Office, Science, Critical Thinking, Reading Comprehension",Microsoft Excel,Learn Microsoft Excel,Advanced Spreadsheet Modelling,Microsoft Learn,12,9.45,Low
1249,Research & Development,Research Scientist,29,3760,3,No,No,0.0309,LOW,v1,56.7,3,10,38.36,"Microsoft Excel, Speaking, Active Learning, Critical Thinking, Active Listening",Microsoft Excel,Learn Microsoft Excel,Advanced Spreadsheet Modelling,Microsoft Learn,12,6.75,Moderate
1250,Research & Development,Research Director,54,17779,10,No,No,0.0014,LOW,v1,76.7,3,10,37.38,"Microsoft Office, Critical Thinking, Active Listening, Speaking, Microsoft Project",Microsoft Office,Learn Microsoft Office,Productivity Suite Fundamentals,Microsoft Learn,10,6.75,High
1251,Research & Development,Healthcare Representative,31,6833,6,Yes,No,0.5805,HIGH,v1,45.0,3,10,38.0,"Microsoft Excel, Salesforce, Microsoft Outlook, Active Listening, Amazon Web Services (AWS)",Microsoft Excel,Learn Microsoft Excel,Advanced Spreadsheet Modelling,Microsoft Learn,12,9.45,Moderate
1252,Research & Development,Healthcare Representative,31,6812,10,No,No,0.1839,LOW,v1,35.0,3,9,34.38,"Microsoft Excel, Salesforce, Speaking, Reading Comprehension, Google Workspace",Microsoft Excel,Learn Microsoft Excel,Advanced Spreadsheet Modelling,Microsoft Learn,12,6.75,Low
1254,Sales,Sales Executive,59,5171,6,No,No,0.1139,LOW,v1,71.7,3,9,31.75,"Microsoft PowerPoint, Adobe Creative Cloud, Adobe InDesign, Critical Thinking, Adobe Acrobat",Microsoft PowerPoint,Learn Microsoft PowerPoint,Presenting Data to Decision Makers,LinkedIn Learning,10,6.75,High
1255,Research & Development,Research Director,43,19740,8,No,No,0.0139,LOW,v1,56.7,3,7,26.88,"Microsoft Excel, Monitoring, Active Listening, Speaking, Microsoft SharePoint",Microsoft Excel,Learn Microsoft Excel,Advanced Spreadsheet Modelling,Microsoft Learn,12,6.75,Moderate
1256,Research & Development,Manager,49,18711,1,No,No,0.0435,LOW,v1,50.0,3,7,25.62,"Monitoring, Speaking, Active Learning, Apple macOS, Atlassian Confluence",Monitoring,Learn Monitoring,Performance Tracking and Review,LinkedIn Learning,6,6.0,Moderate
1257,Research & Development,Research Scientist,36,3692,11,No,No,0.1503,LOW,v1,51.7,3,12,46.99,"R, Microsoft Office, Writing, Science, Active Learning",R,Learn R,Statistical Programming in R,Coursera,24,6.75,Moderate
1258,Research & Development,Laboratory Technician,48,2559,1,No,No,0.6488,HIGH,v1,66.7,3,8,28.0,"Microsoft Excel, SAP, Microsoft PowerPoint, Microsoft Word, MEDITECH",Microsoft Excel,Learn Microsoft Excel,Advanced Spreadsheet Modelling,Microsoft Learn,12,9.45,Moderate
1259,Research & Development,Research Scientist,27,2517,5,No,No,0.0816,LOW,v1,50.0,3,11,41.74,"R, Speaking, Critical Thinking, Reading Comprehension, Active Listening",R,Learn R,Statistical Programming in R,Coursera,24,6.75,Moderate
1260,Research & Development,Healthcare Representative,29,6623,6,Yes,No,0.2609,LOW,v1,73.4,3,13,48.38,"Microsoft Excel, Salesforce, Microsoft Outlook, Speaking, Reading Comprehension",Microsoft Excel,Learn Microsoft Excel,Advanced Spreadsheet Modelling,Microsoft Learn,12,6.75,High
1263,Research & Development,Research Director,48,18265,1,No,No,0.0182,LOW,v1,80.0,3,12,46.0,"Microsoft Excel, Microsoft Office, Science, Monitoring, Critical Thinking",Microsoft Excel,Learn Microsoft Excel,Advanced Spreadsheet Modelling,Microsoft Learn,12,6.75,High
1264,Research & Development,Research Director,29,16124,7,No,No,0.0121,LOW,v1,66.6,3,8,29.76,"Microsoft PowerPoint, Speaking, Writing, Microsoft SharePoint, ESRI ArcGIS",Microsoft PowerPoint,Learn Microsoft PowerPoint,Presenting Data to Decision Makers,LinkedIn Learning,10,6.75,Moderate
1265,Research & Development,Research Scientist,34,2585,1,No,No,0.1583,LOW,v1,73.3,3,8,30.62,"Microsoft Excel, Active Learning, Reading Comprehension, Active Listening, Microsoft Project",Microsoft Excel,Learn Microsoft Excel,Advanced Spreadsheet Modelling,Microsoft Learn,12,6.75,High
1267,Sales,Manager,44,18213,22,No,No,0.3343,LOW,v1,50.0,3,5,18.5,"Microsoft Excel, Apple macOS, Atlassian JIRA, Google Analytics, Adobe Acrobat",Microsoft Excel,Learn Microsoft Excel,Advanced Spreadsheet Modelling,Microsoft Learn,12,6.75,Moderate
1268,Sales,Sales Executive,33,8380,9,Yes,No,0.0482,LOW,v1,85.0,3,8,29.75,"Microsoft Excel, Salesforce, Speaking, Adobe Creative Cloud, Critical Thinking",Microsoft Excel,Learn Microsoft Excel,Advanced Spreadsheet Modelling,Microsoft Learn,12,6.75,High
1269,Research & Development,Research Scientist,19,2994,1,Yes,No,0.7368,HIGH,v1,81.7,3,14,54.86,"Microsoft Excel, R, Microsoft Office, Science, Speaking",Microsoft Excel,Learn Microsoft Excel,Advanced Spreadsheet Modelling,Microsoft Learn,12,9.45,High
1270,Research & Development,Research Scientist,23,1223,1,No,No,0.0909,LOW,v1,76.7,4,12,45.86,"R, Science, Speaking, Critical Thinking, Reading Comprehension",R,Learn R,Statistical Programming in R,Coursera,24,6.75,High
1273,Sales,Sales Representative,25,1118,1,Yes,Yes,0.9939,HIGH,v1,63.3,3,14,49.38,"Microsoft Excel, Speaking, Active Listening, Reading Comprehension, Microsoft Project",Microsoft Excel,Learn Microsoft Excel,Advanced Spreadsheet Modelling,Microsoft Learn,12,9.45,Moderate
1275,Research & Development,Research Scientist,26,2875,8,Yes,No,0.6133,HIGH,v1,68.3,4,11,42.86,"Microsoft Excel, Science, Speaking, Active Learning, Critical Thinking",Microsoft Excel,Learn Microsoft Excel,Advanced Spreadsheet Modelling,Microsoft Learn,12,9.45,Moderate
1277,Sales,Manager,45,18824,24,Yes,Yes,0.7803,HIGH,v1,20.0,3,8,28.5,"Microsoft Office, Atlassian JIRA, Atlassian Confluence, Google Analytics, Adobe Acrobat",Microsoft Office,Learn Microsoft Office,Productivity Suite Fundamentals,Microsoft Learn,10,9.45,Low
1278,Research & Development,Healthcare Representative,55,13577,33,Yes,No,0.0297,LOW,v1,58.3,3,15,55.51,"Microsoft Excel, Microsoft Office, Salesforce, Microsoft Outlook, Reading Comprehension",Microsoft Excel,Learn Microsoft Excel,Advanced Spreadsheet Modelling,Microsoft Learn,12,6.75,Moderate
1279,Research & Development,Laboratory Technician,21,2625,2,No,Yes,0.9477,HIGH,v1,35.0,4,10,33.49,"Reading Comprehension, Active Listening, SAP, Microsoft Word, MEDITECH",Reading Comprehension,Learn Reading Comprehension,Business Writing for Clarity,LinkedIn Learning,8,7.875,Low
1280,Sales,Manager,46,18789,11,No,No,0.069,LOW,v1,55.0,3,9,33.0,"Microsoft Excel, Speaking, Critical Thinking, Active Learning, Atlassian Confluence",Microsoft Excel,Learn Microsoft Excel,Advanced Spreadsheet Modelling,Microsoft Learn,12,6.75,Moderate
1281,Sales,Sales Executive,34,4538,3,Yes,No,0.7535,HIGH,v1,50.0,3,12,42.24,"Microsoft Office, Microsoft Outlook, Speaking, Adobe Creative Cloud, Adobe InDesign",Microsoft Office,Learn Microsoft Office,Productivity Suite Fundamentals,Microsoft Learn,10,9.45,Moderate
1282,Sales,Manager,51,19847,29,Yes,No,0.8072,HIGH,v1,51.7,4,6,22.38,"Microsoft Office, Speaking, Critical Thinking, Apple macOS, Atlassian JIRA",Microsoft Office,Learn Microsoft Office,Productivity Suite Fundamentals,Microsoft Learn,10,9.45,Moderate
1283,Research & Development,Manufacturing Director,59,10512,9,No,No,0.0732,LOW,v1,81.7,3,6,21.88,"Monitoring, Active Listening, Active Learning, Adobe After Effects, Adobe Photoshop",Monitoring,Learn Monitoring,Performance Tracking and Review,LinkedIn Learning,6,6.0,High
1285,Research & Development,Laboratory Technician,34,4444,11,No,No,0.4777,MEDIUM,v1,61.7,3,12,40.24,"Reading Comprehension, Active Listening, SAP, Microsoft PowerPoint, Microsoft Word",Reading Comprehension,Learn Reading Comprehension,Business Writing for Clarity,LinkedIn Learning,8,6.469,Moderate
1286,Research & Development,Laboratory Technician,28,2154,4,Yes,No,0.8583,HIGH,v1,68.4,3,15,50.49,"Microsoft Excel, Reading Comprehension, Active Listening, SAP, Microsoft Word",Microsoft Excel,Learn Microsoft Excel,Advanced Spreadsheet Modelling,Microsoft Learn,12,9.45,Moderate
1288,Research & Development,Manager,44,19190,25,No,No,0.0479,LOW,v1,53.3,3,10,35.12,"Speaking, Active Learning, Apple macOS, Atlassian Confluence, Google Analytics",Speaking,Learn Speaking,Listening and Influence at Work,LinkedIn Learning,6,6.0,Moderate
1289,Human Resources,Human Resources,34,4490,10,No,No,0.1843,LOW,v1,56.7,3,12,44.37,"Workday, Speaking, Applicant Tracking System (ATS), Reading Comprehension, Oracle HRIS",Workday,Learn Speaking,Listening and Influence at Work,LinkedIn Learning,6,6.18,Moderate
1291,Research & Development,Research Scientist,35,3506,3,Yes,No,0.203,LOW,v1,70.0,3,15,58.11,"Microsoft Excel, Microsoft Office, Writing, Speaking, Active Learning",Microsoft Excel,Learn Microsoft Excel,Advanced Spreadsheet Modelling,Microsoft Learn,12,6.75,High
1292,Research & Development,Research Scientist,42,2372,1,Yes,No,0.5182,MEDIUM,v1,61.7,3,8,30.99,"Microsoft Office, Writing, Speaking, Reading Comprehension, Mathematics",Microsoft Office,Learn Microsoft Office,Productivity Suite Fundamentals,Microsoft Learn,10,7.762,Moderate
1293,Sales,Sales Executive,43,10231,21,No,No,0.4427,MEDIUM,v1,83.3,3,7,27.25,"Microsoft Excel, Microsoft Office, Microsoft Outlook, Adobe Creative Cloud, Critical Thinking",Microsoft Excel,Learn Microsoft Excel,Advanced Spreadsheet Modelling,Microsoft Learn,12,7.762,High
1294,Research & Development,Manufacturing Director,36,5410,16,Yes,No,0.6052,HIGH,v1,60.0,3,9,34.26,"Microsoft Excel, Critical Thinking, Speaking, Reading Comprehension, Active Listening",Microsoft Excel,Learn Microsoft Excel,Advanced Spreadsheet Modelling,Microsoft Learn,12,9.45,Moderate
1295,Research & Development,Healthcare Representative,44,7978,10,No,Yes,0.0544,LOW,v1,66.7,3,12,45.75,"Microsoft Excel, Microsoft Office, Salesforce, Microsoft Outlook, Speaking",Microsoft Excel,Learn Microsoft Excel,Advanced Spreadsheet Modelling,Microsoft Learn,12,6.75,Moderate
1296,Research & Development,Laboratory Technician,28,3867,2,Yes,No,0.8063,HIGH,v1,71.7,3,12,41.12,"Microsoft Excel, Reading Comprehension, Active Listening, SAP, Microsoft PowerPoint",Microsoft Excel,Learn Microsoft Excel,Advanced Spreadsheet Modelling,Microsoft Learn,12,9.45,High
1297,Research & Development,Laboratory Technician,51,2838,7,No,No,0.2643,LOW,v1,43.3,3,9,30.25,"Microsoft Office, Microsoft PowerPoint, Google Docs, Microsoft Outlook, Critical Thinking",Microsoft Office,Learn Microsoft Office,Productivity Suite Fundamentals,Microsoft Learn,10,6.75,Moderate
1298,Research & Development,Manufacturing Director,30,4695,8,Yes,No,0.2693,LOW,v1,66.7,3,11,43.13,"Microsoft PowerPoint, Microsoft Excel, Microsoft Outlook, Monitoring, Reading Comprehension",Microsoft PowerPoint,Learn Microsoft PowerPoint,Presenting Data to Decision Makers,LinkedIn Learning,10,6.75,Moderate
1299,Research & Development,Laboratory Technician,29,3339,7,Yes,Yes,0.8192,HIGH,v1,53.4,3,11,38.87,"Microsoft Excel, Microsoft Office, Active Listening, SAP, Microsoft Word",Microsoft Excel,Learn Microsoft Excel,Advanced Spreadsheet Modelling,Microsoft Learn,12,9.45,Moderate
1301,Research & Development,Research Scientist,28,2080,3,No,No,0.5903,HIGH,v1,45.0,3,11,41.98,"Microsoft Excel, Science, Speaking, Active Learning, Reading Comprehension",Microsoft Excel,Learn Microsoft Excel,Advanced Spreadsheet Modelling,Microsoft Learn,12,9.45,Moderate
1303,Research & Development,Research Scientist,25,2096,2,No,No,0.2623,LOW,v1,61.7,3,9,35.49,"R, Writing, Science, Active Learning, Reading Comprehension",R,Learn R,Statistical Programming in R,Coursera,24,6.75,Moderate
1304,Sales,Sales Executive,32,6209,10,No,No,0.0184,LOW,v1,90.0,3,10,36.5,"Microsoft PowerPoint, Microsoft Excel, Microsoft Outlook, Speaking, Adobe Acrobat",Microsoft PowerPoint,Learn Microsoft PowerPoint,Presenting Data to Decision Makers,LinkedIn Learning,10,6.75,High
1306,Research & Development,Manager,45,18061,0,No,No,0.0935,LOW,v1,50.0,4,4,14.0,"Autodesk AutoCAD, Adobe Photoshop, Apple macOS, Google Analytics",Autodesk AutoCAD,Learn Autodesk AutoCAD,Technical Drawing and 3D Modelling,Autodesk,26,5.25,Moderate
1307,Research & Development,Manager,39,17123,19,Yes,No,0.8527,HIGH,v1,51.7,3,5,18.5,"Microsoft Excel, Atlassian Confluence, Adobe Acrobat, Adobe Photoshop, Autodesk AutoCAD",Microsoft Excel,Learn Microsoft Excel,Advanced Spreadsheet Modelling,Microsoft Learn,12,9.45,Moderate
1308,Research & Development,Research Scientist,58,2372,2,No,No,0.0815,LOW,v1,56.7,3,8,30.74,"Science, Active Learning, Critical Thinking, Reading Comprehension, Active Listening",Science,Learn Science,Scientific Method in Practice,edX,14,6.18,Moderate
1309,Research & Development,Laboratory Technician,32,4883,10,No,Yes,0.1742,LOW,v1,66.7,3,11,38.24,"Microsoft Excel, Microsoft Office, Active Listening, SAP, Microsoft PowerPoint",Microsoft Excel,Learn Microsoft Excel,Advanced Spreadsheet Modelling,Microsoft Learn,12,6.75,Moderate
1310,Research & Development,Research Scientist,39,3904,5,No,Yes,0.3747,MEDIUM,v1,40.0,3,9,34.37,"R, Writing, Critical Thinking, Reading Comprehension, Mathematics",R,Learn R,Statistical Programming in R,Coursera,24,7.762,Moderate
1311,Research & Development,Laboratory Technician,30,4627,9,No,No,0.354,MEDIUM,v1,48.3,3,10,35.37,"Microsoft Excel, Microsoft Office, Active Listening, SAP, MEDITECH",Microsoft Excel,Learn Microsoft Excel,Advanced Spreadsheet Modelling,Microsoft Learn,12,7.762,Moderate
1312,Research & Development,Healthcare Representative,36,7094,7,No,No,0.1653,LOW,v1,66.7,3,11,40.64,"Microsoft Office, Salesforce, Speaking, Reading Comprehension, Google Workspace",Microsoft Office,Learn Microsoft Office,Productivity Suite Fundamentals,Microsoft Learn,10,6.75,Moderate
1314,Human Resources,Human Resources,46,3423,7,No,No,0.1523,LOW,v1,58.3,3,10,37.63,"Microsoft PowerPoint, Workday, Oracle HRIS, Active Listening, Writing",Microsoft PowerPoint,Learn Microsoft PowerPoint,Presenting Data to Decision Makers,LinkedIn Learning,10,6.75,Moderate
1315,Research & Development,Laboratory Technician,28,6674,9,No,No,0.0286,LOW,v1,53.3,3,11,36.37,"Microsoft Excel, Microsoft Word, MEDITECH, Microsoft Outlook, Critical Thinking",Microsoft Excel,Learn Microsoft Excel,Advanced Spreadsheet Modelling,Microsoft Learn,12,6.75,Moderate
1317,Research & Development,Research Director,50,16880,3,Yes,No,0.1527,LOW,v1,50.0,3,7,27.38,"Microsoft Excel, Microsoft Office, Critical Thinking, Speaking, Microsoft SharePoint",Microsoft Excel,Learn Microsoft Excel,Advanced Spreadsheet Modelling,Microsoft Learn,12,6.75,Moderate
1318,Sales,Sales Executive,40,9094,5,Yes,Yes,0.9718,HIGH,v1,55.0,3,8,29.12,"Microsoft Excel, Speaking, Adobe Creative Cloud, Adobe InDesign, Critical Thinking",Microsoft Excel,Learn Microsoft Excel,Advanced Spreadsheet Modelling,Microsoft Learn,12,9.45,Moderate
1319,Sales,Sales Executive,52,8446,8,Yes,Yes,0.9393,HIGH,v1,45.0,3,9,32.87,"Salesforce, Microsoft Outlook, Speaking, Active Listening, Adobe Creative Cloud",Salesforce,Learn Salesforce,Managing the Customer Pipeline,Trailhead,16,9.45,Moderate
1321,Research & Development,Manager,30,11916,9,Yes,No,0.3941,MEDIUM,v1,43.3,4,11,40.5,"Microsoft Office, Speaking, Active Listening, Critical Thinking, Active Learning",Microsoft Office,Learn Microsoft Office,Productivity Suite Fundamentals,Microsoft Learn,10,7.762,Moderate
1322,Research & Development,Manufacturing Director,39,4534,8,No,No,0.14,LOW,v1,46.7,3,15,58.89,"SAP, Microsoft PowerPoint, Microsoft Excel, Microsoft Outlook, Monitoring",SAP,Learn SAP,Enterprise Resource Planning Essentials,SAP,24,6.75,Moderate
1324,Sales,Sales Executive,31,9852,10,Yes,No,0.2405,LOW,v1,61.7,3,8,28.75,"Microsoft PowerPoint, Microsoft Excel, Speaking, Adobe InDesign, Adobe Illustrator",Microsoft PowerPoint,Learn Microsoft PowerPoint,Presenting Data to Decision Makers,LinkedIn Learning,10,6.75,Moderate
1329,Sales,Sales Executive,41,6151,19,No,No,0.5142,MEDIUM,v1,33.3,3,12,45.12,"Microsoft PowerPoint, Microsoft Excel, Microsoft Office, Salesforce, Microsoft Outlook",Microsoft PowerPoint,Learn Microsoft PowerPoint,Presenting Data to Decision Makers,LinkedIn Learning,10,7.762,Low
1331,Sales,Sales Representative,31,2302,3,Yes,Yes,0.929,HIGH,v1,61.7,3,11,39.5,"Microsoft Excel, Microsoft Office, Active Listening, Microsoft Project, IBM SPSS Statistics",Microsoft Excel,Learn Microsoft Excel,Advanced Spreadsheet Modelling,Microsoft Learn,12,9.45,Moderate
1333,Research & Development,Laboratory Technician,44,2362,3,No,Yes,0.391,MEDIUM,v1,38.3,3,12,41.49,"Microsoft Excel, Microsoft Office, Active Listening, SAP, Microsoft Word",Microsoft Excel,Learn Microsoft Excel,Advanced Spreadsheet Modelling,Microsoft Learn,12,7.762,Low
1334,Research & Development,Manager,42,17861,20,Yes,No,0.0076,LOW,v1,65.0,3,11,42.0,"Microsoft PowerPoint, Microsoft Excel, Microsoft Office, Monitoring, Active Listening",Microsoft PowerPoint,Learn Microsoft PowerPoint,Presenting Data to Decision Makers,LinkedIn Learning,10,6.75,Moderate
1336,Research & Development,Manager,55,19187,19,No,No,0.1326,LOW,v1,60.0,3,6,22.5,"Monitoring, Reading Comprehension, Speaking, Atlassian JIRA, Atlassian Confluence",Monitoring,Learn Monitoring,Performance Tracking and Review,LinkedIn Learning,6,6.0,Moderate
1338,Human Resources,Manager,56,19717,7,No,No,0.1516,LOW,v1,56.7,3,9,33.0,"Monitoring, Reading Comprehension, Critical Thinking, Active Learning, Atlassian JIRA",Monitoring,Learn Monitoring,Performance Tracking and Review,LinkedIn Learning,6,6.0,Moderate
1340,Research & Development,Research Scientist,40,3544,4,No,No,0.1466,LOW,v1,63.4,3,10,37.37,"Writing, Critical Thinking, Reading Comprehension, Active Listening, Mathematics",Writing,Learn Writing,Business Writing for Clarity,LinkedIn Learning,8,6.375,Moderate
1344,Research & Development,Healthcare Representative,34,8500,9,No,No,0.0081,LOW,v1,81.7,3,11,41.63,"Microsoft Excel, Salesforce, Microsoft Outlook, Active Listening, Reading Comprehension",Microsoft Excel,Learn Microsoft Excel,Advanced Spreadsheet Modelling,Microsoft Learn,12,6.75,High
1346,Research & Development,Research Scientist,40,4661,9,No,No,0.1105,LOW,v1,76.7,3,11,42.87,"Microsoft Excel, R, Writing, Speaking, Reading Comprehension",Microsoft Excel,Learn Microsoft Excel,Advanced Spreadsheet Modelling,Microsoft Learn,12,6.75,High
1349,Sales,Sales Executive,41,4103,9,No,No,0.0429,LOW,v1,50.0,3,13,47.5,"Microsoft Excel, Salesforce, Microsoft Outlook, Speaking, Active Listening",Microsoft Excel,Learn Microsoft Excel,Advanced Spreadsheet Modelling,Microsoft Learn,12,6.75,Moderate
1350,Research & Development,Research Scientist,35,4249,9,Yes,No,0.7545,HIGH,v1,63.4,3,12,46.86,"Microsoft Excel, R, Microsoft Office, Science, Speaking",Microsoft Excel,Learn Microsoft Excel,Advanced Spreadsheet Modelling,Microsoft Learn,12,9.45,Moderate
1352,Human Resources,Manager,51,14026,33,Yes,No,0.0151,LOW,v1,53.3,3,11,42.5,"Microsoft PowerPoint, Microsoft Excel, Microsoft Office, Monitoring, Speaking",Microsoft PowerPoint,Learn Microsoft PowerPoint,Presenting Data to Decision Makers,LinkedIn Learning,10,6.75,Moderate
1355,Sales,Sales Executive,38,6893,7,No,No,0.0623,LOW,v1,43.3,3,11,41.87,"Microsoft Excel, Microsoft Office, Salesforce, Microsoft Outlook, Speaking",Microsoft Excel,Learn Microsoft Excel,Advanced Spreadsheet Modelling,Microsoft Learn,12,6.75,Moderate
1356,Sales,Sales Executive,34,6125,10,No,No,0.4603,MEDIUM,v1,55.0,3,10,36.49,"Microsoft Office, Salesforce, Microsoft Outlook, Active Listening, Adobe InDesign",Microsoft Office,Learn Microsoft Office,Productivity Suite Fundamentals,Microsoft Learn,10,7.762,Moderate
1358,Research & Development,Laboratory Technician,25,3669,3,No,No,0.1666,LOW,v1,78.3,3,10,34.37,"Microsoft Excel, Active Listening, Microsoft PowerPoint, MEDITECH, Google Docs",Microsoft Excel,Learn Microsoft Excel,Advanced Spreadsheet Modelling,Microsoft Learn,12,6.75,High
1360,Research & Development,Manufacturing Director,58,10008,10,Yes,Yes,0.4935,MEDIUM,v1,36.7,3,5,19.88,"SAP, Microsoft Excel, Active Listening, Adobe InDesign, Adobe Acrobat",SAP,Learn SAP,Enterprise Resource Planning Essentials,SAP,24,7.762,Low
1361,Research & Development,Laboratory Technician,40,2387,4,No,No,0.2515,LOW,v1,50.0,4,10,34.5,"Microsoft Office, SAP, Microsoft PowerPoint, Microsoft Word, MEDITECH",Microsoft Office,Learn Microsoft Office,Productivity Suite Fundamentals,Microsoft Learn,10,6.75,Moderate
1362,Sales,Sales Executive,36,4639,15,No,No,0.4773,MEDIUM,v1,40.0,3,12,45.0,"Microsoft PowerPoint, Microsoft Excel, Microsoft Office, Salesforce, Microsoft Outlook",Microsoft PowerPoint,Learn Microsoft PowerPoint,Presenting Data to Decision Makers,LinkedIn Learning,10,7.762,Moderate
1363,Research & Development,Manufacturing Director,48,7898,10,No,No,0.0261,LOW,v1,83.4,3,12,46.88,"SAP, Microsoft Excel, Microsoft Office, Monitoring, Critical Thinking",SAP,Learn SAP,Enterprise Resource Planning Essentials,SAP,24,6.75,High
1364,Sales,Sales Representative,27,2534,1,No,No,0.4973,MEDIUM,v1,81.7,3,11,37.64,"Speaking, IBM SPSS Statistics, Microsoft PowerPoint, Apple macOS, HubSpot",Speaking,Learn Speaking,Listening and Influence at Work,LinkedIn Learning,6,6.693,High
1367,Research & Development,Manufacturing Director,51,13142,5,No,No,0.1454,LOW,v1,46.6,3,13,49.13,"SAP, Microsoft Excel, Monitoring, Speaking, Reading Comprehension",SAP,Learn SAP,Enterprise Resource Planning Essentials,SAP,24,6.75,Moderate
1368,Research & Development,Laboratory Technician,18,1611,0,No,No,0.1255,LOW,v1,88.3,3,14,48.12,"Microsoft Excel, Microsoft Office, Reading Comprehension, Active Listening, SAP",Microsoft Excel,Learn Microsoft Excel,Advanced Spreadsheet Modelling,Microsoft Learn,12,6.75,High
1369,Research & Development,Laboratory Technician,35,5363,9,No,No,0.0719,LOW,v1,71.7,3,13,43.99,"Microsoft Excel, Active Listening, SAP, Microsoft PowerPoint, Microsoft Word",Microsoft Excel,Learn Microsoft Excel,Advanced Spreadsheet Modelling,Microsoft Learn,12,6.75,High
1371,Sales,Sales Executive,27,5071,6,No,No,0.7711,HIGH,v1,63.3,4,9,31.62,"Microsoft PowerPoint, Adobe Creative Cloud, Adobe InDesign, Adobe Acrobat, Adobe Illustrator",Microsoft PowerPoint,Learn Microsoft PowerPoint,Presenting Data to Decision Makers,LinkedIn Learning,10,9.45,Moderate
1372,Sales,Sales Executive,55,13695,19,Yes,Yes,0.9203,HIGH,v1,56.7,3,11,41.13,"Microsoft Excel, Microsoft Outlook, Active Listening, Speaking, Adobe Creative Cloud",Microsoft Excel,Learn Microsoft Excel,Advanced Spreadsheet Modelling,Microsoft Learn,12,9.45,Moderate
1373,Research & Development,Manufacturing Director,56,13402,19,Yes,No,0.73,HIGH,v1,56.7,3,10,37.39,"Microsoft Outlook, Speaking, Reading Comprehension, Active Listening, Learning Strategies",Microsoft Outlook,Learn Microsoft Outlook,Productivity Suite Fundamentals,Microsoft Learn,10,9.45,Moderate
1374,Research & Development,Research Scientist,34,2029,5,No,No,0.1634,LOW,v1,45.0,4,11,42.49,"Microsoft Office, Writing, Speaking, Critical Thinking, Reading Comprehension",Microsoft Office,Learn Microsoft Office,Productivity Suite Fundamentals,Microsoft Learn,10,6.75,Moderate
1375,Research & Development,Healthcare Representative,40,6377,12,No,No,0.0653,LOW,v1,65.0,4,12,44.13,"Microsoft Office, Salesforce, Speaking, Active Listening, Linux",Microsoft Office,Learn Microsoft Office,Productivity Suite Fundamentals,Microsoft Learn,10,6.75,Moderate
1377,Research & Development,Laboratory Technician,34,5429,8,No,No,0.857,HIGH,v1,53.4,3,7,23.75,"Microsoft Office, Reading Comprehension, Google Docs, Monitoring, Email",Microsoft Office,Learn Microsoft Office,Productivity Suite Fundamentals,Microsoft Learn,10,9.45,Moderate
1379,Sales,Sales Representative,31,2785,1,No,Yes,0.8395,HIGH,v1,73.3,3,11,39.76,"Microsoft Excel, Speaking, Active Listening, Reading Comprehension, Microsoft PowerPoint",Microsoft Excel,Learn Microsoft Excel,Advanced Spreadsheet Modelling,Microsoft Learn,12,9.45,High
1380,Sales,Sales Executive,35,4614,4,Yes,Yes,0.7975,HIGH,v1,68.4,3,11,40.5,"Microsoft PowerPoint, Microsoft Excel, Microsoft Office, Active Listening, Adobe Creative Cloud",Microsoft PowerPoint,Learn Microsoft PowerPoint,Presenting Data to Decision Makers,LinkedIn Learning,10,9.45,Moderate
1382,Research & Development,Research Scientist,38,2610,4,No,No,0.0247,LOW,v1,85.0,3,11,42.12,"Microsoft Excel, Microsoft Office, Critical Thinking, Reading Comprehension, Active Listening",Microsoft Excel,Learn Microsoft Excel,Advanced Spreadsheet Modelling,Microsoft Learn,12,6.75,High
1383,Research & Development,Healthcare Representative,34,6687,14,No,No,0.0315,LOW,v1,85.0,3,14,50.75,"Salesforce, Microsoft Outlook, Active Listening, Reading Comprehension, Amazon Web Services (AWS)",Salesforce,Learn Salesforce,Managing the Customer Pipeline,Trailhead,16,6.75,High
1387,Sales,Sales Executive,28,4724,5,No,No,0.6969,HIGH,v1,38.3,3,14,50.12,"Microsoft PowerPoint, Microsoft Excel, Microsoft Outlook, Active Listening, Adobe Creative Cloud",Microsoft PowerPoint,Learn Microsoft PowerPoint,Presenting Data to Decision Makers,LinkedIn Learning,10,9.45,Low
1389,Research & Development,Manufacturing Director,31,6179,10,Yes,Yes,0.4375,MEDIUM,v1,71.7,3,11,43.38,"SAP, Microsoft PowerPoint, Microsoft Excel, Microsoft Office, Monitoring",SAP,Learn SAP,Enterprise Resource Planning Essentials,SAP,24,7.762,High
1390,Sales,Sales Executive,39,6120,5,Yes,No,0.5843,HIGH,v1,63.3,3,8,29.38,"Microsoft Excel, Microsoft Office, Salesforce, Adobe Creative Cloud, Adobe InDesign",Microsoft Excel,Learn Microsoft Excel,Advanced Spreadsheet Modelling,Microsoft Learn,12,9.45,Moderate
1391,Sales,Sales Executive,51,10596,4,No,No,0.5239,MEDIUM,v1,46.7,3,9,31.74,"Microsoft PowerPoint, Adobe Creative Cloud, Adobe InDesign, Critical Thinking, Adobe Acrobat",Microsoft PowerPoint,Learn Microsoft PowerPoint,Presenting Data to Decision Makers,LinkedIn Learning,10,7.762,Moderate
1392,Research & Development,Research Scientist,41,5467,6,Yes,No,0.3886,MEDIUM,v1,71.7,3,6,24.12,"Microsoft Excel, R, Critical Thinking, Reading Comprehension, Mathematics",Microsoft Excel,Learn Microsoft Excel,Advanced Spreadsheet Modelling,Microsoft Learn,12,7.762,High
1394,Research & Development,Research Scientist,37,2996,6,Yes,No,0.3153,LOW,v1,70.0,3,16,62.11,"Microsoft Excel, R, Microsoft Office, Writing, Science",Microsoft Excel,Learn Microsoft Excel,Advanced Spreadsheet Modelling,Microsoft Learn,12,6.75,High
1395,Sales,Sales Executive,33,9998,5,No,No,0.5383,MEDIUM,v1,68.3,3,11,41.25,"Microsoft PowerPoint, Microsoft Excel, Microsoft Outlook, Active Listening, Speaking",Microsoft PowerPoint,Learn Microsoft PowerPoint,Presenting Data to Decision Makers,LinkedIn Learning,10,7.762,Moderate
1396,Sales,Sales Executive,32,4078,3,Yes,No,0.7288,HIGH,v1,45.0,3,10,36.49,"Microsoft Office, Salesforce, Active Listening, Adobe InDesign, Adobe Acrobat",Microsoft Office,Learn Microsoft Office,Productivity Suite Fundamentals,Microsoft Learn,10,9.45,Moderate
1397,Research & Development,Healthcare Representative,39,10920,6,No,No,0.0222,LOW,v1,63.4,4,13,50.13,"Microsoft Excel, Microsoft Office, Salesforce, Microsoft Outlook, Speaking",Microsoft Excel,Learn Microsoft Excel,Advanced Spreadsheet Modelling,Microsoft Learn,12,6.75,Moderate
1399,Sales,Sales Executive,25,6232,3,No,No,0.5503,MEDIUM,v1,53.3,3,7,23.49,"Microsoft Excel, Adobe Creative Cloud, Adobe InDesign, Adobe Acrobat, Monitoring",Microsoft Excel,Learn Microsoft Excel,Advanced Spreadsheet Modelling,Microsoft Learn,12,7.762,Moderate
1401,Research & Development,Manufacturing Director,52,13247,5,Yes,No,0.3632,MEDIUM,v1,73.3,3,13,49.89,"SAP, Microsoft PowerPoint, Microsoft Excel, Monitoring, Reading Comprehension",SAP,Learn SAP,Enterprise Resource Planning Essentials,SAP,24,7.762,High
1402,Research & Development,Research Scientist,43,4081,20,Yes,No,0.5462,MEDIUM,v1,28.3,3,11,42.36,"R, Microsoft Office, Science, Active Learning, Reading Comprehension",R,Learn R,Statistical Programming in R,Coursera,24,7.762,Low
1403,Sales,Sales Executive,27,5769,6,Yes,No,0.6682,HIGH,v1,78.3,3,13,46.5,"Microsoft PowerPoint, Salesforce, Speaking, Active Listening, Adobe Creative Cloud",Microsoft PowerPoint,Learn Microsoft PowerPoint,Presenting Data to Decision Makers,LinkedIn Learning,10,9.45,High
1405,Research & Development,Research Scientist,27,2394,8,Yes,Yes,0.5886,HIGH,v1,76.7,3,13,50.74,"Microsoft Excel, R, Microsoft Office, Science, Critical Thinking",Microsoft Excel,Learn Microsoft Excel,Advanced Spreadsheet Modelling,Microsoft Learn,12,9.45,High
1407,Research & Development,Research Scientist,26,3904,4,No,No,0.2896,LOW,v1,58.3,3,14,55.11,"Microsoft Excel, R, Microsoft Office, Writing, Science",Microsoft Excel,Learn Microsoft Excel,Advanced Spreadsheet Modelling,Microsoft Learn,12,6.75,Moderate
1408,Human Resources,Manager,42,16799,20,No,No,0.006,LOW,v1,46.7,3,8,31.12,"Microsoft Excel, Microsoft Office, Monitoring, Reading Comprehension, Active Learning",Microsoft Excel,Learn Microsoft Excel,Advanced Spreadsheet Modelling,Microsoft Learn,12,6.75,Moderate
1409,Research & Development,Laboratory Technician,52,2950,5,No,No,0.4146,MEDIUM,v1,36.7,3,13,43.37,"Reading Comprehension, Active Listening, SAP, Microsoft PowerPoint, Microsoft Word",Reading Comprehension,Learn Reading Comprehension,Business Writing for Clarity,LinkedIn Learning,8,6.469,Low
1411,Research & Development,Laboratory Technician,37,3629,3,No,No,0.4075,MEDIUM,v1,46.7,3,10,33.62,"Microsoft Office, Microsoft PowerPoint, Microsoft Word, MEDITECH, Microsoft Outlook",Microsoft Office,Learn Microsoft Office,Productivity Suite Fundamentals,Microsoft Learn,10,7.762,Moderate
1412,Research & Development,Manufacturing Director,35,9362,2,No,No,0.3892,MEDIUM,v1,76.7,3,13,51.01,"Microsoft PowerPoint, Microsoft Office, Microsoft Outlook, Monitoring, Critical Thinking",Microsoft PowerPoint,Learn Microsoft PowerPoint,Presenting Data to Decision Makers,LinkedIn Learning,10,7.762,High
1415,Research & Development,Laboratory Technician,25,3229,3,No,No,0.6628,HIGH,v1,55.0,3,12,41.37,"Microsoft Excel, Active Listening, SAP, Microsoft PowerPoint, Microsoft Word",Microsoft Excel,Learn Microsoft Excel,Advanced Spreadsheet Modelling,Microsoft Learn,12,9.45,Moderate
1417,Research & Development,Laboratory Technician,26,3578,7,No,No,0.0747,LOW,v1,58.3,3,14,48.49,"Microsoft Excel, Microsoft Office, Reading Comprehension, Active Listening, Microsoft PowerPoint",Microsoft Excel,Learn Microsoft Excel,Advanced Spreadsheet Modelling,Microsoft Learn,12,6.75,Moderate
1419,Human Resources,Human Resources,29,7988,10,No,No,0.7233,HIGH,v1,20.0,3,8,31.88,"Microsoft PowerPoint, Microsoft Excel, Microsoft Office, Oracle HRIS, Active Listening",Microsoft PowerPoint,Learn Microsoft PowerPoint,Presenting Data to Decision Makers,LinkedIn Learning,10,9.45,Low
1420,Research & Development,Laboratory Technician,49,4284,4,No,Yes,0.8898,HIGH,v1,18.3,4,5,16.87,"Active Listening, SAP, Microsoft Outlook, Critical Thinking, Active Learning",Active Listening,Learn Active Listening,Running Effective Remote Meetings,LinkedIn Learning,6,7.602,Low
1421,Research & Development,Healthcare Representative,29,7553,8,Yes,Yes,0.6314,HIGH,v1,70.0,3,13,50.88,"Microsoft Excel, Microsoft Office, Salesforce, Microsoft Outlook, Speaking",Microsoft Excel,Learn Microsoft Excel,Advanced Spreadsheet Modelling,Microsoft Learn,12,9.45,High
1422,Research & Development,Research Director,54,17328,20,No,No,0.0434,LOW,v1,81.7,3,8,31.38,"Microsoft PowerPoint, Microsoft Excel, Monitoring, Active Listening, Writing",Microsoft PowerPoint,Learn Microsoft PowerPoint,Presenting Data to Decision Makers,LinkedIn Learning,10,6.75,High
1423,Research & Development,Research Director,58,19701,9,Yes,No,0.0164,LOW,v1,53.4,4,6,22.0,"Critical Thinking, Active Listening, Microsoft SharePoint, ESRI ArcGIS, Microsoft Visio",Critical Thinking,Learn Critical Thinking,Structured Problem Solving,Coursera,12,6.0,Moderate
1424,Research & Development,Research Director,55,14732,7,No,No,0.0004,LOW,v1,86.7,3,7,26.0,"Microsoft Excel, Reading Comprehension, IBM SPSS Statistics, Active Learning, Microsoft Visio",Microsoft Excel,Learn Microsoft Excel,Advanced Spreadsheet Modelling,Microsoft Learn,12,6.75,High
1425,Sales,Sales Executive,36,9278,5,Yes,No,0.7089,HIGH,v1,46.7,3,6,19.25,"Adobe InDesign, Adobe Acrobat, Adobe Illustrator, Reading Comprehension, Monitoring",Adobe InDesign,Learn Adobe InDesign,Layout and Publication Design,Adobe,14,7.35,Moderate
1427,Sales,Sales Representative,31,1359,1,No,Yes,0.9681,HIGH,v1,40.0,3,11,38.12,"Microsoft Excel, Reading Comprehension, Microsoft PowerPoint, Apple macOS, Microsoft Word",Microsoft Excel,Learn Microsoft Excel,Advanced Spreadsheet Modelling,Microsoft Learn,12,9.45,Moderate
1428,Sales,Sales Executive,30,4779,3,No,No,0.2534,LOW,v1,50.0,3,7,24.12,"Microsoft Outlook, Active Listening, Adobe Creative Cloud, Adobe Acrobat, Writing",Microsoft Outlook,Learn Microsoft Outlook,Productivity Suite Fundamentals,Microsoft Learn,10,6.75,Moderate
1430,Research & Development,Research Director,31,16422,3,No,No,0.344,LOW,v1,48.3,3,8,30.0,"Science, Reading Comprehension, Active Listening, Speaking, IBM SPSS Statistics",Science,Learn Science,Scientific Method in Practice,edX,14,6.18,Moderate
1431,Research & Development,Research Scientist,34,2996,4,No,No,0.0747,LOW,v1,53.4,3,10,37.86,"Science, Speaking, Active Learning, Reading Comprehension, Active Listening",Science,Learn Science,Scientific Method in Practice,edX,14,6.18,Moderate
1433,Research & Development,Research Scientist,31,1261,1,No,Yes,0.7894,HIGH,v1,40.0,3,8,29.24,"Science, Critical Thinking, Mathematics, IBM SPSS Statistics, ESRI ArcGIS",Science,Learn Science,Scientific Method in Practice,edX,14,8.652,Moderate
1434,Research & Development,Laboratory Technician,27,2099,5,No,No,0.272,LOW,v1,41.7,3,13,45.49,"Microsoft Excel, Microsoft Office, Reading Comprehension, Active Listening, SAP",Microsoft Excel,Learn Microsoft Excel,Advanced Spreadsheet Modelling,Microsoft Learn,12,6.75,Moderate
1435,Research & Development,Laboratory Technician,36,5810,10,No,No,0.5892,HIGH,v1,50.0,3,11,37.87,"Microsoft Excel, Reading Comprehension, Active Listening, SAP, Microsoft PowerPoint",Microsoft Excel,Learn Microsoft Excel,Advanced Spreadsheet Modelling,Microsoft Learn,12,9.45,Moderate
1436,Sales,Sales Executive,36,5647,3,No,No,0.6273,HIGH,v1,26.7,3,8,28.87,"Microsoft Office, Salesforce, Speaking, Adobe InDesign, Adobe Acrobat",Microsoft Office,Learn Microsoft Office,Productivity Suite Fundamentals,Microsoft Learn,10,9.45,Low
1438,Research & Development,Research Scientist,47,3420,6,No,No,0.2295,LOW,v1,58.3,3,12,45.99,"Microsoft Excel, R, Writing, Speaking, Critical Thinking",Microsoft Excel,Learn Microsoft Excel,Advanced Spreadsheet Modelling,Microsoft Learn,12,6.75,Moderate
1439,Sales,Sales Representative,25,4400,3,No,Yes,0.9359,HIGH,v1,18.3,3,15,55.14,"Microsoft Excel, Salesforce, Microsoft Office, Active Listening, Speaking",Microsoft Excel,Learn Microsoft Excel,Advanced Spreadsheet Modelling,Microsoft Learn,12,9.45,Low
1440,Research & Development,Laboratory Technician,37,3500,6,No,No,0.1584,LOW,v1,58.4,3,11,37.0,"Microsoft Excel, Reading Comprehension, SAP, Microsoft PowerPoint, Microsoft Outlook",Microsoft Excel,Learn Microsoft Excel,Advanced Spreadsheet Modelling,Microsoft Learn,12,6.75,Moderate
1441,Research & Development,Research Scientist,56,2066,3,No,No,0.0933,LOW,v1,41.7,4,8,31.87,"Microsoft Excel, R, Writing, Active Learning, Critical Thinking",Microsoft Excel,Learn Microsoft Excel,Advanced Spreadsheet Modelling,Microsoft Learn,12,6.75,Moderate
1443,Research & Development,Research Director,47,17169,20,No,No,0.0107,LOW,v1,55.0,3,8,30.38,"Microsoft Office, Reading Comprehension, Active Listening, Speaking, Active Learning",Microsoft Office,Learn Microsoft Office,Productivity Suite Fundamentals,Microsoft Learn,10,6.75,Moderate
1445,Sales,Sales Executive,24,4162,5,Yes,No,0.2922,LOW,v1,73.4,3,13,48.37,"Microsoft Excel, Microsoft Office, Salesforce, Speaking, Active Listening",Microsoft Excel,Learn Microsoft Excel,Advanced Spreadsheet Modelling,Microsoft Learn,12,6.75,High
1446,Sales,Sales Executive,32,9204,4,No,No,0.167,LOW,v1,78.3,3,11,39.49,"Microsoft Office, Salesforce, Microsoft Outlook, Adobe Creative Cloud, Adobe InDesign",Microsoft Office,Learn Microsoft Office,Productivity Suite Fundamentals,Microsoft Learn,10,6.75,High
1447,Research & Development,Laboratory Technician,34,3294,5,No,No,0.4095,MEDIUM,v1,43.3,3,15,51.99,"Microsoft Excel, Microsoft Office, Reading Comprehension, Active Listening, Microsoft PowerPoint",Microsoft Excel,Learn Microsoft Excel,Advanced Spreadsheet Modelling,Microsoft Learn,12,7.762,Moderate
1448,Research & Development,Research Scientist,41,2127,4,Yes,No,0.3377,LOW,v1,56.7,3,14,54.11,"Microsoft Excel, R, Writing, Science, Active Learning",Microsoft Excel,Learn Microsoft Excel,Advanced Spreadsheet Modelling,Microsoft Learn,12,6.75,Moderate
1449,Research & Development,Laboratory Technician,40,3975,8,No,No,0.0188,LOW,v1,71.7,3,9,31.12,"Microsoft Excel, Reading Comprehension, Microsoft Word, MEDITECH, Google Docs",Microsoft Excel,Learn Microsoft Excel,Advanced Spreadsheet Modelling,Microsoft Learn,12,6.75,High
1453,Sales,Sales Executive,31,10793,13,No,No,0.346,LOW,v1,56.7,3,9,31.25,"Microsoft PowerPoint, Active Listening, Adobe InDesign, Critical Thinking, Adobe Illustrator",Microsoft PowerPoint,Learn Microsoft PowerPoint,Presenting Data to Decision Makers,LinkedIn Learning,10,6.75,Moderate
1457,Sales,Sales Executive,46,10096,7,No,Yes,0.2588,LOW,v1,61.7,3,7,24.74,"Microsoft Outlook, Adobe InDesign, Adobe Acrobat, Adobe Photoshop, Adobe Illustrator",Microsoft Outlook,Learn Microsoft Outlook,Productivity Suite Fundamentals,Microsoft Learn,10,6.75,Moderate
1458,Research & Development,Laboratory Technician,39,3646,1,Yes,Yes,0.8057,HIGH,v1,26.7,4,10,34.99,"Microsoft Office, Reading Comprehension, Active Listening, SAP, Microsoft Word",Microsoft Office,Learn Microsoft Office,Productivity Suite Fundamentals,Microsoft Learn,10,9.45,Low
1459,Research & Development,Manufacturing Director,31,7446,10,No,Yes,0.2409,LOW,v1,58.3,3,7,26.76,"Microsoft PowerPoint, Microsoft Office, Reading Comprehension, Adobe InDesign, Adobe Acrobat",Microsoft PowerPoint,Learn Microsoft PowerPoint,Presenting Data to Decision Makers,LinkedIn Learning,10,6.75,Moderate
1460,Research & Development,Healthcare Representative,45,10851,7,Yes,No,0.2088,LOW,v1,20.0,3,12,46.38,"Microsoft Excel, Microsoft Office, Salesforce, Microsoft Outlook, Active Listening",Microsoft Excel,Learn Microsoft Excel,Advanced Spreadsheet Modelling,Microsoft Learn,12,6.75,Low
1461,Human Resources,Human Resources,31,2109,3,No,No,0.1544,LOW,v1,75.0,3,12,46.0,"Microsoft PowerPoint, Workday, Speaking, Applicant Tracking System (ATS), Reading Comprehension",Microsoft PowerPoint,Learn Microsoft PowerPoint,Presenting Data to Decision Makers,LinkedIn Learning,10,6.75,High
1464,Research & Development,Laboratory Technician,31,3722,2,Yes,Yes,0.8923,HIGH,v1,60.0,3,11,35.87,"Reading Comprehension, SAP, Microsoft Word, MEDITECH, Google Docs",Reading Comprehension,Learn Reading Comprehension,Business Writing for Clarity,LinkedIn Learning,8,7.875,Moderate
1465,Research & Development,Manufacturing Director,45,9380,3,Yes,No,0.392,MEDIUM,v1,78.3,3,11,42.38,"Microsoft PowerPoint, Microsoft Excel, Microsoft Outlook, Critical Thinking, Reading Comprehension",Microsoft PowerPoint,Learn Microsoft PowerPoint,Presenting Data to Decision Makers,LinkedIn Learning,10,7.762,High
1466,Sales,Sales Executive,48,5486,2,No,No,0.1278,LOW,v1,40.0,3,11,39.5,"Microsoft Office, Salesforce, Speaking, Adobe Creative Cloud, Adobe InDesign",Microsoft Office,Learn Microsoft Office,Productivity Suite Fundamentals,Microsoft Learn,10,6.75,Moderate
1467,Human Resources,Human Resources,34,2742,2,No,Yes,0.3905,MEDIUM,v1,56.7,3,12,45.25,"Workday, Microsoft Office, Microsoft Outlook, Speaking, Active Listening",Workday,Learn Microsoft Office,Productivity Suite Fundamentals,Microsoft Learn,10,7.762,Moderate
1468,Research & Development,Research Director,40,13757,9,No,No,0.0055,LOW,v1,55.0,3,7,25.38,"Critical Thinking, Speaking, IBM SPSS Statistics, Microsoft SharePoint, ESRI ArcGIS",Critical Thinking,Learn Critical Thinking,Structured Problem Solving,Coursera,12,6.0,Moderate
1469,Sales,Sales Executive,28,8463,5,No,No,0.1392,LOW,v1,56.7,3,10,38.0,"Microsoft PowerPoint, Microsoft Excel, Salesforce, Active Listening, Adobe InDesign",Microsoft PowerPoint,Learn Microsoft PowerPoint,Presenting Data to Decision Makers,LinkedIn Learning,10,6.75,Moderate
1471,Research & Development,Laboratory Technician,44,3162,5,No,No,0.0951,LOW,v1,61.7,3,11,36.12,"Reading Comprehension, Active Listening, SAP, MEDITECH, Google Docs",Reading Comprehension,Learn Reading Comprehension,Business Writing for Clarity,LinkedIn Learning,8,5.625,Moderate
1472,Research & Development,Research Director,53,16598,9,No,No,0.035,LOW,v1,63.3,3,13,49.88,"Microsoft PowerPoint, Microsoft Office, Science, Critical Thinking, Active Listening",Microsoft PowerPoint,Learn Microsoft PowerPoint,Presenting Data to Decision Makers,LinkedIn Learning,10,6.75,Moderate
1473,Research & Development,Healthcare Representative,49,6651,3,No,No,0.0731,LOW,v1,45.0,3,9,31.64,"Microsoft Outlook, Microsoft Azure, Linux, Apache Hadoop, Active Learning",Microsoft Outlook,Learn Microsoft Outlook,Productivity Suite Fundamentals,Microsoft Learn,10,6.75,Moderate
1474,Research & Development,Research Scientist,40,2345,3,No,No,0.0259,LOW,v1,71.7,3,8,31.12,"Microsoft Excel, Microsoft Office, Science, Critical Thinking, IBM SPSS Statistics",Microsoft Excel,Learn Microsoft Excel,Advanced Spreadsheet Modelling,Microsoft Learn,12,6.75,High
1475,Research & Development,Research Scientist,44,3420,5,No,No,0.1615,LOW,v1,58.3,3,10,37.86,"Microsoft Office, Science, Speaking, Active Learning, IBM SPSS Statistics",Microsoft Office,Learn Microsoft Office,Productivity Suite Fundamentals,Microsoft Learn,10,6.75,Moderate
1477,Sales,Sales Executive,33,4373,4,No,No,0.3579,MEDIUM,v1,46.7,3,14,53.0,"Microsoft PowerPoint, Microsoft Excel, Microsoft Office, Salesforce, Microsoft Outlook",Microsoft PowerPoint,Learn Microsoft PowerPoint,Presenting Data to Decision Makers,LinkedIn Learning,10,7.762,Moderate
1478,Sales,Sales Executive,34,4759,13,No,No,0.2092,LOW,v1,40.0,3,12,43.75,"Microsoft Excel, Microsoft Outlook, Active Listening, Adobe Creative Cloud, Adobe InDesign",Microsoft Excel,Learn Microsoft Excel,Advanced Spreadsheet Modelling,Microsoft Learn,12,6.75,Moderate
1479,Sales,Sales Executive,30,5301,2,No,No,0.2757,LOW,v1,68.4,3,11,42.25,"Microsoft PowerPoint, Microsoft Excel, Microsoft Office, Microsoft Outlook, Active Listening",Microsoft PowerPoint,Learn Microsoft PowerPoint,Presenting Data to Decision Makers,LinkedIn Learning,10,6.75,Moderate
1480,Research & Development,Laboratory Technician,42,3673,12,No,No,0.4098,MEDIUM,v1,63.4,3,14,45.99,"Reading Comprehension, Active Listening, SAP, Microsoft Word, MEDITECH",Reading Comprehension,Learn Reading Comprehension,Business Writing for Clarity,LinkedIn Learning,8,6.469,Moderate
1481,Sales,Sales Executive,44,4768,1,No,No,0.7311,HIGH,v1,48.4,3,10,37.12,"Microsoft PowerPoint, Microsoft Excel, Salesforce, Microsoft Outlook, Adobe InDesign",Microsoft PowerPoint,Learn Microsoft PowerPoint,Presenting Data to Decision Makers,LinkedIn Learning,10,9.45,Moderate
1482,Research & Development,Research Scientist,30,1274,1,No,No,0.2084,LOW,v1,58.4,3,12,45.99,"Microsoft Office, Writing, Speaking, Critical Thinking, Reading Comprehension",Microsoft Office,Learn Microsoft Office,Productivity Suite Fundamentals,Microsoft Learn,10,6.75,Moderate
1483,Research & Development,Research Scientist,57,4900,12,No,No,0.0073,LOW,v1,56.7,4,12,46.99,"Microsoft Excel, R, Writing, Science, Active Learning",Microsoft Excel,Learn Microsoft Excel,Advanced Spreadsheet Modelling,Microsoft Learn,12,6.75,Moderate
1484,Research & Development,Healthcare Representative,49,10466,8,No,No,0.0042,LOW,v1,53.3,3,6,21.88,"Microsoft Excel, Google Workspace, Linux, Apache Hadoop, Active Learning",Microsoft Excel,Learn Microsoft Excel,Advanced Spreadsheet Modelling,Microsoft Learn,12,6.75,Moderate
1485,Research & Development,Research Director,34,17007,14,No,No,0.4085,MEDIUM,v1,38.3,3,11,41.5,"Microsoft Office, Science, Critical Thinking, Active Listening, Speaking",Microsoft Office,Learn Microsoft Office,Productivity Suite Fundamentals,Microsoft Learn,10,7.762,Low
1486,Sales,Sales Representative,28,2909,3,No,Yes,0.6377,HIGH,v1,61.7,3,12,40.88,"Speaking, Reading Comprehension, IBM SPSS Statistics, Microsoft PowerPoint, Apple macOS",Speaking,Learn Speaking,Listening and Influence at Work,LinkedIn Learning,6,8.148,Moderate
1487,Sales,Sales Executive,29,5765,5,No,Yes,0.99,HIGH,v1,26.7,3,12,44.25,"Microsoft Excel, Salesforce, Speaking, Active Listening, Adobe InDesign",Microsoft Excel,Learn Microsoft Excel,Advanced Spreadsheet Modelling,Microsoft Learn,12,9.45,Low
1489,Sales,Sales Executive,34,4599,15,Yes,Yes,0.7533,HIGH,v1,40.0,4,13,48.99,"Microsoft PowerPoint, Microsoft Excel, Microsoft Office, Salesforce, Microsoft Outlook",Microsoft PowerPoint,Learn Microsoft PowerPoint,Presenting Data to Decision Makers,LinkedIn Learning,10,9.45,Moderate
1492,Sales,Sales Representative,35,2404,1,No,No,0.63,HIGH,v1,66.7,3,12,42.26,"Salesforce, Speaking, Active Listening, Reading Comprehension, Microsoft Project",Salesforce,Learn Salesforce,Managing the Customer Pipeline,Trailhead,16,9.45,Moderate
1494,Research & Development,Laboratory Technician,24,3172,0,Yes,Yes,0.9934,HIGH,v1,35.0,3,12,40.99,"Microsoft Excel, Reading Comprehension, Active Listening, SAP, MEDITECH",Microsoft Excel,Learn Microsoft Excel,Advanced Spreadsheet Modelling,Microsoft Learn,12,9.45,Low
1495,Sales,Sales Representative,24,2033,1,No,No,0.3991,MEDIUM,v1,63.3,3,13,47.5,"Microsoft Excel, Microsoft Office, Salesforce, Speaking, Reading Comprehension",Microsoft Excel,Learn Microsoft Excel,Advanced Spreadsheet Modelling,Microsoft Learn,12,7.762,Moderate
1496,Research & Development,Manufacturing Director,44,10209,2,Yes,No,0.7087,HIGH,v1,51.7,3,9,33.76,"Microsoft Office, Monitoring, Reading Comprehension, Active Listening, Adobe After Effects",Microsoft Office,Learn Microsoft Office,Productivity Suite Fundamentals,Microsoft Learn,10,9.45,Moderate
1497,Sales,Sales Executive,29,8620,10,No,No,0.0939,LOW,v1,58.4,3,9,31.12,"Salesforce, Speaking, Adobe Creative Cloud, Adobe InDesign, Adobe Illustrator",Salesforce,Learn Salesforce,Managing the Customer Pipeline,Trailhead,16,6.75,Moderate
1499,Human Resources,Human Resources,30,2064,5,No,No,0.0548,LOW,v1,65.0,4,14,54.01,"Microsoft PowerPoint, Microsoft Excel, Workday, Microsoft Office, Microsoft Outlook",Microsoft PowerPoint,Learn Microsoft PowerPoint,Presenting Data to Decision Makers,LinkedIn Learning,10,6.75,Moderate
1501,Research & Development,Healthcare Representative,55,4035,3,Yes,No,0.1043,LOW,v1,70.0,3,13,47.63,"Microsoft Excel, Microsoft Outlook, Speaking, Active Listening, Amazon Web Services (AWS)",Microsoft Excel,Learn Microsoft Excel,Advanced Spreadsheet Modelling,Microsoft Learn,12,6.75,High
1502,Research & Development,Laboratory Technician,33,3838,5,No,No,0.5469,MEDIUM,v1,38.3,3,7,23.62,"Microsoft Excel, SAP, MEDITECH, Speaking, Electronic Medical Record (EMR)",Microsoft Excel,Learn Microsoft Excel,Advanced Spreadsheet Modelling,Microsoft Learn,12,7.762,Low
1503,Sales,Sales Executive,47,4591,5,Yes,No,0.5093,MEDIUM,v1,61.7,3,10,34.62,"Microsoft PowerPoint, Microsoft Excel, Adobe InDesign, Adobe Acrobat, Adobe Photoshop",Microsoft PowerPoint,Learn Microsoft PowerPoint,Presenting Data to Decision Makers,LinkedIn Learning,10,7.762,Moderate
1504,Research & Development,Laboratory Technician,28,2561,0,No,Yes,0.9727,HIGH,v1,33.3,3,16,55.74,"Microsoft Excel, Microsoft Office, Reading Comprehension, Active Listening, SAP",Microsoft Excel,Learn Microsoft Excel,Advanced Spreadsheet Modelling,Microsoft Learn,12,9.45,Low
1506,Research & Development,Research Scientist,28,1563,1,No,No,0.4562,MEDIUM,v1,38.3,3,11,42.49,"Microsoft Office, Writing, Active Learning, Critical Thinking, Reading Comprehension",Microsoft Office,Learn Microsoft Office,Productivity Suite Fundamentals,Microsoft Learn,10,7.762,Low
1507,Sales,Sales Executive,28,4898,4,No,No,0.4733,MEDIUM,v1,50.0,3,11,40.25,"Microsoft PowerPoint, Microsoft Excel, Microsoft Outlook, Active Listening, Adobe InDesign",Microsoft PowerPoint,Learn Microsoft PowerPoint,Presenting Data to Decision Makers,LinkedIn Learning,10,7.762,Moderate
1509,Research & Development,Laboratory Technician,49,4789,3,No,No,0.4657,MEDIUM,v1,31.7,4,11,37.99,"Microsoft Excel, Reading Comprehension, Active Listening, SAP, Microsoft PowerPoint",Microsoft Excel,Learn Microsoft Excel,Advanced Spreadsheet Modelling,Microsoft Learn,12,7.762,Low
1513,Research & Development,Laboratory Technician,29,3180,3,No,No,0.1189,LOW,v1,63.3,3,11,36.87,"Microsoft Office, SAP, Microsoft Word, Google Docs, Microsoft Outlook",Microsoft Office,Learn Microsoft Office,Productivity Suite Fundamentals,Microsoft Learn,10,6.75,Moderate
1514,Research & Development,Manufacturing Director,28,6549,8,No,No,0.3188,LOW,v1,31.7,3,14,56.25,"SAP, Microsoft PowerPoint, Microsoft Excel, Microsoft Office, Microsoft Outlook",SAP,Learn SAP,Enterprise Resource Planning Essentials,SAP,24,6.75,Low
1515,Research & Development,Healthcare Representative,33,6388,0,Yes,No,0.2156,LOW,v1,66.7,3,9,33.76,"Microsoft Excel, Microsoft Office, Salesforce, Google Workspace, Microsoft Azure",Microsoft Excel,Learn Microsoft Excel,Advanced Spreadsheet Modelling,Microsoft Learn,12,6.75,Moderate
1516,Research & Development,Manager,32,11244,5,No,No,0.1522,LOW,v1,78.3,4,10,36.5,"Microsoft Office, Monitoring, Critical Thinking, Active Learning, Atlassian JIRA",Microsoft Office,Learn Microsoft Office,Productivity Suite Fundamentals,Microsoft Learn,10,6.75,High
1520,Research & Development,Manager,54,16032,14,No,No,0.034,LOW,v1,63.3,4,8,28.38,"Speaking, Critical Thinking, Atlassian JIRA, Atlassian Confluence, Google Analytics",Speaking,Learn Speaking,Listening and Influence at Work,LinkedIn Learning,6,6.0,Moderate
1522,Research & Development,Research Scientist,29,2362,9,No,Yes,0.831,HIGH,v1,15.0,3,10,38.37,"R, Writing, Speaking, Critical Thinking, Reading Comprehension",R,Learn R,Statistical Programming in R,Coursera,24,9.45,Low
1523,Research & Development,Research Director,44,16328,20,No,No,0.3472,LOW,v1,58.3,3,8,29.88,"Microsoft Office, Active Listening, Writing, IBM SPSS Statistics, Microsoft SharePoint",Microsoft Office,Learn Microsoft Office,Productivity Suite Fundamentals,Microsoft Learn,10,6.75,Moderate
1525,Research & Development,Manufacturing Director,39,8376,2,No,No,0.1364,LOW,v1,53.3,3,7,27.26,"Microsoft Office, Microsoft Outlook, Monitoring, Reading Comprehension, Adobe After Effects",Microsoft Office,Learn Microsoft Office,Productivity Suite Fundamentals,Microsoft Learn,10,6.75,Moderate
1527,Sales,Manager,46,16606,13,No,No,0.1896,LOW,v1,65.0,3,8,28.62,"Active Listening, Active Learning, Apple macOS, Atlassian JIRA, Google Analytics",Active Listening,Learn Active Listening,Running Effective Remote Meetings,LinkedIn Learning,6,6.0,Moderate
1529,Research & Development,Healthcare Representative,35,8606,11,No,No,0.1613,LOW,v1,48.3,3,10,39.25,"Microsoft Office, Salesforce, Microsoft Outlook, Speaking, Active Listening",Microsoft Office,Learn Microsoft Office,Productivity Suite Fundamentals,Microsoft Learn,10,6.75,Moderate
1533,Research & Development,Laboratory Technician,23,2272,4,No,No,0.8373,HIGH,v1,50.0,3,9,32.24,"Microsoft Excel, Microsoft Office, Active Listening, Microsoft Word, Microsoft PowerPoint",Microsoft Excel,Learn Microsoft Excel,Advanced Spreadsheet Modelling,Microsoft Learn,12,9.45,Moderate
1534,Research & Development,Laboratory Technician,40,2018,5,No,Yes,0.6933,HIGH,v1,40.0,3,10,34.24,"Microsoft Excel, Active Listening, SAP, Microsoft Word, MEDITECH",Microsoft Excel,Learn Microsoft Excel,Advanced Spreadsheet Modelling,Microsoft Learn,12,9.45,Moderate
1535,Sales,Sales Executive,34,7083,10,Yes,No,0.736,HIGH,v1,68.3,3,10,36.0,"Microsoft PowerPoint, Microsoft Excel, Salesforce, Adobe InDesign, Critical Thinking",Microsoft PowerPoint,Learn Microsoft PowerPoint,Presenting Data to Decision Makers,LinkedIn Learning,10,9.45,Moderate
1537,Research & Development,Research Scientist,31,4084,7,No,Yes,0.4192,MEDIUM,v1,56.7,3,12,47.73,"Microsoft Excel, R, Microsoft Office, Writing, Science",Microsoft Excel,Learn Microsoft Excel,Advanced Spreadsheet Modelling,Microsoft Learn,12,7.762,Moderate
1539,Research & Development,Research Director,50,14411,32,Yes,No,0.4744,MEDIUM,v1,63.3,3,4,15.88,"Microsoft Excel, Critical Thinking, Speaking, Active Learning",Microsoft Excel,Learn Microsoft Excel,Advanced Spreadsheet Modelling,Microsoft Learn,12,7.762,Moderate
1541,Sales,Sales Representative,34,2308,11,Yes,No,0.3907,MEDIUM,v1,56.7,4,14,50.64,"Microsoft Excel, Salesforce, Speaking, Active Listening, Reading Comprehension",Microsoft Excel,Learn Microsoft Excel,Advanced Spreadsheet Modelling,Microsoft Learn,12,7.762,Moderate
1542,Research & Development,Laboratory Technician,42,4841,1,No,No,0.5106,MEDIUM,v1,45.0,3,13,43.62,"Microsoft Office, Reading Comprehension, Active Listening, Microsoft PowerPoint, Microsoft Word",Microsoft Office,Learn Microsoft Office,Productivity Suite Fundamentals,Microsoft Learn,10,7.762,Moderate
1543,Research & Development,Research Scientist,37,4285,10,No,No,0.188,LOW,v1,56.7,3,10,38.24,"Microsoft Excel, Science, Active Learning, Critical Thinking, Active Listening",Microsoft Excel,Learn Microsoft Excel,Advanced Spreadsheet Modelling,Microsoft Learn,12,6.75,Moderate
1544,Research & Development,Healthcare Representative,29,9715,7,No,No,0.0867,LOW,v1,30.0,3,12,43.88,"Microsoft Excel, Salesforce, Speaking, Reading Comprehension, Linux",Microsoft Excel,Learn Microsoft Excel,Advanced Spreadsheet Modelling,Microsoft Learn,12,6.75,Low
1545,Research & Development,Manufacturing Director,33,4320,5,No,No,0.4661,MEDIUM,v1,58.3,3,10,38.88,"Microsoft PowerPoint, Microsoft Office, Microsoft Outlook, Monitoring, Reading Comprehension",Microsoft PowerPoint,Learn Microsoft PowerPoint,Presenting Data to Decision Makers,LinkedIn Learning,10,7.762,Moderate
1546,Research & Development,Research Scientist,45,2132,5,No,No,0.0837,LOW,v1,86.7,4,10,38.11,"Microsoft Office, Writing, Science, Active Learning, Mathematics",Microsoft Office,Learn Microsoft Office,Productivity Suite Fundamentals,Microsoft Learn,10,6.75,High
1547,Research & Development,Healthcare Representative,42,10124,20,Yes,No,0.5369,MEDIUM,v1,73.3,3,12,45.51,"Microsoft Office, Salesforce, Microsoft Outlook, Speaking, Active Listening",Microsoft Office,Learn Microsoft Office,Productivity Suite Fundamentals,Microsoft Learn,10,7.762,High
1548,Sales,Sales Executive,40,5473,8,No,No,0.3249,LOW,v1,41.7,3,9,33.24,"Microsoft Excel, Microsoft Office, Active Listening, Adobe Creative Cloud, Adobe Acrobat",Microsoft Excel,Learn Microsoft Excel,Advanced Spreadsheet Modelling,Microsoft Learn,12,6.75,Moderate
1549,Research & Development,Laboratory Technician,33,5207,15,Yes,No,0.7678,HIGH,v1,56.7,3,11,38.62,"Microsoft Excel, Microsoft Office, SAP, Microsoft Word, MEDITECH",Microsoft Excel,Learn Microsoft Excel,Advanced Spreadsheet Modelling,Microsoft Learn,12,9.45,Moderate
1550,Human Resources,Manager,40,16437,21,Yes,No,0.2958,LOW,v1,80.0,4,10,37.0,"Microsoft Office, Monitoring, Reading Comprehension, Active Listening, Apple macOS",Microsoft Office,Learn Microsoft Office,Productivity Suite Fundamentals,Microsoft Learn,10,6.75,High
1551,Research & Development,Laboratory Technician,24,2296,1,No,No,0.8571,HIGH,v1,35.0,3,13,42.12,"Reading Comprehension, SAP, Microsoft Word, MEDITECH, Google Docs",Reading Comprehension,Learn Reading Comprehension,Business Writing for Clarity,LinkedIn Learning,8,7.875,Low
1552,Research & Development,Healthcare Representative,40,4069,2,Yes,No,0.0267,LOW,v1,83.4,3,12,43.63,"Microsoft Excel, Salesforce, Reading Comprehension, Google Workspace, Linux",Microsoft Excel,Learn Microsoft Excel,Advanced Spreadsheet Modelling,Microsoft Learn,12,6.75,High
1553,Research & Development,Healthcare Representative,45,7441,10,No,No,0.2115,LOW,v1,36.7,3,15,54.88,"Microsoft Office, Microsoft Outlook, Speaking, Active Listening, Reading Comprehension",Microsoft Office,Learn Microsoft Office,Productivity Suite Fundamentals,Microsoft Learn,10,6.75,Low
1554,Sales,Sales Representative,35,2430,5,No,No,0.4559,MEDIUM,v1,45.0,4,10,34.76,"Active Listening, Microsoft Project, IBM SPSS Statistics, Microsoft PowerPoint, Apple macOS",Active Listening,Learn Active Listening,Running Effective Remote Meetings,LinkedIn Learning,6,6.693,Moderate
1555,Research & Development,Research Scientist,32,5878,7,No,No,0.1574,LOW,v1,48.3,3,9,34.99,"Microsoft Office, Writing, Speaking, Active Learning, Critical Thinking",Microsoft Office,Learn Microsoft Office,Productivity Suite Fundamentals,Microsoft Learn,10,6.75,Moderate
1556,Sales,Sales Representative,36,2644,3,Yes,No,0.7392,HIGH,v1,75.0,4,10,34.74,"Microsoft Office, Reading Comprehension, IBM SPSS Statistics, Apple macOS, Microsoft Word",Microsoft Office,Learn Microsoft Office,Productivity Suite Fundamentals,Microsoft Learn,10,9.45,High
1557,Sales,Sales Executive,48,6439,8,No,No,0.1807,LOW,v1,66.7,3,12,44.75,"Microsoft PowerPoint, Microsoft Excel, Microsoft Office, Microsoft Outlook, Speaking",Microsoft PowerPoint,Learn Microsoft PowerPoint,Presenting Data to Decision Makers,LinkedIn Learning,10,6.75,Moderate
1558,Research & Development,Research Scientist,29,2451,1,No,No,0.3203,LOW,v1,63.3,3,11,43.11,"Microsoft Office, Writing, Speaking, Active Learning, Critical Thinking",Microsoft Office,Learn Microsoft Office,Productivity Suite Fundamentals,Microsoft Learn,10,6.75,Moderate
1560,Sales,Sales Executive,33,6392,2,No,No,0.3565,MEDIUM,v1,26.7,3,6,19.5,"Speaking, Adobe InDesign, Reading Comprehension, Writing, Active Learning",Speaking,Learn Speaking,Listening and Influence at Work,LinkedIn Learning,6,6.9,Low
1562,Sales,Sales Executive,30,9714,10,No,Yes,0.3303,LOW,v1,35.0,3,5,18.38,"Salesforce, Adobe InDesign, Adobe Acrobat, Adobe Photoshop, Reading Comprehension",Salesforce,Learn Salesforce,Managing the Customer Pipeline,Trailhead,16,6.75,Low
1563,Human Resources,Human Resources,38,6077,6,No,No,0.6696,HIGH,v1,66.7,3,10,37.87,"Microsoft Excel, Workday, Speaking, Applicant Tracking System (ATS), Active Listening",Microsoft Excel,Learn Microsoft Excel,Advanced Spreadsheet Modelling,Microsoft Learn,12,9.45,Moderate
1564,Research & Development,Laboratory Technician,35,2450,3,No,No,0.5449,MEDIUM,v1,41.7,3,17,58.62,"Microsoft Excel, Microsoft Office, Reading Comprehension, Active Listening, SAP",Microsoft Excel,Learn Microsoft Excel,Advanced Spreadsheet Modelling,Microsoft Learn,12,7.762,Moderate
1568,Sales,Sales Executive,30,9250,4,No,No,0.7198,HIGH,v1,53.3,3,13,47.38,"Microsoft Office, Salesforce, Microsoft Outlook, Speaking, Adobe Creative Cloud",Microsoft Office,Learn Microsoft Office,Productivity Suite Fundamentals,Microsoft Learn,10,9.45,Moderate
1569,Research & Development,Laboratory Technician,35,2074,1,Yes,Yes,0.9283,HIGH,v1,36.7,3,13,45.62,"Microsoft Excel, Microsoft Office, Active Listening, SAP, Microsoft PowerPoint",Microsoft Excel,Learn Microsoft Excel,Advanced Spreadsheet Modelling,Microsoft Learn,12,9.45,Low
1572,Research & Development,Manufacturing Director,53,10169,33,No,Yes,0.0001,LOW,v1,65.0,3,6,22.38,"Microsoft PowerPoint, Monitoring, Adobe InDesign, Adobe Acrobat, Autodesk AutoCAD",Microsoft PowerPoint,Learn Microsoft PowerPoint,Presenting Data to Decision Makers,LinkedIn Learning,10,6.75,Moderate
1573,Research & Development,Manufacturing Director,38,4855,5,No,Yes,0.1754,LOW,v1,50.0,3,13,49.51,"Microsoft Excel, Microsoft Office, Critical Thinking, Speaking, Reading Comprehension",Microsoft Excel,Learn Microsoft Excel,Advanced Spreadsheet Modelling,Microsoft Learn,12,6.75,Moderate
1574,Research & Development,Research Scientist,32,4087,6,No,No,0.1452,LOW,v1,45.0,3,9,35.74,"R, Microsoft Office, Science, Active Learning, Critical Thinking",R,Learn R,Statistical Programming in R,Coursera,24,6.75,Moderate
1576,Research & Development,Research Scientist,48,2367,8,No,No,0.2283,LOW,v1,45.0,3,11,43.11,"R, Microsoft Office, Writing, Science, Active Learning",R,Learn R,Statistical Programming in R,Coursera,24,6.75,Moderate
1577,Research & Development,Research Scientist,34,2972,1,No,No,0.7043,HIGH,v1,53.3,3,13,49.99,"Microsoft Excel, Microsoft Office, Writing, Speaking, Critical Thinking",Microsoft Excel,Learn Microsoft Excel,Advanced Spreadsheet Modelling,Microsoft Learn,12,9.45,Moderate
1578,Sales,Manager,55,19586,36,No,No,0.0218,LOW,v1,68.3,4,8,28.88,"Microsoft PowerPoint, Critical Thinking, Apple macOS, Google Analytics, Atlassian Confluence",Microsoft PowerPoint,Learn Microsoft PowerPoint,Presenting Data to Decision Makers,LinkedIn Learning,10,6.75,Moderate
1580,Research & Development,Research Scientist,34,5484,2,No,No,0.214,LOW,v1,61.7,3,10,38.24,"R, Speaking, Critical Thinking, Reading Comprehension, Active Listening",R,Learn R,Statistical Programming in R,Coursera,24,6.75,Moderate
1581,Research & Development,Research Scientist,26,2061,1,No,No,0.3569,MEDIUM,v1,56.7,4,14,54.73,"R, Microsoft Office, Writing, Science, Speaking",R,Learn R,Statistical Programming in R,Coursera,24,7.762,Moderate
1582,Sales,Sales Executive,38,9924,9,No,No,0.0701,LOW,v1,60.0,3,12,47.12,"Microsoft PowerPoint, Microsoft Excel, Microsoft Office, Salesforce, Microsoft Outlook",Microsoft PowerPoint,Learn Microsoft PowerPoint,Presenting Data to Decision Makers,LinkedIn Learning,10,6.75,Moderate
1583,Sales,Sales Executive,38,4198,3,No,No,0.4529,MEDIUM,v1,51.7,3,8,28.12,"Microsoft PowerPoint, Microsoft Outlook, Critical Thinking, Adobe Acrobat, Adobe Photoshop",Microsoft PowerPoint,Learn Microsoft PowerPoint,Presenting Data to Decision Makers,LinkedIn Learning,10,7.762,Moderate
1585,Sales,Sales Executive,36,6815,1,No,No,0.4473,MEDIUM,v1,53.4,3,3,10.12,"Adobe InDesign, Adobe Illustrator, Monitoring",Adobe InDesign,Learn Adobe InDesign,Layout and Publication Design,Adobe,14,6.037,Moderate
1586,Research & Development,Laboratory Technician,29,4723,10,Yes,No,0.5783,MEDIUM,v1,43.3,3,16,54.24,"Microsoft Excel, Reading Comprehension, Active Listening, SAP, Microsoft PowerPoint",Microsoft Excel,Learn Microsoft Excel,Advanced Spreadsheet Modelling,Microsoft Learn,12,7.762,Moderate
1587,Research & Development,Healthcare Representative,35,6142,5,Yes,No,0.487,MEDIUM,v1,53.4,3,12,43.13,"Microsoft Excel, Salesforce, Reading Comprehension, Google Workspace, Linux",Microsoft Excel,Learn Microsoft Excel,Advanced Spreadsheet Modelling,Microsoft Learn,12,7.762,Moderate
1588,Sales,Sales Executive,39,8237,7,No,No,0.1702,LOW,v1,75.0,3,7,24.25,"Microsoft PowerPoint, Adobe InDesign, Critical Thinking, Adobe Acrobat, Adobe Illustrator",Microsoft PowerPoint,Learn Microsoft PowerPoint,Presenting Data to Decision Makers,LinkedIn Learning,10,6.75,High
1590,Research & Development,Healthcare Representative,29,8853,6,No,No,0.0573,LOW,v1,71.7,3,16,60.38,"Microsoft Excel, Salesforce, Microsoft Outlook, Microsoft Office, Speaking",Microsoft Excel,Learn Microsoft Excel,Advanced Spreadsheet Modelling,Microsoft Learn,12,6.75,High
1591,Sales,Manager,50,19331,1,Yes,No,0.3287,LOW,v1,66.7,3,6,22.88,"Reading Comprehension, Speaking, Active Listening, Critical Thinking, Adobe Photoshop",Reading Comprehension,Learn Reading Comprehension,Business Writing for Clarity,LinkedIn Learning,8,6.0,Moderate
1592,Research & Development,Research Scientist,23,2073,2,No,No,0.0855,LOW,v1,85.0,3,15,57.36,"R, Microsoft Office, Science, Speaking, Critical Thinking",R,Learn R,Statistical Programming in R,Coursera,24,6.75,High
1594,Research & Development,Laboratory Technician,36,5562,3,Yes,No,0.8441,HIGH,v1,45.0,3,11,37.37,"Microsoft Office, Reading Comprehension, Microsoft Word, MEDITECH, Google Docs",Microsoft Office,Learn Microsoft Office,Productivity Suite Fundamentals,Microsoft Learn,10,9.45,Moderate
1595,Research & Development,Manager,42,19613,1,No,No,0.0304,LOW,v1,78.3,4,8,29.0,"Microsoft Office, Critical Thinking, Active Learning, Apple macOS, Google Analytics",Microsoft Office,Learn Microsoft Office,Productivity Suite Fundamentals,Microsoft Learn,10,6.75,High
1596,Research & Development,Laboratory Technician,35,3407,10,No,No,0.3078,LOW,v1,66.7,3,9,31.0,"Microsoft Excel, Reading Comprehension, SAP, MEDITECH, Microsoft Outlook",Microsoft Excel,Learn Microsoft Excel,Advanced Spreadsheet Modelling,Microsoft Learn,12,6.75,Moderate
1597,Research & Development,Healthcare Representative,34,5063,8,No,No,0.4196,MEDIUM,v1,56.7,3,12,44.26,"Microsoft Excel, Microsoft Office, Speaking, Reading Comprehension, Microsoft Azure",Microsoft Excel,Learn Microsoft Excel,Advanced Spreadsheet Modelling,Microsoft Learn,12,7.762,Moderate
1598,Sales,Sales Executive,40,4639,5,No,No,0.27,LOW,v1,53.4,3,15,55.5,"Microsoft PowerPoint, Salesforce, Microsoft Outlook, Microsoft Office, Active Listening",Microsoft PowerPoint,Learn Microsoft PowerPoint,Presenting Data to Decision Makers,LinkedIn Learning,10,6.75,Moderate
1599,Research & Development,Laboratory Technician,43,4876,6,No,No,0.3977,MEDIUM,v1,71.7,3,13,43.87,"Microsoft Excel, Reading Comprehension, SAP, Microsoft Word, MEDITECH",Microsoft Excel,Learn Microsoft Excel,Advanced Spreadsheet Modelling,Microsoft Learn,12,7.762,High
1601,Research & Development,Laboratory Technician,35,2690,1,No,No,0.1477,LOW,v1,66.7,3,13,43.49,"Microsoft Office, Active Listening, SAP, Microsoft PowerPoint, Google Docs",Microsoft Office,Learn Microsoft Office,Productivity Suite Fundamentals,Microsoft Learn,10,6.75,Moderate
1602,Sales,Manager,46,17567,26,No,No,0.0585,LOW,v1,48.3,3,6,22.5,"Microsoft PowerPoint, Active Listening, Atlassian JIRA, Adobe Acrobat, Adobe Photoshop",Microsoft PowerPoint,Learn Microsoft PowerPoint,Presenting Data to Decision Makers,LinkedIn Learning,10,6.75,Moderate
1604,Research & Development,Laboratory Technician,28,2408,1,Yes,Yes,0.9205,HIGH,v1,56.7,3,14,49.12,"Microsoft Excel, Microsoft Office, Reading Comprehension, Active Listening, SAP",Microsoft Excel,Learn Microsoft Excel,Advanced Spreadsheet Modelling,Microsoft Learn,12,9.45,Moderate
1605,Research & Development,Research Scientist,22,2814,4,Yes,No,0.5727,MEDIUM,v1,43.3,3,10,39.36,"Microsoft Excel, Microsoft Office, Science, Active Learning, Critical Thinking",Microsoft Excel,Learn Microsoft Excel,Advanced Spreadsheet Modelling,Microsoft Learn,12,7.762,Moderate
1606,Research & Development,Healthcare Representative,50,11245,30,Yes,No,0.5762,MEDIUM,v1,60.0,3,3,10.38,"Microsoft Azure, Linux, Critical Thinking",Microsoft Azure,Learn Critical Thinking,Structured Problem Solving,Coursera,12,5.83,Moderate
1607,Research & Development,Research Scientist,32,3312,3,No,No,0.0159,LOW,v1,81.7,3,13,51.61,"Microsoft Excel, R, Microsoft Office, Writing, Science",Microsoft Excel,Learn Microsoft Excel,Advanced Spreadsheet Modelling,Microsoft Learn,12,6.75,High
1608,Research & Development,Research Director,44,19049,22,Yes,No,0.0021,LOW,v1,68.3,3,8,29.62,"Science, Monitoring, Critical Thinking, IBM SPSS Statistics, Active Learning",Science,Learn Science,Scientific Method in Practice,edX,14,6.18,Moderate
1609,Research & Development,Research Scientist,30,2141,6,No,No,0.5319,MEDIUM,v1,33.3,3,9,34.87,"Microsoft Excel, R, Writing, Speaking, ESRI ArcGIS",Microsoft Excel,Learn Microsoft Excel,Advanced Spreadsheet Modelling,Microsoft Learn,12,7.762,Low
1611,Research & Development,Laboratory Technician,45,5769,10,Yes,No,0.8959,HIGH,v1,23.3,3,9,31.12,"Microsoft Excel, Microsoft Office, Microsoft PowerPoint, MEDITECH, Speaking",Microsoft Excel,Learn Microsoft Excel,Advanced Spreadsheet Modelling,Microsoft Learn,12,9.45,Low
1612,Sales,Sales Executive,45,4385,10,No,No,0.6558,HIGH,v1,18.3,3,11,38.5,"Microsoft Office, Microsoft Outlook, Adobe Creative Cloud, Critical Thinking, Adobe Acrobat",Microsoft Office,Learn Microsoft Office,Productivity Suite Fundamentals,Microsoft Learn,10,9.45,Low
1613,Sales,Sales Executive,31,5332,5,No,No,0.5619,MEDIUM,v1,56.7,3,13,48.37,"Microsoft PowerPoint, Microsoft Excel, Microsoft Office, Salesforce, Adobe InDesign",Microsoft PowerPoint,Learn Microsoft PowerPoint,Presenting Data to Decision Makers,LinkedIn Learning,10,7.762,Moderate
1614,Research & Development,Manufacturing Director,36,4663,3,Yes,No,0.6859,HIGH,v1,63.4,3,11,43.76,"SAP, Microsoft PowerPoint, Microsoft Excel, Microsoft Office, Monitoring",SAP,Learn SAP,Enterprise Resource Planning Essentials,SAP,24,9.45,Moderate
1615,Research & Development,Manufacturing Director,34,4724,9,No,No,0.2192,LOW,v1,78.3,3,11,43.38,"SAP, Microsoft PowerPoint, Microsoft Outlook, Monitoring, Speaking",SAP,Learn SAP,Enterprise Resource Planning Essentials,SAP,24,6.75,High
1617,Research & Development,Laboratory Technician,49,3211,9,No,No,0.1949,LOW,v1,45.0,3,9,30.87,"Microsoft Office, Reading Comprehension, Microsoft Word, Google Docs, Microsoft Outlook",Microsoft Office,Learn Microsoft Office,Productivity Suite Fundamentals,Microsoft Learn,10,6.75,Moderate
1618,Research & Development,Manufacturing Director,39,5377,7,No,No,0.1034,LOW,v1,43.3,3,9,35.13,"SAP, Microsoft Office, Monitoring, Speaking, Reading Comprehension",SAP,Learn SAP,Enterprise Resource Planning Essentials,SAP,24,6.75,Moderate
1619,Research & Development,Laboratory Technician,27,4066,7,No,No,0.1395,LOW,v1,38.3,3,12,40.99,"Microsoft Excel, Microsoft Office, Active Listening, SAP, MEDITECH",Microsoft Excel,Learn Microsoft Excel,Advanced Spreadsheet Modelling,Microsoft Learn,12,6.75,Low
1621,Research & Development,Research Scientist,35,5208,16,No,No,0.0484,LOW,v1,51.7,3,7,27.37,"Microsoft Office, Writing, Speaking, Reading Comprehension, MATLAB",Microsoft Office,Learn Microsoft Office,Productivity Suite Fundamentals,Microsoft Learn,10,6.75,Moderate
1622,Research & Development,Manufacturing Director,28,4877,5,No,No,0.5669,MEDIUM,v1,15.0,4,11,43.76,"SAP, Microsoft PowerPoint, Microsoft Excel, Microsoft Office, Speaking",SAP,Learn SAP,Enterprise Resource Planning Essentials,SAP,24,7.762,Low
1623,Research & Development,Research Scientist,21,3117,2,No,No,0.1514,LOW,v1,76.7,3,13,50.61,"R, Microsoft Office, Writing, Speaking, Active Learning",R,Learn R,Statistical Programming in R,Coursera,24,6.75,High
1624,Sales,Sales Representative,18,1569,0,Yes,Yes,0.9838,HIGH,v1,75.0,3,12,43.76,"Microsoft Excel, Microsoft Office, Speaking, Active Listening, Reading Comprehension",Microsoft Excel,Learn Microsoft Excel,Advanced Spreadsheet Modelling,Microsoft Learn,12,9.45,High
1625,Human Resources,Manager,47,19658,5,No,No,0.0612,LOW,v1,73.4,3,5,17.88,"Reading Comprehension, Critical Thinking, Google Analytics, Adobe Photoshop, Learning Strategies",Reading Comprehension,Learn Reading Comprehension,Business Writing for Clarity,LinkedIn Learning,8,6.0,High
1627,Research & Development,Laboratory Technician,39,3069,10,No,No,0.0278,LOW,v1,61.7,3,9,30.99,"Microsoft Excel, Reading Comprehension, Active Listening, Google Docs, Microsoft Outlook",Microsoft Excel,Learn Microsoft Excel,Advanced Spreadsheet Modelling,Microsoft Learn,12,6.75,Moderate
1628,Research & Development,Manufacturing Director,40,10435,18,No,No,0.2116,LOW,v1,48.3,3,11,42.51,"SAP, Microsoft PowerPoint, Microsoft Excel, Reading Comprehension, Active Listening",SAP,Learn SAP,Enterprise Resource Planning Essentials,SAP,24,6.75,Moderate
1630,Research & Development,Healthcare Representative,35,4148,14,No,No,0.0029,LOW,v1,70.0,3,11,40.13,"Microsoft Excel, Salesforce, Speaking, Google Workspace, Microsoft Azure",Microsoft Excel,Learn Microsoft Excel,Advanced Spreadsheet Modelling,Microsoft Learn,12,6.75,High
1631,Research & Development,Manufacturing Director,37,5768,4,No,No,0.1619,LOW,v1,55.0,3,9,34.25,"SAP, Microsoft Outlook, Monitoring, Learning Strategies, Active Learning",SAP,Learn SAP,Enterprise Resource Planning Essentials,SAP,24,6.75,Moderate
1633,Research & Development,Manufacturing Director,39,5042,9,No,No,0.2077,LOW,v1,46.7,3,11,41.01,"Microsoft Office, Monitoring, Critical Thinking, Active Listening, Learning Strategies",Microsoft Office,Learn Microsoft Office,Productivity Suite Fundamentals,Microsoft Learn,10,6.75,Moderate
1635,Research & Development,Manufacturing Director,45,5770,10,No,No,0.0044,LOW,v1,68.3,3,8,32.0,"SAP, Microsoft PowerPoint, Microsoft Outlook, Speaking, Reading Comprehension",SAP,Learn SAP,Enterprise Resource Planning Essentials,SAP,24,6.75,Moderate
1638,Research & Development,Manufacturing Director,38,7756,5,Yes,No,0.1207,LOW,v1,73.3,3,13,49.13,"SAP, Microsoft Office, Monitoring, Critical Thinking, Active Listening",SAP,Learn SAP,Enterprise Resource Planning Essentials,SAP,24,6.75,High
1639,Sales,Sales Executive,35,10306,13,No,Yes,0.7457,HIGH,v1,45.0,3,7,23.38,"Active Listening, Adobe Creative Cloud, Adobe InDesign, Adobe Acrobat, Reading Comprehension",Active Listening,Learn Active Listening,Running Effective Remote Meetings,LinkedIn Learning,6,8.4,Moderate
1640,Research & Development,Research Scientist,37,3936,8,No,No,0.2923,LOW,v1,33.3,3,10,37.49,"Writing, Speaking, Critical Thinking, Active Listening, Mathematics",Writing,Learn Writing,Business Writing for Clarity,LinkedIn Learning,8,6.375,Low
1641,Research & Development,Manufacturing Director,40,7945,4,Yes,No,0.5692,MEDIUM,v1,75.0,3,10,38.14,"Microsoft PowerPoint, Microsoft Excel, Monitoring, Reading Comprehension, Active Listening",Microsoft PowerPoint,Learn Microsoft PowerPoint,Presenting Data to Decision Makers,LinkedIn Learning,10,7.762,High
1642,Human Resources,Human Resources,44,5743,10,Yes,No,0.872,HIGH,v1,63.4,3,6,23.12,"Workday, Speaking, Applicant Tracking System (ATS), Adobe Acrobat, Cisco Webex",Workday,Learn Speaking,Listening and Influence at Work,LinkedIn Learning,6,8.652,Moderate
1644,Research & Development,Manager,48,15202,2,No,No,0.0224,LOW,v1,65.0,4,8,29.5,"Microsoft Excel, Speaking, Critical Thinking, Active Learning, Apple macOS",Microsoft Excel,Learn Microsoft Excel,Advanced Spreadsheet Modelling,Microsoft Learn,12,6.75,Moderate
1645,Sales,Sales Executive,35,5440,2,Yes,Yes,0.8677,HIGH,v1,45.0,3,9,31.87,"Microsoft Office, Speaking, Active Listening, Adobe Creative Cloud, Critical Thinking",Microsoft Office,Learn Microsoft Office,Productivity Suite Fundamentals,Microsoft Learn,10,9.45,Moderate
1646,Research & Development,Research Scientist,24,3760,6,Yes,No,0.8613,HIGH,v1,63.4,3,13,51.37,"Microsoft Excel, R, Microsoft Office, Writing, Active Learning",Microsoft Excel,Learn Microsoft Excel,Advanced Spreadsheet Modelling,Microsoft Learn,12,9.45,Moderate
1647,Research & Development,Research Scientist,27,3517,3,No,No,0.2845,LOW,v1,61.7,3,13,48.86,"Microsoft Excel, Science, Active Learning, Critical Thinking, Reading Comprehension",Microsoft Excel,Learn Microsoft Excel,Advanced Spreadsheet Modelling,Microsoft Learn,12,6.75,Moderate
1648,Research & Development,Research Scientist,27,2580,4,No,No,0.3788,MEDIUM,v1,78.3,3,11,44.11,"Microsoft Excel, R, Microsoft Office, Writing, Science",Microsoft Excel,Learn Microsoft Excel,Advanced Spreadsheet Modelling,Microsoft Learn,12,7.762,High
1649,Research & Development,Laboratory Technician,40,2166,4,Yes,Yes,0.9432,HIGH,v1,20.0,3,11,38.24,"Microsoft Excel, Microsoft Office, Active Listening, Microsoft PowerPoint, MEDITECH",Microsoft Excel,Learn Microsoft Excel,Advanced Spreadsheet Modelling,Microsoft Learn,12,9.45,Low
1650,Sales,Sales Executive,29,5869,5,No,No,0.8013,HIGH,v1,58.4,3,10,37.87,"Microsoft PowerPoint, Microsoft Excel, Microsoft Office, Salesforce, Active Listening",Microsoft PowerPoint,Learn Microsoft PowerPoint,Presenting Data to Decision Makers,LinkedIn Learning,10,9.45,Moderate
1651,Research & Development,Healthcare Representative,36,8008,3,No,No,0.0978,LOW,v1,40.0,3,7,25.38,"Microsoft Excel, Microsoft Office, Apache Hadoop, Active Learning, Writing",Microsoft Excel,Learn Microsoft Excel,Advanced Spreadsheet Modelling,Microsoft Learn,12,6.75,Moderate
1653,Research & Development,Manufacturing Director,25,5206,7,No,No,0.008,LOW,v1,81.7,3,11,43.88,"SAP, Microsoft Excel, Microsoft Office, Microsoft Outlook, Critical Thinking",SAP,Learn SAP,Enterprise Resource Planning Essentials,SAP,24,6.75,High
1654,Research & Development,Manufacturing Director,39,5295,5,No,No,0.2771,LOW,v1,63.3,4,12,49.13,"SAP, Microsoft PowerPoint, Microsoft Excel, Microsoft Office, Microsoft Outlook",SAP,Learn SAP,Enterprise Resource Planning Essentials,SAP,24,6.75,Moderate
1655,Research & Development,Research Director,49,16413,4,No,No,0.0257,LOW,v1,40.0,3,11,41.76,"Microsoft Excel, Monitoring, Reading Comprehension, Active Listening, Speaking",Microsoft Excel,Learn Microsoft Excel,Advanced Spreadsheet Modelling,Microsoft Learn,12,6.75,Moderate
1656,Research & Development,Research Director,50,13269,14,No,No,0.0082,LOW,v1,45.0,3,8,30.12,"Microsoft PowerPoint, Science, Reading Comprehension, IBM SPSS Statistics, ESRI ArcGIS",Microsoft PowerPoint,Learn Microsoft PowerPoint,Presenting Data to Decision Makers,LinkedIn Learning,10,6.75,Moderate
1657,Sales,Sales Representative,20,2783,2,No,No,0.5408,MEDIUM,v1,60.0,3,16,58.26,"Microsoft Excel, Microsoft Office, Salesforce, Speaking, Active Listening",Microsoft Excel,Learn Microsoft Excel,Advanced Spreadsheet Modelling,Microsoft Learn,12,7.762,Moderate
1658,Research & Development,Research Scientist,34,5433,11,No,No,0.0334,LOW,v1,63.3,3,14,53.87,"R, Microsoft Office, Writing, Active Learning, Critical Thinking",R,Learn R,Statistical Programming in R,Coursera,24,6.75,Moderate
1659,Research & Development,Laboratory Technician,36,2013,4,No,No,0.4801,MEDIUM,v1,43.3,3,11,36.24,"Active Listening, SAP, Microsoft PowerPoint, Microsoft Word, MEDITECH",Active Listening,Learn Active Listening,Running Effective Remote Meetings,LinkedIn Learning,6,6.244,Moderate
1661,Research & Development,Healthcare Representative,49,13966,15,Yes,No,0.0438,LOW,v1,55.0,3,10,36.01,"Microsoft Excel, Salesforce, Reading Comprehension, Google Workspace, Microsoft Azure",Microsoft Excel,Learn Microsoft Excel,Advanced Spreadsheet Modelling,Microsoft Learn,12,6.75,Moderate
1662,Research & Development,Manufacturing Director,36,4374,3,No,No,0.0109,LOW,v1,65.0,3,10,38.13,"SAP, Microsoft Outlook, Monitoring, Active Listening, Learning Strategies",SAP,Learn SAP,Enterprise Resource Planning Essentials,SAP,24,6.75,Moderate
1664,Research & Development,Healthcare Representative,36,6842,5,No,No,0.0318,LOW,v1,55.0,4,12,45.13,"Microsoft Excel, Microsoft Office, Microsoft Outlook, Active Listening, Reading Comprehension",Microsoft Excel,Learn Microsoft Excel,Advanced Spreadsheet Modelling,Microsoft Learn,12,6.75,Moderate
1665,Research & Development,Manager,54,17426,10,No,No,0.0121,LOW,v1,60.0,4,7,24.0,"Apple macOS, Atlassian JIRA, Atlassian Confluence, Adobe Acrobat, Writing",Apple macOS,Learn Apple macOS,Operating Systems for End Users,Apple,6,5.25,Moderate
1666,Research & Development,Research Director,43,17603,14,No,No,0.0391,LOW,v1,51.7,4,13,49.88,"Microsoft Excel, Science, Monitoring, Critical Thinking, Reading Comprehension",Microsoft Excel,Learn Microsoft Excel,Advanced Spreadsheet Modelling,Microsoft Learn,12,6.75,Moderate
1667,Sales,Sales Executive,35,4581,11,Yes,Yes,0.7506,HIGH,v1,81.7,4,8,29.37,"Salesforce, Microsoft Outlook, Adobe InDesign, Adobe Acrobat, Adobe Photoshop",Salesforce,Learn Salesforce,Managing the Customer Pipeline,Trailhead,16,9.45,High
1668,Research & Development,Research Scientist,38,4735,13,No,No,0.0129,LOW,v1,91.7,3,9,35.37,"Microsoft Excel, Writing, Active Learning, Critical Thinking, Reading Comprehension",Microsoft Excel,Learn Microsoft Excel,Advanced Spreadsheet Modelling,Microsoft Learn,12,6.75,High
1669,Sales,Sales Executive,29,4187,10,Yes,No,0.7992,HIGH,v1,26.6,3,13,48.12,"Microsoft Excel, Microsoft Office, Salesforce, Microsoft Outlook, Active Listening",Microsoft Excel,Learn Microsoft Excel,Advanced Spreadsheet Modelling,Microsoft Learn,12,9.45,Low
1670,Sales,Sales Executive,33,5505,6,No,No,0.0316,LOW,v1,83.4,3,9,32.38,"Salesforce, Microsoft Outlook, Speaking, Adobe InDesign, Adobe Acrobat",Salesforce,Learn Salesforce,Managing the Customer Pipeline,Trailhead,16,6.75,High
1671,Research & Development,Research Scientist,32,5470,9,No,No,0.0112,LOW,v1,58.3,3,11,42.48,"R, Science, Speaking, Active Learning, Critical Thinking",R,Learn R,Statistical Programming in R,Coursera,24,6.75,Moderate
1673,Sales,Sales Executive,31,5476,10,No,No,0.2452,LOW,v1,56.7,3,8,29.74,"Microsoft PowerPoint, Microsoft Office, Speaking, Adobe Creative Cloud, Adobe InDesign",Microsoft PowerPoint,Learn Microsoft PowerPoint,Presenting Data to Decision Makers,LinkedIn Learning,10,6.75,Moderate
1674,Research & Development,Laboratory Technician,49,2587,2,Yes,No,0.5263,MEDIUM,v1,45.0,3,13,43.62,"Microsoft Office, Active Listening, SAP, Microsoft PowerPoint, Microsoft Word",Microsoft Office,Learn Microsoft Office,Productivity Suite Fundamentals,Microsoft Learn,10,7.762,Moderate
1675,Research & Development,Laboratory Technician,38,2440,4,No,No,0.6929,HIGH,v1,51.6,4,9,30.25,"Microsoft Excel, Reading Comprehension, Google Docs, Microsoft Outlook, Monitoring",Microsoft Excel,Learn Microsoft Excel,Advanced Spreadsheet Modelling,Microsoft Learn,12,9.45,Moderate
1676,Sales,Manager,47,15972,3,No,No,0.0172,LOW,v1,58.3,3,7,25.0,"Microsoft Office, Atlassian JIRA, Google Analytics, Adobe Acrobat, Writing",Microsoft Office,Learn Microsoft Office,Productivity Suite Fundamentals,Microsoft Learn,10,6.75,Moderate
1677,Research & Development,Manager,49,15379,8,No,No,0.1495,LOW,v1,60.0,3,10,37.12,"Microsoft Excel, Microsoft Office, Monitoring, Active Learning, Apple macOS",Microsoft Excel,Learn Microsoft Excel,Advanced Spreadsheet Modelling,Microsoft Learn,12,6.75,Moderate
1678,Sales,Sales Executive,41,7082,2,Yes,No,0.3642,MEDIUM,v1,76.7,3,10,35.5,"Microsoft PowerPoint, Salesforce, Active Listening, Adobe Creative Cloud, Adobe InDesign",Microsoft PowerPoint,Learn Microsoft PowerPoint,Presenting Data to Decision Makers,LinkedIn Learning,10,7.762,High
1680,Sales,Sales Representative,20,2728,2,No,No,0.7952,HIGH,v1,46.7,3,12,43.76,"Microsoft Office, Salesforce, Speaking, Reading Comprehension, IBM SPSS Statistics",Microsoft Office,Learn Microsoft Office,Productivity Suite Fundamentals,Microsoft Learn,10,9.45,Moderate
1681,Sales,Sales Executive,33,5368,6,Yes,No,0.1497,LOW,v1,76.7,4,13,45.62,"Microsoft Office, Salesforce, Active Listening, Adobe Creative Cloud, Adobe InDesign",Microsoft Office,Learn Microsoft Office,Productivity Suite Fundamentals,Microsoft Learn,10,6.75,High
1682,Research & Development,Healthcare Representative,36,5347,3,No,No,0.3055,LOW,v1,45.0,3,13,46.51,"Microsoft Excel, Salesforce, Reading Comprehension, Linux, Microsoft Azure",Microsoft Excel,Learn Microsoft Excel,Advanced Spreadsheet Modelling,Microsoft Learn,12,6.75,Moderate
1683,Human Resources,Human Resources,44,3195,2,Yes,No,0.1296,LOW,v1,70.0,3,12,47.38,"Microsoft PowerPoint, Microsoft Excel, Workday, Microsoft Office, Applicant Tracking System (ATS)",Microsoft PowerPoint,Learn Microsoft PowerPoint,Presenting Data to Decision Makers,LinkedIn Learning,10,6.75,High
1684,Research & Development,Laboratory Technician,23,3989,5,Yes,Yes,0.8964,HIGH,v1,58.3,3,14,48.49,"Microsoft Excel, Microsoft Office, Reading Comprehension, Active Listening, SAP",Microsoft Excel,Learn Microsoft Excel,Advanced Spreadsheet Modelling,Microsoft Learn,12,9.45,Moderate
1687,Research & Development,Laboratory Technician,38,3306,0,No,No,0.1148,LOW,v1,71.7,3,12,40.62,"Microsoft Office, Active Listening, SAP, Microsoft PowerPoint, Microsoft Word",Microsoft Office,Learn Microsoft Office,Productivity Suite Fundamentals,Microsoft Learn,10,6.75,High
1689,Research & Development,Healthcare Representative,53,7005,4,No,No,0.0759,LOW,v1,78.3,3,11,39.75,"Microsoft Office, Speaking, Active Listening, Microsoft Azure, Linux",Microsoft Office,Learn Microsoft Office,Productivity Suite Fundamentals,Microsoft Learn,10,6.75,High
1691,Sales,Sales Representative,48,2655,9,Yes,Yes,0.4567,MEDIUM,v1,73.4,3,8,29.02,"Salesforce, Active Listening, IBM SPSS Statistics, Microsoft Word, Microsoft Outlook",Salesforce,Learn Salesforce,Managing the Customer Pipeline,Trailhead,16,7.762,High
1692,Research & Development,Laboratory Technician,32,1393,1,No,Yes,0.7724,HIGH,v1,56.7,3,6,20.12,"Microsoft Office, Active Listening, Monitoring, Electronic Medical Record (EMR), Science",Microsoft Office,Learn Microsoft Office,Productivity Suite Fundamentals,Microsoft Learn,10,9.45,Moderate
1693,Research & Development,Laboratory Technician,26,2570,7,No,No,0.0657,LOW,v1,83.4,4,8,26.37,"SAP, Microsoft PowerPoint, MEDITECH, Microsoft Outlook, Critical Thinking",SAP,Learn SAP,Enterprise Resource Planning Essentials,SAP,24,5.25,High
1694,Research & Development,Research Scientist,55,3537,4,No,No,0.4023,MEDIUM,v1,38.3,3,15,58.61,"Microsoft Excel, R, Microsoft Office, Writing, Speaking",Microsoft Excel,Learn Microsoft Excel,Advanced Spreadsheet Modelling,Microsoft Learn,12,7.762,Low
1696,Research & Development,Laboratory Technician,34,3986,15,No,No,0.0947,LOW,v1,66.7,3,11,36.62,"Reading Comprehension, SAP, Microsoft PowerPoint, Microsoft Word, MEDITECH",Reading Comprehension,Learn Reading Comprehension,Business Writing for Clarity,LinkedIn Learning,8,5.625,Moderate
1697,Research & Development,Healthcare Representative,60,10883,1,No,No,0.0216,LOW,v1,65.0,4,12,42.76,"Microsoft Excel, Speaking, Reading Comprehension, Microsoft Azure, Linux",Microsoft Excel,Learn Microsoft Excel,Advanced Spreadsheet Modelling,Microsoft Learn,12,6.75,Moderate
1698,Research & Development,Laboratory Technician,33,2028,14,No,No,0.0444,LOW,v1,61.7,3,9,30.49,"Reading Comprehension, Active Listening, SAP, Microsoft Word, Google Docs",Reading Comprehension,Learn Reading Comprehension,Business Writing for Clarity,LinkedIn Learning,8,5.625,Moderate
1700,Sales,Sales Executive,37,9525,6,No,No,0.2646,LOW,v1,55.0,3,9,34.12,"Microsoft Office, Microsoft Outlook, Active Listening, Speaking, Adobe InDesign",Microsoft Office,Learn Microsoft Office,Productivity Suite Fundamentals,Microsoft Learn,10,6.75,Moderate
1701,Research & Development,Research Scientist,34,2929,10,No,No,0.2295,LOW,v1,58.3,3,14,54.73,"R, Microsoft Office, Writing, Science, Speaking",R,Learn R,Statistical Programming in R,Coursera,24,6.75,Moderate
1702,Sales,Sales Representative,23,2275,3,Yes,Yes,0.7246,HIGH,v1,73.4,4,14,51.38,"Microsoft Excel, Microsoft Office, Salesforce, Speaking, Active Listening",Microsoft Excel,Learn Microsoft Excel,Advanced Spreadsheet Modelling,Microsoft Learn,12,9.45,High
1703,Research & Development,Healthcare Representative,44,7879,8,Yes,No,0.068,LOW,v1,81.7,3,9,34.5,"Microsoft Excel, Salesforce, Microsoft Outlook, Active Listening, Amazon Web Services (AWS)",Microsoft Excel,Learn Microsoft Excel,Advanced Spreadsheet Modelling,Microsoft Learn,12,6.75,High
1704,Research & Development,Research Scientist,35,4930,5,Yes,No,0.548,MEDIUM,v1,60.0,3,12,47.36,"Microsoft Excel, R, Microsoft Office, Science, Speaking",Microsoft Excel,Learn Microsoft Excel,Advanced Spreadsheet Modelling,Microsoft Learn,12,7.762,Moderate
1706,Sales,Sales Executive,43,7847,10,Yes,No,0.2768,LOW,v1,76.7,3,9,32.37,"Microsoft Excel, Microsoft Office, Speaking, Adobe Creative Cloud, Critical Thinking",Microsoft Excel,Learn Microsoft Excel,Advanced Spreadsheet Modelling,Microsoft Learn,12,6.75,High
1707,Research & Development,Research Scientist,24,4401,5,No,No,0.041,LOW,v1,78.4,3,11,40.86,"Speaking, Active Learning, Critical Thinking, Reading Comprehension, Mathematics",Speaking,Learn Speaking,Listening and Influence at Work,LinkedIn Learning,6,6.18,High
1708,Sales,Sales Executive,41,9241,10,No,No,0.4645,MEDIUM,v1,70.0,3,7,24.25,"Microsoft Outlook, Adobe Creative Cloud, Adobe InDesign, Adobe Acrobat, Adobe Photoshop",Microsoft Outlook,Learn Microsoft Outlook,Productivity Suite Fundamentals,Microsoft Learn,10,7.762,High
1709,Research & Development,Laboratory Technician,29,2974,5,No,No,0.2928,LOW,v1,73.4,3,8,28.0,"Microsoft Excel, Microsoft Office, Microsoft PowerPoint, Microsoft Outlook, Monitoring",Microsoft Excel,Learn Microsoft Excel,Advanced Spreadsheet Modelling,Microsoft Learn,12,6.75,High
1710,Sales,Sales Representative,36,4502,13,No,No,0.4818,MEDIUM,v1,71.7,3,10,36.62,"Microsoft Excel, Microsoft Office, Speaking, Reading Comprehension, IBM SPSS Statistics",Microsoft Excel,Learn Microsoft Excel,Advanced Spreadsheet Modelling,Microsoft Learn,12,7.762,High
1712,Research & Development,Healthcare Representative,45,10748,23,No,No,0.0255,LOW,v1,56.7,4,11,40.99,"Microsoft Excel, Microsoft Office, Active Listening, Reading Comprehension, Google Workspace",Microsoft Excel,Learn Microsoft Excel,Advanced Spreadsheet Modelling,Microsoft Learn,12,6.75,Moderate
1714,Human Resources,Human Resources,24,1555,1,No,Yes,0.9129,HIGH,v1,56.7,3,12,46.13,"Microsoft Excel, Microsoft Office, Speaking, Applicant Tracking System (ATS), Reading Comprehension",Microsoft Excel,Learn Microsoft Excel,Advanced Spreadsheet Modelling,Microsoft Learn,12,9.45,Moderate
1716,Sales,Sales Executive,47,12936,23,No,Yes,0.9646,HIGH,v1,40.0,3,12,44.75,"Microsoft PowerPoint, Microsoft Office, Salesforce, Microsoft Outlook, Speaking",Microsoft PowerPoint,Learn Microsoft PowerPoint,Presenting Data to Decision Makers,LinkedIn Learning,10,9.45,Moderate
1718,Research & Development,Laboratory Technician,26,2305,3,No,No,0.3317,LOW,v1,61.7,3,9,31.49,"Microsoft Excel, Reading Comprehension, Active Listening, Microsoft PowerPoint, Google Docs",Microsoft Excel,Learn Microsoft Excel,Advanced Spreadsheet Modelling,Microsoft Learn,12,6.75,Moderate
1719,Research & Development,Research Director,45,16704,21,No,No,0.2267,LOW,v1,55.0,3,8,29.5,"Microsoft Office, Monitoring, IBM SPSS Statistics, Microsoft SharePoint, Microsoft Visio",Microsoft Office,Learn Microsoft Office,Productivity Suite Fundamentals,Microsoft Learn,10,6.75,Moderate
1720,Research & Development,Research Scientist,32,3433,5,No,No,0.62,HIGH,v1,41.7,3,11,41.24,"Microsoft Office, Speaking, Reading Comprehension, Active Listening, Mathematics",Microsoft Office,Learn Microsoft Office,Productivity Suite Fundamentals,Microsoft Learn,10,9.45,Moderate
1721,Research & Development,Laboratory Technician,31,3477,5,No,No,0.131,LOW,v1,68.3,3,8,27.24,"Microsoft Excel, Active Listening, MEDITECH, Microsoft Outlook, Speaking",Microsoft Excel,Learn Microsoft Excel,Advanced Spreadsheet Modelling,Microsoft Learn,12,6.75,Moderate
1722,Human Resources,Human Resources,41,6430,3,No,No,0.3126,LOW,v1,36.7,3,8,29.38,"Microsoft Office, Applicant Tracking System (ATS), Oracle HRIS, Critical Thinking, Adobe Acrobat",Microsoft Office,Learn Microsoft Office,Productivity Suite Fundamentals,Microsoft Learn,10,6.75,Low
1724,Research & Development,Manufacturing Director,40,6516,1,Yes,No,0.382,MEDIUM,v1,36.7,3,13,49.01,"Microsoft Excel, Microsoft Office, Monitoring, Reading Comprehension, Active Listening",Microsoft Excel,Learn Microsoft Excel,Advanced Spreadsheet Modelling,Microsoft Learn,12,7.762,Low
1725,Research & Development,Laboratory Technician,24,3907,6,No,No,0.6042,HIGH,v1,41.7,3,13,43.49,"Microsoft Excel, Active Listening, SAP, MEDITECH, Google Docs",Microsoft Excel,Learn Microsoft Excel,Advanced Spreadsheet Modelling,Microsoft Learn,12,9.45,Moderate
1727,Research & Development,Healthcare Representative,46,5562,10,No,No,0.0676,LOW,v1,60.0,3,6,23.0,"Microsoft Excel, Microsoft Office, Microsoft Azure, Apache Hadoop, Active Learning",Microsoft Excel,Learn Microsoft Excel,Advanced Spreadsheet Modelling,Microsoft Learn,12,6.75,Moderate
1728,Research & Development,Manufacturing Director,35,6883,7,No,No,0.0174,LOW,v1,70.0,3,10,38.25,"SAP, Microsoft Office, Monitoring, Speaking, Learning Strategies",SAP,Learn SAP,Enterprise Resource Planning Essentials,SAP,24,6.75,High
1729,Research & Development,Research Scientist,30,2862,10,No,No,0.1274,LOW,v1,61.7,3,14,54.48,"Microsoft Excel, R, Science, Speaking, Active Learning",Microsoft Excel,Learn Microsoft Excel,Advanced Spreadsheet Modelling,Microsoft Learn,12,6.75,Moderate
1731,Sales,Sales Executive,47,4978,1,No,No,0.3885,MEDIUM,v1,50.0,3,10,38.25,"Microsoft PowerPoint, Microsoft Excel, Microsoft Office, Salesforce, Microsoft Outlook",Microsoft PowerPoint,Learn Microsoft PowerPoint,Presenting Data to Decision Makers,LinkedIn Learning,10,7.762,Moderate
1732,Sales,Sales Executive,46,10368,10,Yes,No,0.3112,LOW,v1,68.3,3,6,22.24,"Microsoft PowerPoint, Microsoft Office, Adobe InDesign, Adobe Acrobat, Monitoring",Microsoft PowerPoint,Learn Microsoft PowerPoint,Presenting Data to Decision Makers,LinkedIn Learning,10,6.75,Moderate
1733,Sales,Sales Executive,36,6134,2,Yes,Yes,0.6689,HIGH,v1,28.3,3,10,35.37,"Microsoft PowerPoint, Salesforce, Speaking, Adobe Acrobat, Adobe Illustrator",Microsoft PowerPoint,Learn Microsoft PowerPoint,Presenting Data to Decision Makers,LinkedIn Learning,10,9.45,Low
1734,Sales,Sales Executive,32,6735,0,No,Yes,0.8336,HIGH,v1,23.3,3,8,29.75,"Microsoft PowerPoint, Salesforce, Speaking, Active Listening, Adobe InDesign",Microsoft PowerPoint,Learn Microsoft PowerPoint,Presenting Data to Decision Makers,LinkedIn Learning,10,9.45,Low
1735,Research & Development,Laboratory Technician,23,3295,3,No,No,0.7299,HIGH,v1,46.7,3,12,39.62,"Reading Comprehension, SAP, Microsoft PowerPoint, Microsoft Word, MEDITECH",Reading Comprehension,Learn Reading Comprehension,Business Writing for Clarity,LinkedIn Learning,8,7.875,Moderate
1736,Research & Development,Manufacturing Director,31,5238,5,No,No,0.4086,MEDIUM,v1,81.7,4,12,47.13,"SAP, Microsoft PowerPoint, Microsoft Office, Monitoring, Critical Thinking",SAP,Learn SAP,Enterprise Resource Planning Essentials,SAP,24,7.762,High
1737,Research & Development,Laboratory Technician,39,6472,9,Yes,No,0.0842,LOW,v1,86.7,3,10,32.12,"Microsoft Word, MEDITECH, Google Docs, Microsoft Outlook, Speaking",Microsoft Word,Learn Microsoft Word,Business Documents That Get Read,LinkedIn Learning,8,5.25,High
1739,Sales,Sales Executive,32,9610,4,No,No,0.6473,HIGH,v1,46.7,3,6,21.25,"Active Listening, Critical Thinking, Adobe Acrobat, Adobe Illustrator, Adobe Photoshop",Active Listening,Learn Active Listening,Running Effective Remote Meetings,LinkedIn Learning,6,8.4,Moderate
1740,Sales,Manager,40,19833,21,No,No,0.7561,HIGH,v1,41.6,3,11,40.12,"Microsoft Office, Reading Comprehension, Active Listening, Active Learning, Apple macOS",Microsoft Office,Learn Microsoft Office,Productivity Suite Fundamentals,Microsoft Learn,10,9.45,Moderate
1744,Human Resources,Human Resources,45,9756,5,No,No,0.2223,LOW,v1,55.0,4,11,42.01,"Microsoft Excel, Workday, Applicant Tracking System (ATS), Reading Comprehension, Oracle HRIS",Microsoft Excel,Learn Microsoft Excel,Advanced Spreadsheet Modelling,Microsoft Learn,12,6.75,Moderate
1745,Research & Development,Research Scientist,30,4968,9,No,No,0.0486,LOW,v1,48.3,3,7,26.87,"Writing, Science, Critical Thinking, Active Listening, Microsoft Project",Writing,Learn Writing,Business Writing for Clarity,LinkedIn Learning,8,6.375,Moderate
1746,Human Resources,Human Resources,24,2145,2,No,No,0.4715,MEDIUM,v1,66.7,3,6,21.87,"Microsoft Office, Speaking, Cisco Webex, Adobe Photoshop, Active Learning",Microsoft Office,Learn Microsoft Office,Productivity Suite Fundamentals,Microsoft Learn,10,7.762,Moderate
1747,Human Resources,Human Resources,30,2180,4,No,Yes,0.7507,HIGH,v1,63.3,3,11,41.88,"Microsoft PowerPoint, Microsoft Excel, Speaking, Oracle HRIS, Active Listening",Microsoft PowerPoint,Learn Microsoft PowerPoint,Presenting Data to Decision Makers,LinkedIn Learning,10,9.45,Moderate
1749,Sales,Sales Executive,31,8346,5,No,No,0.3753,MEDIUM,v1,53.4,3,11,39.62,"Microsoft PowerPoint, Microsoft Excel, Microsoft Outlook, Adobe Creative Cloud, Critical Thinking",Microsoft PowerPoint,Learn Microsoft PowerPoint,Presenting Data to Decision Makers,LinkedIn Learning,10,7.762,Moderate
1751,Research & Development,Research Scientist,27,3445,6,No,No,0.0977,LOW,v1,71.7,3,11,42.99,"Microsoft Excel, R, Writing, Science, Active Learning",Microsoft Excel,Learn Microsoft Excel,Advanced Spreadsheet Modelling,Microsoft Learn,12,6.75,High
1752,Sales,Sales Representative,29,2760,2,No,Yes,0.8971,HIGH,v1,33.3,3,14,51.26,"Microsoft Excel, Microsoft Office, Salesforce, Speaking, Active Listening",Microsoft Excel,Learn Microsoft Excel,Advanced Spreadsheet Modelling,Microsoft Learn,12,9.45,Low
1753,Research & Development,Healthcare Representative,29,6294,3,Yes,No,0.3739,MEDIUM,v1,90.0,3,14,51.38,"Microsoft Office, Salesforce, Speaking, Active Listening, Reading Comprehension",Microsoft Office,Learn Microsoft Office,Productivity Suite Fundamentals,Microsoft Learn,10,7.762,High
1754,Sales,Sales Executive,30,7140,7,No,No,0.4384,MEDIUM,v1,31.7,3,13,44.62,"Salesforce, Speaking, Adobe Creative Cloud, Adobe InDesign, Critical Thinking",Salesforce,Learn Salesforce,Managing the Customer Pipeline,Trailhead,16,7.762,Low
1755,Research & Development,Research Scientist,34,2932,5,Yes,No,0.0821,LOW,v1,85.0,3,14,54.99,"Microsoft Excel, R, Microsoft Office, Writing, Speaking",Microsoft Excel,Learn Microsoft Excel,Advanced Spreadsheet Modelling,Microsoft Learn,12,6.75,High
1756,Sales,Sales Executive,33,5147,11,No,No,0.1281,LOW,v1,61.7,3,9,34.62,"Microsoft Excel, Salesforce, Microsoft Outlook, Active Listening, Adobe Creative Cloud",Microsoft Excel,Learn Microsoft Excel,Advanced Spreadsheet Modelling,Microsoft Learn,12,6.75,Moderate
1757,Sales,Sales Executive,49,4507,5,No,No,0.1148,LOW,v1,88.3,3,12,42.5,"Microsoft PowerPoint, Microsoft Outlook, Active Listening, Adobe Creative Cloud, Critical Thinking",Microsoft PowerPoint,Learn Microsoft PowerPoint,Presenting Data to Decision Makers,LinkedIn Learning,10,6.75,High
1758,Sales,Sales Executive,33,8564,0,Yes,Yes,0.94,HIGH,v1,28.3,4,9,31.75,"Microsoft Excel, Microsoft Office, Adobe InDesign, Adobe Acrobat, Adobe Illustrator",Microsoft Excel,Learn Microsoft Excel,Advanced Spreadsheet Modelling,Microsoft Learn,12,9.45,Low
1760,Research & Development,Laboratory Technician,38,2468,6,No,No,0.5241,MEDIUM,v1,40.0,3,12,41.5,"Microsoft Excel, Microsoft Office, Reading Comprehension, SAP, MEDITECH",Microsoft Excel,Learn Microsoft Excel,Advanced Spreadsheet Modelling,Microsoft Learn,12,7.762,Moderate
1761,Sales,Sales Executive,31,8161,1,No,Yes,0.6346,HIGH,v1,46.7,3,8,28.0,"Microsoft PowerPoint, Speaking, Adobe Creative Cloud, Adobe InDesign, Adobe Illustrator",Microsoft PowerPoint,Learn Microsoft PowerPoint,Presenting Data to Decision Makers,LinkedIn Learning,10,9.45,Moderate
1762,Research & Development,Research Scientist,29,2109,1,No,No,0.4254,MEDIUM,v1,45.0,3,11,43.11,"R, Microsoft Office, Writing, Science, Active Learning",R,Learn R,Statistical Programming in R,Coursera,24,7.762,Moderate
1763,Research & Development,Healthcare Representative,30,5294,7,No,No,0.0517,LOW,v1,75.0,3,12,44.01,"Microsoft Excel, Microsoft Outlook, Speaking, Google Workspace, Linux",Microsoft Excel,Learn Microsoft Excel,Advanced Spreadsheet Modelling,Microsoft Learn,12,6.75,High
1764,Research & Development,Research Scientist,32,2718,7,No,No,0.0683,LOW,v1,46.7,3,11,41.36,"Microsoft Office, Science, Speaking, Critical Thinking, Mathematics",Microsoft Office,Learn Microsoft Office,Productivity Suite Fundamentals,Microsoft Learn,10,6.75,Moderate
1766,Research & Development,Healthcare Representative,38,5811,1,Yes,No,0.6154,HIGH,v1,53.3,3,11,40.38,"Microsoft Excel, Salesforce, Speaking, Reading Comprehension, Google Workspace",Microsoft Excel,Learn Microsoft Excel,Advanced Spreadsheet Modelling,Microsoft Learn,12,9.45,Moderate
1767,Research & Development,Research Scientist,43,2437,1,Yes,Yes,0.9211,HIGH,v1,61.7,3,11,41.62,"Microsoft Excel, Science, Critical Thinking, Reading Comprehension, Active Listening",Microsoft Excel,Learn Microsoft Excel,Advanced Spreadsheet Modelling,Microsoft Learn,12,9.45,Moderate
1768,Research & Development,Laboratory Technician,42,2766,5,No,No,0.2802,LOW,v1,41.6,4,12,40.37,"Microsoft Excel, Active Listening, Microsoft PowerPoint, MEDITECH, Google Docs",Microsoft Excel,Learn Microsoft Excel,Advanced Spreadsheet Modelling,Microsoft Learn,12,6.75,Moderate
1770,Research & Development,Research Director,55,19038,1,No,No,0.0368,LOW,v1,35.0,3,6,22.88,"Science, Critical Thinking, Speaking, Writing, Active Learning",Science,Learn Science,Scientific Method in Practice,edX,14,6.18,Low
1771,Research & Development,Research Scientist,33,3055,9,No,No,0.0268,LOW,v1,61.7,3,10,40.12,"Microsoft Excel, R, Microsoft Office, Active Learning, Critical Thinking",Microsoft Excel,Learn Microsoft Excel,Advanced Spreadsheet Modelling,Microsoft Learn,12,6.75,Moderate
1772,Research & Development,Laboratory Technician,41,2289,5,No,No,0.2029,LOW,v1,43.4,4,10,33.12,"Reading Comprehension, Microsoft PowerPoint, Microsoft Word, MEDITECH, Microsoft Outlook",Reading Comprehension,Learn Reading Comprehension,Business Writing for Clarity,LinkedIn Learning,8,5.625,Moderate
1774,Sales,Sales Executive,34,4001,15,Yes,No,0.0176,LOW,v1,73.4,3,11,42.0,"Microsoft PowerPoint, Microsoft Excel, Microsoft Office, Speaking, Active Listening",Microsoft PowerPoint,Learn Microsoft PowerPoint,Presenting Data to Decision Makers,LinkedIn Learning,10,6.75,High
1775,Research & Development,Manufacturing Director,53,12965,3,Yes,No,0.0714,LOW,v1,43.3,4,8,29.88,"Microsoft Office, Monitoring, Reading Comprehension, Active Learning, Adobe After Effects",Microsoft Office,Learn Microsoft Office,Productivity Suite Fundamentals,Microsoft Learn,10,6.75,Moderate
1778,Human Resources,Human Resources,43,3539,9,No,No,0.0258,LOW,v1,66.7,3,9,34.0,"Speaking, Applicant Tracking System (ATS), Reading Comprehension, Oracle HRIS, Active Listening",Speaking,Learn Speaking,Listening and Influence at Work,LinkedIn Learning,6,6.18,Moderate
1779,Sales,Sales Executive,34,6029,2,No,No,0.4973,MEDIUM,v1,60.0,3,12,43.0,"Microsoft PowerPoint, Microsoft Excel, Speaking, Active Listening, Adobe Creative Cloud",Microsoft PowerPoint,Learn Microsoft PowerPoint,Presenting Data to Decision Makers,LinkedIn Learning,10,7.762,Moderate
1780,Sales,Sales Representative,21,2679,1,No,Yes,0.9616,HIGH,v1,46.7,3,13,46.76,"Microsoft Excel, Speaking, Active Listening, Reading Comprehension, Microsoft Project",Microsoft Excel,Learn Microsoft Excel,Advanced Spreadsheet Modelling,Microsoft Learn,12,9.45,Moderate
1782,Research & Development,Laboratory Technician,38,3702,5,No,No,0.0754,LOW,v1,61.7,3,11,37.37,"Microsoft Excel, SAP, Microsoft PowerPoint, Microsoft Word, MEDITECH",Microsoft Excel,Learn Microsoft Excel,Advanced Spreadsheet Modelling,Microsoft Learn,12,6.75,Moderate
1783,Research & Development,Laboratory Technician,22,2398,1,Yes,Yes,0.8629,HIGH,v1,46.7,3,12,42.49,"Microsoft Excel, Microsoft Office, Active Listening, SAP, Microsoft Word",Microsoft Excel,Learn Microsoft Excel,Advanced Spreadsheet Modelling,Microsoft Learn,12,9.45,Moderate
1784,Sales,Sales Executive,31,5468,12,No,No,0.5709,MEDIUM,v1,48.3,3,11,40.37,"Microsoft Excel, Microsoft Office, Microsoft Outlook, Active Listening, Adobe Creative Cloud",Microsoft Excel,Learn Microsoft Excel,Advanced Spreadsheet Modelling,Microsoft Learn,12,7.762,Moderate
1786,Research & Development,Manager,51,13116,2,No,No,0.0495,LOW,v1,56.7,3,9,33.62,"Microsoft PowerPoint, Monitoring, Reading Comprehension, Active Learning, Atlassian JIRA",Microsoft PowerPoint,Learn Microsoft PowerPoint,Presenting Data to Decision Makers,LinkedIn Learning,10,6.75,Moderate
1787,Sales,Sales Executive,37,4189,5,No,No,0.599,HIGH,v1,35.0,3,11,42.5,"Microsoft Excel, Microsoft Office, Salesforce, Microsoft Outlook, Speaking",Microsoft Excel,Learn Microsoft Excel,Advanced Spreadsheet Modelling,Microsoft Learn,12,9.45,Low
1789,Research & Development,Research Director,46,19328,2,Yes,No,0.0316,LOW,v1,76.7,3,7,26.26,"Monitoring, Critical Thinking, Speaking, Writing, Microsoft SharePoint",Monitoring,Learn Monitoring,Performance Tracking and Review,LinkedIn Learning,6,6.0,High
1790,Research & Development,Healthcare Representative,36,8321,12,Yes,No,0.5233,MEDIUM,v1,56.7,3,9,33.5,"Salesforce, Microsoft Outlook, Active Listening, Linux, Microsoft Azure",Salesforce,Learn Salesforce,Managing the Customer Pipeline,Trailhead,16,7.762,Moderate
1792,Research & Development,Research Scientist,44,2342,5,Yes,Yes,0.4085,MEDIUM,v1,51.7,3,15,59.73,"Microsoft Excel, R, Microsoft Office, Writing, Science",Microsoft Excel,Learn Microsoft Excel,Advanced Spreadsheet Modelling,Microsoft Learn,12,7.762,Moderate
1794,Human Resources,Human Resources,37,4071,10,No,No,0.0535,LOW,v1,51.7,3,10,40.26,"Microsoft Excel, Workday, Microsoft Office, Applicant Tracking System (ATS), Reading Comprehension",Microsoft Excel,Learn Microsoft Excel,Advanced Spreadsheet Modelling,Microsoft Learn,12,6.75,Moderate
1797,Sales,Sales Executive,35,5813,10,Yes,Yes,0.7858,HIGH,v1,80.0,3,10,36.75,"Microsoft PowerPoint, Salesforce, Speaking, Adobe Creative Cloud, Critical Thinking",Microsoft PowerPoint,Learn Microsoft PowerPoint,Presenting Data to Decision Makers,LinkedIn Learning,10,9.45,High
1798,Research & Development,Research Scientist,33,3143,10,No,No,0.1342,LOW,v1,58.3,3,13,52.11,"Microsoft Excel, R, Microsoft Office, Writing, Science",Microsoft Excel,Learn Microsoft Excel,Advanced Spreadsheet Modelling,Microsoft Learn,12,6.75,Moderate
1799,Research & Development,Research Scientist,28,2044,5,No,No,0.0187,LOW,v1,81.7,3,12,45.86,"Microsoft Excel, Microsoft Office, Speaking, Active Learning, Critical Thinking",Microsoft Excel,Learn Microsoft Excel,Advanced Spreadsheet Modelling,Microsoft Learn,12,6.75,High
1800,Research & Development,Research Director,39,13464,4,No,No,0.1138,LOW,v1,66.7,4,9,35.5,"Microsoft PowerPoint, Microsoft Office, Science, Critical Thinking, Reading Comprehension",Microsoft PowerPoint,Learn Microsoft PowerPoint,Presenting Data to Decision Makers,LinkedIn Learning,10,6.75,Moderate
1801,Sales,Sales Executive,46,7991,2,No,No,0.5184,MEDIUM,v1,41.6,3,6,21.75,"Microsoft Excel, Microsoft Office, Adobe Creative Cloud, Adobe InDesign, Critical Thinking",Microsoft Excel,Learn Microsoft Excel,Advanced Spreadsheet Modelling,Microsoft Learn,12,7.762,Moderate
1802,Research & Development,Laboratory Technician,40,3377,4,No,No,0.1743,LOW,v1,45.0,3,14,46.99,"Microsoft Excel, Active Listening, SAP, Microsoft PowerPoint, Microsoft Word",Microsoft Excel,Learn Microsoft Excel,Advanced Spreadsheet Modelling,Microsoft Learn,12,6.75,Moderate
1803,Research & Development,Healthcare Representative,42,5538,0,No,No,0.1339,LOW,v1,43.3,3,8,29.01,"Microsoft Office, Speaking, Google Workspace, Microsoft Azure, Apache Hadoop",Microsoft Office,Learn Microsoft Office,Productivity Suite Fundamentals,Microsoft Learn,10,6.75,Moderate
1804,Research & Development,Manufacturing Director,35,5762,7,No,No,0.0025,LOW,v1,70.0,3,10,39.13,"SAP, Microsoft PowerPoint, Microsoft Outlook, Critical Thinking, Speaking",SAP,Learn SAP,Enterprise Resource Planning Essentials,SAP,24,6.75,High
1805,Human Resources,Human Resources,38,2592,11,No,No,0.0504,LOW,v1,46.7,3,12,46.0,"Microsoft PowerPoint, Microsoft Excel, Microsoft Office, Speaking, Applicant Tracking System (ATS)",Microsoft PowerPoint,Learn Microsoft PowerPoint,Presenting Data to Decision Makers,LinkedIn Learning,10,6.75,Moderate
1807,Research & Development,Laboratory Technician,34,5346,7,No,Yes,0.4958,MEDIUM,v1,48.3,3,12,39.62,"Reading Comprehension, SAP, Microsoft PowerPoint, MEDITECH, Google Docs",Reading Comprehension,Learn Reading Comprehension,Business Writing for Clarity,LinkedIn Learning,8,6.469,Moderate
1809,Research & Development,Manufacturing Director,37,4213,10,No,Yes,0.2646,LOW,v1,40.0,3,9,35.25,"Microsoft PowerPoint, Microsoft Office, Microsoft Outlook, Reading Comprehension, Learning Strategies",Microsoft PowerPoint,Learn Microsoft PowerPoint,Presenting Data to Decision Makers,LinkedIn Learning,10,6.75,Moderate
1812,Sales,Sales Executive,39,4127,2,No,No,0.0976,LOW,v1,80.0,3,10,38.5,"Microsoft Excel, Salesforce, Microsoft Outlook, Speaking, Active Listening",Microsoft Excel,Learn Microsoft Excel,Advanced Spreadsheet Modelling,Microsoft Learn,12,6.75,High
1813,Research & Development,Research Scientist,43,2438,3,No,No,0.2591,LOW,v1,48.4,3,13,50.99,"R, Microsoft Office, Writing, Science, Speaking",R,Learn R,Statistical Programming in R,Coursera,24,6.75,Moderate
1814,Research & Development,Healthcare Representative,41,6870,3,No,No,0.3294,LOW,v1,41.6,3,10,36.13,"Microsoft Outlook, Speaking, Active Listening, Linux, Active Learning",Microsoft Outlook,Learn Microsoft Outlook,Productivity Suite Fundamentals,Microsoft Learn,10,6.75,Moderate
1815,Sales,Sales Executive,41,10447,22,Yes,No,0.0292,LOW,v1,75.0,3,6,21.25,"Microsoft Excel, Active Listening, Adobe Creative Cloud, Adobe InDesign, Adobe Illustrator",Microsoft Excel,Learn Microsoft Excel,Advanced Spreadsheet Modelling,Microsoft Learn,12,6.75,High
1816,Research & Development,Manufacturing Director,30,9667,7,No,No,0.6128,HIGH,v1,50.0,3,7,26.88,"SAP, Monitoring, Speaking, Reading Comprehension, Active Learning",SAP,Learn SAP,Enterprise Resource Planning Essentials,SAP,24,9.45,Moderate
1818,Human Resources,Human Resources,26,2148,5,Yes,Yes,0.4307,MEDIUM,v1,63.3,3,13,51.38,"Microsoft PowerPoint, Microsoft Excel, Workday, Microsoft Outlook, Speaking",Microsoft PowerPoint,Learn Microsoft PowerPoint,Presenting Data to Decision Makers,LinkedIn Learning,10,7.762,Moderate
1821,Research & Development,Healthcare Representative,46,8926,9,No,Yes,0.0348,LOW,v1,71.7,4,12,45.5,"Microsoft Excel, Microsoft Outlook, Speaking, Active Listening, Reading Comprehension",Microsoft Excel,Learn Microsoft Excel,Advanced Spreadsheet Modelling,Microsoft Learn,12,6.75,High
1822,Research & Development,Healthcare Representative,40,6513,5,No,No,0.0062,LOW,v1,80.0,3,11,38.75,"Speaking, Active Listening, Google Workspace, Linux, Apache Hadoop",Speaking,Learn Speaking,Listening and Influence at Work,LinkedIn Learning,6,6.375,High
1823,Sales,Sales Executive,34,6799,10,No,No,0.1106,LOW,v1,68.3,4,11,38.0,"Microsoft Office, Speaking, Adobe Creative Cloud, Critical Thinking, Adobe Acrobat",Microsoft Office,Learn Microsoft Office,Productivity Suite Fundamentals,Microsoft Learn,10,6.75,Moderate
1824,Sales,Manager,58,16291,16,No,No,0.1007,LOW,v1,48.3,4,10,37.5,"Microsoft Excel, Microsoft Office, Speaking, Active Listening, Atlassian Confluence",Microsoft Excel,Learn Microsoft Excel,Advanced Spreadsheet Modelling,Microsoft Learn,12,6.75,Moderate
1826,Research & Development,Laboratory Technician,35,2705,5,No,No,0.45,MEDIUM,v1,45.0,3,13,46.12,"Microsoft Excel, Microsoft Office, Reading Comprehension, Active Listening, SAP",Microsoft Excel,Learn Microsoft Excel,Advanced Spreadsheet Modelling,Microsoft Learn,12,7.762,Moderate
1827,Research & Development,Manufacturing Director,47,10333,22,Yes,No,0.6492,HIGH,v1,48.3,3,9,35.63,"SAP, Microsoft PowerPoint, Microsoft Office, Speaking, Active Listening",SAP,Learn SAP,Enterprise Resource Planning Essentials,SAP,24,9.45,Moderate
1829,Research & Development,Healthcare Representative,40,4448,7,No,No,0.0998,LOW,v1,36.7,3,11,39.51,"Microsoft Excel, Microsoft Outlook, Reading Comprehension, Google Workspace, Linux",Microsoft Excel,Learn Microsoft Excel,Advanced Spreadsheet Modelling,Microsoft Learn,12,6.75,Low
1830,Research & Development,Research Scientist,54,6854,7,No,No,0.0289,LOW,v1,75.0,3,9,34.12,"R, Critical Thinking, Reading Comprehension, Active Listening, Mathematics",R,Learn R,Statistical Programming in R,Coursera,24,6.75,High
1833,Sales,Sales Executive,31,9637,3,No,No,0.5511,MEDIUM,v1,36.7,3,9,32.49,"Microsoft PowerPoint, Microsoft Excel, Speaking, Active Listening, Adobe Acrobat",Microsoft PowerPoint,Learn Microsoft PowerPoint,Presenting Data to Decision Makers,LinkedIn Learning,10,7.762,Low
1834,Research & Development,Research Scientist,28,3591,3,No,No,0.0659,LOW,v1,46.7,4,9,34.24,"Microsoft Office, Science, Critical Thinking, Active Listening, Mathematics",Microsoft Office,Learn Microsoft Office,Productivity Suite Fundamentals,Microsoft Learn,10,6.75,Moderate
1835,Sales,Sales Representative,38,5405,4,Yes,No,0.6289,HIGH,v1,41.7,4,10,37.0,"Microsoft Office, Salesforce, Speaking, Reading Comprehension, IBM SPSS Statistics",Microsoft Office,Learn Microsoft Office,Productivity Suite Fundamentals,Microsoft Learn,10,9.45,Moderate
1836,Sales,Sales Executive,26,4684,5,No,No,0.5628,MEDIUM,v1,70.0,3,15,55.75,"Microsoft PowerPoint, Microsoft Excel, Salesforce, Microsoft Outlook, Active Listening",Microsoft PowerPoint,Learn Microsoft PowerPoint,Presenting Data to Decision Makers,LinkedIn Learning,10,7.762,High
1837,Research & Development,Research Director,58,15787,2,Yes,No,0.0969,LOW,v1,50.0,3,4,14.38,"Speaking, Microsoft Visio, IBM SPSS Statistics, Microsoft SharePoint",Speaking,Learn Speaking,Listening and Influence at Work,LinkedIn Learning,6,5.82,Moderate
1839,Research & Development,Research Scientist,18,1514,0,No,No,0.4382,MEDIUM,v1,50.0,3,9,35.24,"R, Microsoft Office, Speaking, Active Learning, Active Listening",R,Learn R,Statistical Programming in R,Coursera,24,7.762,Moderate
1842,Human Resources,Human Resources,31,2956,1,No,Yes,0.5487,MEDIUM,v1,61.7,3,9,33.63,"Microsoft Excel, Microsoft Outlook, Reading Comprehension, Active Listening, Writing",Microsoft Excel,Learn Microsoft Excel,Advanced Spreadsheet Modelling,Microsoft Learn,12,7.762,Moderate
1844,Human Resources,Human Resources,29,2335,2,Yes,Yes,0.9709,HIGH,v1,28.3,3,14,53.25,"Microsoft PowerPoint, Microsoft Excel, Microsoft Office, Speaking, Reading Comprehension",Microsoft PowerPoint,Learn Microsoft PowerPoint,Presenting Data to Decision Makers,LinkedIn Learning,10,9.45,Low
1845,Sales,Sales Executive,45,5154,8,No,No,0.0262,LOW,v1,68.4,4,11,38.74,"Microsoft PowerPoint, Microsoft Excel, Speaking, Adobe Creative Cloud, Adobe InDesign",Microsoft PowerPoint,Learn Microsoft PowerPoint,Presenting Data to Decision Makers,LinkedIn Learning,10,6.75,Moderate
1847,Research & Development,Research Scientist,36,6962,1,Yes,No,0.1791,LOW,v1,66.7,4,10,38.24,"Microsoft Office, Speaking, Critical Thinking, Reading Comprehension, Active Listening",Microsoft Office,Learn Microsoft Office,Productivity Suite Fundamentals,Microsoft Learn,10,6.75,Moderate
1849,Sales,Sales Executive,43,5675,7,No,No,0.1887,LOW,v1,63.4,4,8,29.12,"Microsoft Excel, Salesforce, Microsoft Outlook, Adobe InDesign, Adobe Illustrator",Microsoft Excel,Learn Microsoft Excel,Advanced Spreadsheet Modelling,Microsoft Learn,12,6.75,Moderate
1850,Research & Development,Laboratory Technician,27,2379,5,Yes,No,0.5815,HIGH,v1,78.3,3,11,38.49,"Microsoft Excel, Microsoft Office, Reading Comprehension, Active Listening, SAP",Microsoft Excel,Learn Microsoft Excel,Advanced Spreadsheet Modelling,Microsoft Learn,12,9.45,High
1852,Research & Development,Laboratory Technician,29,3812,11,No,No,0.2047,LOW,v1,85.0,3,12,41.99,"Microsoft Excel, Microsoft Office, Active Listening, SAP, Microsoft Word",Microsoft Excel,Learn Microsoft Excel,Advanced Spreadsheet Modelling,Microsoft Learn,12,6.75,High
1853,Sales,Sales Executive,32,4648,0,No,No,0.6625,HIGH,v1,88.3,3,10,37.87,"Microsoft PowerPoint, Microsoft Excel, Salesforce, Microsoft Outlook, Active Listening",Microsoft PowerPoint,Learn Microsoft PowerPoint,Presenting Data to Decision Makers,LinkedIn Learning,10,9.45,High
1854,Research & Development,Research Scientist,42,2936,6,No,No,0.111,LOW,v1,58.4,4,10,38.99,"Microsoft Excel, R, Writing, Active Learning, Active Listening",Microsoft Excel,Learn Microsoft Excel,Advanced Spreadsheet Modelling,Microsoft Learn,12,6.75,Moderate
1856,Research & Development,Laboratory Technician,47,2105,2,No,No,0.7489,HIGH,v1,60.0,3,9,31.62,"Microsoft Excel, Microsoft Office, SAP, Microsoft Word, MEDITECH",Microsoft Excel,Learn Microsoft Excel,Advanced Spreadsheet Modelling,Microsoft Learn,12,9.45,Moderate
1857,Research & Development,Manufacturing Director,46,8578,9,No,No,0.0243,LOW,v1,78.3,3,9,35.63,"SAP, Microsoft Office, Microsoft Outlook, Monitoring, Active Listening",SAP,Learn SAP,Enterprise Resource Planning Essentials,SAP,24,6.75,High
1858,Human Resources,Human Resources,28,2706,3,No,No,0.0477,LOW,v1,73.4,3,12,47.13,"Microsoft PowerPoint, Microsoft Excel, Microsoft Office, Microsoft Outlook, Speaking",Microsoft PowerPoint,Learn Microsoft PowerPoint,Presenting Data to Decision Makers,LinkedIn Learning,10,6.75,High
1859,Research & Development,Healthcare Representative,29,6384,7,No,No,0.1348,LOW,v1,60.0,3,14,52.0,"Microsoft Excel, Microsoft Office, Speaking, Active Listening, Reading Comprehension",Microsoft Excel,Learn Microsoft Excel,Advanced Spreadsheet Modelling,Microsoft Learn,12,6.75,Moderate
1860,Research & Development,Laboratory Technician,42,3968,0,No,No,0.2438,LOW,v1,76.7,3,10,34.87,"Microsoft Excel, Reading Comprehension, SAP, Microsoft Word, MEDITECH",Microsoft Excel,Learn Microsoft Excel,Advanced Spreadsheet Modelling,Microsoft Learn,12,6.75,High
1862,Sales,Sales Executive,32,9907,2,Yes,Yes,0.9342,HIGH,v1,43.3,3,9,32.87,"Microsoft Office, Salesforce, Adobe Creative Cloud, Critical Thinking, Adobe Acrobat",Microsoft Office,Learn Microsoft Office,Productivity Suite Fundamentals,Microsoft Learn,10,9.45,Moderate
1863,Sales,Sales Executive,46,13225,19,No,No,0.0407,LOW,v1,45.0,3,4,12.75,"Adobe InDesign, Adobe Illustrator, Adobe Creative Cloud, Mathematics",Adobe InDesign,Learn Adobe InDesign,Layout and Publication Design,Adobe,14,5.25,Moderate
1864,Sales,Sales Representative,27,3540,9,No,No,0.5066,MEDIUM,v1,55.0,4,13,44.88,"Speaking, Active Listening, Reading Comprehension, Microsoft Project, IBM SPSS Statistics",Speaking,Learn Speaking,Listening and Influence at Work,LinkedIn Learning,6,6.693,Moderate
1865,Human Resources,Human Resources,29,2804,1,No,No,0.541,MEDIUM,v1,58.3,3,15,59.75,"Microsoft PowerPoint, Microsoft Excel, Workday, Microsoft Outlook, Microsoft Office",Microsoft PowerPoint,Learn Microsoft PowerPoint,Presenting Data to Decision Makers,LinkedIn Learning,10,7.762,Moderate
1866,Research & Development,Manager,43,19392,16,No,No,0.4141,MEDIUM,v1,48.3,3,8,28.5,"Microsoft Excel, Atlassian JIRA, Atlassian Confluence, Adobe Acrobat, Writing",Microsoft Excel,Learn Microsoft Excel,Advanced Spreadsheet Modelling,Microsoft Learn,12,7.762,Moderate
1867,Research & Development,Research Director,48,19665,22,No,No,0.1063,LOW,v1,58.3,3,8,28.88,"Monitoring, Writing, IBM SPSS Statistics, Active Learning, ESRI ArcGIS",Monitoring,Learn Monitoring,Performance Tracking and Review,LinkedIn Learning,6,6.0,Moderate
1868,Research & Development,Research Scientist,29,2439,1,Yes,Yes,0.9517,HIGH,v1,66.6,4,9,34.37,"R, Writing, Science, Reading Comprehension, IBM SPSS Statistics",R,Learn R,Statistical Programming in R,Coursera,24,9.45,Moderate
1869,Sales,Sales Executive,46,7314,8,No,Yes,0.0598,LOW,v1,56.7,4,7,25.75,"Microsoft Excel, Microsoft Outlook, Active Listening, Adobe InDesign, Critical Thinking",Microsoft Excel,Learn Microsoft Excel,Advanced Spreadsheet Modelling,Microsoft Learn,12,6.75,Moderate
1870,Research & Development,Research Scientist,27,4774,7,No,No,0.1499,LOW,v1,43.3,3,12,47.23,"R, Writing, Science, Speaking, Active Learning",R,Learn R,Statistical Programming in R,Coursera,24,6.75,Moderate
1871,Research & Development,Research Scientist,39,3902,2,No,No,0.0553,LOW,v1,80.0,3,12,47.74,"Microsoft Excel, R, Microsoft Office, Science, Speaking",Microsoft Excel,Learn Microsoft Excel,Advanced Spreadsheet Modelling,Microsoft Learn,12,6.75,High
1873,Research & Development,Research Scientist,55,2662,5,No,No,0.0747,LOW,v1,63.3,4,9,37.61,"Microsoft Excel, R, Microsoft Office, Writing, Science",Microsoft Excel,Learn Microsoft Excel,Advanced Spreadsheet Modelling,Microsoft Learn,12,6.75,Moderate
1875,Sales,Sales Representative,28,2856,1,No,No,0.5069,MEDIUM,v1,53.3,3,13,47.88,"Microsoft Excel, Microsoft Office, Salesforce, Speaking, Active Listening",Microsoft Excel,Learn Microsoft Excel,Advanced Spreadsheet Modelling,Microsoft Learn,12,7.762,Moderate
1876,Sales,Sales Representative,30,1081,1,No,Yes,0.8985,HIGH,v1,65.0,3,11,39.14,"Microsoft Office, Speaking, IBM SPSS Statistics, Microsoft PowerPoint, Microsoft Word",Microsoft Office,Learn Microsoft Office,Productivity Suite Fundamentals,Microsoft Learn,10,9.45,Moderate
1878,Research & Development,Research Scientist,22,2472,1,Yes,Yes,0.8961,HIGH,v1,56.7,4,15,58.11,"R, Microsoft Office, Writing, Science, Speaking",R,Learn R,Statistical Programming in R,Coursera,24,9.45,Moderate
1880,Sales,Sales Executive,36,5673,10,Yes,No,0.6128,HIGH,v1,45.0,3,7,26.62,"Microsoft PowerPoint, Microsoft Office, Microsoft Outlook, Adobe Illustrator, Reading Comprehension",Microsoft PowerPoint,Learn Microsoft PowerPoint,Presenting Data to Decision Makers,LinkedIn Learning,10,9.45,Moderate
1881,Research & Development,Laboratory Technician,31,4197,10,No,No,0.4613,MEDIUM,v1,53.4,3,8,27.0,"Microsoft Excel, Microsoft PowerPoint, Microsoft Word, MEDITECH, Monitoring",Microsoft Excel,Learn Microsoft Excel,Advanced Spreadsheet Modelling,Microsoft Learn,12,7.762,Moderate
1882,Sales,Sales Executive,34,9713,5,Yes,No,0.3783,MEDIUM,v1,80.0,3,15,56.37,"Microsoft PowerPoint, Salesforce, Microsoft Outlook, Microsoft Office, Active Listening",Microsoft PowerPoint,Learn Microsoft PowerPoint,Presenting Data to Decision Makers,LinkedIn Learning,10,7.762,High
1883,Research & Development,Laboratory Technician,29,2062,3,No,No,0.5844,HIGH,v1,50.0,3,13,44.24,"Microsoft Excel, Reading Comprehension, Active Listening, Microsoft PowerPoint, Microsoft Word",Microsoft Excel,Learn Microsoft Excel,Advanced Spreadsheet Modelling,Microsoft Learn,12,9.45,Moderate
1885,Research & Development,Research Scientist,37,4284,5,Yes,No,0.3144,LOW,v1,53.4,4,12,46.48,"Microsoft Excel, Science, Speaking, Active Learning, Critical Thinking",Microsoft Excel,Learn Microsoft Excel,Advanced Spreadsheet Modelling,Microsoft Learn,12,6.75,Moderate
1886,Research & Development,Manufacturing Director,35,4788,3,Yes,No,0.3951,MEDIUM,v1,58.3,3,13,50.76,"SAP, Microsoft PowerPoint, Microsoft Excel, Monitoring, Critical Thinking",SAP,Learn SAP,Enterprise Resource Planning Essentials,SAP,24,7.762,Moderate
1888,Research & Development,Manufacturing Director,45,5906,9,No,No,0.0283,LOW,v1,60.0,3,10,40.38,"SAP, Microsoft PowerPoint, Microsoft Excel, Microsoft Office, Monitoring",SAP,Learn SAP,Enterprise Resource Planning Essentials,SAP,24,6.75,Moderate
1890,Human Resources,Human Resources,36,3886,10,No,No,0.5492,MEDIUM,v1,60.0,4,10,39.38,"Microsoft PowerPoint, Microsoft Office, Microsoft Outlook, Applicant Tracking System (ATS), Reading Comprehension",Microsoft PowerPoint,Learn Microsoft PowerPoint,Presenting Data to Decision Makers,LinkedIn Learning,10,7.762,Moderate
1892,Research & Development,Manager,40,16823,19,No,No,0.3723,MEDIUM,v1,26.7,3,8,30.12,"Microsoft Excel, Microsoft Office, Active Listening, Active Learning, Atlassian Confluence",Microsoft Excel,Learn Microsoft Excel,Advanced Spreadsheet Modelling,Microsoft Learn,12,7.762,Low
1893,Research & Development,Research Scientist,26,2933,1,Yes,No,0.7731,HIGH,v1,46.7,3,15,58.49,"Microsoft Excel, R, Microsoft Office, Writing, Active Learning",Microsoft Excel,Learn Microsoft Excel,Advanced Spreadsheet Modelling,Microsoft Learn,12,9.45,Moderate
1898,Sales,Sales Executive,27,6500,8,No,No,0.1009,LOW,v1,53.3,3,10,37.13,"Microsoft PowerPoint, Salesforce, Microsoft Outlook, Speaking, Adobe Creative Cloud",Microsoft PowerPoint,Learn Microsoft PowerPoint,Presenting Data to Decision Makers,LinkedIn Learning,10,6.75,Moderate
1900,Research & Development,Manager,48,17174,22,No,No,0.056,LOW,v1,80.0,3,6,21.38,"Active Listening, Critical Thinking, Atlassian JIRA, Atlassian Confluence, Adobe Acrobat",Active Listening,Learn Active Listening,Running Effective Remote Meetings,LinkedIn Learning,6,6.0,High
1903,Research & Development,Healthcare Representative,44,5033,2,No,No,0.0271,LOW,v1,51.7,3,10,36.14,"Salesforce, Speaking, Reading Comprehension, Microsoft Azure, Active Learning",Salesforce,Learn Salesforce,Managing the Customer Pipeline,Trailhead,16,6.75,Moderate
1905,Research & Development,Research Scientist,34,2307,5,Yes,Yes,0.7839,HIGH,v1,33.3,4,11,43.49,"Microsoft Excel, R, Writing, Speaking, Active Learning",Microsoft Excel,Learn Microsoft Excel,Advanced Spreadsheet Modelling,Microsoft Learn,12,9.45,Low
1907,Research & Development,Laboratory Technician,56,2587,4,No,Yes,0.5259,MEDIUM,v1,66.7,3,14,46.24,"Reading Comprehension, Active Listening, SAP, Microsoft PowerPoint, MEDITECH",Reading Comprehension,Learn Reading Comprehension,Business Writing for Clarity,LinkedIn Learning,8,6.469,Moderate
1908,Sales,Sales Executive,36,5507,4,No,No,0.5363,MEDIUM,v1,38.3,3,15,54.62,"Microsoft PowerPoint, Microsoft Excel, Microsoft Office, Microsoft Outlook, Active Listening",Microsoft PowerPoint,Learn Microsoft PowerPoint,Presenting Data to Decision Makers,LinkedIn Learning,10,7.762,Low
1909,Sales,Sales Executive,41,4393,5,No,No,0.1923,LOW,v1,56.7,4,10,36.24,"Microsoft PowerPoint, Microsoft Excel, Salesforce, Active Listening, Adobe InDesign",Microsoft PowerPoint,Learn Microsoft PowerPoint,Presenting Data to Decision Makers,LinkedIn Learning,10,6.75,Moderate
1911,Research & Development,Research Director,42,13348,13,No,No,0.089,LOW,v1,48.3,3,10,38.62,"Microsoft PowerPoint, Microsoft Excel, Science, Monitoring, Active Listening",Microsoft PowerPoint,Learn Microsoft PowerPoint,Presenting Data to Decision Makers,LinkedIn Learning,10,6.75,Moderate
1912,Sales,Sales Executive,31,6583,5,Yes,No,0.2776,LOW,v1,80.0,3,15,54.87,"Microsoft Excel, Microsoft Office, Salesforce, Microsoft Outlook, Active Listening",Microsoft Excel,Learn Microsoft Excel,Advanced Spreadsheet Modelling,Microsoft Learn,12,6.75,High
1915,Sales,Sales Executive,34,8103,4,Yes,No,0.5976,HIGH,v1,70.0,3,15,57.75,"Microsoft PowerPoint, Microsoft Excel, Microsoft Office, Salesforce, Microsoft Outlook",Microsoft PowerPoint,Learn Microsoft PowerPoint,Presenting Data to Decision Makers,LinkedIn Learning,10,9.45,High
1916,Research & Development,Laboratory Technician,31,3978,2,No,No,0.5578,MEDIUM,v1,53.3,3,10,35.24,"Microsoft Excel, Reading Comprehension, Active Listening, SAP, Microsoft PowerPoint",Microsoft Excel,Learn Microsoft Excel,Advanced Spreadsheet Modelling,Microsoft Learn,12,7.762,Moderate
1918,Research & Development,Laboratory Technician,26,2544,7,No,No,0.0842,LOW,v1,78.3,3,11,39.12,"Microsoft Excel, Microsoft Office, Active Listening, Microsoft PowerPoint, Microsoft Word",Microsoft Excel,Learn Microsoft Excel,Advanced Spreadsheet Modelling,Microsoft Learn,12,6.75,High
1922,Research & Development,Healthcare Representative,45,5399,4,No,No,0.181,LOW,v1,60.0,3,9,34.01,"Microsoft Excel, Microsoft Office, Salesforce, Reading Comprehension, Google Workspace",Microsoft Excel,Learn Microsoft Excel,Advanced Spreadsheet Modelling,Microsoft Learn,12,6.75,Moderate
1924,Sales,Sales Executive,33,5487,10,No,No,0.5359,MEDIUM,v1,51.7,3,11,40.62,"Microsoft PowerPoint, Microsoft Office, Microsoft Outlook, Adobe Creative Cloud, Critical Thinking",Microsoft PowerPoint,Learn Microsoft PowerPoint,Presenting Data to Decision Makers,LinkedIn Learning,10,7.762,Moderate
1927,Sales,Sales Executive,28,6834,7,Yes,No,0.5028,MEDIUM,v1,68.3,3,10,36.62,"Microsoft PowerPoint, Microsoft Office, Salesforce, Speaking, Adobe InDesign",Microsoft PowerPoint,Learn Microsoft PowerPoint,Presenting Data to Decision Makers,LinkedIn Learning,10,7.762,Moderate
1928,Sales,Sales Representative,29,1091,1,No,Yes,0.976,HIGH,v1,58.3,3,10,34.76,"Speaking, Active Listening, Reading Comprehension, Microsoft Project, IBM SPSS Statistics",Speaking,Learn Speaking,Listening and Influence at Work,LinkedIn Learning,6,8.148,Moderate
1929,Sales,Sales Executive,39,5736,3,No,No,0.3067,LOW,v1,36.7,3,11,39.62,"Microsoft PowerPoint, Microsoft Outlook, Speaking, Active Listening, Adobe Creative Cloud",Microsoft PowerPoint,Learn Microsoft PowerPoint,Presenting Data to Decision Makers,LinkedIn Learning,10,6.75,Low
1931,Research & Development,Research Scientist,27,2226,5,No,No,0.3185,LOW,v1,45.0,3,9,34.24,"Microsoft Excel, Science, Critical Thinking, Active Listening, Mathematics",Microsoft Excel,Learn Microsoft Excel,Advanced Spreadsheet Modelling,Microsoft Learn,12,6.75,Moderate
1932,Research & Development,Research Scientist,34,5747,15,Yes,No,0.497,MEDIUM,v1,65.0,3,13,50.48,"Microsoft Excel, Microsoft Office, Science, Speaking, Active Learning",Microsoft Excel,Learn Microsoft Excel,Advanced Spreadsheet Modelling,Microsoft Learn,12,7.762,Moderate
1933,Sales,Sales Executive,28,9854,2,Yes,Yes,0.6449,HIGH,v1,76.7,3,13,47.99,"Microsoft PowerPoint, Microsoft Excel, Microsoft Office, Microsoft Outlook, Speaking",Microsoft PowerPoint,Learn Microsoft PowerPoint,Presenting Data to Decision Makers,LinkedIn Learning,10,9.45,High
1934,Research & Development,Research Scientist,47,5467,8,No,No,0.0256,LOW,v1,61.7,3,10,39.11,"R, Writing, Speaking, Active Learning, Critical Thinking",R,Learn R,Statistical Programming in R,Coursera,24,6.75,Moderate
1935,Sales,Sales Executive,56,5380,0,No,No,0.2135,LOW,v1,45.0,3,12,43.24,"Microsoft PowerPoint, Microsoft Excel, Microsoft Outlook, Speaking, Adobe InDesign",Microsoft PowerPoint,Learn Microsoft PowerPoint,Presenting Data to Decision Makers,LinkedIn Learning,10,6.75,Moderate
1936,Research & Development,Manufacturing Director,39,5151,10,No,No,0.1095,LOW,v1,36.7,4,11,42.76,"SAP, Microsoft PowerPoint, Microsoft Office, Monitoring, Reading Comprehension",SAP,Learn SAP,Enterprise Resource Planning Essentials,SAP,24,6.75,Low
1937,Research & Development,Research Scientist,38,2133,20,Yes,No,0.0538,LOW,v1,55.0,3,10,39.49,"R, Microsoft Office, Writing, Science, Active Learning",R,Learn R,Statistical Programming in R,Coursera,24,6.75,Moderate
1938,Sales,Manager,58,17875,1,Yes,No,0.1204,LOW,v1,78.3,3,11,42.5,"Microsoft PowerPoint, Microsoft Excel, Microsoft Office, Monitoring, Active Listening",Microsoft PowerPoint,Learn Microsoft PowerPoint,Presenting Data to Decision Makers,LinkedIn Learning,10,6.75,High
1939,Research & Development,Research Scientist,32,2432,4,Yes,Yes,0.8357,HIGH,v1,55.0,3,8,29.99,"Writing, Speaking, Active Learning, MATLAB, IBM SPSS Statistics",Writing,Learn Writing,Business Writing for Clarity,LinkedIn Learning,8,8.925,Moderate
1940,Research & Development,Research Scientist,38,4771,5,No,No,0.0105,LOW,v1,78.3,3,12,45.74,"R, Microsoft Office, Speaking, Critical Thinking, Reading Comprehension",R,Learn R,Statistical Programming in R,Coursera,24,6.75,High
1941,Research & Development,Research Director,49,19161,5,No,No,0.0185,LOW,v1,73.3,3,7,26.88,"Microsoft Excel, Microsoft Office, Speaking, IBM SPSS Statistics, Microsoft SharePoint",Microsoft Excel,Learn Microsoft Excel,Advanced Spreadsheet Modelling,Microsoft Learn,12,6.75,High
1943,Sales,Sales Executive,42,5087,0,Yes,No,0.4311,MEDIUM,v1,70.0,3,11,41.37,"Microsoft PowerPoint, Microsoft Excel, Salesforce, Microsoft Outlook, Adobe InDesign",Microsoft PowerPoint,Learn Microsoft PowerPoint,Presenting Data to Decision Makers,LinkedIn Learning,10,7.762,High
1944,Human Resources,Human Resources,27,2863,1,No,Yes,0.9758,HIGH,v1,28.3,3,10,38.5,"Microsoft PowerPoint, Microsoft Excel, Microsoft Office, Reading Comprehension, Oracle HRIS",Microsoft PowerPoint,Learn Microsoft PowerPoint,Presenting Data to Decision Makers,LinkedIn Learning,10,9.45,Low
1945,Sales,Sales Executive,35,5561,5,No,No,0.3598,MEDIUM,v1,33.3,3,10,36.87,"Microsoft Excel, Microsoft Office, Microsoft Outlook, Speaking, Adobe Creative Cloud",Microsoft Excel,Learn Microsoft Excel,Advanced Spreadsheet Modelling,Microsoft Learn,12,7.762,Low
1947,Research & Development,Research Scientist,28,2144,5,No,No,0.0997,LOW,v1,61.7,3,13,51.61,"Microsoft Excel, R, Microsoft Office, Writing, Speaking",Microsoft Excel,Learn Microsoft Excel,Advanced Spreadsheet Modelling,Microsoft Learn,12,6.75,Moderate
1948,Research & Development,Research Scientist,31,3065,4,Yes,No,0.0982,LOW,v1,55.0,3,13,50.36,"Microsoft Excel, R, Microsoft Office, Speaking, Active Learning",Microsoft Excel,Learn Microsoft Excel,Advanced Spreadsheet Modelling,Microsoft Learn,12,6.75,Moderate
1949,Research & Development,Laboratory Technician,36,2810,5,No,No,0.1447,LOW,v1,48.3,4,10,31.99,"Active Listening, SAP, MEDITECH, Critical Thinking, Speaking",Active Listening,Learn Active Listening,Running Effective Remote Meetings,LinkedIn Learning,6,5.43,Moderate
1950,Sales,Sales Executive,34,9888,14,No,No,0.5112,MEDIUM,v1,51.7,4,10,35.75,"Microsoft Excel, Microsoft Outlook, Active Listening, Adobe InDesign, Critical Thinking",Microsoft Excel,Learn Microsoft Excel,Advanced Spreadsheet Modelling,Microsoft Learn,12,7.762,Moderate
1951,Sales,Sales Executive,34,8628,8,No,No,0.1402,LOW,v1,68.4,3,12,42.49,"Microsoft PowerPoint, Salesforce, Active Listening, Adobe Creative Cloud, Adobe InDesign",Microsoft PowerPoint,Learn Microsoft PowerPoint,Presenting Data to Decision Makers,LinkedIn Learning,10,6.75,Moderate
1952,Research & Development,Laboratory Technician,26,2867,7,No,No,0.3756,MEDIUM,v1,45.0,3,10,32.62,"Active Listening, SAP, Microsoft PowerPoint, MEDITECH, Microsoft Outlook",Active Listening,Learn Active Listening,Running Effective Remote Meetings,LinkedIn Learning,6,6.244,Moderate
1954,Research & Development,Healthcare Representative,29,5373,5,No,No,0.2469,LOW,v1,21.7,3,10,38.0,"Microsoft Excel, Salesforce, Speaking, Active Listening, Reading Comprehension",Microsoft Excel,Learn Microsoft Excel,Advanced Spreadsheet Modelling,Microsoft Learn,12,6.75,Low
1955,Research & Development,Healthcare Representative,32,6667,5,No,No,0.0143,LOW,v1,73.4,3,8,29.63,"Microsoft Office, Speaking, Google Workspace, Linux, Apache Hadoop",Microsoft Office,Learn Microsoft Office,Productivity Suite Fundamentals,Microsoft Learn,10,6.75,High
1956,Research & Development,Research Scientist,31,5003,10,No,No,0.3552,MEDIUM,v1,33.3,4,13,50.49,"R, Microsoft Office, Writing, Science, Critical Thinking",R,Learn R,Statistical Programming in R,Coursera,24,7.762,Low
1960,Research & Development,Laboratory Technician,28,2367,4,No,Yes,0.7158,HIGH,v1,56.7,3,14,45.62,"Reading Comprehension, SAP, Microsoft PowerPoint, Microsoft Word, Google Docs",Reading Comprehension,Learn Reading Comprehension,Business Writing for Clarity,LinkedIn Learning,8,7.875,Moderate
1961,Sales,Sales Representative,38,2858,1,No,No,0.8888,HIGH,v1,13.3,3,10,36.12,"Microsoft Office, Active Listening, Reading Comprehension, Microsoft Project, IBM SPSS Statistics",Microsoft Office,Learn Microsoft Office,Productivity Suite Fundamentals,Microsoft Learn,10,9.45,Low
1962,Sales,Sales Executive,35,5204,10,Yes,No,0.1361,LOW,v1,80.0,3,12,42.5,"Microsoft Office, Salesforce, Active Listening, Adobe Creative Cloud, Adobe InDesign",Microsoft Office,Learn Microsoft Office,Productivity Suite Fundamentals,Microsoft Learn,10,6.75,High
1965,Sales,Sales Executive,27,4105,7,No,No,0.1447,LOW,v1,76.7,3,7,26.0,"Microsoft Office, Salesforce, Adobe Creative Cloud, Critical Thinking, Adobe Acrobat",Microsoft Office,Learn Microsoft Office,Productivity Suite Fundamentals,Microsoft Learn,10,6.75,High
1966,Research & Development,Manufacturing Director,32,9679,1,No,No,0.2643,LOW,v1,71.7,4,7,27.63,"Microsoft PowerPoint, Microsoft Outlook, Critical Thinking, Active Listening, Learning Strategies",Microsoft PowerPoint,Learn Microsoft PowerPoint,Presenting Data to Decision Makers,LinkedIn Learning,10,6.75,High
1967,Sales,Sales Executive,31,5617,10,Yes,Yes,0.8408,HIGH,v1,63.4,3,11,40.75,"Microsoft PowerPoint, Microsoft Excel, Speaking, Active Listening, Adobe InDesign",Microsoft PowerPoint,Learn Microsoft PowerPoint,Presenting Data to Decision Makers,LinkedIn Learning,10,9.45,Moderate
1968,Sales,Sales Executive,53,10448,2,Yes,Yes,0.9565,HIGH,v1,25.0,3,10,37.75,"Microsoft PowerPoint, Microsoft Excel, Salesforce, Speaking, Adobe Creative Cloud",Microsoft PowerPoint,Learn Microsoft PowerPoint,Presenting Data to Decision Makers,LinkedIn Learning,10,9.45,Low
1969,Research & Development,Research Scientist,54,2897,4,No,No,0.117,LOW,v1,48.4,3,13,49.86,"Microsoft Excel, Microsoft Office, Science, Speaking, Reading Comprehension",Microsoft Excel,Learn Microsoft Excel,Advanced Spreadsheet Modelling,Microsoft Learn,12,6.75,Moderate
1970,Research & Development,Healthcare Representative,33,5968,9,No,No,0.0157,LOW,v1,73.4,4,12,44.01,"Microsoft Excel, Microsoft Office, Salesforce, Reading Comprehension, Linux",Microsoft Excel,Learn Microsoft Excel,Advanced Spreadsheet Modelling,Microsoft Learn,12,6.75,High
1971,Research & Development,Healthcare Representative,43,7510,10,No,No,0.0687,LOW,v1,50.0,3,9,33.25,"Microsoft Office, Salesforce, Active Listening, Reading Comprehension, Microsoft Access",Microsoft Office,Learn Microsoft Office,Productivity Suite Fundamentals,Microsoft Learn,10,6.75,Moderate
1972,Human Resources,Human Resources,38,2991,6,Yes,No,0.3045,LOW,v1,60.0,3,13,50.13,"Microsoft PowerPoint, Microsoft Excel, Microsoft Office, Microsoft Outlook, Applicant Tracking System (ATS)",Microsoft PowerPoint,Learn Microsoft PowerPoint,Presenting Data to Decision Makers,LinkedIn Learning,10,6.75,Moderate
1973,Human Resources,Manager,55,19636,10,Yes,No,0.5592,MEDIUM,v1,58.3,3,6,22.0,"Microsoft Office, Speaking, Atlassian JIRA, Atlassian Confluence, Google Analytics",Microsoft Office,Learn Microsoft Office,Productivity Suite Fundamentals,Microsoft Learn,10,7.762,Moderate
1974,Research & Development,Laboratory Technician,31,1129,1,Yes,No,0.6531,HIGH,v1,66.7,3,13,43.62,"Microsoft Office, Reading Comprehension, Active Listening, Microsoft Word, Google Docs",Microsoft Office,Learn Microsoft Office,Productivity Suite Fundamentals,Microsoft Learn,10,9.45,Moderate
1975,Sales,Sales Executive,39,13341,20,No,No,0.5857,HIGH,v1,33.3,3,9,32.62,"Microsoft PowerPoint, Microsoft Excel, Salesforce, Adobe Creative Cloud, Critical Thinking",Microsoft PowerPoint,Learn Microsoft PowerPoint,Presenting Data to Decision Makers,LinkedIn Learning,10,9.45,Low
1976,Research & Development,Research Scientist,42,4332,20,No,No,0.0289,LOW,v1,68.3,3,9,36.23,"Microsoft Office, Writing, Science, Speaking, Active Learning",Microsoft Office,Learn Microsoft Office,Productivity Suite Fundamentals,Microsoft Learn,10,6.75,Moderate
1979,Research & Development,Research Director,31,11031,11,No,No,0.0119,LOW,v1,71.7,4,9,34.26,"Microsoft Excel, Critical Thinking, Reading Comprehension, Speaking, Writing",Microsoft Excel,Learn Microsoft Excel,Advanced Spreadsheet Modelling,Microsoft Learn,12,6.75,High
1980,Research & Development,Manufacturing Director,54,4440,5,Yes,No,0.5776,MEDIUM,v1,50.0,3,9,35.64,"SAP, Microsoft Excel, Microsoft Office, Critical Thinking, Reading Comprehension",SAP,Learn SAP,Enterprise Resource Planning Essentials,SAP,24,7.762,Moderate
1981,Research & Development,Healthcare Representative,24,4617,4,No,No,0.5294,MEDIUM,v1,43.3,3,12,44.37,"Microsoft Office, Salesforce, Active Listening, Reading Comprehension, Linux",Microsoft Office,Learn Microsoft Office,Productivity Suite Fundamentals,Microsoft Learn,10,7.762,Moderate
1982,Research & Development,Laboratory Technician,23,2647,5,No,No,0.1327,LOW,v1,88.3,3,12,41.37,"Microsoft Excel, Reading Comprehension, Active Listening, SAP, Microsoft PowerPoint",Microsoft Excel,Learn Microsoft Excel,Advanced Spreadsheet Modelling,Microsoft Learn,12,6.75,High
1985,Research & Development,Laboratory Technician,40,6323,10,No,No,0.6634,HIGH,v1,71.7,3,10,35.12,"Microsoft Excel, Microsoft Office, Active Listening, Microsoft PowerPoint, Microsoft Word",Microsoft Excel,Learn Microsoft Excel,Advanced Spreadsheet Modelling,Microsoft Learn,12,9.45,High
1986,Sales,Sales Executive,40,5677,11,No,No,0.1692,LOW,v1,50.0,3,11,40.25,"Microsoft Excel, Microsoft Office, Microsoft Outlook, Active Listening, Adobe Creative Cloud",Microsoft Excel,Learn Microsoft Excel,Advanced Spreadsheet Modelling,Microsoft Learn,12,6.75,Moderate
1987,Human Resources,Human Resources,25,2187,2,No,No,0.4109,MEDIUM,v1,56.7,3,11,44.38,"Microsoft PowerPoint, Microsoft Excel, Workday, Microsoft Outlook, Speaking",Microsoft PowerPoint,Learn Microsoft PowerPoint,Presenting Data to Decision Makers,LinkedIn Learning,10,7.762,Moderate
1989,Research & Development,Laboratory Technician,30,3748,12,No,No,0.0639,LOW,v1,58.3,3,12,40.62,"Microsoft Office, Reading Comprehension, SAP, Microsoft PowerPoint, Microsoft Word",Microsoft Office,Learn Microsoft Office,Productivity Suite Fundamentals,Microsoft Learn,10,6.75,Moderate
1992,Research & Development,Laboratory Technician,25,3977,2,Yes,No,0.3107,LOW,v1,68.4,3,14,47.99,"Microsoft Excel, Microsoft Office, Active Listening, SAP, Microsoft PowerPoint",Microsoft Excel,Learn Microsoft Excel,Advanced Spreadsheet Modelling,Microsoft Learn,12,6.75,Moderate
1993,Research & Development,Healthcare Representative,47,8633,17,No,No,0.3141,LOW,v1,50.0,4,8,29.62,"Microsoft Office, Salesforce, Google Workspace, Microsoft Azure, Linux",Microsoft Office,Learn Microsoft Office,Productivity Suite Fundamentals,Microsoft Learn,10,6.75,Moderate
1994,Research & Development,Laboratory Technician,33,2008,1,No,No,0.2799,LOW,v1,46.7,3,11,37.0,"Microsoft Office, Reading Comprehension, Microsoft Word, MEDITECH, Google Docs",Microsoft Office,Learn Microsoft Office,Productivity Suite Fundamentals,Microsoft Learn,10,6.75,Moderate
1995,Sales,Sales Executive,38,4440,15,No,No,0.0077,LOW,v1,56.7,3,10,36.62,"Microsoft PowerPoint, Microsoft Office, Salesforce, Active Listening, Adobe InDesign",Microsoft PowerPoint,Learn Microsoft PowerPoint,Presenting Data to Decision Makers,LinkedIn Learning,10,6.75,Moderate
1996,Sales,Sales Representative,31,3067,2,No,No,0.2694,LOW,v1,53.4,3,11,39.38,"Microsoft Excel, Microsoft Office, Active Listening, Reading Comprehension, IBM SPSS Statistics",Microsoft Excel,Learn Microsoft Excel,Advanced Spreadsheet Modelling,Microsoft Learn,12,6.75,Moderate
1997,Research & Development,Manufacturing Director,38,5321,8,No,No,0.527,MEDIUM,v1,48.3,3,11,42.01,"Microsoft Excel, Microsoft Outlook, Critical Thinking, Reading Comprehension, Active Listening",Microsoft Excel,Learn Microsoft Excel,Advanced Spreadsheet Modelling,Microsoft Learn,12,7.762,Moderate
1998,Research & Development,Research Scientist,42,5410,4,Yes,No,0.595,HIGH,v1,48.3,3,12,46.61,"R, Writing, Science, Active Learning, Critical Thinking",R,Learn R,Statistical Programming in R,Coursera,24,9.45,Moderate
1999,Research & Development,Research Scientist,41,2782,5,No,No,0.0506,LOW,v1,76.7,4,9,33.86,"Speaking, Active Learning, Critical Thinking, Active Listening, Mathematics",Speaking,Learn Speaking,Listening and Influence at Work,LinkedIn Learning,6,6.18,High
2000,Research & Development,Research Director,47,11957,13,No,No,0.0011,LOW,v1,40.0,3,11,41.5,"Microsoft Excel, Science, Monitoring, Reading Comprehension, Speaking",Microsoft Excel,Learn Microsoft Excel,Advanced Spreadsheet Modelling,Microsoft Learn,12,6.75,Moderate
2003,Research & Development,Laboratory Technician,35,2660,2,Yes,No,0.6716,HIGH,v1,73.4,3,10,34.12,"Microsoft Excel, Microsoft Office, SAP, MEDITECH, Speaking",Microsoft Excel,Learn Microsoft Excel,Advanced Spreadsheet Modelling,Microsoft Learn,12,9.45,High
2007,Research & Development,Research Scientist,22,3375,3,No,No,0.0623,LOW,v1,81.7,3,15,59.11,"Microsoft Excel, R, Microsoft Office, Writing, Science",Microsoft Excel,Learn Microsoft Excel,Advanced Spreadsheet Modelling,Microsoft Learn,12,6.75,High
2008,Research & Development,Research Scientist,35,5098,10,No,No,0.0681,LOW,v1,56.7,3,11,43.24,"R, Microsoft Office, Science, Active Learning, Critical Thinking",R,Learn R,Statistical Programming in R,Coursera,24,6.75,Moderate
2009,Research & Development,Healthcare Representative,33,4878,9,Yes,No,0.321,LOW,v1,63.3,3,11,39.63,"Microsoft Excel, Salesforce, Reading Comprehension, Google Workspace, Linux",Microsoft Excel,Learn Microsoft Excel,Advanced Spreadsheet Modelling,Microsoft Learn,12,6.75,Moderate
2010,Research & Development,Laboratory Technician,32,2837,6,No,No,0.8796,HIGH,v1,48.3,3,9,31.87,"Microsoft Excel, Reading Comprehension, Active Listening, Microsoft Word, MEDITECH",Microsoft Excel,Learn Microsoft Excel,Advanced Spreadsheet Modelling,Microsoft Learn,12,9.45,Moderate
2012,Research & Development,Laboratory Technician,40,2406,1,No,No,0.4998,MEDIUM,v1,58.3,3,10,34.37,"Microsoft Excel, Microsoft Office, Active Listening, Microsoft Word, Critical Thinking",Microsoft Excel,Learn Microsoft Excel,Advanced Spreadsheet Modelling,Microsoft Learn,12,7.762,Moderate
2013,Sales,Sales Representative,32,2269,2,No,No,0.6482,HIGH,v1,38.3,3,13,45.38,"Salesforce, Speaking, IBM SPSS Statistics, Microsoft PowerPoint, Apple macOS",Salesforce,Learn Salesforce,Managing the Customer Pipeline,Trailhead,16,9.45,Low
2014,Research & Development,Research Scientist,39,4108,7,No,No,0.4964,MEDIUM,v1,56.7,3,13,50.87,"Microsoft Excel, R, Microsoft Office, Writing, Critical Thinking",Microsoft Excel,Learn Microsoft Excel,Advanced Spreadsheet Modelling,Microsoft Learn,12,7.762,Moderate
2015,Research & Development,Research Director,38,13206,18,No,No,0.0433,LOW,v1,36.7,3,11,41.26,"Monitoring, Critical Thinking, Reading Comprehension, Active Listening, Speaking",Monitoring,Learn Monitoring,Performance Tracking and Review,LinkedIn Learning,6,6.0,Low
2016,Sales,Sales Executive,32,10422,14,No,No,0.0475,LOW,v1,76.7,3,10,36.13,"Microsoft PowerPoint, Salesforce, Speaking, Adobe InDesign, Critical Thinking",Microsoft PowerPoint,Learn Microsoft PowerPoint,Presenting Data to Decision Makers,LinkedIn Learning,10,6.75,High
2017,Research & Development,Research Director,37,13744,16,Yes,No,0.0486,LOW,v1,78.3,4,12,45.76,"Microsoft PowerPoint, Microsoft Office, Monitoring, Reading Comprehension, Speaking",Microsoft PowerPoint,Learn Microsoft PowerPoint,Presenting Data to Decision Makers,LinkedIn Learning,10,6.75,High
2018,Sales,Sales Executive,25,4907,5,Yes,No,0.3116,LOW,v1,45.0,4,12,42.5,"Microsoft Excel, Microsoft Outlook, Speaking, Adobe InDesign, Critical Thinking",Microsoft Excel,Learn Microsoft Excel,Advanced Spreadsheet Modelling,Microsoft Learn,12,6.75,Moderate
2019,Sales,Sales Representative,52,3482,9,No,No,0.1172,LOW,v1,55.0,3,9,32.64,"Microsoft Excel, Speaking, IBM SPSS Statistics, Microsoft PowerPoint, Microsoft Word",Microsoft Excel,Learn Microsoft Excel,Advanced Spreadsheet Modelling,Microsoft Learn,12,6.75,Moderate
2020,Research & Development,Research Scientist,44,2436,4,Yes,No,0.6468,HIGH,v1,70.0,3,10,37.24,"Science, Active Learning, Reading Comprehension, Active Listening, Microsoft Project",Science,Learn Science,Scientific Method in Practice,edX,14,8.652,High
2021,Sales,Sales Representative,21,2380,2,Yes,No,0.9288,HIGH,v1,50.0,3,13,47.38,"Microsoft Excel, Microsoft Office, Salesforce, Speaking, Apple macOS",Microsoft Excel,Learn Microsoft Excel,Advanced Spreadsheet Modelling,Microsoft Learn,12,9.45,Moderate
2022,Research & Development,Manager,39,19431,6,No,No,0.0409,LOW,v1,78.3,3,8,29.5,"Microsoft PowerPoint, Monitoring, Speaking, Apple macOS, Atlassian JIRA",Microsoft PowerPoint,Learn Microsoft PowerPoint,Presenting Data to Decision Makers,LinkedIn Learning,10,6.75,High
2023,Sales,Sales Representative,23,1790,1,No,Yes,0.9508,HIGH,v1,41.7,3,10,35.38,"Microsoft Office, Speaking, Active Listening, IBM SPSS Statistics, Microsoft PowerPoint",Microsoft Office,Learn Microsoft Office,Productivity Suite Fundamentals,Microsoft Learn,10,9.45,Moderate
2024,Sales,Sales Executive,36,7644,9,No,No,0.0786,LOW,v1,55.0,3,10,35.25,"Microsoft PowerPoint, Microsoft Excel, Adobe Creative Cloud, Adobe InDesign, Critical Thinking",Microsoft PowerPoint,Learn Microsoft PowerPoint,Presenting Data to Decision Makers,LinkedIn Learning,10,6.75,Moderate
2025,Research & Development,Manufacturing Director,36,5131,4,No,No,0.0609,LOW,v1,60.0,3,9,35.25,"Microsoft Excel, Microsoft Office, Microsoft Outlook, Speaking, Learning Strategies",Microsoft Excel,Learn Microsoft Excel,Advanced Spreadsheet Modelling,Microsoft Learn,12,6.75,Moderate
2026,Research & Development,Healthcare Representative,56,6306,13,No,No,0.0031,LOW,v1,55.0,4,8,30.38,"Microsoft Excel, Salesforce, Active Listening, Linux, Apache Hadoop",Microsoft Excel,Learn Microsoft Excel,Advanced Spreadsheet Modelling,Microsoft Learn,12,6.75,Moderate
2027,Research & Development,Research Scientist,29,4787,2,Yes,Yes,0.3835,MEDIUM,v1,65.0,3,13,50.49,"R, Microsoft Office, Writing, Speaking, Active Learning",R,Learn R,Statistical Programming in R,Coursera,24,7.762,Moderate
2031,Research & Development,Manager,42,18880,22,No,No,0.6334,HIGH,v1,41.7,3,7,24.5,"Monitoring, Atlassian JIRA, Atlassian Confluence, Google Analytics, Adobe Photoshop",Monitoring,Learn Monitoring,Performance Tracking and Review,LinkedIn Learning,6,8.4,Moderate
2032,Research & Development,Laboratory Technician,56,2339,10,No,Yes,0.5315,MEDIUM,v1,66.7,3,15,51.62,"Microsoft Excel, Microsoft Office, Reading Comprehension, Active Listening, Microsoft Word",Microsoft Excel,Learn Microsoft Excel,Advanced Spreadsheet Modelling,Microsoft Learn,12,7.762,Moderate
2034,Research & Development,Manufacturing Director,41,13570,20,No,No,0.0206,LOW,v1,35.0,4,6,24.12,"SAP, Microsoft PowerPoint, Microsoft Outlook, Active Learning, Adobe After Effects",SAP,Learn SAP,Enterprise Resource Planning Essentials,SAP,24,6.75,Low
2035,Sales,Sales Executive,34,6712,8,No,No,0.1095,LOW,v1,68.3,4,9,32.25,"Microsoft Excel, Salesforce, Active Listening, Adobe InDesign, Adobe Illustrator",Microsoft Excel,Learn Microsoft Excel,Advanced Spreadsheet Modelling,Microsoft Learn,12,6.75,Moderate
2036,Sales,Sales Executive,36,5406,15,No,No,0.1349,LOW,v1,55.0,4,7,24.13,"Salesforce, Adobe Creative Cloud, Adobe InDesign, Adobe Acrobat, Adobe Photoshop",Salesforce,Learn Salesforce,Managing the Customer Pipeline,Trailhead,16,6.75,Moderate
2037,Sales,Sales Executive,41,8938,5,No,No,0.0483,LOW,v1,48.3,3,12,46.5,"Microsoft PowerPoint, Microsoft Excel, Microsoft Office, Salesforce, Microsoft Outlook",Microsoft PowerPoint,Learn Microsoft PowerPoint,Presenting Data to Decision Makers,LinkedIn Learning,10,6.75,Moderate
2038,Research & Development,Research Scientist,32,2439,4,No,No,0.2911,LOW,v1,56.7,3,14,54.61,"Microsoft Excel, Microsoft Office, Writing, Science, Speaking",Microsoft Excel,Learn Microsoft Excel,Advanced Spreadsheet Modelling,Microsoft Learn,12,6.75,Moderate
2040,Human Resources,Human Resources,35,8837,9,Yes,No,0.6621,HIGH,v1,76.7,3,10,39.0,"Microsoft Excel, Workday, Microsoft Outlook, Speaking, Oracle HRIS",Microsoft Excel,Learn Microsoft Excel,Advanced Spreadsheet Modelling,Microsoft Learn,12,9.45,High
2041,Sales,Sales Executive,38,5343,10,No,No,0.1202,LOW,v1,63.4,3,10,35.87,"Microsoft Excel, Microsoft Outlook, Adobe Creative Cloud, Critical Thinking, Adobe Acrobat",Microsoft Excel,Learn Microsoft Excel,Advanced Spreadsheet Modelling,Microsoft Learn,12,6.75,Moderate
2044,Sales,Sales Executive,50,6728,6,No,Yes,0.2176,LOW,v1,63.4,3,11,41.0,"Microsoft PowerPoint, Microsoft Office, Microsoft Outlook, Speaking, Active Listening",Microsoft PowerPoint,Learn Microsoft PowerPoint,Presenting Data to Decision Makers,LinkedIn Learning,10,6.75,Moderate
2045,Sales,Sales Executive,36,6652,6,No,No,0.6403,HIGH,v1,50.0,3,12,42.12,"Microsoft Excel, Microsoft Office, Speaking, Adobe Creative Cloud, Adobe InDesign",Microsoft Excel,Learn Microsoft Excel,Advanced Spreadsheet Modelling,Microsoft Learn,12,9.45,Moderate
2046,Sales,Sales Executive,45,4850,5,No,No,0.523,MEDIUM,v1,73.4,3,9,33.24,"Microsoft Excel, Microsoft Outlook, Speaking, Adobe InDesign, Adobe Acrobat",Microsoft Excel,Learn Microsoft Excel,Advanced Spreadsheet Modelling,Microsoft Learn,12,7.762,High
2048,Research & Development,Research Scientist,40,2809,2,No,No,0.081,LOW,v1,61.7,3,10,37.49,"Writing, Speaking, Critical Thinking, Reading Comprehension, Mathematics",Writing,Learn Writing,Business Writing for Clarity,LinkedIn Learning,8,6.375,Moderate
2049,Research & Development,Healthcare Representative,35,5689,10,Yes,No,0.2584,LOW,v1,75.0,3,7,26.62,"Salesforce, Microsoft Outlook, Active Listening, Linux, Microsoft Access",Salesforce,Learn Salesforce,Managing the Customer Pipeline,Trailhead,16,6.75,High
2051,Research & Development,Research Scientist,40,2001,5,No,No,0.0094,LOW,v1,63.4,3,10,38.36,"R, Science, Active Learning, Critical Thinking, Active Listening",R,Learn R,Statistical Programming in R,Coursera,24,6.75,Moderate
2052,Research & Development,Research Scientist,35,2977,4,No,No,0.0806,LOW,v1,63.3,3,10,39.74,"Microsoft Excel, R, Microsoft Office, Speaking, Reading Comprehension",Microsoft Excel,Learn Microsoft Excel,Advanced Spreadsheet Modelling,Microsoft Learn,12,6.75,Moderate
2053,Research & Development,Laboratory Technician,29,4025,4,Yes,No,0.7986,HIGH,v1,48.3,3,13,44.12,"Microsoft Excel, Reading Comprehension, SAP, Microsoft PowerPoint, MEDITECH",Microsoft Excel,Learn Microsoft Excel,Advanced Spreadsheet Modelling,Microsoft Learn,12,9.45,Moderate
2054,Research & Development,Research Scientist,29,3785,5,No,No,0.5456,MEDIUM,v1,31.7,3,9,34.99,"R, Microsoft Office, Writing, Active Learning, Mathematics",R,Learn R,Statistical Programming in R,Coursera,24,7.762,Low
2055,Sales,Sales Executive,50,10854,3,Yes,Yes,0.8995,HIGH,v1,41.7,3,11,38.12,"Microsoft Excel, Speaking, Active Listening, Adobe InDesign, Adobe Acrobat",Microsoft Excel,Learn Microsoft Excel,Advanced Spreadsheet Modelling,Microsoft Learn,12,9.45,Moderate
2056,Sales,Sales Executive,39,12031,20,No,No,0.2176,LOW,v1,50.0,3,12,45.75,"Microsoft PowerPoint, Microsoft Office, Salesforce, Microsoft Outlook, Speaking",Microsoft PowerPoint,Learn Microsoft PowerPoint,Presenting Data to Decision Makers,LinkedIn Learning,10,6.75,Moderate
2057,Research & Development,Manufacturing Director,31,9936,9,No,No,0.0442,LOW,v1,36.7,3,11,43.63,"SAP, Microsoft PowerPoint, Microsoft Excel, Microsoft Office, Speaking",SAP,Learn SAP,Enterprise Resource Planning Essentials,SAP,24,6.75,Low
2060,Sales,Sales Representative,26,2966,4,No,No,0.2838,LOW,v1,68.3,3,13,46.88,"Microsoft Office, Salesforce, Speaking, Active Listening, Microsoft Project",Microsoft Office,Learn Microsoft Office,Productivity Suite Fundamentals,Microsoft Learn,10,6.75,Moderate
2061,Research & Development,Laboratory Technician,36,2571,5,No,No,0.289,LOW,v1,85.0,3,11,38.75,"Microsoft Excel, Microsoft Office, SAP, Microsoft Word, MEDITECH",Microsoft Excel,Learn Microsoft Excel,Advanced Spreadsheet Modelling,Microsoft Learn,12,6.75,High
2062,Research & Development,Healthcare Representative,39,9991,7,No,No,0.1316,LOW,v1,38.3,3,13,47.25,"Salesforce, Microsoft Outlook, Active Listening, Reading Comprehension, Amazon Web Services (AWS)",Salesforce,Learn Salesforce,Managing the Customer Pipeline,Trailhead,16,6.75,Low
2064,Research & Development,Manufacturing Director,27,6142,6,Yes,No,0.6091,HIGH,v1,55.0,4,11,42.63,"SAP, Microsoft Excel, Microsoft Office, Reading Comprehension, Active Listening",SAP,Learn SAP,Enterprise Resource Planning Essentials,SAP,24,9.45,Moderate
2065,Sales,Sales Executive,49,5390,9,No,No,0.0903,LOW,v1,53.3,3,8,28.37,"Microsoft Outlook, Speaking, Active Listening, Adobe Creative Cloud, Adobe InDesign",Microsoft Outlook,Learn Microsoft Outlook,Productivity Suite Fundamentals,Microsoft Learn,10,6.75,Moderate
2068,Research & Development,Laboratory Technician,34,4404,4,No,No,0.4713,MEDIUM,v1,66.7,3,13,43.99,"Microsoft Office, Reading Comprehension, Active Listening, SAP, Microsoft PowerPoint",Microsoft Office,Learn Microsoft Office,Productivity Suite Fundamentals,Microsoft Learn,10,7.762,Moderate
