EmployeeID,Department,JobRole,MissingSkill,Importance
1,Sales,Sales Executive,Microsoft PowerPoint,4.5
1,Sales,Sales Executive,Microsoft Office,4.5
1,Sales,Sales Executive,Salesforce,4.5
1,Sales,Sales Executive,Microsoft Outlook,4.5
1,Sales,Sales Executive,Active Listening,4.0
1,Sales,Sales Executive,Speaking,4.0
1,Sales,Sales Executive,Adobe Creative Cloud,3.5
1,Sales,Sales Executive,Adobe Photoshop,3.5
1,Sales,Sales Executive,Adobe Illustrator,3.5
1,Sales,Sales Executive,Reading Comprehension,3.38
1,Sales,Sales Executive,Writing,3.25
1,Sales,Sales Executive,Monitoring,3.12
1,Sales,Sales Executive,Active Learning,3.12
1,Sales,Sales Executive,Mathematics,2.25
2,Research & Development,Research Scientist,R,4.5
2,Research & Development,Research Scientist,Writing,4.25
2,Research & Development,Research Scientist,Science,4.12
2,Research & Development,Research Scientist,Speaking,4.12
2,Research & Development,Research Scientist,Active Learning,4.12
2,Research & Development,Research Scientist,Critical Thinking,4.0
2,Research & Development,Research Scientist,Mathematics,3.62
2,Research & Development,Research Scientist,MATLAB,3.5
2,Research & Development,Research Scientist,IBM SPSS Statistics,3.5
2,Research & Development,Research Scientist,Python,3.5
2,Research & Development,Research Scientist,Adobe Photoshop,3.5
2,Research & Development,Research Scientist,Microsoft Project,3.5
4,Research & Development,Laboratory Technician,Microsoft Excel,4.5
4,Research & Development,Laboratory Technician,Microsoft Office,4.5
4,Research & Development,Laboratory Technician,Reading Comprehension,3.75
4,Research & Development,Laboratory Technician,Active Listening,3.62
4,Research & Development,Laboratory Technician,SAP,3.5
4,Research & Development,Laboratory Technician,Microsoft Word,3.5
4,Research & Development,Laboratory Technician,MEDITECH,3.5
4,Research & Development,Laboratory Technician,Google Docs,3.5
4,Research & Development,Laboratory Technician,Microsoft Outlook,3.5
4,Research & Development,Laboratory Technician,Speaking,3.12
4,Research & Development,Laboratory Technician,Electronic Medical Record (EMR),3.0
4,Research & Development,Laboratory Technician,Science,3.0
4,Research & Development,Laboratory Technician,Writing,3.0
5,Research & Development,Research Scientist,R,4.5
5,Research & Development,Research Scientist,Microsoft Office,4.5
5,Research & Development,Research Scientist,Reading Comprehension,4.0
5,Research & Development,Research Scientist,Mathematics,3.62
5,Research & Development,Research Scientist,MATLAB,3.5
5,Research & Development,Research Scientist,ESRI ArcGIS,3.5
5,Research & Development,Research Scientist,SAS,3.5
5,Research & Development,Research Scientist,Python,3.5
5,Research & Development,Research Scientist,Adobe Photoshop,3.5
7,Research & Development,Laboratory Technician,Reading Comprehension,3.75
7,Research & Development,Laboratory Technician,Active Listening,3.62
7,Research & Development,Laboratory Technician,Microsoft PowerPoint,3.5
7,Research & Development,Laboratory Technician,Microsoft Word,3.5
7,Research & Development,Laboratory Technician,MEDITECH,3.5
7,Research & Development,Laboratory Technician,Google Docs,3.5
7,Research & Development,Laboratory Technician,Microsoft Outlook,3.5
7,Research & Development,Laboratory Technician,Speaking,3.12
7,Research & Development,Laboratory Technician,Monitoring,3.0
7,Research & Development,Laboratory Technician,Science,3.0
7,Research & Development,Laboratory Technician,Email,3.0
7,Research & Development,Laboratory Technician,Writing,3.0
8,Research & Development,Laboratory Technician,Microsoft Excel,4.5
8,Research & Development,Laboratory Technician,Reading Comprehension,3.75
8,Research & Development,Laboratory Technician,Active Listening,3.62
8,Research & Development,Laboratory Technician,SAP,3.5
8,Research & Development,Laboratory Technician,Microsoft PowerPoint,3.5
8,Research & Development,Laboratory Technician,Microsoft Word,3.5
8,Research & Development,Laboratory Technician,Microsoft Outlook,3.5
8,Research & Development,Laboratory Technician,Critical Thinking,3.25
8,Research & Development,Laboratory Technician,Monitoring,3.0
8,Research & Development,Laboratory Technician,Electronic Medical Record (EMR),3.0
8,Research & Development,Laboratory Technician,Science,3.0
8,Research & Development,Laboratory Technician,Writing,3.0
10,Research & Development,Laboratory Technician,Microsoft Office,4.5
10,Research & Development,Laboratory Technician,Active Listening,3.62
10,Research & Development,Laboratory Technician,Microsoft Word,3.5
10,Research & Development,Laboratory Technician,MEDITECH,3.5
10,Research & Development,Laboratory Technician,Microsoft Outlook,3.5
10,Research & Development,Laboratory Technician,Critical Thinking,3.25
10,Research & Development,Laboratory Technician,Monitoring,3.0
10,Research & Development,Laboratory Technician,Electronic Medical Record (EMR),3.0
10,Research & Development,Laboratory Technician,Email,3.0
10,Research & Development,Laboratory Technician,Active Learning,3.0
10,Research & Development,Laboratory Technician,Writing,3.0
11,Research & Development,Laboratory Technician,Microsoft Excel,4.5
11,Research & Development,Laboratory Technician,Reading Comprehension,3.75
11,Research & Development,Laboratory Technician,SAP,3.5
11,Research & Development,Laboratory Technician,Microsoft PowerPoint,3.5
11,Research & Development,Laboratory Technician,MEDITECH,3.5
11,Research & Development,Laboratory Technician,Google Docs,3.5
11,Research & Development,Laboratory Technician,Monitoring,3.0
11,Research & Development,Laboratory Technician,Science,3.0
11,Research & Development,Laboratory Technician,Active Learning,3.0
12,Research & Development,Manufacturing Director,Microsoft PowerPoint,4.5
12,Research & Development,Manufacturing Director,Microsoft Excel,4.5
12,Research & Development,Manufacturing Director,Microsoft Outlook,4.5
12,Research & Development,Manufacturing Director,Reading Comprehension,3.88
12,Research & Development,Manufacturing Director,Active Listening,3.88
12,Research & Development,Manufacturing Director,Adobe After Effects,3.5
12,Research & Development,Manufacturing Director,Adobe InDesign,3.5
12,Research & Development,Manufacturing Director,Adobe Acrobat,3.5
12,Research & Development,Manufacturing Director,Adobe Photoshop,3.5
12,Research & Development,Manufacturing Director,Autodesk AutoCAD,3.5
13,Research & Development,Healthcare Representative,Microsoft Office,4.5
13,Research & Development,Healthcare Representative,Active Listening,4.12
13,Research & Development,Healthcare Representative,Reading Comprehension,3.75
13,Research & Development,Healthcare Representative,Microsoft Azure,3.5
13,Research & Development,Healthcare Representative,Amazon Web Services (AWS),3.5
13,Research & Development,Healthcare Representative,Critical Thinking,3.38
13,Research & Development,Healthcare Representative,Writing,3.38
13,Research & Development,Healthcare Representative,Monitoring,3.12
13,Research & Development,Healthcare Representative,Mathematics,2.88
14,Research & Development,Laboratory Technician,Microsoft Excel,4.5
14,Research & Development,Laboratory Technician,Active Listening,3.62
14,Research & Development,Laboratory Technician,MEDITECH,3.5
14,Research & Development,Laboratory Technician,Microsoft Outlook,3.5
14,Research & Development,Laboratory Technician,Speaking,3.12
14,Research & Development,Laboratory Technician,Monitoring,3.0
14,Research & Development,Laboratory Technician,Electronic Medical Record (EMR),3.0
14,Research & Development,Laboratory Technician,Email,3.0
14,Research & Development,Laboratory Technician,Active Learning,3.0
15,Research & Development,Laboratory Technician,Microsoft Excel,4.5
15,Research & Development,Laboratory Technician,Microsoft Office,4.5
15,Research & Development,Laboratory Technician,Reading Comprehension,3.75
15,Research & Development,Laboratory Technician,Active Listening,3.62
15,Research & Development,Laboratory Technician,SAP,3.5
15,Research & Development,Laboratory Technician,Microsoft PowerPoint,3.5
15,Research & Development,Laboratory Technician,Microsoft Word,3.5
15,Research & Development,Laboratory Technician,MEDITECH,3.5
15,Research & Development,Laboratory Technician,Google Docs,3.5
15,Research & Development,Laboratory Technician,Electronic Medical Record (EMR),3.0
15,Research & Development,Laboratory Technician,Science,3.0
15,Research & Development,Laboratory Technician,Active Learning,3.0
16,Research & Development,Research Scientist,Microsoft Excel,4.5
16,Research & Development,Research Scientist,R,4.5
16,Research & Development,Research Scientist,Writing,4.25
16,Research & Development,Research Scientist,Speaking,4.12
16,Research & Development,Research Scientist,Active Learning,4.12
16,Research & Development,Research Scientist,Critical Thinking,4.0
16,Research & Development,Research Scientist,Active Listening,4.0
16,Research & Development,Research Scientist,Mathematics,3.62
16,Research & Development,Research Scientist,MATLAB,3.5
16,Research & Development,Research Scientist,IBM SPSS Statistics,3.5
16,Research & Development,Research Scientist,SAS,3.5
16,Research & Development,Research Scientist,Python,3.5
18,Research & Development,Laboratory Technician,Microsoft Office,4.5
18,Research & Development,Laboratory Technician,Reading Comprehension,3.75
18,Research & Development,Laboratory Technician,Microsoft PowerPoint,3.5
18,Research & Development,Laboratory Technician,MEDITECH,3.5
18,Research & Development,Laboratory Technician,Google Docs,3.5
18,Research & Development,Laboratory Technician,Microsoft Outlook,3.5
18,Research & Development,Laboratory Technician,Speaking,3.12
18,Research & Development,Laboratory Technician,Monitoring,3.0
18,Research & Development,Laboratory Technician,Electronic Medical Record (EMR),3.0
18,Research & Development,Laboratory Technician,Science,3.0
18,Research & Development,Laboratory Technician,Active Learning,3.0
18,Research & Development,Laboratory Technician,Writing,3.0
19,Research & Development,Laboratory Technician,Microsoft Excel,4.5
19,Research & Development,Laboratory Technician,Microsoft Office,4.5
19,Research & Development,Laboratory Technician,Reading Comprehension,3.75
19,Research & Development,Laboratory Technician,Microsoft PowerPoint,3.5
19,Research & Development,Laboratory Technician,MEDITECH,3.5
19,Research & Development,Laboratory Technician,Google Docs,3.5
19,Research & Development,Laboratory Technician,Critical Thinking,3.25
19,Research & Development,Laboratory Technician,Speaking,3.12
19,Research & Development,Laboratory Technician,Monitoring,3.0
19,Research & Development,Laboratory Technician,Electronic Medical Record (EMR),3.0
19,Research & Development,Laboratory Technician,Email,3.0
19,Research & Development,Laboratory Technician,Active Learning,3.0
19,Research & Development,Laboratory Technician,Writing,3.0
20,Research & Development,Manufacturing Director,SAP,4.5
20,Research & Development,Manufacturing Director,Microsoft Office,4.5
20,Research & Development,Manufacturing Director,Microsoft Outlook,4.5
20,Research & Development,Manufacturing Director,Reading Comprehension,3.88
20,Research & Development,Manufacturing Director,Active Learning,3.62
20,Research & Development,Manufacturing Director,Adobe After Effects,3.5
20,Research & Development,Manufacturing Director,Adobe InDesign,3.5
20,Research & Development,Manufacturing Director,Adobe Photoshop,3.5
21,Research & Development,Research Scientist,Microsoft Excel,4.5
21,Research & Development,Research Scientist,R,4.5
21,Research & Development,Research Scientist,Writing,4.25
21,Research & Development,Research Scientist,Science,4.12
21,Research & Development,Research Scientist,Critical Thinking,4.0
21,Research & Development,Research Scientist,Reading Comprehension,4.0
21,Research & Development,Research Scientist,Active Listening,4.0
21,Research & Development,Research Scientist,MATLAB,3.5
21,Research & Development,Research Scientist,Microsoft Project,3.5
21,Research & Development,Research Scientist,SAS,3.5
21,Research & Development,Research Scientist,Python,3.5
22,Research & Development,Laboratory Technician,Microsoft Excel,4.5
22,Research & Development,Laboratory Technician,Active Listening,3.62
22,Research & Development,Laboratory Technician,SAP,3.5
22,Research & Development,Laboratory Technician,Microsoft PowerPoint,3.5
22,Research & Development,Laboratory Technician,Microsoft Word,3.5
22,Research & Development,Laboratory Technician,MEDITECH,3.5
22,Research & Development,Laboratory Technician,Google Docs,3.5
22,Research & Development,Laboratory Technician,Microsoft Outlook,3.5
22,Research & Development,Laboratory Technician,Critical Thinking,3.25
22,Research & Development,Laboratory Technician,Electronic Medical Record (EMR),3.0
22,Research & Development,Laboratory Technician,Science,3.0
22,Research & Development,Laboratory Technician,Email,3.0
22,Research & Development,Laboratory Technician,Active Learning,3.0
23,Sales,Manager,Microsoft Excel,4.5
23,Sales,Manager,Active Listening,4.0
23,Sales,Manager,Adobe Acrobat,3.5
23,Sales,Manager,Adobe Photoshop,3.5
23,Sales,Manager,Autodesk AutoCAD,3.5
24,Research & Development,Research Scientist,Microsoft Excel,4.5
24,Research & Development,Research Scientist,R,4.5
24,Research & Development,Research Scientist,Writing,4.25
24,Research & Development,Research Scientist,Reading Comprehension,4.0
24,Research & Development,Research Scientist,Active Listening,4.0
24,Research & Development,Research Scientist,Mathematics,3.62
24,Research & Development,Research Scientist,MATLAB,3.5
24,Research & Development,Research Scientist,Microsoft Project,3.5
24,Research & Development,Research Scientist,SAS,3.5
24,Research & Development,Research Scientist,Python,3.5
24,Research & Development,Research Scientist,Adobe Photoshop,3.5
26,Research & Development,Manufacturing Director,Microsoft PowerPoint,4.5
26,Research & Development,Manufacturing Director,Microsoft Excel,4.5
26,Research & Development,Manufacturing Director,Microsoft Outlook,4.5
26,Research & Development,Manufacturing Director,Monitoring,4.0
26,Research & Development,Manufacturing Director,Speaking,4.0
26,Research & Development,Manufacturing Director,Active Listening,3.88
26,Research & Development,Manufacturing Director,Active Learning,3.62
26,Research & Development,Manufacturing Director,Adobe After Effects,3.5
26,Research & Development,Manufacturing Director,Adobe InDesign,3.5
26,Research & Development,Manufacturing Director,Adobe Acrobat,3.5
26,Research & Development,Manufacturing Director,Adobe Photoshop,3.5
26,Research & Development,Manufacturing Director,Autodesk AutoCAD,3.5
26,Research & Development,Manufacturing Director,Writing,3.38
27,Sales,Sales Representative,Speaking,3.88
27,Sales,Sales Representative,IBM SPSS Statistics,3.5
27,Sales,Sales Representative,Microsoft PowerPoint,3.5
27,Sales,Sales Representative,Microsoft Word,3.5
27,Sales,Sales Representative,HubSpot,3.5
27,Sales,Sales Representative,Microsoft Outlook,3.5
27,Sales,Sales Representative,Microsoft Project,3.5
27,Sales,Sales Representative,Critical Thinking,3.38
27,Sales,Sales Representative,Active Learning,3.38
27,Sales,Sales Representative,Monitoring,3.12
27,Sales,Sales Representative,Mathematics,2.62
28,Research & Development,Research Director,Science,4.12
28,Research & Development,Research Director,Active Listening,4.0
28,Research & Development,Research Director,Speaking,3.88
28,Research & Development,Research Director,Writing,3.88
28,Research & Development,Research Director,Microsoft Project,3.5
28,Research & Development,Research Director,IBM SPSS Statistics,3.5
28,Research & Development,Research Director,Active Learning,3.5
28,Research & Development,Research Director,Microsoft Visio,3.5
28,Research & Development,Research Director,Adobe Acrobat,3.5
28,Research & Development,Research Director,Microsoft Access,3.5
30,Research & Development,Research Scientist,Microsoft Excel,4.5
30,Research & Development,Research Scientist,R,4.5
30,Research & Development,Research Scientist,Microsoft Office,4.5
30,Research & Development,Research Scientist,Science,4.12
30,Research & Development,Research Scientist,Critical Thinking,4.0
30,Research & Development,Research Scientist,Reading Comprehension,4.0
30,Research & Development,Research Scientist,Active Listening,4.0
30,Research & Development,Research Scientist,ESRI ArcGIS,3.5
30,Research & Development,Research Scientist,SAS,3.5
30,Research & Development,Research Scientist,Python,3.5
30,Research & Development,Research Scientist,Adobe Photoshop,3.5
31,Research & Development,Research Scientist,Microsoft Excel,4.5
31,Research & Development,Research Scientist,R,4.5
31,Research & Development,Research Scientist,Microsoft Office,4.5
31,Research & Development,Research Scientist,Writing,4.25
31,Research & Development,Research Scientist,Science,4.12
31,Research & Development,Research Scientist,Speaking,4.12
31,Research & Development,Research Scientist,Critical Thinking,4.0
31,Research & Development,Research Scientist,Mathematics,3.62
31,Research & Development,Research Scientist,IBM SPSS Statistics,3.5
31,Research & Development,Research Scientist,ESRI ArcGIS,3.5
31,Research & Development,Research Scientist,SAS,3.5
31,Research & Development,Research Scientist,Python,3.5
31,Research & Development,Research Scientist,Adobe Photoshop,3.5
31,Research & Development,Research Scientist,Microsoft Project,3.5
32,Research & Development,Manager,Microsoft PowerPoint,4.5
32,Research & Development,Manager,Active Learning,3.62
32,Research & Development,Manager,Apple macOS,3.5
32,Research & Development,Manager,Atlassian JIRA,3.5
32,Research & Development,Manager,Atlassian Confluence,3.5
32,Research & Development,Manager,Google Analytics,3.5
32,Research & Development,Manager,Adobe Acrobat,3.5
32,Research & Development,Manager,Autodesk AutoCAD,3.5
32,Research & Development,Manager,Learning Strategies,3.0
33,Research & Development,Research Scientist,Microsoft Excel,4.5
33,Research & Development,Research Scientist,Speaking,4.12
33,Research & Development,Research Scientist,Active Learning,4.12
33,Research & Development,Research Scientist,Critical Thinking,4.0
33,Research & Development,Research Scientist,Active Listening,4.0
33,Research & Development,Research Scientist,IBM SPSS Statistics,3.5
33,Research & Development,Research Scientist,SAS,3.5
35,Sales,Sales Executive,Microsoft Excel,4.5
35,Sales,Sales Executive,Microsoft Outlook,4.5
35,Sales,Sales Executive,Adobe Creative Cloud,3.5
35,Sales,Sales Executive,Adobe InDesign,3.5
35,Sales,Sales Executive,Critical Thinking,3.5
35,Sales,Sales Executive,Adobe Acrobat,3.5
35,Sales,Sales Executive,Monitoring,3.12
36,Research & Development,Healthcare Representative,Microsoft Outlook,4.5
36,Research & Development,Healthcare Representative,Google Workspace,3.5
36,Research & Development,Healthcare Representative,Linux,3.5
36,Research & Development,Healthcare Representative,Apache Hadoop,3.5
36,Research & Development,Healthcare Representative,Microsoft Access,3.5
36,Research & Development,Healthcare Representative,Monitoring,3.12
38,Sales,Manager,Monitoring,4.0
38,Sales,Manager,Critical Thinking,3.88
38,Sales,Manager,Apple macOS,3.5
38,Sales,Manager,Atlassian Confluence,3.5
38,Sales,Manager,Google Analytics,3.5
38,Sales,Manager,Writing,3.5
38,Sales,Manager,Adobe Photoshop,3.5
38,Sales,Manager,Learning Strategies,3.0
39,Research & Development,Laboratory Technician,Reading Comprehension,3.75
39,Research & Development,Laboratory Technician,Active Listening,3.62
39,Research & Development,Laboratory Technician,SAP,3.5
39,Research & Development,Laboratory Technician,MEDITECH,3.5
39,Research & Development,Laboratory Technician,Google Docs,3.5
39,Research & Development,Laboratory Technician,Microsoft Outlook,3.5
39,Research & Development,Laboratory Technician,Critical Thinking,3.25
39,Research & Development,Laboratory Technician,Speaking,3.12
39,Research & Development,Laboratory Technician,Monitoring,3.0
39,Research & Development,Laboratory Technician,Electronic Medical Record (EMR),3.0
39,Research & Development,Laboratory Technician,Science,3.0
39,Research & Development,Laboratory Technician,Email,3.0
39,Research & Development,Laboratory Technician,Active Learning,3.0
39,Research & Development,Laboratory Technician,Writing,3.0
40,Research & Development,Healthcare Representative,Salesforce,4.5
40,Research & Development,Healthcare Representative,Speaking,4.25
40,Research & Development,Healthcare Representative,Active Listening,4.12
40,Research & Development,Healthcare Representative,Reading Comprehension,3.75
40,Research & Development,Healthcare Representative,Active Learning,3.5
40,Research & Development,Healthcare Representative,Microsoft Access,3.5
40,Research & Development,Healthcare Representative,Amazon Web Services (AWS),3.5
40,Research & Development,Healthcare Representative,Mathematics,2.88
41,Research & Development,Laboratory Technician,Microsoft Excel,4.5
41,Research & Development,Laboratory Technician,Microsoft Office,4.5
41,Research & Development,Laboratory Technician,Reading Comprehension,3.75
41,Research & Development,Laboratory Technician,Microsoft Word,3.5
41,Research & Development,Laboratory Technician,MEDITECH,3.5
41,Research & Development,Laboratory Technician,Google Docs,3.5
41,Research & Development,Laboratory Technician,Microsoft Outlook,3.5
41,Research & Development,Laboratory Technician,Speaking,3.12
41,Research & Development,Laboratory Technician,Electronic Medical Record (EMR),3.0
41,Research & Development,Laboratory Technician,Science,3.0
41,Research & Development,Laboratory Technician,Writing,3.0
42,Sales,Sales Representative,Salesforce,4.5
42,Sales,Sales Representative,Active Listening,3.88
42,Sales,Sales Representative,Reading Comprehension,3.62
42,Sales,Sales Representative,IBM SPSS Statistics,3.5
42,Sales,Sales Representative,Microsoft Word,3.5
42,Sales,Sales Representative,Microsoft PowerPoint,3.5
42,Sales,Sales Representative,Active Learning,3.38
42,Sales,Sales Representative,Writing,3.38
42,Sales,Sales Representative,Mathematics,2.62
45,Research & Development,Research Scientist,Microsoft Excel,4.5
45,Research & Development,Research Scientist,Microsoft Office,4.5
45,Research & Development,Research Scientist,Writing,4.25
45,Research & Development,Research Scientist,Speaking,4.12
45,Research & Development,Research Scientist,Active Learning,4.12
45,Research & Development,Research Scientist,Reading Comprehension,4.0
45,Research & Development,Research Scientist,IBM SPSS Statistics,3.5
45,Research & Development,Research Scientist,ESRI ArcGIS,3.5
45,Research & Development,Research Scientist,Python,3.5
45,Research & Development,Research Scientist,Adobe Photoshop,3.5
45,Research & Development,Research Scientist,Microsoft Project,3.5
46,Research & Development,Research Scientist,Microsoft Excel,4.5
46,Research & Development,Research Scientist,R,4.5
46,Research & Development,Research Scientist,Science,4.12
46,Research & Development,Research Scientist,Speaking,4.12
46,Research & Development,Research Scientist,Active Learning,4.12
46,Research & Development,Research Scientist,Active Listening,4.0
46,Research & Development,Research Scientist,Mathematics,3.62
46,Research & Development,Research Scientist,MATLAB,3.5
46,Research & Development,Research Scientist,Microsoft Project,3.5
46,Research & Development,Research Scientist,Adobe Photoshop,3.5
47,Sales,Sales Representative,Microsoft Excel,4.5
47,Sales,Sales Representative,Microsoft Office,4.5
47,Sales,Sales Representative,Salesforce,4.5
47,Sales,Sales Representative,Reading Comprehension,3.62
47,Sales,Sales Representative,IBM SPSS Statistics,3.5
47,Sales,Sales Representative,Microsoft PowerPoint,3.5
47,Sales,Sales Representative,Apple macOS,3.5
47,Sales,Sales Representative,Microsoft Word,3.5
47,Sales,Sales Representative,HubSpot,3.5
47,Sales,Sales Representative,Microsoft Outlook,3.5
47,Sales,Sales Representative,Microsoft Project,3.5
47,Sales,Sales Representative,Active Learning,3.38
47,Sales,Sales Representative,Writing,3.38
47,Sales,Sales Representative,Monitoring,3.12
47,Sales,Sales Representative,Mathematics,2.62
49,Sales,Sales Representative,Salesforce,4.5
49,Sales,Sales Representative,Speaking,3.88
49,Sales,Sales Representative,Active Listening,3.88
49,Sales,Sales Representative,Reading Comprehension,3.62
49,Sales,Sales Representative,Microsoft Word,3.5
49,Sales,Sales Representative,Microsoft PowerPoint,3.5
49,Sales,Sales Representative,Critical Thinking,3.38
49,Sales,Sales Representative,Active Learning,3.38
51,Research & Development,Research Scientist,Microsoft Office,4.5
51,Research & Development,Research Scientist,Writing,4.25
51,Research & Development,Research Scientist,Science,4.12
51,Research & Development,Research Scientist,Speaking,4.12
51,Research & Development,Research Scientist,Active Learning,4.12
51,Research & Development,Research Scientist,Critical Thinking,4.0
51,Research & Development,Research Scientist,Mathematics,3.62
51,Research & Development,Research Scientist,MATLAB,3.5
51,Research & Development,Research Scientist,IBM SPSS Statistics,3.5
51,Research & Development,Research Scientist,ESRI ArcGIS,3.5
51,Research & Development,Research Scientist,SAS,3.5
51,Research & Development,Research Scientist,Python,3.5
51,Research & Development,Research Scientist,Adobe Photoshop,3.5
51,Research & Development,Research Scientist,Microsoft Project,3.5
52,Sales,Sales Executive,Microsoft PowerPoint,4.5
52,Sales,Sales Executive,Microsoft Office,4.5
52,Sales,Sales Executive,Salesforce,4.5
52,Sales,Sales Executive,Adobe Creative Cloud,3.5
52,Sales,Sales Executive,Adobe InDesign,3.5
52,Sales,Sales Executive,Adobe Illustrator,3.5
52,Sales,Sales Executive,Monitoring,3.12
52,Sales,Sales Executive,Active Learning,3.12
53,Research & Development,Laboratory Technician,Microsoft Excel,4.5
53,Research & Development,Laboratory Technician,Microsoft Office,4.5
53,Research & Development,Laboratory Technician,Reading Comprehension,3.75
53,Research & Development,Laboratory Technician,Active Listening,3.62
53,Research & Development,Laboratory Technician,SAP,3.5
53,Research & Development,Laboratory Technician,Microsoft PowerPoint,3.5
53,Research & Development,Laboratory Technician,Microsoft Word,3.5
53,Research & Development,Laboratory Technician,Google Docs,3.5
53,Research & Development,Laboratory Technician,Microsoft Outlook,3.5
53,Research & Development,Laboratory Technician,Critical Thinking,3.25
53,Research & Development,Laboratory Technician,Speaking,3.12
53,Research & Development,Laboratory Technician,Monitoring,3.0
53,Research & Development,Laboratory Technician,Electronic Medical Record (EMR),3.0
53,Research & Development,Laboratory Technician,Science,3.0
53,Research & Development,Laboratory Technician,Email,3.0
53,Research & Development,Laboratory Technician,Writing,3.0
54,Research & Development,Laboratory Technician,Microsoft Office,4.5
54,Research & Development,Laboratory Technician,Active Listening,3.62
54,Research & Development,Laboratory Technician,Google Docs,3.5
54,Research & Development,Laboratory Technician,Microsoft Outlook,3.5
54,Research & Development,Laboratory Technician,Electronic Medical Record (EMR),3.0
54,Research & Development,Laboratory Technician,Monitoring,3.0
54,Research & Development,Laboratory Technician,Active Learning,3.0
54,Research & Development,Laboratory Technician,Writing,3.0
55,Research & Development,Laboratory Technician,Active Listening,3.62
55,Research & Development,Laboratory Technician,SAP,3.5
55,Research & Development,Laboratory Technician,Microsoft Word,3.5
55,Research & Development,Laboratory Technician,MEDITECH,3.5
55,Research & Development,Laboratory Technician,Monitoring,3.0
55,Research & Development,Laboratory Technician,Electronic Medical Record (EMR),3.0
55,Research & Development,Laboratory Technician,Science,3.0
55,Research & Development,Laboratory Technician,Email,3.0
55,Research & Development,Laboratory Technician,Active Learning,3.0
55,Research & Development,Laboratory Technician,Writing,3.0
56,Sales,Sales Executive,Microsoft Excel,4.5
56,Sales,Sales Executive,Salesforce,4.5
56,Sales,Sales Executive,Speaking,4.0
56,Sales,Sales Executive,Adobe Creative Cloud,3.5
56,Sales,Sales Executive,Adobe InDesign,3.5
56,Sales,Sales Executive,Critical Thinking,3.5
56,Sales,Sales Executive,Adobe Illustrator,3.5
56,Sales,Sales Executive,Active Learning,3.12
57,Research & Development,Laboratory Technician,Google Docs,3.5
57,Research & Development,Laboratory Technician,Microsoft PowerPoint,3.5
57,Research & Development,Laboratory Technician,Active Learning,3.0
57,Research & Development,Laboratory Technician,Monitoring,3.0
58,Research & Development,Research Director,Microsoft Office,4.5
58,Research & Development,Research Director,Monitoring,4.0
58,Research & Development,Research Director,Writing,3.88
58,Research & Development,Research Director,Microsoft SharePoint,3.5
58,Research & Development,Research Director,Microsoft Visio,3.5
58,Research & Development,Research Director,Active Learning,3.5
58,Research & Development,Research Director,Microsoft Project,3.5
60,Sales,Sales Executive,Microsoft Office,4.5
60,Sales,Sales Executive,Salesforce,4.5
60,Sales,Sales Executive,Speaking,4.0
60,Sales,Sales Executive,Active Listening,4.0
60,Sales,Sales Executive,Adobe Creative Cloud,3.5
60,Sales,Sales Executive,Critical Thinking,3.5
60,Sales,Sales Executive,Adobe Acrobat,3.5
60,Sales,Sales Executive,Reading Comprehension,3.38
60,Sales,Sales Executive,Writing,3.25
60,Sales,Sales Executive,Monitoring,3.12
60,Sales,Sales Executive,Active Learning,3.12
60,Sales,Sales Executive,Mathematics,2.25
61,Research & Development,Research Scientist,R,4.5
61,Research & Development,Research Scientist,Writing,4.25
61,Research & Development,Research Scientist,Science,4.12
61,Research & Development,Research Scientist,Speaking,4.12
61,Research & Development,Research Scientist,Active Learning,4.12
61,Research & Development,Research Scientist,Reading Comprehension,4.0
61,Research & Development,Research Scientist,Mathematics,3.62
61,Research & Development,Research Scientist,MATLAB,3.5
61,Research & Development,Research Scientist,IBM SPSS Statistics,3.5
61,Research & Development,Research Scientist,ESRI ArcGIS,3.5
61,Research & Development,Research Scientist,SAS,3.5
61,Research & Development,Research Scientist,Python,3.5
61,Research & Development,Research Scientist,Adobe Photoshop,3.5
61,Research & Development,Research Scientist,Microsoft Project,3.5
62,Sales,Sales Executive,Speaking,4.0
62,Sales,Sales Executive,Active Listening,4.0
62,Sales,Sales Executive,Adobe Illustrator,3.5
62,Sales,Sales Executive,Reading Comprehension,3.38
62,Sales,Sales Executive,Writing,3.25
62,Sales,Sales Executive,Monitoring,3.12
62,Sales,Sales Executive,Mathematics,2.25
63,Research & Development,Laboratory Technician,Microsoft Excel,4.5
63,Research & Development,Laboratory Technician,Microsoft Office,4.5
63,Research & Development,Laboratory Technician,Reading Comprehension,3.75
63,Research & Development,Laboratory Technician,SAP,3.5
63,Research & Development,Laboratory Technician,Microsoft PowerPoint,3.5
63,Research & Development,Laboratory Technician,Microsoft Word,3.5
63,Research & Development,Laboratory Technician,MEDITECH,3.5
63,Research & Development,Laboratory Technician,Microsoft Outlook,3.5
63,Research & Development,Laboratory Technician,Critical Thinking,3.25
63,Research & Development,Laboratory Technician,Electronic Medical Record (EMR),3.0
63,Research & Development,Laboratory Technician,Science,3.0
63,Research & Development,Laboratory Technician,Email,3.0
63,Research & Development,Laboratory Technician,Active Learning,3.0
64,Research & Development,Laboratory Technician,Microsoft Excel,4.5
64,Research & Development,Laboratory Technician,Microsoft Office,4.5
64,Research & Development,Laboratory Technician,Active Listening,3.62
64,Research & Development,Laboratory Technician,SAP,3.5
64,Research & Development,Laboratory Technician,Microsoft PowerPoint,3.5
64,Research & Development,Laboratory Technician,Google Docs,3.5
64,Research & Development,Laboratory Technician,Microsoft Outlook,3.5
64,Research & Development,Laboratory Technician,Microsoft Word,3.5
64,Research & Development,Laboratory Technician,MEDITECH,3.5
64,Research & Development,Laboratory Technician,Critical Thinking,3.25
64,Research & Development,Laboratory Technician,Science,3.0
64,Research & Development,Laboratory Technician,Monitoring,3.0
64,Research & Development,Laboratory Technician,Electronic Medical Record (EMR),3.0
64,Research & Development,Laboratory Technician,Email,3.0
64,Research & Development,Laboratory Technician,Active Learning,3.0
64,Research & Development,Laboratory Technician,Writing,3.0
65,Research & Development,Laboratory Technician,Microsoft Excel,4.5
65,Research & Development,Laboratory Technician,Microsoft Office,4.5
65,Research & Development,Laboratory Technician,MEDITECH,3.5
65,Research & Development,Laboratory Technician,Microsoft Outlook,3.5
65,Research & Development,Laboratory Technician,Electronic Medical Record (EMR),3.0
65,Research & Development,Laboratory Technician,Science,3.0
65,Research & Development,Laboratory Technician,Email,3.0
65,Research & Development,Laboratory Technician,Writing,3.0
68,Sales,Sales Executive,Microsoft PowerPoint,4.5
68,Sales,Sales Executive,Salesforce,4.5
68,Sales,Sales Executive,Microsoft Outlook,4.5
68,Sales,Sales Executive,Adobe Creative Cloud,3.5
68,Sales,Sales Executive,Adobe InDesign,3.5
68,Sales,Sales Executive,Adobe Acrobat,3.5
68,Sales,Sales Executive,Adobe Illustrator,3.5
68,Sales,Sales Executive,Writing,3.25
68,Sales,Sales Executive,Mathematics,2.25
70,Research & Development,Healthcare Representative,Microsoft Excel,4.5
70,Research & Development,Healthcare Representative,Speaking,4.25
70,Research & Development,Healthcare Representative,Active Listening,4.12
70,Research & Development,Healthcare Representative,Reading Comprehension,3.75
70,Research & Development,Healthcare Representative,Amazon Web Services (AWS),3.5
70,Research & Development,Healthcare Representative,Google Workspace,3.5
70,Research & Development,Healthcare Representative,Linux,3.5
70,Research & Development,Healthcare Representative,Microsoft Azure,3.5
70,Research & Development,Healthcare Representative,Apache Hadoop,3.5
70,Research & Development,Healthcare Representative,Active Learning,3.5
70,Research & Development,Healthcare Representative,Microsoft Access,3.5
70,Research & Development,Healthcare Representative,Critical Thinking,3.38
70,Research & Development,Healthcare Representative,Monitoring,3.12
70,Research & Development,Healthcare Representative,Mathematics,2.88
72,Sales,Sales Executive,Microsoft Excel,4.5
72,Sales,Sales Executive,Speaking,4.0
72,Sales,Sales Executive,Active Listening,4.0
72,Sales,Sales Executive,Adobe Photoshop,3.5
72,Sales,Sales Executive,Reading Comprehension,3.38
72,Sales,Sales Executive,Writing,3.25
72,Sales,Sales Executive,Monitoring,3.12
72,Sales,Sales Executive,Active Learning,3.12
73,Research & Development,Research Director,Critical Thinking,4.0
73,Research & Development,Research Director,Reading Comprehension,4.0
73,Research & Development,Research Director,Speaking,3.88
73,Research & Development,Research Director,Microsoft SharePoint,3.5
73,Research & Development,Research Director,ESRI ArcGIS,3.5
73,Research & Development,Research Director,Microsoft Visio,3.5
73,Research & Development,Research Director,Active Learning,3.5
73,Research & Development,Research Director,Microsoft Access,3.5
73,Research & Development,Research Director,Microsoft Project,3.5
74,Sales,Sales Executive,Microsoft PowerPoint,4.5
74,Sales,Sales Executive,Salesforce,4.5
74,Sales,Sales Executive,Speaking,4.0
74,Sales,Sales Executive,Active Listening,4.0
74,Sales,Sales Executive,Critical Thinking,3.5
74,Sales,Sales Executive,Adobe Illustrator,3.5
74,Sales,Sales Executive,Adobe Photoshop,3.5
74,Sales,Sales Executive,Reading Comprehension,3.38
74,Sales,Sales Executive,Mathematics,2.25
75,Research & Development,Laboratory Technician,Microsoft Excel,4.5
75,Research & Development,Laboratory Technician,Microsoft PowerPoint,3.5
75,Research & Development,Laboratory Technician,MEDITECH,3.5
75,Research & Development,Laboratory Technician,Speaking,3.12
75,Research & Development,Laboratory Technician,Monitoring,3.0
75,Research & Development,Laboratory Technician,Electronic Medical Record (EMR),3.0
75,Research & Development,Laboratory Technician,Active Learning,3.0
75,Research & Development,Laboratory Technician,Writing,3.0
76,Research & Development,Laboratory Technician,Microsoft Office,4.5
76,Research & Development,Laboratory Technician,Active Listening,3.62
76,Research & Development,Laboratory Technician,SAP,3.5
76,Research & Development,Laboratory Technician,Google Docs,3.5
76,Research & Development,Laboratory Technician,Critical Thinking,3.25
76,Research & Development,Laboratory Technician,Monitoring,3.0
76,Research & Development,Laboratory Technician,Science,3.0
77,Research & Development,Manufacturing Director,Microsoft PowerPoint,4.5
77,Research & Development,Manufacturing Director,Microsoft Office,4.5
77,Research & Development,Manufacturing Director,Monitoring,4.0
77,Research & Development,Manufacturing Director,Critical Thinking,4.0
77,Research & Development,Manufacturing Director,Reading Comprehension,3.88
77,Research & Development,Manufacturing Director,Active Listening,3.88
77,Research & Development,Manufacturing Director,Learning Strategies,3.75
77,Research & Development,Manufacturing Director,Active Learning,3.62
77,Research & Development,Manufacturing Director,Adobe After Effects,3.5
77,Research & Development,Manufacturing Director,Adobe InDesign,3.5
77,Research & Development,Manufacturing Director,Adobe Acrobat,3.5
77,Research & Development,Manufacturing Director,Adobe Photoshop,3.5
77,Research & Development,Manufacturing Director,Autodesk AutoCAD,3.5
77,Research & Development,Manufacturing Director,Writing,3.38
78,Research & Development,Manufacturing Director,SAP,4.5
78,Research & Development,Manufacturing Director,Microsoft PowerPoint,4.5
78,Research & Development,Manufacturing Director,Microsoft Excel,4.5
78,Research & Development,Manufacturing Director,Microsoft Office,4.5
78,Research & Development,Manufacturing Director,Microsoft Outlook,4.5
78,Research & Development,Manufacturing Director,Monitoring,4.0
78,Research & Development,Manufacturing Director,Active Listening,3.88
78,Research & Development,Manufacturing Director,Learning Strategies,3.75
78,Research & Development,Manufacturing Director,Adobe InDesign,3.5
78,Research & Development,Manufacturing Director,Adobe Acrobat,3.5
78,Research & Development,Manufacturing Director,Adobe Photoshop,3.5
78,Research & Development,Manufacturing Director,Autodesk AutoCAD,3.5
78,Research & Development,Manufacturing Director,Writing,3.38
79,Research & Development,Laboratory Technician,Microsoft Office,4.5
79,Research & Development,Laboratory Technician,Active Listening,3.62
79,Research & Development,Laboratory Technician,Microsoft PowerPoint,3.5
79,Research & Development,Laboratory Technician,Microsoft Word,3.5
79,Research & Development,Laboratory Technician,MEDITECH,3.5
79,Research & Development,Laboratory Technician,Critical Thinking,3.25
79,Research & Development,Laboratory Technician,Monitoring,3.0
79,Research & Development,Laboratory Technician,Science,3.0
79,Research & Development,Laboratory Technician,Email,3.0
79,Research & Development,Laboratory Technician,Writing,3.0
80,Research & Development,Research Director,Microsoft Office,4.5
80,Research & Development,Research Director,Science,4.12
80,Research & Development,Research Director,Monitoring,4.0
80,Research & Development,Research Director,Critical Thinking,4.0
80,Research & Development,Research Director,Reading Comprehension,4.0
80,Research & Development,Research Director,Writing,3.88
80,Research & Development,Research Director,Microsoft SharePoint,3.5
80,Research & Development,Research Director,Microsoft Visio,3.5
80,Research & Development,Research Director,Active Learning,3.5
80,Research & Development,Research Director,Microsoft Access,3.5
81,Sales,Sales Executive,Microsoft Excel,4.5
81,Sales,Sales Executive,Speaking,4.0
81,Sales,Sales Executive,Active Listening,4.0
81,Sales,Sales Executive,Adobe InDesign,3.5
81,Sales,Sales Executive,Adobe Acrobat,3.5
81,Sales,Sales Executive,Adobe Photoshop,3.5
81,Sales,Sales Executive,Mathematics,2.25
83,Research & Development,Healthcare Representative,Microsoft Office,4.5
83,Research & Development,Healthcare Representative,Microsoft Outlook,4.5
83,Research & Development,Healthcare Representative,Speaking,4.25
83,Research & Development,Healthcare Representative,Google Workspace,3.5
83,Research & Development,Healthcare Representative,Linux,3.5
83,Research & Development,Healthcare Representative,Microsoft Azure,3.5
83,Research & Development,Healthcare Representative,Apache Hadoop,3.5
83,Research & Development,Healthcare Representative,Microsoft Access,3.5
83,Research & Development,Healthcare Representative,Critical Thinking,3.38
83,Research & Development,Healthcare Representative,Monitoring,3.12
83,Research & Development,Healthcare Representative,Mathematics,2.88
84,Research & Development,Manager,Reading Comprehension,4.0
84,Research & Development,Manager,Active Listening,4.0
84,Research & Development,Manager,Active Learning,3.62
84,Research & Development,Manager,Apple macOS,3.5
84,Research & Development,Manager,Atlassian JIRA,3.5
84,Research & Development,Manager,Atlassian Confluence,3.5
84,Research & Development,Manager,Writing,3.5
85,Research & Development,Manufacturing Director,SAP,4.5
85,Research & Development,Manufacturing Director,Microsoft PowerPoint,4.5
85,Research & Development,Manufacturing Director,Microsoft Excel,4.5
85,Research & Development,Manufacturing Director,Microsoft Outlook,4.5
85,Research & Development,Manufacturing Director,Monitoring,4.0
85,Research & Development,Manufacturing Director,Speaking,4.0
85,Research & Development,Manufacturing Director,Reading Comprehension,3.88
85,Research & Development,Manufacturing Director,Learning Strategies,3.75
85,Research & Development,Manufacturing Director,Active Learning,3.62
85,Research & Development,Manufacturing Director,Adobe After Effects,3.5
85,Research & Development,Manufacturing Director,Adobe InDesign,3.5
85,Research & Development,Manufacturing Director,Adobe Acrobat,3.5
85,Research & Development,Manufacturing Director,Autodesk AutoCAD,3.5
85,Research & Development,Manufacturing Director,Writing,3.38
86,Research & Development,Research Scientist,Speaking,4.12
86,Research & Development,Research Scientist,MATLAB,3.5
86,Research & Development,Research Scientist,IBM SPSS Statistics,3.5
86,Research & Development,Research Scientist,SAS,3.5
86,Research & Development,Research Scientist,Adobe Photoshop,3.5
88,Research & Development,Research Scientist,Microsoft Excel,4.5
88,Research & Development,Research Scientist,R,4.5
88,Research & Development,Research Scientist,Microsoft Office,4.5
88,Research & Development,Research Scientist,Science,4.12
88,Research & Development,Research Scientist,Speaking,4.12
88,Research & Development,Research Scientist,Active Learning,4.12
88,Research & Development,Research Scientist,Mathematics,3.62
88,Research & Development,Research Scientist,MATLAB,3.5
88,Research & Development,Research Scientist,IBM SPSS Statistics,3.5
88,Research & Development,Research Scientist,SAS,3.5
88,Research & Development,Research Scientist,Python,3.5
88,Research & Development,Research Scientist,Adobe Photoshop,3.5
88,Research & Development,Research Scientist,Microsoft Project,3.5
90,Research & Development,Research Scientist,Microsoft Excel,4.5
90,Research & Development,Research Scientist,R,4.5
90,Research & Development,Research Scientist,Microsoft Office,4.5
90,Research & Development,Research Scientist,Science,4.12
90,Research & Development,Research Scientist,Active Learning,4.12
90,Research & Development,Research Scientist,Critical Thinking,4.0
90,Research & Development,Research Scientist,Reading Comprehension,4.0
90,Research & Development,Research Scientist,Active Listening,4.0
90,Research & Development,Research Scientist,Mathematics,3.62
90,Research & Development,Research Scientist,IBM SPSS Statistics,3.5
90,Research & Development,Research Scientist,SAS,3.5
90,Research & Development,Research Scientist,Python,3.5
91,Sales,Sales Executive,Microsoft PowerPoint,4.5
91,Sales,Sales Executive,Microsoft Office,4.5
91,Sales,Sales Executive,Microsoft Outlook,4.5
91,Sales,Sales Executive,Speaking,4.0
91,Sales,Sales Executive,Adobe Creative Cloud,3.5
91,Sales,Sales Executive,Adobe InDesign,3.5
91,Sales,Sales Executive,Critical Thinking,3.5
91,Sales,Sales Executive,Adobe Acrobat,3.5
91,Sales,Sales Executive,Adobe Photoshop,3.5
91,Sales,Sales Executive,Adobe Illustrator,3.5
91,Sales,Sales Executive,Reading Comprehension,3.38
91,Sales,Sales Executive,Monitoring,3.12
94,Research & Development,Research Scientist,Microsoft Excel,4.5
94,Research & Development,Research Scientist,R,4.5
94,Research & Development,Research Scientist,Microsoft Office,4.5
94,Research & Development,Research Scientist,Active Learning,4.12
94,Research & Development,Research Scientist,Critical Thinking,4.0
94,Research & Development,Research Scientist,Reading Comprehension,4.0
94,Research & Development,Research Scientist,Active Listening,4.0
94,Research & Development,Research Scientist,IBM SPSS Statistics,3.5
94,Research & Development,Research Scientist,ESRI ArcGIS,3.5
94,Research & Development,Research Scientist,SAS,3.5
94,Research & Development,Research Scientist,Adobe Photoshop,3.5
95,Research & Development,Research Scientist,Writing,4.25
95,Research & Development,Research Scientist,Science,4.12
95,Research & Development,Research Scientist,Critical Thinking,4.0
95,Research & Development,Research Scientist,Active Listening,4.0
95,Research & Development,Research Scientist,MATLAB,3.5
95,Research & Development,Research Scientist,IBM SPSS Statistics,3.5
95,Research & Development,Research Scientist,ESRI ArcGIS,3.5
95,Research & Development,Research Scientist,Python,3.5
95,Research & Development,Research Scientist,Adobe Photoshop,3.5
96,Research & Development,Research Scientist,Writing,4.25
96,Research & Development,Research Scientist,Speaking,4.12
96,Research & Development,Research Scientist,Critical Thinking,4.0
96,Research & Development,Research Scientist,Reading Comprehension,4.0
96,Research & Development,Research Scientist,Active Listening,4.0
96,Research & Development,Research Scientist,Microsoft Project,3.5
96,Research & Development,Research Scientist,ESRI ArcGIS,3.5
96,Research & Development,Research Scientist,Python,3.5
96,Research & Development,Research Scientist,Adobe Photoshop,3.5
97,Research & Development,Laboratory Technician,Microsoft Office,4.5
97,Research & Development,Laboratory Technician,Reading Comprehension,3.75
97,Research & Development,Laboratory Technician,SAP,3.5
97,Research & Development,Laboratory Technician,Microsoft Word,3.5
97,Research & Development,Laboratory Technician,Google Docs,3.5
97,Research & Development,Laboratory Technician,Speaking,3.12
97,Research & Development,Laboratory Technician,Electronic Medical Record (EMR),3.0
97,Research & Development,Laboratory Technician,Monitoring,3.0
97,Research & Development,Laboratory Technician,Science,3.0
97,Research & Development,Laboratory Technician,Email,3.0
97,Research & Development,Laboratory Technician,Active Learning,3.0
98,Research & Development,Manufacturing Director,SAP,4.5
98,Research & Development,Manufacturing Director,Microsoft PowerPoint,4.5
98,Research & Development,Manufacturing Director,Microsoft Excel,4.5
98,Research & Development,Manufacturing Director,Microsoft Office,4.5
98,Research & Development,Manufacturing Director,Microsoft Outlook,4.5
98,Research & Development,Manufacturing Director,Critical Thinking,4.0
98,Research & Development,Manufacturing Director,Learning Strategies,3.75
100,Sales,Sales Executive,Microsoft Office,4.5
100,Sales,Sales Executive,Salesforce,4.5
100,Sales,Sales Executive,Microsoft Outlook,4.5
100,Sales,Sales Executive,Active Listening,4.0
100,Sales,Sales Executive,Adobe Creative Cloud,3.5
100,Sales,Sales Executive,Adobe InDesign,3.5
100,Sales,Sales Executive,Critical Thinking,3.5
100,Sales,Sales Executive,Adobe Acrobat,3.5
100,Sales,Sales Executive,Adobe Photoshop,3.5
100,Sales,Sales Executive,Reading Comprehension,3.38
100,Sales,Sales Executive,Writing,3.25
100,Sales,Sales Executive,Active Learning,3.12
100,Sales,Sales Executive,Mathematics,2.25
101,Research & Development,Research Director,Microsoft Office,4.5
101,Research & Development,Research Director,Monitoring,4.0
101,Research & Development,Research Director,Reading Comprehension,4.0
101,Research & Development,Research Director,Microsoft SharePoint,3.5
101,Research & Development,Research Director,Active Learning,3.5
101,Research & Development,Research Director,Microsoft Access,3.5
101,Research & Development,Research Director,Microsoft Project,3.5
102,Research & Development,Research Director,Science,4.12
102,Research & Development,Research Director,Monitoring,4.0
102,Research & Development,Research Director,Critical Thinking,4.0
102,Research & Development,Research Director,Reading Comprehension,4.0
102,Research & Development,Research Director,Speaking,3.88
102,Research & Development,Research Director,Writing,3.88
102,Research & Development,Research Director,Microsoft Visio,3.5
102,Research & Development,Research Director,Active Learning,3.5
103,Human Resources,Human Resources,Microsoft Office,4.5
103,Human Resources,Human Resources,Microsoft Outlook,4.5
103,Human Resources,Human Resources,Speaking,4.12
103,Human Resources,Human Resources,Applicant Tracking System (ATS),4.0
103,Human Resources,Human Resources,Critical Thinking,3.88
103,Human Resources,Human Resources,Writing,3.88
103,Human Resources,Human Resources,Cisco Webex,3.5
103,Human Resources,Human Resources,Active Learning,3.25
103,Human Resources,Human Resources,Monitoring,3.0
104,Research & Development,Laboratory Technician,Microsoft Excel,4.5
104,Research & Development,Laboratory Technician,Microsoft Office,4.5
104,Research & Development,Laboratory Technician,Reading Comprehension,3.75
104,Research & Development,Laboratory Technician,Active Listening,3.62
104,Research & Development,Laboratory Technician,Microsoft Word,3.5
104,Research & Development,Laboratory Technician,MEDITECH,3.5
104,Research & Development,Laboratory Technician,Google Docs,3.5
104,Research & Development,Laboratory Technician,Microsoft Outlook,3.5
104,Research & Development,Laboratory Technician,Critical Thinking,3.25
104,Research & Development,Laboratory Technician,Speaking,3.12
104,Research & Development,Laboratory Technician,Monitoring,3.0
104,Research & Development,Laboratory Technician,Electronic Medical Record (EMR),3.0
104,Research & Development,Laboratory Technician,Science,3.0
104,Research & Development,Laboratory Technician,Email,3.0
104,Research & Development,Laboratory Technician,Active Learning,3.0
105,Research & Development,Research Scientist,R,4.5
105,Research & Development,Research Scientist,Microsoft Office,4.5
105,Research & Development,Research Scientist,Writing,4.25
105,Research & Development,Research Scientist,Critical Thinking,4.0
105,Research & Development,Research Scientist,Active Listening,4.0
105,Research & Development,Research Scientist,Mathematics,3.62
105,Research & Development,Research Scientist,SAS,3.5
105,Research & Development,Research Scientist,Adobe Photoshop,3.5
106,Sales,Sales Executive,Microsoft Office,4.5
106,Sales,Sales Executive,Speaking,4.0
106,Sales,Sales Executive,Adobe InDesign,3.5
106,Sales,Sales Executive,Adobe Illustrator,3.5
106,Sales,Sales Executive,Adobe Photoshop,3.5
106,Sales,Sales Executive,Active Learning,3.12
107,Research & Development,Research Scientist,R,4.5
107,Research & Development,Research Scientist,Microsoft Office,4.5
107,Research & Development,Research Scientist,Speaking,4.12
107,Research & Development,Research Scientist,Critical Thinking,4.0
107,Research & Development,Research Scientist,Reading Comprehension,4.0
107,Research & Development,Research Scientist,Mathematics,3.62
107,Research & Development,Research Scientist,IBM SPSS Statistics,3.5
107,Research & Development,Research Scientist,ESRI ArcGIS,3.5
107,Research & Development,Research Scientist,SAS,3.5
107,Research & Development,Research Scientist,Python,3.5
107,Research & Development,Research Scientist,Microsoft Project,3.5
110,Research & Development,Manufacturing Director,SAP,4.5
110,Research & Development,Manufacturing Director,Microsoft Office,4.5
110,Research & Development,Manufacturing Director,Monitoring,4.0
110,Research & Development,Manufacturing Director,Speaking,4.0
110,Research & Development,Manufacturing Director,Learning Strategies,3.75
110,Research & Development,Manufacturing Director,Active Learning,3.62
110,Research & Development,Manufacturing Director,Autodesk AutoCAD,3.5
110,Research & Development,Manufacturing Director,Writing,3.38
112,Research & Development,Manufacturing Director,SAP,4.5
112,Research & Development,Manufacturing Director,Microsoft PowerPoint,4.5
112,Research & Development,Manufacturing Director,Microsoft Outlook,4.5
112,Research & Development,Manufacturing Director,Critical Thinking,4.0
112,Research & Development,Manufacturing Director,Reading Comprehension,3.88
112,Research & Development,Manufacturing Director,Active Listening,3.88
112,Research & Development,Manufacturing Director,Adobe After Effects,3.5
112,Research & Development,Manufacturing Director,Adobe InDesign,3.5
112,Research & Development,Manufacturing Director,Adobe Acrobat,3.5
112,Research & Development,Manufacturing Director,Autodesk AutoCAD,3.5
112,Research & Development,Manufacturing Director,Writing,3.38
113,Sales,Sales Representative,Microsoft Office,4.5
113,Sales,Sales Representative,Salesforce,4.5
113,Sales,Sales Representative,Reading Comprehension,3.62
113,Sales,Sales Representative,IBM SPSS Statistics,3.5
113,Sales,Sales Representative,Microsoft PowerPoint,3.5
113,Sales,Sales Representative,Apple macOS,3.5
113,Sales,Sales Representative,Microsoft Word,3.5
113,Sales,Sales Representative,Microsoft Outlook,3.5
113,Sales,Sales Representative,Microsoft Project,3.5
113,Sales,Sales Representative,Critical Thinking,3.38
113,Sales,Sales Representative,Active Learning,3.38
113,Sales,Sales Representative,Writing,3.38
113,Sales,Sales Representative,Monitoring,3.12
113,Sales,Sales Representative,Mathematics,2.62
116,Research & Development,Laboratory Technician,Microsoft Office,4.5
116,Research & Development,Laboratory Technician,SAP,3.5
116,Research & Development,Laboratory Technician,Microsoft PowerPoint,3.5
116,Research & Development,Laboratory Technician,Microsoft Word,3.5
116,Research & Development,Laboratory Technician,MEDITECH,3.5
116,Research & Development,Laboratory Technician,Google Docs,3.5
116,Research & Development,Laboratory Technician,Microsoft Outlook,3.5
116,Research & Development,Laboratory Technician,Critical Thinking,3.25
116,Research & Development,Laboratory Technician,Speaking,3.12
116,Research & Development,Laboratory Technician,Electronic Medical Record (EMR),3.0
116,Research & Development,Laboratory Technician,Science,3.0
116,Research & Development,Laboratory Technician,Email,3.0
116,Research & Development,Laboratory Technician,Writing,3.0
117,Research & Development,Healthcare Representative,Microsoft Excel,4.5
117,Research & Development,Healthcare Representative,Speaking,4.25
117,Research & Development,Healthcare Representative,Active Listening,4.12
117,Research & Development,Healthcare Representative,Reading Comprehension,3.75
117,Research & Development,Healthcare Representative,Google Workspace,3.5
117,Research & Development,Healthcare Representative,Microsoft Azure,3.5
117,Research & Development,Healthcare Representative,Apache Hadoop,3.5
117,Research & Development,Healthcare Representative,Microsoft Access,3.5
118,Sales,Sales Executive,Microsoft Excel,4.5
118,Sales,Sales Executive,Salesforce,4.5
118,Sales,Sales Executive,Microsoft Outlook,4.5
118,Sales,Sales Executive,Active Listening,4.0
118,Sales,Sales Executive,Speaking,4.0
118,Sales,Sales Executive,Critical Thinking,3.5
118,Sales,Sales Executive,Adobe Acrobat,3.5
118,Sales,Sales Executive,Adobe Photoshop,3.5
118,Sales,Sales Executive,Adobe Illustrator,3.5
118,Sales,Sales Executive,Writing,3.25
118,Sales,Sales Executive,Monitoring,3.12
118,Sales,Sales Executive,Active Learning,3.12
119,Research & Development,Healthcare Representative,Microsoft Excel,4.5
119,Research & Development,Healthcare Representative,Microsoft Office,4.5
119,Research & Development,Healthcare Representative,Salesforce,4.5
119,Research & Development,Healthcare Representative,Speaking,4.25
119,Research & Development,Healthcare Representative,Active Listening,4.12
119,Research & Development,Healthcare Representative,Reading Comprehension,3.75
119,Research & Development,Healthcare Representative,Amazon Web Services (AWS),3.5
119,Research & Development,Healthcare Representative,Google Workspace,3.5
119,Research & Development,Healthcare Representative,Linux,3.5
119,Research & Development,Healthcare Representative,Microsoft Azure,3.5
119,Research & Development,Healthcare Representative,Apache Hadoop,3.5
119,Research & Development,Healthcare Representative,Active Learning,3.5
119,Research & Development,Healthcare Representative,Microsoft Access,3.5
119,Research & Development,Healthcare Representative,Writing,3.38
120,Sales,Sales Executive,Microsoft Excel,4.5
120,Sales,Sales Executive,Microsoft Office,4.5
120,Sales,Sales Executive,Salesforce,4.5
120,Sales,Sales Executive,Speaking,4.0
120,Sales,Sales Executive,Adobe InDesign,3.5
120,Sales,Sales Executive,Adobe Illustrator,3.5
120,Sales,Sales Executive,Adobe Photoshop,3.5
120,Sales,Sales Executive,Monitoring,3.12
120,Sales,Sales Executive,Active Learning,3.12
120,Sales,Sales Executive,Mathematics,2.25
121,Sales,Sales Executive,Microsoft Outlook,4.5
121,Sales,Sales Executive,Speaking,4.0
121,Sales,Sales Executive,Adobe Acrobat,3.5
121,Sales,Sales Executive,Adobe Photoshop,3.5
121,Sales,Sales Executive,Adobe Illustrator,3.5
121,Sales,Sales Executive,Reading Comprehension,3.38
121,Sales,Sales Executive,Monitoring,3.12
121,Sales,Sales Executive,Active Learning,3.12
121,Sales,Sales Executive,Mathematics,2.25
124,Research & Development,Healthcare Representative,Salesforce,4.5
124,Research & Development,Healthcare Representative,Microsoft Outlook,4.5
124,Research & Development,Healthcare Representative,Active Listening,4.12
124,Research & Development,Healthcare Representative,Reading Comprehension,3.75
124,Research & Development,Healthcare Representative,Google Workspace,3.5
124,Research & Development,Healthcare Representative,Microsoft Azure,3.5
124,Research & Development,Healthcare Representative,Apache Hadoop,3.5
124,Research & Development,Healthcare Representative,Microsoft Access,3.5
124,Research & Development,Healthcare Representative,Writing,3.38
124,Research & Development,Healthcare Representative,Monitoring,3.12
124,Research & Development,Healthcare Representative,Mathematics,2.88
125,Sales,Sales Executive,Microsoft Excel,4.5
125,Sales,Sales Executive,Salesforce,4.5
125,Sales,Sales Executive,Microsoft Outlook,4.5
125,Sales,Sales Executive,Active Listening,4.0
125,Sales,Sales Executive,Adobe Creative Cloud,3.5
125,Sales,Sales Executive,Adobe InDesign,3.5
125,Sales,Sales Executive,Adobe Acrobat,3.5
125,Sales,Sales Executive,Adobe Photoshop,3.5
125,Sales,Sales Executive,Reading Comprehension,3.38
125,Sales,Sales Executive,Writing,3.25
125,Sales,Sales Executive,Monitoring,3.12
125,Sales,Sales Executive,Active Learning,3.12
125,Sales,Sales Executive,Mathematics,2.25
126,Research & Development,Research Director,Microsoft Excel,4.5
126,Research & Development,Research Director,Critical Thinking,4.0
126,Research & Development,Research Director,Speaking,3.88
126,Research & Development,Research Director,Writing,3.88
126,Research & Development,Research Director,IBM SPSS Statistics,3.5
126,Research & Development,Research Director,Microsoft SharePoint,3.5
126,Research & Development,Research Director,Microsoft Visio,3.5
126,Research & Development,Research Director,Microsoft Access,3.5
126,Research & Development,Research Director,Microsoft Project,3.5
128,Sales,Sales Executive,Microsoft PowerPoint,4.5
128,Sales,Sales Executive,Microsoft Office,4.5
128,Sales,Sales Executive,Salesforce,4.5
128,Sales,Sales Executive,Speaking,4.0
128,Sales,Sales Executive,Active Listening,4.0
128,Sales,Sales Executive,Adobe Creative Cloud,3.5
128,Sales,Sales Executive,Adobe InDesign,3.5
128,Sales,Sales Executive,Critical Thinking,3.5
128,Sales,Sales Executive,Adobe Acrobat,3.5
128,Sales,Sales Executive,Adobe Illustrator,3.5
128,Sales,Sales Executive,Adobe Photoshop,3.5
128,Sales,Sales Executive,Reading Comprehension,3.38
128,Sales,Sales Executive,Writing,3.25
128,Sales,Sales Executive,Monitoring,3.12
128,Sales,Sales Executive,Mathematics,2.25
129,Sales,Sales Executive,Microsoft PowerPoint,4.5
129,Sales,Sales Executive,Active Listening,4.0
129,Sales,Sales Executive,Adobe Creative Cloud,3.5
129,Sales,Sales Executive,Adobe InDesign,3.5
129,Sales,Sales Executive,Critical Thinking,3.5
129,Sales,Sales Executive,Adobe Illustrator,3.5
129,Sales,Sales Executive,Adobe Photoshop,3.5
129,Sales,Sales Executive,Reading Comprehension,3.38
129,Sales,Sales Executive,Writing,3.25
129,Sales,Sales Executive,Monitoring,3.12
129,Sales,Sales Executive,Active Learning,3.12
131,Sales,Sales Executive,Microsoft PowerPoint,4.5
131,Sales,Sales Executive,Microsoft Excel,4.5
131,Sales,Sales Executive,Adobe InDesign,3.5
131,Sales,Sales Executive,Critical Thinking,3.5
131,Sales,Sales Executive,Adobe Acrobat,3.5
131,Sales,Sales Executive,Adobe Illustrator,3.5
131,Sales,Sales Executive,Mathematics,2.25
132,Research & Development,Laboratory Technician,Microsoft Office,4.5
132,Research & Development,Laboratory Technician,Reading Comprehension,3.75
132,Research & Development,Laboratory Technician,Active Listening,3.62
132,Research & Development,Laboratory Technician,MEDITECH,3.5
132,Research & Development,Laboratory Technician,Microsoft Outlook,3.5
132,Research & Development,Laboratory Technician,Critical Thinking,3.25
132,Research & Development,Laboratory Technician,Electronic Medical Record (EMR),3.0
132,Research & Development,Laboratory Technician,Science,3.0
132,Research & Development,Laboratory Technician,Active Learning,3.0
133,Human Resources,Human Resources,Microsoft PowerPoint,4.5
133,Human Resources,Human Resources,Workday,4.5
133,Human Resources,Human Resources,Microsoft Outlook,4.5
133,Human Resources,Human Resources,Speaking,4.12
133,Human Resources,Human Resources,Oracle HRIS,4.0
133,Human Resources,Human Resources,Active Listening,4.0
133,Human Resources,Human Resources,Adobe Photoshop,3.5
133,Human Resources,Human Resources,Learning Strategies,3.0
134,Research & Development,Research Scientist,Microsoft Excel,4.5
134,Research & Development,Research Scientist,R,4.5
134,Research & Development,Research Scientist,Writing,4.25
134,Research & Development,Research Scientist,Science,4.12
134,Research & Development,Research Scientist,Speaking,4.12
134,Research & Development,Research Scientist,Active Learning,4.12
134,Research & Development,Research Scientist,Critical Thinking,4.0
134,Research & Development,Research Scientist,Active Listening,4.0
134,Research & Development,Research Scientist,MATLAB,3.5
134,Research & Development,Research Scientist,IBM SPSS Statistics,3.5
134,Research & Development,Research Scientist,ESRI ArcGIS,3.5
134,Research & Development,Research Scientist,SAS,3.5
137,Research & Development,Laboratory Technician,Microsoft Excel,4.5
137,Research & Development,Laboratory Technician,Microsoft Office,4.5
137,Research & Development,Laboratory Technician,Reading Comprehension,3.75
137,Research & Development,Laboratory Technician,Active Listening,3.62
137,Research & Development,Laboratory Technician,SAP,3.5
137,Research & Development,Laboratory Technician,Microsoft PowerPoint,3.5
137,Research & Development,Laboratory Technician,Microsoft Word,3.5
137,Research & Development,Laboratory Technician,Google Docs,3.5
137,Research & Development,Laboratory Technician,Microsoft Outlook,3.5
137,Research & Development,Laboratory Technician,Critical Thinking,3.25
137,Research & Development,Laboratory Technician,Monitoring,3.0
137,Research & Development,Laboratory Technician,Science,3.0
137,Research & Development,Laboratory Technician,Email,3.0
138,Research & Development,Research Scientist,R,4.5
138,Research & Development,Research Scientist,Critical Thinking,4.0
138,Research & Development,Research Scientist,Mathematics,3.62
138,Research & Development,Research Scientist,SAS,3.5
138,Research & Development,Research Scientist,Python,3.5
138,Research & Development,Research Scientist,Adobe Photoshop,3.5
138,Research & Development,Research Scientist,Microsoft Project,3.5
139,Research & Development,Healthcare Representative,Microsoft Office,4.5
139,Research & Development,Healthcare Representative,Speaking,4.25
139,Research & Development,Healthcare Representative,Active Listening,4.12
139,Research & Development,Healthcare Representative,Microsoft Azure,3.5
139,Research & Development,Healthcare Representative,Linux,3.5
139,Research & Development,Healthcare Representative,Active Learning,3.5
139,Research & Development,Healthcare Representative,Microsoft Access,3.5
139,Research & Development,Healthcare Representative,Critical Thinking,3.38
139,Research & Development,Healthcare Representative,Writing,3.38
139,Research & Development,Healthcare Representative,Monitoring,3.12
140,Human Resources,Manager,Microsoft Excel,4.5
140,Human Resources,Manager,Speaking,4.0
140,Human Resources,Manager,Critical Thinking,3.88
140,Human Resources,Manager,Active Learning,3.62
140,Human Resources,Manager,Apple macOS,3.5
140,Human Resources,Manager,Atlassian JIRA,3.5
140,Human Resources,Manager,Google Analytics,3.5
140,Human Resources,Manager,Writing,3.5
141,Research & Development,Research Director,Microsoft PowerPoint,4.5
141,Research & Development,Research Director,Microsoft Office,4.5
141,Research & Development,Research Director,Critical Thinking,4.0
141,Research & Development,Research Director,Reading Comprehension,4.0
141,Research & Development,Research Director,Active Listening,4.0
141,Research & Development,Research Director,Microsoft Project,3.5
141,Research & Development,Research Director,IBM SPSS Statistics,3.5
141,Research & Development,Research Director,ESRI ArcGIS,3.5
141,Research & Development,Research Director,Microsoft Visio,3.5
141,Research & Development,Research Director,Adobe Acrobat,3.5
142,Sales,Sales Executive,Microsoft PowerPoint,4.5
142,Sales,Sales Executive,Salesforce,4.5
142,Sales,Sales Executive,Microsoft Outlook,4.5
142,Sales,Sales Executive,Active Listening,4.0
142,Sales,Sales Executive,Speaking,4.0
142,Sales,Sales Executive,Adobe Creative Cloud,3.5
142,Sales,Sales Executive,Adobe InDesign,3.5
142,Sales,Sales Executive,Adobe Photoshop,3.5
142,Sales,Sales Executive,Adobe Illustrator,3.5
142,Sales,Sales Executive,Writing,3.25
142,Sales,Sales Executive,Monitoring,3.12
143,Research & Development,Research Scientist,Microsoft Excel,4.5
143,Research & Development,Research Scientist,Microsoft Office,4.5
143,Research & Development,Research Scientist,Writing,4.25
143,Research & Development,Research Scientist,Active Learning,4.12
143,Research & Development,Research Scientist,Critical Thinking,4.0
143,Research & Development,Research Scientist,Mathematics,3.62
143,Research & Development,Research Scientist,MATLAB,3.5
143,Research & Development,Research Scientist,IBM SPSS Statistics,3.5
143,Research & Development,Research Scientist,ESRI ArcGIS,3.5
143,Research & Development,Research Scientist,SAS,3.5
143,Research & Development,Research Scientist,Python,3.5
143,Research & Development,Research Scientist,Adobe Photoshop,3.5
143,Research & Development,Research Scientist,Microsoft Project,3.5
144,Research & Development,Laboratory Technician,Microsoft Excel,4.5
144,Research & Development,Laboratory Technician,Microsoft Office,4.5
144,Research & Development,Laboratory Technician,Reading Comprehension,3.75
144,Research & Development,Laboratory Technician,Active Listening,3.62
144,Research & Development,Laboratory Technician,SAP,3.5
144,Research & Development,Laboratory Technician,MEDITECH,3.5
144,Research & Development,Laboratory Technician,Google Docs,3.5
144,Research & Development,Laboratory Technician,Critical Thinking,3.25
144,Research & Development,Laboratory Technician,Monitoring,3.0
144,Research & Development,Laboratory Technician,Electronic Medical Record (EMR),3.0
144,Research & Development,Laboratory Technician,Science,3.0
144,Research & Development,Laboratory Technician,Email,3.0
144,Research & Development,Laboratory Technician,Active Learning,3.0
145,Research & Development,Healthcare Representative,Microsoft Excel,4.5
145,Research & Development,Healthcare Representative,Salesforce,4.5
145,Research & Development,Healthcare Representative,Google Workspace,3.5
145,Research & Development,Healthcare Representative,Linux,3.5
145,Research & Development,Healthcare Representative,Microsoft Azure,3.5
145,Research & Development,Healthcare Representative,Apache Hadoop,3.5
145,Research & Development,Healthcare Representative,Active Learning,3.5
145,Research & Development,Healthcare Representative,Microsoft Access,3.5
145,Research & Development,Healthcare Representative,Monitoring,3.12
145,Research & Development,Healthcare Representative,Mathematics,2.88
147,Research & Development,Laboratory Technician,Microsoft Office,4.5
147,Research & Development,Laboratory Technician,Reading Comprehension,3.75
147,Research & Development,Laboratory Technician,Active Listening,3.62
147,Research & Development,Laboratory Technician,Microsoft PowerPoint,3.5
147,Research & Development,Laboratory Technician,MEDITECH,3.5
147,Research & Development,Laboratory Technician,Google Docs,3.5
147,Research & Development,Laboratory Technician,Monitoring,3.0
147,Research & Development,Laboratory Technician,Electronic Medical Record (EMR),3.0
147,Research & Development,Laboratory Technician,Science,3.0
147,Research & Development,Laboratory Technician,Writing,3.0
148,Human Resources,Manager,Microsoft PowerPoint,4.5
148,Human Resources,Manager,Microsoft Excel,4.5
148,Human Resources,Manager,Reading Comprehension,4.0
148,Human Resources,Manager,Speaking,4.0
148,Human Resources,Manager,Active Learning,3.62
148,Human Resources,Manager,Apple macOS,3.5
148,Human Resources,Manager,Atlassian Confluence,3.5
148,Human Resources,Manager,Adobe Acrobat,3.5
148,Human Resources,Manager,Writing,3.5
148,Human Resources,Manager,Autodesk AutoCAD,3.5
148,Human Resources,Manager,Learning Strategies,3.0
150,Research & Development,Laboratory Technician,Microsoft Office,4.5
150,Research & Development,Laboratory Technician,Reading Comprehension,3.75
150,Research & Development,Laboratory Technician,Active Listening,3.62
150,Research & Development,Laboratory Technician,SAP,3.5
150,Research & Development,Laboratory Technician,Microsoft PowerPoint,3.5
150,Research & Development,Laboratory Technician,Google Docs,3.5
150,Research & Development,Laboratory Technician,Critical Thinking,3.25
150,Research & Development,Laboratory Technician,Monitoring,3.0
150,Research & Development,Laboratory Technician,Electronic Medical Record (EMR),3.0
150,Research & Development,Laboratory Technician,Science,3.0
150,Research & Development,Laboratory Technician,Email,3.0
150,Research & Development,Laboratory Technician,Active Learning,3.0
150,Research & Development,Laboratory Technician,Writing,3.0
151,Research & Development,Research Scientist,Microsoft Excel,4.5
151,Research & Development,Research Scientist,Microsoft Office,4.5
151,Research & Development,Research Scientist,Active Learning,4.12
151,Research & Development,Research Scientist,Active Listening,4.0
151,Research & Development,Research Scientist,Mathematics,3.62
151,Research & Development,Research Scientist,MATLAB,3.5
151,Research & Development,Research Scientist,Microsoft Project,3.5
151,Research & Development,Research Scientist,IBM SPSS Statistics,3.5
151,Research & Development,Research Scientist,Python,3.5
151,Research & Development,Research Scientist,Adobe Photoshop,3.5
152,Sales,Sales Executive,Microsoft Office,4.5
152,Sales,Sales Executive,Microsoft Outlook,4.5
152,Sales,Sales Executive,Active Listening,4.0
152,Sales,Sales Executive,Adobe InDesign,3.5
152,Sales,Sales Executive,Critical Thinking,3.5
152,Sales,Sales Executive,Adobe Acrobat,3.5
152,Sales,Sales Executive,Adobe Photoshop,3.5
152,Sales,Sales Executive,Adobe Illustrator,3.5
152,Sales,Sales Executive,Active Learning,3.12
152,Sales,Sales Executive,Mathematics,2.25
153,Research & Development,Manager,Microsoft PowerPoint,4.5
153,Research & Development,Manager,Active Listening,4.0
153,Research & Development,Manager,Critical Thinking,3.88
153,Research & Development,Manager,Active Learning,3.62
153,Research & Development,Manager,Apple macOS,3.5
153,Research & Development,Manager,Google Analytics,3.5
153,Research & Development,Manager,Adobe Acrobat,3.5
153,Research & Development,Manager,Adobe Photoshop,3.5
153,Research & Development,Manager,Autodesk AutoCAD,3.5
153,Research & Development,Manager,Learning Strategies,3.0
154,Sales,Sales Executive,Microsoft PowerPoint,4.5
154,Sales,Sales Executive,Microsoft Excel,4.5
154,Sales,Sales Executive,Microsoft Office,4.5
154,Sales,Sales Executive,Salesforce,4.5
154,Sales,Sales Executive,Microsoft Outlook,4.5
154,Sales,Sales Executive,Speaking,4.0
154,Sales,Sales Executive,Adobe Creative Cloud,3.5
154,Sales,Sales Executive,Critical Thinking,3.5
154,Sales,Sales Executive,Adobe Acrobat,3.5
154,Sales,Sales Executive,Adobe Illustrator,3.5
154,Sales,Sales Executive,Reading Comprehension,3.38
155,Research & Development,Laboratory Technician,Microsoft Excel,4.5
155,Research & Development,Laboratory Technician,Microsoft Office,4.5
155,Research & Development,Laboratory Technician,Reading Comprehension,3.75
155,Research & Development,Laboratory Technician,Active Listening,3.62
155,Research & Development,Laboratory Technician,Microsoft PowerPoint,3.5
155,Research & Development,Laboratory Technician,Microsoft Word,3.5
155,Research & Development,Laboratory Technician,MEDITECH,3.5
155,Research & Development,Laboratory Technician,Monitoring,3.0
155,Research & Development,Laboratory Technician,Electronic Medical Record (EMR),3.0
155,Research & Development,Laboratory Technician,Science,3.0
155,Research & Development,Laboratory Technician,Email,3.0
158,Sales,Manager,Microsoft PowerPoint,4.5
158,Sales,Manager,Microsoft Office,4.5
158,Sales,Manager,Reading Comprehension,4.0
158,Sales,Manager,Active Listening,4.0
158,Sales,Manager,Atlassian JIRA,3.5
158,Sales,Manager,Atlassian Confluence,3.5
158,Sales,Manager,Adobe Acrobat,3.5
158,Sales,Manager,Learning Strategies,3.0
159,Research & Development,Research Scientist,Microsoft Excel,4.5
159,Research & Development,Research Scientist,R,4.5
159,Research & Development,Research Scientist,Science,4.12
159,Research & Development,Research Scientist,Active Learning,4.12
159,Research & Development,Research Scientist,Reading Comprehension,4.0
159,Research & Development,Research Scientist,Mathematics,3.62
159,Research & Development,Research Scientist,MATLAB,3.5
159,Research & Development,Research Scientist,ESRI ArcGIS,3.5
159,Research & Development,Research Scientist,Python,3.5
159,Research & Development,Research Scientist,Microsoft Project,3.5
160,Sales,Sales Executive,Microsoft PowerPoint,4.5
160,Sales,Sales Executive,Microsoft Excel,4.5
160,Sales,Sales Executive,Microsoft Office,4.5
160,Sales,Sales Executive,Salesforce,4.5
160,Sales,Sales Executive,Microsoft Outlook,4.5
160,Sales,Sales Executive,Speaking,4.0
160,Sales,Sales Executive,Adobe InDesign,3.5
160,Sales,Sales Executive,Adobe Photoshop,3.5
160,Sales,Sales Executive,Adobe Illustrator,3.5
160,Sales,Sales Executive,Reading Comprehension,3.38
160,Sales,Sales Executive,Mathematics,2.25
161,Research & Development,Research Scientist,Microsoft Office,4.5
161,Research & Development,Research Scientist,Speaking,4.12
161,Research & Development,Research Scientist,Active Learning,4.12
161,Research & Development,Research Scientist,Critical Thinking,4.0
161,Research & Development,Research Scientist,Reading Comprehension,4.0
161,Research & Development,Research Scientist,Mathematics,3.62
161,Research & Development,Research Scientist,MATLAB,3.5
161,Research & Development,Research Scientist,IBM SPSS Statistics,3.5
161,Research & Development,Research Scientist,Adobe Photoshop,3.5
162,Research & Development,Research Director,Microsoft PowerPoint,4.5
162,Research & Development,Research Director,Critical Thinking,4.0
162,Research & Development,Research Director,Writing,3.88
162,Research & Development,Research Director,IBM SPSS Statistics,3.5
162,Research & Development,Research Director,Microsoft SharePoint,3.5
162,Research & Development,Research Director,ESRI ArcGIS,3.5
162,Research & Development,Research Director,Microsoft Visio,3.5
162,Research & Development,Research Director,Microsoft Access,3.5
162,Research & Development,Research Director,Microsoft Project,3.5
163,Sales,Sales Executive,Microsoft PowerPoint,4.5
163,Sales,Sales Executive,Microsoft Excel,4.5
163,Sales,Sales Executive,Microsoft Office,4.5
163,Sales,Sales Executive,Adobe Creative Cloud,3.5
163,Sales,Sales Executive,Adobe InDesign,3.5
163,Sales,Sales Executive,Critical Thinking,3.5
163,Sales,Sales Executive,Adobe Acrobat,3.5
163,Sales,Sales Executive,Adobe Illustrator,3.5
163,Sales,Sales Executive,Adobe Photoshop,3.5
163,Sales,Sales Executive,Reading Comprehension,3.38
163,Sales,Sales Executive,Writing,3.25
163,Sales,Sales Executive,Monitoring,3.12
163,Sales,Sales Executive,Active Learning,3.12
163,Sales,Sales Executive,Mathematics,2.25
164,Research & Development,Research Scientist,Microsoft Excel,4.5
164,Research & Development,Research Scientist,R,4.5
164,Research & Development,Research Scientist,Microsoft Office,4.5
164,Research & Development,Research Scientist,Speaking,4.12
164,Research & Development,Research Scientist,Active Learning,4.12
164,Research & Development,Research Scientist,Critical Thinking,4.0
164,Research & Development,Research Scientist,Reading Comprehension,4.0
164,Research & Development,Research Scientist,Active Listening,4.0
164,Research & Development,Research Scientist,Mathematics,3.62
164,Research & Development,Research Scientist,MATLAB,3.5
164,Research & Development,Research Scientist,Microsoft Project,3.5
164,Research & Development,Research Scientist,IBM SPSS Statistics,3.5
164,Research & Development,Research Scientist,ESRI ArcGIS,3.5
164,Research & Development,Research Scientist,SAS,3.5
165,Research & Development,Healthcare Representative,Microsoft Office,4.5
165,Research & Development,Healthcare Representative,Reading Comprehension,3.75
165,Research & Development,Healthcare Representative,Google Workspace,3.5
165,Research & Development,Healthcare Representative,Microsoft Azure,3.5
165,Research & Development,Healthcare Representative,Linux,3.5
165,Research & Development,Healthcare Representative,Apache Hadoop,3.5
167,Sales,Sales Representative,Microsoft Excel,4.5
167,Sales,Sales Representative,Salesforce,4.5
167,Sales,Sales Representative,Microsoft Office,4.5
167,Sales,Sales Representative,Active Listening,3.88
167,Sales,Sales Representative,Speaking,3.88
167,Sales,Sales Representative,Reading Comprehension,3.62
167,Sales,Sales Representative,Apple macOS,3.5
167,Sales,Sales Representative,Microsoft Outlook,3.5
167,Sales,Sales Representative,IBM SPSS Statistics,3.5
167,Sales,Sales Representative,Microsoft Word,3.5
167,Sales,Sales Representative,HubSpot,3.5
167,Sales,Sales Representative,Microsoft Project,3.5
167,Sales,Sales Representative,Critical Thinking,3.38
167,Sales,Sales Representative,Active Learning,3.38
167,Sales,Sales Representative,Writing,3.38
167,Sales,Sales Representative,Monitoring,3.12
167,Sales,Sales Representative,Mathematics,2.62
169,Research & Development,Laboratory Technician,Microsoft Excel,4.5
169,Research & Development,Laboratory Technician,Reading Comprehension,3.75
169,Research & Development,Laboratory Technician,Active Listening,3.62
169,Research & Development,Laboratory Technician,SAP,3.5
169,Research & Development,Laboratory Technician,Microsoft PowerPoint,3.5
169,Research & Development,Laboratory Technician,Microsoft Word,3.5
169,Research & Development,Laboratory Technician,MEDITECH,3.5
169,Research & Development,Laboratory Technician,Google Docs,3.5
169,Research & Development,Laboratory Technician,Microsoft Outlook,3.5
169,Research & Development,Laboratory Technician,Critical Thinking,3.25
169,Research & Development,Laboratory Technician,Monitoring,3.0
169,Research & Development,Laboratory Technician,Electronic Medical Record (EMR),3.0
169,Research & Development,Laboratory Technician,Email,3.0
169,Research & Development,Laboratory Technician,Active Learning,3.0
169,Research & Development,Laboratory Technician,Writing,3.0
170,Research & Development,Manufacturing Director,Microsoft Excel,4.5
170,Research & Development,Manufacturing Director,Microsoft Office,4.5
170,Research & Development,Manufacturing Director,Critical Thinking,4.0
170,Research & Development,Manufacturing Director,Speaking,4.0
170,Research & Development,Manufacturing Director,Reading Comprehension,3.88
170,Research & Development,Manufacturing Director,Active Listening,3.88
170,Research & Development,Manufacturing Director,Adobe After Effects,3.5
170,Research & Development,Manufacturing Director,Adobe InDesign,3.5
171,Research & Development,Research Scientist,Microsoft Excel,4.5
171,Research & Development,Research Scientist,Microsoft Office,4.5
171,Research & Development,Research Scientist,Writing,4.25
171,Research & Development,Research Scientist,Science,4.12
171,Research & Development,Research Scientist,Speaking,4.12
171,Research & Development,Research Scientist,Active Learning,4.12
171,Research & Development,Research Scientist,Reading Comprehension,4.0
171,Research & Development,Research Scientist,Active Listening,4.0
171,Research & Development,Research Scientist,Mathematics,3.62
171,Research & Development,Research Scientist,SAS,3.5
171,Research & Development,Research Scientist,Python,3.5
171,Research & Development,Research Scientist,Adobe Photoshop,3.5
174,Sales,Sales Executive,Microsoft PowerPoint,4.5
174,Sales,Sales Executive,Adobe Creative Cloud,3.5
174,Sales,Sales Executive,Adobe Acrobat,3.5
174,Sales,Sales Executive,Adobe Illustrator,3.5
174,Sales,Sales Executive,Writing,3.25
174,Sales,Sales Executive,Monitoring,3.12
174,Sales,Sales Executive,Active Learning,3.12
175,Sales,Sales Executive,Microsoft PowerPoint,4.5
175,Sales,Sales Executive,Microsoft Excel,4.5
175,Sales,Sales Executive,Microsoft Office,4.5
175,Sales,Sales Executive,Adobe Photoshop,3.5
175,Sales,Sales Executive,Reading Comprehension,3.38
175,Sales,Sales Executive,Monitoring,3.12
175,Sales,Sales Executive,Active Learning,3.12
175,Sales,Sales Executive,Mathematics,2.25
176,Sales,Sales Executive,Microsoft PowerPoint,4.5
176,Sales,Sales Executive,Microsoft Excel,4.5
176,Sales,Sales Executive,Salesforce,4.5
176,Sales,Sales Executive,Microsoft Outlook,4.5
176,Sales,Sales Executive,Microsoft Office,4.5
176,Sales,Sales Executive,Active Listening,4.0
176,Sales,Sales Executive,Speaking,4.0
176,Sales,Sales Executive,Adobe InDesign,3.5
176,Sales,Sales Executive,Critical Thinking,3.5
176,Sales,Sales Executive,Adobe Illustrator,3.5
176,Sales,Sales Executive,Adobe Photoshop,3.5
176,Sales,Sales Executive,Adobe Creative Cloud,3.5
176,Sales,Sales Executive,Reading Comprehension,3.38
176,Sales,Sales Executive,Writing,3.25
176,Sales,Sales Executive,Monitoring,3.12
176,Sales,Sales Executive,Active Learning,3.12
176,Sales,Sales Executive,Mathematics,2.25
177,Human Resources,Human Resources,Microsoft PowerPoint,4.5
177,Human Resources,Human Resources,Microsoft Excel,4.5
177,Human Resources,Human Resources,Workday,4.5
177,Human Resources,Human Resources,Microsoft Outlook,4.5
177,Human Resources,Human Resources,Speaking,4.12
177,Human Resources,Human Resources,Applicant Tracking System (ATS),4.0
177,Human Resources,Human Resources,Oracle HRIS,4.0
177,Human Resources,Human Resources,Active Listening,4.0
177,Human Resources,Human Resources,Writing,3.88
177,Human Resources,Human Resources,Adobe Acrobat,3.5
177,Human Resources,Human Resources,Adobe Photoshop,3.5
177,Human Resources,Human Resources,Monitoring,3.0
178,Research & Development,Manufacturing Director,Microsoft PowerPoint,4.5
178,Research & Development,Manufacturing Director,Microsoft Office,4.5
178,Research & Development,Manufacturing Director,Reading Comprehension,3.88
178,Research & Development,Manufacturing Director,Active Listening,3.88
178,Research & Development,Manufacturing Director,Learning Strategies,3.75
178,Research & Development,Manufacturing Director,Active Learning,3.62
178,Research & Development,Manufacturing Director,Adobe After Effects,3.5
178,Research & Development,Manufacturing Director,Adobe InDesign,3.5
178,Research & Development,Manufacturing Director,Adobe Acrobat,3.5
178,Research & Development,Manufacturing Director,Adobe Photoshop,3.5
178,Research & Development,Manufacturing Director,Autodesk AutoCAD,3.5
178,Research & Development,Manufacturing Director,Writing,3.38
179,Research & Development,Manufacturing Director,Microsoft PowerPoint,4.5
179,Research & Development,Manufacturing Director,Microsoft Excel,4.5
179,Research & Development,Manufacturing Director,Speaking,4.0
179,Research & Development,Manufacturing Director,Active Learning,3.62
179,Research & Development,Manufacturing Director,Adobe InDesign,3.5
179,Research & Development,Manufacturing Director,Adobe Photoshop,3.5
179,Research & Development,Manufacturing Director,Autodesk AutoCAD,3.5
179,Research & Development,Manufacturing Director,Writing,3.38
182,Sales,Sales Executive,Microsoft PowerPoint,4.5
182,Sales,Sales Executive,Microsoft Excel,4.5
182,Sales,Sales Executive,Adobe Creative Cloud,3.5
182,Sales,Sales Executive,Adobe Acrobat,3.5
182,Sales,Sales Executive,Adobe Photoshop,3.5
182,Sales,Sales Executive,Reading Comprehension,3.38
182,Sales,Sales Executive,Writing,3.25
182,Sales,Sales Executive,Monitoring,3.12
182,Sales,Sales Executive,Active Learning,3.12
183,Sales,Sales Executive,Microsoft PowerPoint,4.5
183,Sales,Sales Executive,Microsoft Excel,4.5
183,Sales,Sales Executive,Microsoft Office,4.5
183,Sales,Sales Executive,Salesforce,4.5
183,Sales,Sales Executive,Microsoft Outlook,4.5
183,Sales,Sales Executive,Speaking,4.0
183,Sales,Sales Executive,Adobe InDesign,3.5
183,Sales,Sales Executive,Critical Thinking,3.5
183,Sales,Sales Executive,Adobe Acrobat,3.5
183,Sales,Sales Executive,Adobe Illustrator,3.5
183,Sales,Sales Executive,Reading Comprehension,3.38
183,Sales,Sales Executive,Monitoring,3.12
183,Sales,Sales Executive,Mathematics,2.25
184,Human Resources,Human Resources,Microsoft PowerPoint,4.5
184,Human Resources,Human Resources,Microsoft Excel,4.5
184,Human Resources,Human Resources,Microsoft Office,4.5
184,Human Resources,Human Resources,Applicant Tracking System (ATS),4.0
184,Human Resources,Human Resources,Reading Comprehension,4.0
184,Human Resources,Human Resources,Oracle HRIS,4.0
184,Human Resources,Human Resources,Adobe Acrobat,3.5
184,Human Resources,Human Resources,Adobe Photoshop,3.5
184,Human Resources,Human Resources,Monitoring,3.0
190,Research & Development,Laboratory Technician,Microsoft Excel,4.5
190,Research & Development,Laboratory Technician,Microsoft Office,4.5
190,Research & Development,Laboratory Technician,Reading Comprehension,3.75
190,Research & Development,Laboratory Technician,SAP,3.5
190,Research & Development,Laboratory Technician,Microsoft Word,3.5
190,Research & Development,Laboratory Technician,MEDITECH,3.5
190,Research & Development,Laboratory Technician,Google Docs,3.5
190,Research & Development,Laboratory Technician,Monitoring,3.0
190,Research & Development,Laboratory Technician,Electronic Medical Record (EMR),3.0
190,Research & Development,Laboratory Technician,Science,3.0
190,Research & Development,Laboratory Technician,Email,3.0
190,Research & Development,Laboratory Technician,Active Learning,3.0
190,Research & Development,Laboratory Technician,Writing,3.0
192,Research & Development,Research Scientist,R,4.5
192,Research & Development,Research Scientist,Microsoft Office,4.5
192,Research & Development,Research Scientist,Speaking,4.12
192,Research & Development,Research Scientist,Active Learning,4.12
192,Research & Development,Research Scientist,Reading Comprehension,4.0
192,Research & Development,Research Scientist,Active Listening,4.0
192,Research & Development,Research Scientist,Mathematics,3.62
192,Research & Development,Research Scientist,MATLAB,3.5
192,Research & Development,Research Scientist,Microsoft Project,3.5
192,Research & Development,Research Scientist,IBM SPSS Statistics,3.5
192,Research & Development,Research Scientist,ESRI ArcGIS,3.5
192,Research & Development,Research Scientist,SAS,3.5
193,Research & Development,Research Scientist,R,4.5
193,Research & Development,Research Scientist,Writing,4.25
193,Research & Development,Research Scientist,Science,4.12
193,Research & Development,Research Scientist,Speaking,4.12
193,Research & Development,Research Scientist,Active Learning,4.12
193,Research & Development,Research Scientist,Active Listening,4.0
193,Research & Development,Research Scientist,Mathematics,3.62
193,Research & Development,Research Scientist,Adobe Photoshop,3.5
194,Research & Development,Research Scientist,Microsoft Excel,4.5
194,Research & Development,Research Scientist,R,4.5
194,Research & Development,Research Scientist,Microsoft Office,4.5
194,Research & Development,Research Scientist,Science,4.12
194,Research & Development,Research Scientist,Critical Thinking,4.0
194,Research & Development,Research Scientist,Reading Comprehension,4.0
194,Research & Development,Research Scientist,Mathematics,3.62
194,Research & Development,Research Scientist,MATLAB,3.5
194,Research & Development,Research Scientist,IBM SPSS Statistics,3.5
194,Research & Development,Research Scientist,SAS,3.5
195,Sales,Sales Executive,Microsoft Excel,4.5
195,Sales,Sales Executive,Microsoft Office,4.5
195,Sales,Sales Executive,Salesforce,4.5
195,Sales,Sales Executive,Active Listening,4.0
195,Sales,Sales Executive,Adobe InDesign,3.5
195,Sales,Sales Executive,Adobe Illustrator,3.5
195,Sales,Sales Executive,Monitoring,3.12
195,Sales,Sales Executive,Active Learning,3.12
197,Research & Development,Research Scientist,R,4.5
197,Research & Development,Research Scientist,Microsoft Office,4.5
197,Research & Development,Research Scientist,Writing,4.25
197,Research & Development,Research Scientist,Active Learning,4.12
197,Research & Development,Research Scientist,Active Listening,4.0
197,Research & Development,Research Scientist,MATLAB,3.5
197,Research & Development,Research Scientist,Microsoft Project,3.5
197,Research & Development,Research Scientist,IBM SPSS Statistics,3.5
197,Research & Development,Research Scientist,SAS,3.5
197,Research & Development,Research Scientist,Adobe Photoshop,3.5
198,Research & Development,Laboratory Technician,Microsoft Office,4.5
198,Research & Development,Laboratory Technician,Reading Comprehension,3.75
198,Research & Development,Laboratory Technician,Active Listening,3.62
198,Research & Development,Laboratory Technician,SAP,3.5
198,Research & Development,Laboratory Technician,Microsoft PowerPoint,3.5
198,Research & Development,Laboratory Technician,Microsoft Word,3.5
198,Research & Development,Laboratory Technician,MEDITECH,3.5
198,Research & Development,Laboratory Technician,Google Docs,3.5
198,Research & Development,Laboratory Technician,Speaking,3.12
198,Research & Development,Laboratory Technician,Electronic Medical Record (EMR),3.0
198,Research & Development,Laboratory Technician,Email,3.0
198,Research & Development,Laboratory Technician,Writing,3.0
199,Research & Development,Manager,Monitoring,4.0
199,Research & Development,Manager,Reading Comprehension,4.0
199,Research & Development,Manager,Apple macOS,3.5
199,Research & Development,Manager,Atlassian Confluence,3.5
199,Research & Development,Manager,Google Analytics,3.5
199,Research & Development,Manager,Writing,3.5
199,Research & Development,Manager,Adobe Photoshop,3.5
199,Research & Development,Manager,Autodesk AutoCAD,3.5
199,Research & Development,Manager,Learning Strategies,3.0
200,Research & Development,Laboratory Technician,Microsoft Excel,4.5
200,Research & Development,Laboratory Technician,Microsoft Office,4.5
200,Research & Development,Laboratory Technician,Reading Comprehension,3.75
200,Research & Development,Laboratory Technician,SAP,3.5
200,Research & Development,Laboratory Technician,Microsoft PowerPoint,3.5
200,Research & Development,Laboratory Technician,Microsoft Word,3.5
200,Research & Development,Laboratory Technician,MEDITECH,3.5
200,Research & Development,Laboratory Technician,Google Docs,3.5
200,Research & Development,Laboratory Technician,Critical Thinking,3.25
200,Research & Development,Laboratory Technician,Speaking,3.12
200,Research & Development,Laboratory Technician,Electronic Medical Record (EMR),3.0
200,Research & Development,Laboratory Technician,Science,3.0
200,Research & Development,Laboratory Technician,Email,3.0
200,Research & Development,Laboratory Technician,Active Learning,3.0
200,Research & Development,Laboratory Technician,Writing,3.0
201,Research & Development,Laboratory Technician,Microsoft Excel,4.5
201,Research & Development,Laboratory Technician,Microsoft Office,4.5
201,Research & Development,Laboratory Technician,Active Listening,3.62
201,Research & Development,Laboratory Technician,SAP,3.5
201,Research & Development,Laboratory Technician,Microsoft PowerPoint,3.5
201,Research & Development,Laboratory Technician,MEDITECH,3.5
201,Research & Development,Laboratory Technician,Microsoft Outlook,3.5
201,Research & Development,Laboratory Technician,Critical Thinking,3.25
201,Research & Development,Laboratory Technician,Monitoring,3.0
201,Research & Development,Laboratory Technician,Electronic Medical Record (EMR),3.0
201,Research & Development,Laboratory Technician,Science,3.0
201,Research & Development,Laboratory Technician,Email,3.0
201,Research & Development,Laboratory Technician,Active Learning,3.0
202,Research & Development,Research Scientist,Microsoft Excel,4.5
202,Research & Development,Research Scientist,Science,4.12
202,Research & Development,Research Scientist,Reading Comprehension,4.0
202,Research & Development,Research Scientist,Active Listening,4.0
202,Research & Development,Research Scientist,Mathematics,3.62
202,Research & Development,Research Scientist,MATLAB,3.5
202,Research & Development,Research Scientist,Microsoft Project,3.5
202,Research & Development,Research Scientist,IBM SPSS Statistics,3.5
202,Research & Development,Research Scientist,SAS,3.5
202,Research & Development,Research Scientist,Python,3.5
202,Research & Development,Research Scientist,Adobe Photoshop,3.5
204,Sales,Sales Executive,Microsoft Excel,4.5
204,Sales,Sales Executive,Microsoft Office,4.5
204,Sales,Sales Executive,Adobe Creative Cloud,3.5
204,Sales,Sales Executive,Adobe InDesign,3.5
204,Sales,Sales Executive,Critical Thinking,3.5
204,Sales,Sales Executive,Adobe Photoshop,3.5
204,Sales,Sales Executive,Mathematics,2.25
205,Sales,Sales Representative,Speaking,3.88
205,Sales,Sales Representative,Reading Comprehension,3.62
205,Sales,Sales Representative,IBM SPSS Statistics,3.5
205,Sales,Sales Representative,Apple macOS,3.5
205,Sales,Sales Representative,Microsoft Word,3.5
205,Sales,Sales Representative,HubSpot,3.5
205,Sales,Sales Representative,Microsoft Outlook,3.5
205,Sales,Sales Representative,Microsoft Project,3.5
205,Sales,Sales Representative,Critical Thinking,3.38
205,Sales,Sales Representative,Mathematics,2.62
206,Research & Development,Laboratory Technician,Microsoft Word,3.5
206,Research & Development,Laboratory Technician,MEDITECH,3.5
206,Research & Development,Laboratory Technician,Google Docs,3.5
206,Research & Development,Laboratory Technician,Critical Thinking,3.25
206,Research & Development,Laboratory Technician,Electronic Medical Record (EMR),3.0
206,Research & Development,Laboratory Technician,Monitoring,3.0
206,Research & Development,Laboratory Technician,Email,3.0
206,Research & Development,Laboratory Technician,Active Learning,3.0
206,Research & Development,Laboratory Technician,Writing,3.0
207,Sales,Sales Executive,Microsoft Excel,4.5
207,Sales,Sales Executive,Salesforce,4.5
207,Sales,Sales Executive,Microsoft Outlook,4.5
207,Sales,Sales Executive,Speaking,4.0
207,Sales,Sales Executive,Adobe Creative Cloud,3.5
207,Sales,Sales Executive,Adobe InDesign,3.5
207,Sales,Sales Executive,Adobe Acrobat,3.5
207,Sales,Sales Executive,Adobe Photoshop,3.5
207,Sales,Sales Executive,Reading Comprehension,3.38
207,Sales,Sales Executive,Monitoring,3.12
207,Sales,Sales Executive,Mathematics,2.25
208,Research & Development,Manufacturing Director,SAP,4.5
208,Research & Development,Manufacturing Director,Microsoft PowerPoint,4.5
208,Research & Development,Manufacturing Director,Microsoft Excel,4.5
208,Research & Development,Manufacturing Director,Microsoft Office,4.5
208,Research & Development,Manufacturing Director,Monitoring,4.0
208,Research & Development,Manufacturing Director,Speaking,4.0
208,Research & Development,Manufacturing Director,Active Listening,3.88
208,Research & Development,Manufacturing Director,Learning Strategies,3.75
208,Research & Development,Manufacturing Director,Active Learning,3.62
208,Research & Development,Manufacturing Director,Adobe InDesign,3.5
208,Research & Development,Manufacturing Director,Adobe Photoshop,3.5
208,Research & Development,Manufacturing Director,Autodesk AutoCAD,3.5
208,Research & Development,Manufacturing Director,Writing,3.38
211,Research & Development,Manufacturing Director,SAP,4.5
211,Research & Development,Manufacturing Director,Microsoft Outlook,4.5
211,Research & Development,Manufacturing Director,Monitoring,4.0
211,Research & Development,Manufacturing Director,Critical Thinking,4.0
211,Research & Development,Manufacturing Director,Learning Strategies,3.75
211,Research & Development,Manufacturing Director,Active Learning,3.62
211,Research & Development,Manufacturing Director,Adobe InDesign,3.5
211,Research & Development,Manufacturing Director,Adobe Photoshop,3.5
211,Research & Development,Manufacturing Director,Autodesk AutoCAD,3.5
211,Research & Development,Manufacturing Director,Writing,3.38
214,Research & Development,Research Scientist,Microsoft Excel,4.5
214,Research & Development,Research Scientist,Microsoft Office,4.5
214,Research & Development,Research Scientist,Science,4.12
214,Research & Development,Research Scientist,Speaking,4.12
214,Research & Development,Research Scientist,Active Learning,4.12
214,Research & Development,Research Scientist,Active Listening,4.0
214,Research & Development,Research Scientist,Mathematics,3.62
214,Research & Development,Research Scientist,IBM SPSS Statistics,3.5
214,Research & Development,Research Scientist,ESRI ArcGIS,3.5
214,Research & Development,Research Scientist,SAS,3.5
215,Sales,Sales Executive,Microsoft Outlook,4.5
215,Sales,Sales Executive,Speaking,4.0
215,Sales,Sales Executive,Adobe Creative Cloud,3.5
215,Sales,Sales Executive,Adobe InDesign,3.5
215,Sales,Sales Executive,Adobe Acrobat,3.5
215,Sales,Sales Executive,Adobe Illustrator,3.5
215,Sales,Sales Executive,Reading Comprehension,3.38
215,Sales,Sales Executive,Writing,3.25
215,Sales,Sales Executive,Active Learning,3.12
215,Sales,Sales Executive,Mathematics,2.25
216,Sales,Sales Representative,Salesforce,4.5
216,Sales,Sales Representative,Speaking,3.88
216,Sales,Sales Representative,Active Listening,3.88
216,Sales,Sales Representative,IBM SPSS Statistics,3.5
216,Sales,Sales Representative,Microsoft PowerPoint,3.5
216,Sales,Sales Representative,Microsoft Word,3.5
216,Sales,Sales Representative,Microsoft Outlook,3.5
216,Sales,Sales Representative,Monitoring,3.12
216,Sales,Sales Representative,Mathematics,2.62
217,Research & Development,Research Scientist,Microsoft Excel,4.5
217,Research & Development,Research Scientist,R,4.5
217,Research & Development,Research Scientist,Writing,4.25
217,Research & Development,Research Scientist,Science,4.12
217,Research & Development,Research Scientist,Speaking,4.12
217,Research & Development,Research Scientist,Active Learning,4.12
217,Research & Development,Research Scientist,Critical Thinking,4.0
217,Research & Development,Research Scientist,Active Listening,4.0
217,Research & Development,Research Scientist,Mathematics,3.62
217,Research & Development,Research Scientist,MATLAB,3.5
217,Research & Development,Research Scientist,ESRI ArcGIS,3.5
217,Research & Development,Research Scientist,SAS,3.5
217,Research & Development,Research Scientist,Python,3.5
218,Research & Development,Research Scientist,Microsoft Excel,4.5
218,Research & Development,Research Scientist,R,4.5
218,Research & Development,Research Scientist,Microsoft Office,4.5
218,Research & Development,Research Scientist,Speaking,4.12
218,Research & Development,Research Scientist,Active Learning,4.12
218,Research & Development,Research Scientist,Critical Thinking,4.0
218,Research & Development,Research Scientist,Active Listening,4.0
218,Research & Development,Research Scientist,MATLAB,3.5
218,Research & Development,Research Scientist,Microsoft Project,3.5
218,Research & Development,Research Scientist,IBM SPSS Statistics,3.5
218,Research & Development,Research Scientist,ESRI ArcGIS,3.5
218,Research & Development,Research Scientist,Adobe Photoshop,3.5
221,Research & Development,Research Scientist,Microsoft Excel,4.5
221,Research & Development,Research Scientist,R,4.5
221,Research & Development,Research Scientist,Microsoft Office,4.5
221,Research & Development,Research Scientist,Writing,4.25
221,Research & Development,Research Scientist,Science,4.12
221,Research & Development,Research Scientist,Active Learning,4.12
221,Research & Development,Research Scientist,Reading Comprehension,4.0
221,Research & Development,Research Scientist,Active Listening,4.0
221,Research & Development,Research Scientist,MATLAB,3.5
221,Research & Development,Research Scientist,Microsoft Project,3.5
221,Research & Development,Research Scientist,IBM SPSS Statistics,3.5
221,Research & Development,Research Scientist,Python,3.5
223,Research & Development,Healthcare Representative,Microsoft Excel,4.5
223,Research & Development,Healthcare Representative,Microsoft Outlook,4.5
223,Research & Development,Healthcare Representative,Speaking,4.25
223,Research & Development,Healthcare Representative,Active Listening,4.12
223,Research & Development,Healthcare Representative,Reading Comprehension,3.75
223,Research & Development,Healthcare Representative,Linux,3.5
223,Research & Development,Healthcare Representative,Microsoft Azure,3.5
223,Research & Development,Healthcare Representative,Active Learning,3.5
223,Research & Development,Healthcare Representative,Amazon Web Services (AWS),3.5
223,Research & Development,Healthcare Representative,Monitoring,3.12
223,Research & Development,Healthcare Representative,Mathematics,2.88
224,Research & Development,Research Scientist,Microsoft Excel,4.5
224,Research & Development,Research Scientist,R,4.5
224,Research & Development,Research Scientist,Microsoft Office,4.5
224,Research & Development,Research Scientist,Writing,4.25
224,Research & Development,Research Scientist,Science,4.12
224,Research & Development,Research Scientist,Critical Thinking,4.0
224,Research & Development,Research Scientist,Reading Comprehension,4.0
224,Research & Development,Research Scientist,Mathematics,3.62
224,Research & Development,Research Scientist,MATLAB,3.5
224,Research & Development,Research Scientist,IBM SPSS Statistics,3.5
224,Research & Development,Research Scientist,Python,3.5
224,Research & Development,Research Scientist,Adobe Photoshop,3.5
226,Research & Development,Manager,Microsoft Excel,4.5
226,Research & Development,Manager,Microsoft Office,4.5
226,Research & Development,Manager,Speaking,4.0
226,Research & Development,Manager,Active Listening,4.0
226,Research & Development,Manager,Critical Thinking,3.88
226,Research & Development,Manager,Active Learning,3.62
226,Research & Development,Manager,Atlassian Confluence,3.5
226,Research & Development,Manager,Google Analytics,3.5
226,Research & Development,Manager,Adobe Acrobat,3.5
226,Research & Development,Manager,Writing,3.5
226,Research & Development,Manager,Adobe Photoshop,3.5
226,Research & Development,Manager,Autodesk AutoCAD,3.5
227,Research & Development,Research Scientist,Microsoft Excel,4.5
227,Research & Development,Research Scientist,R,4.5
227,Research & Development,Research Scientist,Writing,4.25
227,Research & Development,Research Scientist,Critical Thinking,4.0
227,Research & Development,Research Scientist,Active Listening,4.0
227,Research & Development,Research Scientist,Mathematics,3.62
227,Research & Development,Research Scientist,Microsoft Project,3.5
227,Research & Development,Research Scientist,ESRI ArcGIS,3.5
227,Research & Development,Research Scientist,Python,3.5
227,Research & Development,Research Scientist,Adobe Photoshop,3.5
228,Sales,Sales Executive,Microsoft Office,4.5
228,Sales,Sales Executive,Salesforce,4.5
228,Sales,Sales Executive,Adobe Acrobat,3.5
228,Sales,Sales Executive,Monitoring,3.12
228,Sales,Sales Executive,Active Learning,3.12
228,Sales,Sales Executive,Mathematics,2.25
230,Sales,Sales Executive,Microsoft Office,4.5
230,Sales,Sales Executive,Active Listening,4.0
230,Sales,Sales Executive,Adobe Creative Cloud,3.5
230,Sales,Sales Executive,Adobe InDesign,3.5
230,Sales,Sales Executive,Critical Thinking,3.5
230,Sales,Sales Executive,Active Learning,3.12
231,Research & Development,Research Scientist,Writing,4.25
231,Research & Development,Research Scientist,Critical Thinking,4.0
231,Research & Development,Research Scientist,Reading Comprehension,4.0
231,Research & Development,Research Scientist,Mathematics,3.62
231,Research & Development,Research Scientist,IBM SPSS Statistics,3.5
231,Research & Development,Research Scientist,SAS,3.5
231,Research & Development,Research Scientist,Microsoft Project,3.5
233,Research & Development,Research Scientist,Microsoft Excel,4.5
233,Research & Development,Research Scientist,Microsoft Office,4.5
233,Research & Development,Research Scientist,Speaking,4.12
233,Research & Development,Research Scientist,Critical Thinking,4.0
233,Research & Development,Research Scientist,Active Listening,4.0
233,Research & Development,Research Scientist,Mathematics,3.62
233,Research & Development,Research Scientist,ESRI ArcGIS,3.5
233,Research & Development,Research Scientist,Python,3.5
235,Sales,Sales Representative,Microsoft Excel,4.5
235,Sales,Sales Representative,Microsoft Office,4.5
235,Sales,Sales Representative,Salesforce,4.5
235,Sales,Sales Representative,Speaking,3.88
235,Sales,Sales Representative,Active Listening,3.88
235,Sales,Sales Representative,IBM SPSS Statistics,3.5
235,Sales,Sales Representative,Microsoft PowerPoint,3.5
235,Sales,Sales Representative,Apple macOS,3.5
235,Sales,Sales Representative,Microsoft Word,3.5
235,Sales,Sales Representative,HubSpot,3.5
235,Sales,Sales Representative,Critical Thinking,3.38
235,Sales,Sales Representative,Active Learning,3.38
238,Research & Development,Laboratory Technician,Reading Comprehension,3.75
238,Research & Development,Laboratory Technician,Active Listening,3.62
238,Research & Development,Laboratory Technician,Microsoft Word,3.5
238,Research & Development,Laboratory Technician,MEDITECH,3.5
238,Research & Development,Laboratory Technician,Speaking,3.12
238,Research & Development,Laboratory Technician,Monitoring,3.0
238,Research & Development,Laboratory Technician,Electronic Medical Record (EMR),3.0
238,Research & Development,Laboratory Technician,Science,3.0
238,Research & Development,Laboratory Technician,Email,3.0
238,Research & Development,Laboratory Technician,Active Learning,3.0
238,Research & Development,Laboratory Technician,Writing,3.0
239,Research & Development,Laboratory Technician,Microsoft Excel,4.5
239,Research & Development,Laboratory Technician,Microsoft Office,4.5
239,Research & Development,Laboratory Technician,Active Listening,3.62
239,Research & Development,Laboratory Technician,SAP,3.5
239,Research & Development,Laboratory Technician,Microsoft PowerPoint,3.5
239,Research & Development,Laboratory Technician,Microsoft Word,3.5
239,Research & Development,Laboratory Technician,Google Docs,3.5
239,Research & Development,Laboratory Technician,Microsoft Outlook,3.5
239,Research & Development,Laboratory Technician,Monitoring,3.0
239,Research & Development,Laboratory Technician,Electronic Medical Record (EMR),3.0
239,Research & Development,Laboratory Technician,Email,3.0
239,Research & Development,Laboratory Technician,Writing,3.0
240,Sales,Sales Executive,Microsoft PowerPoint,4.5
240,Sales,Sales Executive,Microsoft Office,4.5
240,Sales,Sales Executive,Adobe Creative Cloud,3.5
240,Sales,Sales Executive,Adobe InDesign,3.5
240,Sales,Sales Executive,Critical Thinking,3.5
240,Sales,Sales Executive,Adobe Illustrator,3.5
240,Sales,Sales Executive,Adobe Photoshop,3.5
240,Sales,Sales Executive,Reading Comprehension,3.38
240,Sales,Sales Executive,Active Learning,3.12
241,Research & Development,Research Scientist,R,4.5
241,Research & Development,Research Scientist,Microsoft Office,4.5
241,Research & Development,Research Scientist,Critical Thinking,4.0
241,Research & Development,Research Scientist,Active Listening,4.0
241,Research & Development,Research Scientist,MATLAB,3.5
241,Research & Development,Research Scientist,IBM SPSS Statistics,3.5
241,Research & Development,Research Scientist,ESRI ArcGIS,3.5
241,Research & Development,Research Scientist,SAS,3.5
241,Research & Development,Research Scientist,Adobe Photoshop,3.5
242,Research & Development,Research Scientist,R,4.5
242,Research & Development,Research Scientist,Microsoft Office,4.5
242,Research & Development,Research Scientist,Science,4.12
242,Research & Development,Research Scientist,Critical Thinking,4.0
242,Research & Development,Research Scientist,Reading Comprehension,4.0
242,Research & Development,Research Scientist,Active Listening,4.0
242,Research & Development,Research Scientist,MATLAB,3.5
242,Research & Development,Research Scientist,Microsoft Project,3.5
242,Research & Development,Research Scientist,IBM SPSS Statistics,3.5
242,Research & Development,Research Scientist,ESRI ArcGIS,3.5
242,Research & Development,Research Scientist,SAS,3.5
242,Research & Development,Research Scientist,Adobe Photoshop,3.5
243,Research & Development,Laboratory Technician,Microsoft Excel,4.5
243,Research & Development,Laboratory Technician,Reading Comprehension,3.75
243,Research & Development,Laboratory Technician,SAP,3.5
243,Research & Development,Laboratory Technician,Microsoft PowerPoint,3.5
243,Research & Development,Laboratory Technician,Microsoft Word,3.5
243,Research & Development,Laboratory Technician,MEDITECH,3.5
243,Research & Development,Laboratory Technician,Google Docs,3.5
243,Research & Development,Laboratory Technician,Microsoft Outlook,3.5
243,Research & Development,Laboratory Technician,Monitoring,3.0
243,Research & Development,Laboratory Technician,Electronic Medical Record (EMR),3.0
243,Research & Development,Laboratory Technician,Email,3.0
243,Research & Development,Laboratory Technician,Active Learning,3.0
243,Research & Development,Laboratory Technician,Writing,3.0
244,Sales,Sales Executive,Microsoft Office,4.5
244,Sales,Sales Executive,Adobe Creative Cloud,3.5
244,Sales,Sales Executive,Adobe Acrobat,3.5
244,Sales,Sales Executive,Adobe Photoshop,3.5
244,Sales,Sales Executive,Monitoring,3.12
245,Research & Development,Laboratory Technician,Reading Comprehension,3.75
245,Research & Development,Laboratory Technician,Active Listening,3.62
245,Research & Development,Laboratory Technician,Microsoft PowerPoint,3.5
245,Research & Development,Laboratory Technician,Google Docs,3.5
245,Research & Development,Laboratory Technician,Microsoft Outlook,3.5
245,Research & Development,Laboratory Technician,Critical Thinking,3.25
245,Research & Development,Laboratory Technician,Monitoring,3.0
245,Research & Development,Laboratory Technician,Electronic Medical Record (EMR),3.0
245,Research & Development,Laboratory Technician,Science,3.0
245,Research & Development,Laboratory Technician,Active Learning,3.0
245,Research & Development,Laboratory Technician,Writing,3.0
246,Research & Development,Research Scientist,Microsoft Excel,4.5
246,Research & Development,Research Scientist,R,4.5
246,Research & Development,Research Scientist,Microsoft Office,4.5
246,Research & Development,Research Scientist,Science,4.12
246,Research & Development,Research Scientist,Speaking,4.12
246,Research & Development,Research Scientist,Active Learning,4.12
246,Research & Development,Research Scientist,Critical Thinking,4.0
246,Research & Development,Research Scientist,Reading Comprehension,4.0
246,Research & Development,Research Scientist,Active Listening,4.0
246,Research & Development,Research Scientist,MATLAB,3.5
246,Research & Development,Research Scientist,IBM SPSS Statistics,3.5
246,Research & Development,Research Scientist,ESRI ArcGIS,3.5
246,Research & Development,Research Scientist,SAS,3.5
246,Research & Development,Research Scientist,Adobe Photoshop,3.5
247,Research & Development,Research Scientist,Science,4.12
247,Research & Development,Research Scientist,Critical Thinking,4.0
247,Research & Development,Research Scientist,Reading Comprehension,4.0
247,Research & Development,Research Scientist,MATLAB,3.5
247,Research & Development,Research Scientist,IBM SPSS Statistics,3.5
247,Research & Development,Research Scientist,ESRI ArcGIS,3.5
247,Research & Development,Research Scientist,Python,3.5
247,Research & Development,Research Scientist,Adobe Photoshop,3.5
247,Research & Development,Research Scientist,Microsoft Project,3.5
248,Sales,Sales Representative,Microsoft Office,4.5
248,Sales,Sales Representative,Speaking,3.88
248,Sales,Sales Representative,Reading Comprehension,3.62
248,Sales,Sales Representative,IBM SPSS Statistics,3.5
248,Sales,Sales Representative,Microsoft PowerPoint,3.5
248,Sales,Sales Representative,Microsoft Word,3.5
248,Sales,Sales Representative,HubSpot,3.5
248,Sales,Sales Representative,Microsoft Outlook,3.5
248,Sales,Sales Representative,Microsoft Project,3.5
248,Sales,Sales Representative,Active Learning,3.38
248,Sales,Sales Representative,Mathematics,2.62
249,Research & Development,Laboratory Technician,Microsoft Office,4.5
249,Research & Development,Laboratory Technician,Reading Comprehension,3.75
249,Research & Development,Laboratory Technician,SAP,3.5
249,Research & Development,Laboratory Technician,Microsoft PowerPoint,3.5
249,Research & Development,Laboratory Technician,Microsoft Outlook,3.5
249,Research & Development,Laboratory Technician,Critical Thinking,3.25
249,Research & Development,Laboratory Technician,Monitoring,3.0
249,Research & Development,Laboratory Technician,Electronic Medical Record (EMR),3.0
249,Research & Development,Laboratory Technician,Science,3.0
249,Research & Development,Laboratory Technician,Email,3.0
249,Research & Development,Laboratory Technician,Active Learning,3.0
249,Research & Development,Laboratory Technician,Writing,3.0
250,Research & Development,Manufacturing Director,SAP,4.5
250,Research & Development,Manufacturing Director,Microsoft PowerPoint,4.5
250,Research & Development,Manufacturing Director,Microsoft Excel,4.5
250,Research & Development,Manufacturing Director,Microsoft Office,4.5
250,Research & Development,Manufacturing Director,Reading Comprehension,3.88
250,Research & Development,Manufacturing Director,Active Learning,3.62
250,Research & Development,Manufacturing Director,Adobe After Effects,3.5
250,Research & Development,Manufacturing Director,Adobe InDesign,3.5
250,Research & Development,Manufacturing Director,Adobe Acrobat,3.5
250,Research & Development,Manufacturing Director,Adobe Photoshop,3.5
250,Research & Development,Manufacturing Director,Writing,3.38
252,Research & Development,Research Scientist,R,4.5
252,Research & Development,Research Scientist,Science,4.12
252,Research & Development,Research Scientist,Active Learning,4.12
252,Research & Development,Research Scientist,Critical Thinking,4.0
252,Research & Development,Research Scientist,Reading Comprehension,4.0
252,Research & Development,Research Scientist,Mathematics,3.62
252,Research & Development,Research Scientist,MATLAB,3.5
252,Research & Development,Research Scientist,IBM SPSS Statistics,3.5
252,Research & Development,Research Scientist,SAS,3.5
252,Research & Development,Research Scientist,Adobe Photoshop,3.5
252,Research & Development,Research Scientist,Microsoft Project,3.5
253,Research & Development,Manager,Microsoft PowerPoint,4.5
253,Research & Development,Manager,Microsoft Office,4.5
253,Research & Development,Manager,Monitoring,4.0
253,Research & Development,Manager,Active Listening,4.0
253,Research & Development,Manager,Critical Thinking,3.88
253,Research & Development,Manager,Apple macOS,3.5
253,Research & Development,Manager,Google Analytics,3.5
253,Research & Development,Manager,Atlassian Confluence,3.5
253,Research & Development,Manager,Adobe Acrobat,3.5
253,Research & Development,Manager,Writing,3.5
253,Research & Development,Manager,Adobe Photoshop,3.5
253,Research & Development,Manager,Autodesk AutoCAD,3.5
253,Research & Development,Manager,Learning Strategies,3.0
254,Research & Development,Research Director,Reading Comprehension,4.0
254,Research & Development,Research Director,Active Listening,4.0
254,Research & Development,Research Director,Microsoft SharePoint,3.5
254,Research & Development,Research Director,Microsoft Visio,3.5
254,Research & Development,Research Director,Microsoft Access,3.5
256,Research & Development,Manufacturing Director,Microsoft PowerPoint,4.5
256,Research & Development,Manufacturing Director,Microsoft Outlook,4.5
256,Research & Development,Manufacturing Director,Monitoring,4.0
256,Research & Development,Manufacturing Director,Active Listening,3.88
256,Research & Development,Manufacturing Director,Learning Strategies,3.75
256,Research & Development,Manufacturing Director,Active Learning,3.62
256,Research & Development,Manufacturing Director,Adobe After Effects,3.5
256,Research & Development,Manufacturing Director,Adobe InDesign,3.5
256,Research & Development,Manufacturing Director,Adobe Acrobat,3.5
256,Research & Development,Manufacturing Director,Writing,3.38
258,Research & Development,Healthcare Representative,Microsoft Excel,4.5
258,Research & Development,Healthcare Representative,Microsoft Office,4.5
258,Research & Development,Healthcare Representative,Microsoft Outlook,4.5
258,Research & Development,Healthcare Representative,Speaking,4.25
258,Research & Development,Healthcare Representative,Active Listening,4.12
258,Research & Development,Healthcare Representative,Google Workspace,3.5
258,Research & Development,Healthcare Representative,Microsoft Azure,3.5
258,Research & Development,Healthcare Representative,Active Learning,3.5
258,Research & Development,Healthcare Representative,Microsoft Access,3.5
258,Research & Development,Healthcare Representative,Critical Thinking,3.38
258,Research & Development,Healthcare Representative,Writing,3.38
259,Research & Development,Manager,Monitoring,4.0
259,Research & Development,Manager,Learning Strategies,3.0
260,Research & Development,Research Scientist,Microsoft Excel,4.5
260,Research & Development,Research Scientist,Microsoft Office,4.5
260,Research & Development,Research Scientist,Science,4.12
260,Research & Development,Research Scientist,Speaking,4.12
260,Research & Development,Research Scientist,Critical Thinking,4.0
260,Research & Development,Research Scientist,Active Listening,4.0
260,Research & Development,Research Scientist,Mathematics,3.62
260,Research & Development,Research Scientist,IBM SPSS Statistics,3.5
260,Research & Development,Research Scientist,Microsoft Project,3.5
260,Research & Development,Research Scientist,SAS,3.5
260,Research & Development,Research Scientist,Adobe Photoshop,3.5
261,Research & Development,Manufacturing Director,SAP,4.5
261,Research & Development,Manufacturing Director,Microsoft Excel,4.5
261,Research & Development,Manufacturing Director,Microsoft Office,4.5
261,Research & Development,Manufacturing Director,Microsoft Outlook,4.5
261,Research & Development,Manufacturing Director,Monitoring,4.0
261,Research & Development,Manufacturing Director,Critical Thinking,4.0
261,Research & Development,Manufacturing Director,Speaking,4.0
261,Research & Development,Manufacturing Director,Learning Strategies,3.75
261,Research & Development,Manufacturing Director,Adobe Acrobat,3.5
261,Research & Development,Manufacturing Director,Adobe Photoshop,3.5
261,Research & Development,Manufacturing Director,Autodesk AutoCAD,3.5
261,Research & Development,Manufacturing Director,Writing,3.38
262,Research & Development,Research Scientist,R,4.5
262,Research & Development,Research Scientist,Microsoft Office,4.5
262,Research & Development,Research Scientist,Writing,4.25
262,Research & Development,Research Scientist,Science,4.12
262,Research & Development,Research Scientist,Speaking,4.12
262,Research & Development,Research Scientist,Critical Thinking,4.0
262,Research & Development,Research Scientist,Active Listening,4.0
262,Research & Development,Research Scientist,MATLAB,3.5
262,Research & Development,Research Scientist,Microsoft Project,3.5
262,Research & Development,Research Scientist,IBM SPSS Statistics,3.5
262,Research & Development,Research Scientist,ESRI ArcGIS,3.5
262,Research & Development,Research Scientist,Python,3.5
264,Research & Development,Manager,Microsoft Office,4.5
264,Research & Development,Manager,Monitoring,4.0
264,Research & Development,Manager,Reading Comprehension,4.0
264,Research & Development,Manager,Critical Thinking,3.88
264,Research & Development,Manager,Active Learning,3.62
264,Research & Development,Manager,Apple macOS,3.5
264,Research & Development,Manager,Atlassian JIRA,3.5
264,Research & Development,Manager,Atlassian Confluence,3.5
264,Research & Development,Manager,Google Analytics,3.5
264,Research & Development,Manager,Adobe Acrobat,3.5
264,Research & Development,Manager,Autodesk AutoCAD,3.5
264,Research & Development,Manager,Learning Strategies,3.0
267,Research & Development,Research Scientist,Microsoft Excel,4.5
267,Research & Development,Research Scientist,R,4.5
267,Research & Development,Research Scientist,Microsoft Office,4.5
267,Research & Development,Research Scientist,Writing,4.25
267,Research & Development,Research Scientist,Speaking,4.12
267,Research & Development,Research Scientist,Active Learning,4.12
267,Research & Development,Research Scientist,Critical Thinking,4.0
267,Research & Development,Research Scientist,Reading Comprehension,4.0
267,Research & Development,Research Scientist,Mathematics,3.62
267,Research & Development,Research Scientist,MATLAB,3.5
267,Research & Development,Research Scientist,IBM SPSS Statistics,3.5
267,Research & Development,Research Scientist,Adobe Photoshop,3.5
269,Research & Development,Laboratory Technician,Reading Comprehension,3.75
269,Research & Development,Laboratory Technician,SAP,3.5
269,Research & Development,Laboratory Technician,MEDITECH,3.5
269,Research & Development,Laboratory Technician,Google Docs,3.5
269,Research & Development,Laboratory Technician,Microsoft Outlook,3.5
269,Research & Development,Laboratory Technician,Critical Thinking,3.25
269,Research & Development,Laboratory Technician,Monitoring,3.0
269,Research & Development,Laboratory Technician,Electronic Medical Record (EMR),3.0
269,Research & Development,Laboratory Technician,Email,3.0
270,Research & Development,Manufacturing Director,SAP,4.5
270,Research & Development,Manufacturing Director,Microsoft Office,4.5
270,Research & Development,Manufacturing Director,Speaking,4.0
270,Research & Development,Manufacturing Director,Learning Strategies,3.75
270,Research & Development,Manufacturing Director,Adobe InDesign,3.5
270,Research & Development,Manufacturing Director,Adobe Acrobat,3.5
270,Research & Development,Manufacturing Director,Autodesk AutoCAD,3.5
270,Research & Development,Manufacturing Director,Writing,3.38
271,Research & Development,Manufacturing Director,SAP,4.5
271,Research & Development,Manufacturing Director,Microsoft Office,4.5
271,Research & Development,Manufacturing Director,Microsoft Outlook,4.5
271,Research & Development,Manufacturing Director,Monitoring,4.0
271,Research & Development,Manufacturing Director,Reading Comprehension,3.88
271,Research & Development,Manufacturing Director,Learning Strategies,3.75
271,Research & Development,Manufacturing Director,Active Learning,3.62
271,Research & Development,Manufacturing Director,Adobe After Effects,3.5
271,Research & Development,Manufacturing Director,Adobe Acrobat,3.5
271,Research & Development,Manufacturing Director,Autodesk AutoCAD,3.5
273,Research & Development,Manufacturing Director,Monitoring,4.0
273,Research & Development,Manufacturing Director,Speaking,4.0
273,Research & Development,Manufacturing Director,Reading Comprehension,3.88
273,Research & Development,Manufacturing Director,Active Listening,3.88
273,Research & Development,Manufacturing Director,Active Learning,3.62
273,Research & Development,Manufacturing Director,Adobe InDesign,3.5
274,Research & Development,Manufacturing Director,SAP,4.5
274,Research & Development,Manufacturing Director,Microsoft PowerPoint,4.5
274,Research & Development,Manufacturing Director,Microsoft Excel,4.5
274,Research & Development,Manufacturing Director,Microsoft Office,4.5
274,Research & Development,Manufacturing Director,Microsoft Outlook,4.5
274,Research & Development,Manufacturing Director,Critical Thinking,4.0
274,Research & Development,Manufacturing Director,Speaking,4.0
274,Research & Development,Manufacturing Director,Reading Comprehension,3.88
274,Research & Development,Manufacturing Director,Active Listening,3.88
274,Research & Development,Manufacturing Director,Active Learning,3.62
274,Research & Development,Manufacturing Director,Adobe After Effects,3.5
274,Research & Development,Manufacturing Director,Adobe InDesign,3.5
274,Research & Development,Manufacturing Director,Adobe Acrobat,3.5
274,Research & Development,Manufacturing Director,Adobe Photoshop,3.5
274,Research & Development,Manufacturing Director,Autodesk AutoCAD,3.5
274,Research & Development,Manufacturing Director,Writing,3.38
275,Research & Development,Manufacturing Director,Microsoft PowerPoint,4.5
275,Research & Development,Manufacturing Director,Microsoft Excel,4.5
275,Research & Development,Manufacturing Director,Monitoring,4.0
275,Research & Development,Manufacturing Director,Critical Thinking,4.0
275,Research & Development,Manufacturing Director,Reading Comprehension,3.88
275,Research & Development,Manufacturing Director,Active Listening,3.88
275,Research & Development,Manufacturing Director,Learning Strategies,3.75
275,Research & Development,Manufacturing Director,Active Learning,3.62
275,Research & Development,Manufacturing Director,Adobe InDesign,3.5
275,Research & Development,Manufacturing Director,Adobe Acrobat,3.5
275,Research & Development,Manufacturing Director,Autodesk AutoCAD,3.5
277,Research & Development,Research Scientist,R,4.5
277,Research & Development,Research Scientist,Microsoft Office,4.5
277,Research & Development,Research Scientist,Speaking,4.12
277,Research & Development,Research Scientist,Reading Comprehension,4.0
277,Research & Development,Research Scientist,Mathematics,3.62
277,Research & Development,Research Scientist,IBM SPSS Statistics,3.5
277,Research & Development,Research Scientist,ESRI ArcGIS,3.5
277,Research & Development,Research Scientist,SAS,3.5
277,Research & Development,Research Scientist,Python,3.5
277,Research & Development,Research Scientist,Adobe Photoshop,3.5
277,Research & Development,Research Scientist,Microsoft Project,3.5
281,Research & Development,Laboratory Technician,Microsoft Excel,4.5
281,Research & Development,Laboratory Technician,Reading Comprehension,3.75
281,Research & Development,Laboratory Technician,Active Listening,3.62
281,Research & Development,Laboratory Technician,SAP,3.5
281,Research & Development,Laboratory Technician,Microsoft PowerPoint,3.5
281,Research & Development,Laboratory Technician,Microsoft Word,3.5
281,Research & Development,Laboratory Technician,MEDITECH,3.5
281,Research & Development,Laboratory Technician,Microsoft Outlook,3.5
281,Research & Development,Laboratory Technician,Critical Thinking,3.25
281,Research & Development,Laboratory Technician,Monitoring,3.0
281,Research & Development,Laboratory Technician,Science,3.0
281,Research & Development,Laboratory Technician,Email,3.0
281,Research & Development,Laboratory Technician,Active Learning,3.0
281,Research & Development,Laboratory Technician,Writing,3.0
282,Research & Development,Healthcare Representative,Microsoft Excel,4.5
282,Research & Development,Healthcare Representative,Microsoft Office,4.5
282,Research & Development,Healthcare Representative,Salesforce,4.5
282,Research & Development,Healthcare Representative,Microsoft Outlook,4.5
282,Research & Development,Healthcare Representative,Active Listening,4.12
282,Research & Development,Healthcare Representative,Microsoft Azure,3.5
282,Research & Development,Healthcare Representative,Apache Hadoop,3.5
282,Research & Development,Healthcare Representative,Active Learning,3.5
282,Research & Development,Healthcare Representative,Microsoft Access,3.5
282,Research & Development,Healthcare Representative,Writing,3.38
282,Research & Development,Healthcare Representative,Monitoring,3.12
283,Sales,Sales Executive,Speaking,4.0
283,Sales,Sales Executive,Active Listening,4.0
283,Sales,Sales Executive,Adobe InDesign,3.5
283,Sales,Sales Executive,Critical Thinking,3.5
283,Sales,Sales Executive,Adobe Illustrator,3.5
283,Sales,Sales Executive,Adobe Photoshop,3.5
283,Sales,Sales Executive,Reading Comprehension,3.38
283,Sales,Sales Executive,Monitoring,3.12
283,Sales,Sales Executive,Active Learning,3.12
284,Research & Development,Research Scientist,Microsoft Excel,4.5
284,Research & Development,Research Scientist,R,4.5
284,Research & Development,Research Scientist,Microsoft Office,4.5
284,Research & Development,Research Scientist,Writing,4.25
284,Research & Development,Research Scientist,Active Learning,4.12
284,Research & Development,Research Scientist,Critical Thinking,4.0
284,Research & Development,Research Scientist,Reading Comprehension,4.0
284,Research & Development,Research Scientist,Active Listening,4.0
284,Research & Development,Research Scientist,MATLAB,3.5
284,Research & Development,Research Scientist,ESRI ArcGIS,3.5
284,Research & Development,Research Scientist,Python,3.5
286,Research & Development,Laboratory Technician,Reading Comprehension,3.75
286,Research & Development,Laboratory Technician,Active Listening,3.62
286,Research & Development,Laboratory Technician,SAP,3.5
286,Research & Development,Laboratory Technician,Microsoft PowerPoint,3.5
286,Research & Development,Laboratory Technician,Microsoft Word,3.5
286,Research & Development,Laboratory Technician,MEDITECH,3.5
286,Research & Development,Laboratory Technician,Critical Thinking,3.25
286,Research & Development,Laboratory Technician,Speaking,3.12
286,Research & Development,Laboratory Technician,Monitoring,3.0
286,Research & Development,Laboratory Technician,Electronic Medical Record (EMR),3.0
286,Research & Development,Laboratory Technician,Science,3.0
286,Research & Development,Laboratory Technician,Email,3.0
286,Research & Development,Laboratory Technician,Active Learning,3.0
286,Research & Development,Laboratory Technician,Writing,3.0
287,Research & Development,Healthcare Representative,Microsoft Office,4.5
287,Research & Development,Healthcare Representative,Salesforce,4.5
287,Research & Development,Healthcare Representative,Active Listening,4.12
287,Research & Development,Healthcare Representative,Reading Comprehension,3.75
287,Research & Development,Healthcare Representative,Linux,3.5
287,Research & Development,Healthcare Representative,Apache Hadoop,3.5
287,Research & Development,Healthcare Representative,Active Learning,3.5
287,Research & Development,Healthcare Representative,Microsoft Access,3.5
287,Research & Development,Healthcare Representative,Amazon Web Services (AWS),3.5
287,Research & Development,Healthcare Representative,Writing,3.38
287,Research & Development,Healthcare Representative,Monitoring,3.12
287,Research & Development,Healthcare Representative,Mathematics,2.88
288,Research & Development,Healthcare Representative,Salesforce,4.5
288,Research & Development,Healthcare Representative,Active Listening,4.12
288,Research & Development,Healthcare Representative,Microsoft Azure,3.5
288,Research & Development,Healthcare Representative,Linux,3.5
288,Research & Development,Healthcare Representative,Apache Hadoop,3.5
288,Research & Development,Healthcare Representative,Active Learning,3.5
288,Research & Development,Healthcare Representative,Writing,3.38
288,Research & Development,Healthcare Representative,Monitoring,3.12
288,Research & Development,Healthcare Representative,Mathematics,2.88
291,Sales,Sales Executive,Microsoft PowerPoint,4.5
291,Sales,Sales Executive,Microsoft Excel,4.5
291,Sales,Sales Executive,Microsoft Outlook,4.5
291,Sales,Sales Executive,Adobe Creative Cloud,3.5
291,Sales,Sales Executive,Critical Thinking,3.5
291,Sales,Sales Executive,Adobe Photoshop,3.5
291,Sales,Sales Executive,Writing,3.25
291,Sales,Sales Executive,Monitoring,3.12
291,Sales,Sales Executive,Active Learning,3.12
292,Research & Development,Manufacturing Director,SAP,4.5
292,Research & Development,Manufacturing Director,Microsoft Office,4.5
292,Research & Development,Manufacturing Director,Microsoft Outlook,4.5
292,Research & Development,Manufacturing Director,Critical Thinking,4.0
292,Research & Development,Manufacturing Director,Reading Comprehension,3.88
292,Research & Development,Manufacturing Director,Active Listening,3.88
292,Research & Development,Manufacturing Director,Learning Strategies,3.75
292,Research & Development,Manufacturing Director,Adobe After Effects,3.5
292,Research & Development,Manufacturing Director,Adobe InDesign,3.5
292,Research & Development,Manufacturing Director,Adobe Photoshop,3.5
292,Research & Development,Manufacturing Director,Writing,3.38
293,Sales,Sales Executive,Microsoft PowerPoint,4.5
293,Sales,Sales Executive,Microsoft Excel,4.5
293,Sales,Sales Executive,Microsoft Office,4.5
293,Sales,Sales Executive,Salesforce,4.5
293,Sales,Sales Executive,Active Listening,4.0
293,Sales,Sales Executive,Adobe Creative Cloud,3.5
293,Sales,Sales Executive,Adobe Acrobat,3.5
293,Sales,Sales Executive,Adobe Photoshop,3.5
293,Sales,Sales Executive,Reading Comprehension,3.38
293,Sales,Sales Executive,Active Learning,3.12
293,Sales,Sales Executive,Mathematics,2.25
296,Research & Development,Research Director,Microsoft PowerPoint,4.5
296,Research & Development,Research Director,Microsoft Excel,4.5
296,Research & Development,Research Director,Microsoft Office,4.5
296,Research & Development,Research Director,Monitoring,4.0
296,Research & Development,Research Director,Speaking,3.88
296,Research & Development,Research Director,Microsoft SharePoint,3.5
296,Research & Development,Research Director,ESRI ArcGIS,3.5
296,Research & Development,Research Director,Active Learning,3.5
296,Research & Development,Research Director,Microsoft Project,3.5
297,Research & Development,Research Scientist,R,4.5
297,Research & Development,Research Scientist,Writing,4.25
297,Research & Development,Research Scientist,Science,4.12
297,Research & Development,Research Scientist,Speaking,4.12
297,Research & Development,Research Scientist,Active Learning,4.12
297,Research & Development,Research Scientist,Critical Thinking,4.0
297,Research & Development,Research Scientist,Reading Comprehension,4.0
297,Research & Development,Research Scientist,MATLAB,3.5
297,Research & Development,Research Scientist,IBM SPSS Statistics,3.5
297,Research & Development,Research Scientist,SAS,3.5
297,Research & Development,Research Scientist,Python,3.5
298,Sales,Manager,Microsoft PowerPoint,4.5
298,Sales,Manager,Microsoft Excel,4.5
298,Sales,Manager,Active Listening,4.0
298,Sales,Manager,Critical Thinking,3.88
298,Sales,Manager,Active Learning,3.62
298,Sales,Manager,Apple macOS,3.5
298,Sales,Manager,Atlassian JIRA,3.5
298,Sales,Manager,Atlassian Confluence,3.5
298,Sales,Manager,Writing,3.5
298,Sales,Manager,Adobe Photoshop,3.5
298,Sales,Manager,Autodesk AutoCAD,3.5
298,Sales,Manager,Learning Strategies,3.0
299,Sales,Sales Executive,Microsoft PowerPoint,4.5
299,Sales,Sales Executive,Microsoft Office,4.5
299,Sales,Sales Executive,Microsoft Outlook,4.5
299,Sales,Sales Executive,Speaking,4.0
299,Sales,Sales Executive,Adobe Acrobat,3.5
299,Sales,Sales Executive,Adobe Photoshop,3.5
299,Sales,Sales Executive,Writing,3.25
299,Sales,Sales Executive,Monitoring,3.12
299,Sales,Sales Executive,Mathematics,2.25
300,Research & Development,Research Scientist,R,4.5
300,Research & Development,Research Scientist,Science,4.12
300,Research & Development,Research Scientist,Active Learning,4.12
300,Research & Development,Research Scientist,Critical Thinking,4.0
300,Research & Development,Research Scientist,Reading Comprehension,4.0
300,Research & Development,Research Scientist,ESRI ArcGIS,3.5
300,Research & Development,Research Scientist,SAS,3.5
300,Research & Development,Research Scientist,Adobe Photoshop,3.5
300,Research & Development,Research Scientist,Microsoft Project,3.5
302,Sales,Sales Executive,Microsoft Excel,4.5
302,Sales,Sales Executive,Adobe Creative Cloud,3.5
302,Sales,Sales Executive,Critical Thinking,3.5
302,Sales,Sales Executive,Adobe Acrobat,3.5
302,Sales,Sales Executive,Adobe Illustrator,3.5
302,Sales,Sales Executive,Adobe Photoshop,3.5
302,Sales,Sales Executive,Monitoring,3.12
303,Sales,Sales Executive,Microsoft Excel,4.5
303,Sales,Sales Executive,Salesforce,4.5
303,Sales,Sales Executive,Speaking,4.0
303,Sales,Sales Executive,Adobe Photoshop,3.5
304,Research & Development,Laboratory Technician,Microsoft Excel,4.5
304,Research & Development,Laboratory Technician,Reading Comprehension,3.75
304,Research & Development,Laboratory Technician,Active Listening,3.62
304,Research & Development,Laboratory Technician,Microsoft PowerPoint,3.5
304,Research & Development,Laboratory Technician,Microsoft Word,3.5
304,Research & Development,Laboratory Technician,MEDITECH,3.5
304,Research & Development,Laboratory Technician,Critical Thinking,3.25
304,Research & Development,Laboratory Technician,Monitoring,3.0
304,Research & Development,Laboratory Technician,Electronic Medical Record (EMR),3.0
304,Research & Development,Laboratory Technician,Email,3.0
304,Research & Development,Laboratory Technician,Active Learning,3.0
304,Research & Development,Laboratory Technician,Writing,3.0
305,Research & Development,Research Scientist,Science,4.12
305,Research & Development,Research Scientist,Speaking,4.12
305,Research & Development,Research Scientist,Active Learning,4.12
305,Research & Development,Research Scientist,Critical Thinking,4.0
305,Research & Development,Research Scientist,Reading Comprehension,4.0
305,Research & Development,Research Scientist,Active Listening,4.0
305,Research & Development,Research Scientist,Mathematics,3.62
305,Research & Development,Research Scientist,MATLAB,3.5
305,Research & Development,Research Scientist,Microsoft Project,3.5
305,Research & Development,Research Scientist,IBM SPSS Statistics,3.5
306,Research & Development,Research Director,Microsoft PowerPoint,4.5
306,Research & Development,Research Director,Microsoft Office,4.5
306,Research & Development,Research Director,Monitoring,4.0
306,Research & Development,Research Director,Critical Thinking,4.0
306,Research & Development,Research Director,Speaking,3.88
306,Research & Development,Research Director,Microsoft SharePoint,3.5
306,Research & Development,Research Director,Microsoft Visio,3.5
306,Research & Development,Research Director,Microsoft Access,3.5
307,Sales,Sales Executive,Microsoft PowerPoint,4.5
307,Sales,Sales Executive,Microsoft Excel,4.5
307,Sales,Sales Executive,Salesforce,4.5
307,Sales,Sales Executive,Active Listening,4.0
307,Sales,Sales Executive,Adobe Creative Cloud,3.5
307,Sales,Sales Executive,Adobe InDesign,3.5
307,Sales,Sales Executive,Adobe Acrobat,3.5
307,Sales,Sales Executive,Adobe Illustrator,3.5
307,Sales,Sales Executive,Reading Comprehension,3.38
307,Sales,Sales Executive,Mathematics,2.25
308,Research & Development,Manufacturing Director,SAP,4.5
308,Research & Development,Manufacturing Director,Microsoft PowerPoint,4.5
308,Research & Development,Manufacturing Director,Microsoft Office,4.5
308,Research & Development,Manufacturing Director,Monitoring,4.0
308,Research & Development,Manufacturing Director,Active Learning,3.62
308,Research & Development,Manufacturing Director,Adobe Acrobat,3.5
308,Research & Development,Manufacturing Director,Autodesk AutoCAD,3.5
309,Research & Development,Research Scientist,R,4.5
309,Research & Development,Research Scientist,Microsoft Office,4.5
309,Research & Development,Research Scientist,Writing,4.25
309,Research & Development,Research Scientist,Science,4.12
309,Research & Development,Research Scientist,Speaking,4.12
309,Research & Development,Research Scientist,Active Learning,4.12
309,Research & Development,Research Scientist,Reading Comprehension,4.0
309,Research & Development,Research Scientist,Active Listening,4.0
309,Research & Development,Research Scientist,Mathematics,3.62
309,Research & Development,Research Scientist,Microsoft Project,3.5
309,Research & Development,Research Scientist,IBM SPSS Statistics,3.5
309,Research & Development,Research Scientist,SAS,3.5
309,Research & Development,Research Scientist,Python,3.5
311,Sales,Sales Representative,Salesforce,4.5
311,Sales,Sales Representative,Speaking,3.88
311,Sales,Sales Representative,Active Listening,3.88
311,Sales,Sales Representative,Microsoft Project,3.5
311,Sales,Sales Representative,IBM SPSS Statistics,3.5
311,Sales,Sales Representative,Microsoft PowerPoint,3.5
311,Sales,Sales Representative,Apple macOS,3.5
311,Sales,Sales Representative,Microsoft Word,3.5
311,Sales,Sales Representative,Microsoft Outlook,3.5
311,Sales,Sales Representative,Writing,3.38
311,Sales,Sales Representative,Monitoring,3.12
311,Sales,Sales Representative,Mathematics,2.62
312,Sales,Sales Executive,Microsoft PowerPoint,4.5
312,Sales,Sales Executive,Microsoft Excel,4.5
312,Sales,Sales Executive,Microsoft Office,4.5
312,Sales,Sales Executive,Salesforce,4.5
312,Sales,Sales Executive,Microsoft Outlook,4.5
312,Sales,Sales Executive,Active Listening,4.0
312,Sales,Sales Executive,Speaking,4.0
312,Sales,Sales Executive,Adobe InDesign,3.5
312,Sales,Sales Executive,Critical Thinking,3.5
312,Sales,Sales Executive,Adobe Acrobat,3.5
312,Sales,Sales Executive,Adobe Photoshop,3.5
312,Sales,Sales Executive,Adobe Illustrator,3.5
312,Sales,Sales Executive,Active Learning,3.12
312,Sales,Sales Executive,Mathematics,2.25
314,Sales,Sales Executive,Microsoft Excel,4.5
314,Sales,Sales Executive,Microsoft Outlook,4.5
314,Sales,Sales Executive,Active Listening,4.0
314,Sales,Sales Executive,Speaking,4.0
314,Sales,Sales Executive,Adobe Creative Cloud,3.5
314,Sales,Sales Executive,Critical Thinking,3.5
314,Sales,Sales Executive,Adobe Photoshop,3.5
314,Sales,Sales Executive,Adobe Illustrator,3.5
314,Sales,Sales Executive,Monitoring,3.12
314,Sales,Sales Executive,Active Learning,3.12
314,Sales,Sales Executive,Mathematics,2.25
315,Research & Development,Research Scientist,Microsoft Office,4.5
315,Research & Development,Research Scientist,Writing,4.25
315,Research & Development,Research Scientist,Science,4.12
315,Research & Development,Research Scientist,Speaking,4.12
315,Research & Development,Research Scientist,Critical Thinking,4.0
315,Research & Development,Research Scientist,Reading Comprehension,4.0
315,Research & Development,Research Scientist,MATLAB,3.5
315,Research & Development,Research Scientist,IBM SPSS Statistics,3.5
315,Research & Development,Research Scientist,Adobe Photoshop,3.5
315,Research & Development,Research Scientist,Microsoft Project,3.5
316,Research & Development,Laboratory Technician,Microsoft Excel,4.5
316,Research & Development,Laboratory Technician,Microsoft Office,4.5
316,Research & Development,Laboratory Technician,Reading Comprehension,3.75
316,Research & Development,Laboratory Technician,SAP,3.5
316,Research & Development,Laboratory Technician,Microsoft Word,3.5
316,Research & Development,Laboratory Technician,Microsoft Outlook,3.5
316,Research & Development,Laboratory Technician,Speaking,3.12
316,Research & Development,Laboratory Technician,Monitoring,3.0
316,Research & Development,Laboratory Technician,Electronic Medical Record (EMR),3.0
316,Research & Development,Laboratory Technician,Science,3.0
316,Research & Development,Laboratory Technician,Email,3.0
316,Research & Development,Laboratory Technician,Active Learning,3.0
316,Research & Development,Laboratory Technician,Writing,3.0
319,Research & Development,Manager,Microsoft PowerPoint,4.5
319,Research & Development,Manager,Speaking,4.0
319,Research & Development,Manager,Active Listening,4.0
319,Research & Development,Manager,Critical Thinking,3.88
319,Research & Development,Manager,Active Learning,3.62
319,Research & Development,Manager,Apple macOS,3.5
319,Research & Development,Manager,Google Analytics,3.5
319,Research & Development,Manager,Atlassian Confluence,3.5
319,Research & Development,Manager,Writing,3.5
319,Research & Development,Manager,Autodesk AutoCAD,3.5
319,Research & Development,Manager,Learning Strategies,3.0
321,Human Resources,Human Resources,Microsoft Excel,4.5
321,Human Resources,Human Resources,Workday,4.5
321,Human Resources,Human Resources,Microsoft Outlook,4.5
321,Human Resources,Human Resources,Applicant Tracking System (ATS),4.0
321,Human Resources,Human Resources,Reading Comprehension,4.0
321,Human Resources,Human Resources,Critical Thinking,3.88
321,Human Resources,Human Resources,Writing,3.88
321,Human Resources,Human Resources,Adobe Acrobat,3.5
321,Human Resources,Human Resources,Cisco Webex,3.5
321,Human Resources,Human Resources,Active Learning,3.25
321,Human Resources,Human Resources,Learning Strategies,3.0
323,Sales,Manager,Microsoft PowerPoint,4.5
323,Sales,Manager,Microsoft Office,4.5
323,Sales,Manager,Monitoring,4.0
323,Sales,Manager,Speaking,4.0
323,Sales,Manager,Critical Thinking,3.88
323,Sales,Manager,Active Learning,3.62
323,Sales,Manager,Apple macOS,3.5
323,Sales,Manager,Google Analytics,3.5
323,Sales,Manager,Atlassian Confluence,3.5
323,Sales,Manager,Learning Strategies,3.0
325,Research & Development,Laboratory Technician,Microsoft Excel,4.5
325,Research & Development,Laboratory Technician,Microsoft Office,4.5
325,Research & Development,Laboratory Technician,SAP,3.5
325,Research & Development,Laboratory Technician,Microsoft Word,3.5
325,Research & Development,Laboratory Technician,MEDITECH,3.5
325,Research & Development,Laboratory Technician,Critical Thinking,3.25
325,Research & Development,Laboratory Technician,Speaking,3.12
325,Research & Development,Laboratory Technician,Monitoring,3.0
325,Research & Development,Laboratory Technician,Electronic Medical Record (EMR),3.0
325,Research & Development,Laboratory Technician,Science,3.0
325,Research & Development,Laboratory Technician,Writing,3.0
327,Sales,Manager,Microsoft Excel,4.5
327,Sales,Manager,Monitoring,4.0
327,Sales,Manager,Reading Comprehension,4.0
327,Sales,Manager,Critical Thinking,3.88
327,Sales,Manager,Active Learning,3.62
327,Sales,Manager,Apple macOS,3.5
327,Sales,Manager,Atlassian JIRA,3.5
327,Sales,Manager,Google Analytics,3.5
327,Sales,Manager,Atlassian Confluence,3.5
327,Sales,Manager,Writing,3.5
327,Sales,Manager,Autodesk AutoCAD,3.5
327,Sales,Manager,Learning Strategies,3.0
328,Research & Development,Laboratory Technician,Reading Comprehension,3.75
328,Research & Development,Laboratory Technician,Active Listening,3.62
328,Research & Development,Laboratory Technician,Microsoft Word,3.5
328,Research & Development,Laboratory Technician,Microsoft PowerPoint,3.5
328,Research & Development,Laboratory Technician,MEDITECH,3.5
328,Research & Development,Laboratory Technician,Critical Thinking,3.25
328,Research & Development,Laboratory Technician,Speaking,3.12
328,Research & Development,Laboratory Technician,Science,3.0
328,Research & Development,Laboratory Technician,Writing,3.0
329,Sales,Manager,Microsoft PowerPoint,4.5
329,Sales,Manager,Monitoring,4.0
329,Sales,Manager,Speaking,4.0
329,Sales,Manager,Atlassian Confluence,3.5
329,Sales,Manager,Google Analytics,3.5
329,Sales,Manager,Writing,3.5
329,Sales,Manager,Autodesk AutoCAD,3.5
329,Sales,Manager,Learning Strategies,3.0
330,Sales,Sales Representative,Speaking,3.88
330,Sales,Sales Representative,Active Listening,3.88
330,Sales,Sales Representative,Microsoft Project,3.5
330,Sales,Sales Representative,IBM SPSS Statistics,3.5
330,Sales,Sales Representative,Microsoft PowerPoint,3.5
330,Sales,Sales Representative,Microsoft Word,3.5
330,Sales,Sales Representative,Microsoft Outlook,3.5
330,Sales,Sales Representative,Critical Thinking,3.38
330,Sales,Sales Representative,Active Learning,3.38
330,Sales,Sales Representative,Writing,3.38
330,Sales,Sales Representative,Monitoring,3.12
330,Sales,Sales Representative,Mathematics,2.62
331,Research & Development,Laboratory Technician,Microsoft Office,4.5
331,Research & Development,Laboratory Technician,Reading Comprehension,3.75
331,Research & Development,Laboratory Technician,Active Listening,3.62
331,Research & Development,Laboratory Technician,Microsoft Word,3.5
331,Research & Development,Laboratory Technician,MEDITECH,3.5
331,Research & Development,Laboratory Technician,Google Docs,3.5
331,Research & Development,Laboratory Technician,Microsoft Outlook,3.5
331,Research & Development,Laboratory Technician,Speaking,3.12
331,Research & Development,Laboratory Technician,Electronic Medical Record (EMR),3.0
331,Research & Development,Laboratory Technician,Monitoring,3.0
331,Research & Development,Laboratory Technician,Email,3.0
331,Research & Development,Laboratory Technician,Active Learning,3.0
331,Research & Development,Laboratory Technician,Writing,3.0
332,Research & Development,Laboratory Technician,Microsoft Excel,4.5
332,Research & Development,Laboratory Technician,Microsoft Office,4.5
332,Research & Development,Laboratory Technician,Active Listening,3.62
332,Research & Development,Laboratory Technician,MEDITECH,3.5
332,Research & Development,Laboratory Technician,Google Docs,3.5
332,Research & Development,Laboratory Technician,Speaking,3.12
332,Research & Development,Laboratory Technician,Electronic Medical Record (EMR),3.0
332,Research & Development,Laboratory Technician,Monitoring,3.0
332,Research & Development,Laboratory Technician,Email,3.0
332,Research & Development,Laboratory Technician,Active Learning,3.0
332,Research & Development,Laboratory Technician,Writing,3.0
333,Sales,Sales Executive,Microsoft Excel,4.5
333,Sales,Sales Executive,Microsoft Office,4.5
333,Sales,Sales Executive,Microsoft Outlook,4.5
333,Sales,Sales Executive,Active Listening,4.0
333,Sales,Sales Executive,Adobe Creative Cloud,3.5
333,Sales,Sales Executive,Adobe InDesign,3.5
333,Sales,Sales Executive,Adobe Acrobat,3.5
333,Sales,Sales Executive,Adobe Photoshop,3.5
333,Sales,Sales Executive,Monitoring,3.12
333,Sales,Sales Executive,Mathematics,2.25
334,Research & Development,Research Scientist,Microsoft Excel,4.5
334,Research & Development,Research Scientist,R,4.5
334,Research & Development,Research Scientist,Speaking,4.12
334,Research & Development,Research Scientist,Critical Thinking,4.0
334,Research & Development,Research Scientist,Reading Comprehension,4.0
334,Research & Development,Research Scientist,Active Listening,4.0
334,Research & Development,Research Scientist,Mathematics,3.62
334,Research & Development,Research Scientist,Microsoft Project,3.5
334,Research & Development,Research Scientist,SAS,3.5
334,Research & Development,Research Scientist,Adobe Photoshop,3.5
335,Research & Development,Research Scientist,Microsoft Excel,4.5
335,Research & Development,Research Scientist,R,4.5
335,Research & Development,Research Scientist,Microsoft Office,4.5
335,Research & Development,Research Scientist,Writing,4.25
335,Research & Development,Research Scientist,Active Learning,4.12
335,Research & Development,Research Scientist,Critical Thinking,4.0
335,Research & Development,Research Scientist,Reading Comprehension,4.0
335,Research & Development,Research Scientist,Active Listening,4.0
335,Research & Development,Research Scientist,Mathematics,3.62
335,Research & Development,Research Scientist,Microsoft Project,3.5
335,Research & Development,Research Scientist,IBM SPSS Statistics,3.5
335,Research & Development,Research Scientist,SAS,3.5
335,Research & Development,Research Scientist,Python,3.5
336,Research & Development,Manager,Monitoring,4.0
336,Research & Development,Manager,Speaking,4.0
336,Research & Development,Manager,Active Learning,3.62
336,Research & Development,Manager,Atlassian Confluence,3.5
336,Research & Development,Manager,Adobe Acrobat,3.5
336,Research & Development,Manager,Autodesk AutoCAD,3.5
337,Research & Development,Research Director,Microsoft Excel,4.5
337,Research & Development,Research Director,Science,4.12
337,Research & Development,Research Director,Monitoring,4.0
337,Research & Development,Research Director,Active Listening,4.0
337,Research & Development,Research Director,Speaking,3.88
337,Research & Development,Research Director,Writing,3.88
337,Research & Development,Research Director,IBM SPSS Statistics,3.5
337,Research & Development,Research Director,ESRI ArcGIS,3.5
337,Research & Development,Research Director,Microsoft Visio,3.5
337,Research & Development,Research Director,Microsoft Access,3.5
338,Research & Development,Research Scientist,R,4.5
338,Research & Development,Research Scientist,Critical Thinking,4.0
338,Research & Development,Research Scientist,Reading Comprehension,4.0
338,Research & Development,Research Scientist,Mathematics,3.62
338,Research & Development,Research Scientist,IBM SPSS Statistics,3.5
338,Research & Development,Research Scientist,SAS,3.5
338,Research & Development,Research Scientist,Python,3.5
338,Research & Development,Research Scientist,Adobe Photoshop,3.5
338,Research & Development,Research Scientist,Microsoft Project,3.5
339,Research & Development,Manufacturing Director,Microsoft Outlook,4.5
339,Research & Development,Manufacturing Director,Monitoring,4.0
339,Research & Development,Manufacturing Director,Critical Thinking,4.0
339,Research & Development,Manufacturing Director,Speaking,4.0
339,Research & Development,Manufacturing Director,Active Learning,3.62
339,Research & Development,Manufacturing Director,Adobe After Effects,3.5
339,Research & Development,Manufacturing Director,Adobe InDesign,3.5
339,Research & Development,Manufacturing Director,Adobe Acrobat,3.5
339,Research & Development,Manufacturing Director,Autodesk AutoCAD,3.5
339,Research & Development,Manufacturing Director,Writing,3.38
340,Research & Development,Research Scientist,Microsoft Excel,4.5
340,Research & Development,Research Scientist,Microsoft Office,4.5
340,Research & Development,Research Scientist,Writing,4.25
340,Research & Development,Research Scientist,Science,4.12
340,Research & Development,Research Scientist,Speaking,4.12
340,Research & Development,Research Scientist,Reading Comprehension,4.0
340,Research & Development,Research Scientist,Active Listening,4.0
340,Research & Development,Research Scientist,MATLAB,3.5
340,Research & Development,Research Scientist,Microsoft Project,3.5
340,Research & Development,Research Scientist,IBM SPSS Statistics,3.5
340,Research & Development,Research Scientist,ESRI ArcGIS,3.5
340,Research & Development,Research Scientist,SAS,3.5
340,Research & Development,Research Scientist,Adobe Photoshop,3.5
341,Research & Development,Manufacturing Director,SAP,4.5
341,Research & Development,Manufacturing Director,Microsoft PowerPoint,4.5
341,Research & Development,Manufacturing Director,Microsoft Excel,4.5
341,Research & Development,Manufacturing Director,Microsoft Office,4.5
341,Research & Development,Manufacturing Director,Microsoft Outlook,4.5
341,Research & Development,Manufacturing Director,Critical Thinking,4.0
341,Research & Development,Manufacturing Director,Reading Comprehension,3.88
341,Research & Development,Manufacturing Director,Learning Strategies,3.75
341,Research & Development,Manufacturing Director,Active Learning,3.62
341,Research & Development,Manufacturing Director,Adobe InDesign,3.5
341,Research & Development,Manufacturing Director,Adobe Acrobat,3.5
341,Research & Development,Manufacturing Director,Adobe Photoshop,3.5
341,Research & Development,Manufacturing Director,Autodesk AutoCAD,3.5
341,Research & Development,Manufacturing Director,Writing,3.38
342,Research & Development,Manufacturing Director,SAP,4.5
342,Research & Development,Manufacturing Director,Reading Comprehension,3.88
342,Research & Development,Manufacturing Director,Active Listening,3.88
342,Research & Development,Manufacturing Director,Active Learning,3.62
342,Research & Development,Manufacturing Director,Adobe After Effects,3.5
342,Research & Development,Manufacturing Director,Adobe InDesign,3.5
342,Research & Development,Manufacturing Director,Adobe Photoshop,3.5
343,Research & Development,Healthcare Representative,Microsoft Excel,4.5
343,Research & Development,Healthcare Representative,Microsoft Office,4.5
343,Research & Development,Healthcare Representative,Salesforce,4.5
343,Research & Development,Healthcare Representative,Microsoft Outlook,4.5
343,Research & Development,Healthcare Representative,Speaking,4.25
343,Research & Development,Healthcare Representative,Reading Comprehension,3.75
343,Research & Development,Healthcare Representative,Google Workspace,3.5
343,Research & Development,Healthcare Representative,Linux,3.5
343,Research & Development,Healthcare Representative,Microsoft Azure,3.5
343,Research & Development,Healthcare Representative,Apache Hadoop,3.5
343,Research & Development,Healthcare Representative,Active Learning,3.5
343,Research & Development,Healthcare Representative,Amazon Web Services (AWS),3.5
343,Research & Development,Healthcare Representative,Critical Thinking,3.38
343,Research & Development,Healthcare Representative,Writing,3.38
346,Research & Development,Research Scientist,R,4.5
346,Research & Development,Research Scientist,Microsoft Office,4.5
346,Research & Development,Research Scientist,Writing,4.25
346,Research & Development,Research Scientist,Speaking,4.12
346,Research & Development,Research Scientist,Active Listening,4.0
346,Research & Development,Research Scientist,Microsoft Project,3.5
346,Research & Development,Research Scientist,ESRI ArcGIS,3.5
346,Research & Development,Research Scientist,Python,3.5
346,Research & Development,Research Scientist,Adobe Photoshop,3.5
347,Research & Development,Research Scientist,Microsoft Office,4.5
347,Research & Development,Research Scientist,Science,4.12
347,Research & Development,Research Scientist,Active Learning,4.12
347,Research & Development,Research Scientist,Critical Thinking,4.0
347,Research & Development,Research Scientist,Mathematics,3.62
347,Research & Development,Research Scientist,IBM SPSS Statistics,3.5
347,Research & Development,Research Scientist,ESRI ArcGIS,3.5
347,Research & Development,Research Scientist,SAS,3.5
347,Research & Development,Research Scientist,Python,3.5
347,Research & Development,Research Scientist,Microsoft Project,3.5
349,Sales,Sales Executive,Microsoft Excel,4.5
349,Sales,Sales Executive,Microsoft Office,4.5
349,Sales,Sales Executive,Microsoft Outlook,4.5
349,Sales,Sales Executive,Speaking,4.0
349,Sales,Sales Executive,Adobe Acrobat,3.5
349,Sales,Sales Executive,Adobe Illustrator,3.5
349,Sales,Sales Executive,Reading Comprehension,3.38
349,Sales,Sales Executive,Writing,3.25
349,Sales,Sales Executive,Monitoring,3.12
349,Sales,Sales Executive,Active Learning,3.12
349,Sales,Sales Executive,Mathematics,2.25
350,Research & Development,Manufacturing Director,Microsoft PowerPoint,4.5
350,Research & Development,Manufacturing Director,Microsoft Excel,4.5
350,Research & Development,Manufacturing Director,Microsoft Outlook,4.5
350,Research & Development,Manufacturing Director,Monitoring,4.0
350,Research & Development,Manufacturing Director,Speaking,4.0
350,Research & Development,Manufacturing Director,Reading Comprehension,3.88
350,Research & Development,Manufacturing Director,Active Listening,3.88
350,Research & Development,Manufacturing Director,Adobe After Effects,3.5
350,Research & Development,Manufacturing Director,Adobe InDesign,3.5
350,Research & Development,Manufacturing Director,Adobe Photoshop,3.5
350,Research & Development,Manufacturing Director,Autodesk AutoCAD,3.5
350,Research & Development,Manufacturing Director,Writing,3.38
351,Research & Development,Laboratory Technician,Microsoft Excel,4.5
351,Research & Development,Laboratory Technician,SAP,3.5
351,Research & Development,Laboratory Technician,Microsoft PowerPoint,3.5
351,Research & Development,Laboratory Technician,Microsoft Word,3.5
351,Research & Development,Laboratory Technician,MEDITECH,3.5
351,Research & Development,Laboratory Technician,Google Docs,3.5
351,Research & Development,Laboratory Technician,Microsoft Outlook,3.5
351,Research & Development,Laboratory Technician,Monitoring,3.0
351,Research & Development,Laboratory Technician,Electronic Medical Record (EMR),3.0
351,Research & Development,Laboratory Technician,Science,3.0
351,Research & Development,Laboratory Technician,Email,3.0
351,Research & Development,Laboratory Technician,Active Learning,3.0
352,Research & Development,Research Director,Microsoft Excel,4.5
352,Research & Development,Research Director,Science,4.12
352,Research & Development,Research Director,Monitoring,4.0
352,Research & Development,Research Director,Speaking,3.88
352,Research & Development,Research Director,IBM SPSS Statistics,3.5
352,Research & Development,Research Director,Active Learning,3.5
352,Research & Development,Research Director,Microsoft Project,3.5
353,Research & Development,Research Scientist,Microsoft Excel,4.5
353,Research & Development,Research Scientist,R,4.5
353,Research & Development,Research Scientist,Writing,4.25
353,Research & Development,Research Scientist,Science,4.12
353,Research & Development,Research Scientist,Speaking,4.12
353,Research & Development,Research Scientist,Reading Comprehension,4.0
353,Research & Development,Research Scientist,Active Listening,4.0
353,Research & Development,Research Scientist,Mathematics,3.62
353,Research & Development,Research Scientist,MATLAB,3.5
353,Research & Development,Research Scientist,IBM SPSS Statistics,3.5
353,Research & Development,Research Scientist,Microsoft Project,3.5
353,Research & Development,Research Scientist,ESRI ArcGIS,3.5
353,Research & Development,Research Scientist,Python,3.5
353,Research & Development,Research Scientist,Adobe Photoshop,3.5
355,Research & Development,Laboratory Technician,Microsoft Office,4.5
355,Research & Development,Laboratory Technician,Active Listening,3.62
355,Research & Development,Laboratory Technician,SAP,3.5
355,Research & Development,Laboratory Technician,Microsoft Word,3.5
355,Research & Development,Laboratory Technician,MEDITECH,3.5
355,Research & Development,Laboratory Technician,Monitoring,3.0
355,Research & Development,Laboratory Technician,Electronic Medical Record (EMR),3.0
355,Research & Development,Laboratory Technician,Email,3.0
355,Research & Development,Laboratory Technician,Active Learning,3.0
359,Research & Development,Laboratory Technician,Microsoft Excel,4.5
359,Research & Development,Laboratory Technician,Microsoft Office,4.5
359,Research & Development,Laboratory Technician,Reading Comprehension,3.75
359,Research & Development,Laboratory Technician,Active Listening,3.62
359,Research & Development,Laboratory Technician,SAP,3.5
359,Research & Development,Laboratory Technician,MEDITECH,3.5
359,Research & Development,Laboratory Technician,Google Docs,3.5
359,Research & Development,Laboratory Technician,Microsoft Outlook,3.5
359,Research & Development,Laboratory Technician,Critical Thinking,3.25
359,Research & Development,Laboratory Technician,Speaking,3.12
359,Research & Development,Laboratory Technician,Electronic Medical Record (EMR),3.0
359,Research & Development,Laboratory Technician,Email,3.0
359,Research & Development,Laboratory Technician,Active Learning,3.0
359,Research & Development,Laboratory Technician,Writing,3.0
361,Sales,Sales Executive,Microsoft PowerPoint,4.5
361,Sales,Sales Executive,Salesforce,4.5
361,Sales,Sales Executive,Microsoft Outlook,4.5
361,Sales,Sales Executive,Active Listening,4.0
361,Sales,Sales Executive,Speaking,4.0
361,Sales,Sales Executive,Adobe Creative Cloud,3.5
361,Sales,Sales Executive,Critical Thinking,3.5
361,Sales,Sales Executive,Adobe Photoshop,3.5
361,Sales,Sales Executive,Adobe Illustrator,3.5
361,Sales,Sales Executive,Active Learning,3.12
361,Sales,Sales Executive,Mathematics,2.25
362,Research & Development,Laboratory Technician,Microsoft Excel,4.5
362,Research & Development,Laboratory Technician,Microsoft Office,4.5
362,Research & Development,Laboratory Technician,Reading Comprehension,3.75
362,Research & Development,Laboratory Technician,Active Listening,3.62
362,Research & Development,Laboratory Technician,SAP,3.5
362,Research & Development,Laboratory Technician,Microsoft PowerPoint,3.5
362,Research & Development,Laboratory Technician,Critical Thinking,3.25
362,Research & Development,Laboratory Technician,Speaking,3.12
362,Research & Development,Laboratory Technician,Monitoring,3.0
362,Research & Development,Laboratory Technician,Electronic Medical Record (EMR),3.0
362,Research & Development,Laboratory Technician,Science,3.0
362,Research & Development,Laboratory Technician,Email,3.0
362,Research & Development,Laboratory Technician,Writing,3.0
363,Sales,Manager,Speaking,4.0
363,Sales,Manager,Critical Thinking,3.88
363,Sales,Manager,Atlassian JIRA,3.5
363,Sales,Manager,Adobe Acrobat,3.5
363,Sales,Manager,Writing,3.5
363,Sales,Manager,Adobe Photoshop,3.5
363,Sales,Manager,Autodesk AutoCAD,3.5
364,Research & Development,Laboratory Technician,Reading Comprehension,3.75
364,Research & Development,Laboratory Technician,Active Listening,3.62
364,Research & Development,Laboratory Technician,SAP,3.5
364,Research & Development,Laboratory Technician,Microsoft PowerPoint,3.5
364,Research & Development,Laboratory Technician,Microsoft Word,3.5
364,Research & Development,Laboratory Technician,Google Docs,3.5
364,Research & Development,Laboratory Technician,Microsoft Outlook,3.5
364,Research & Development,Laboratory Technician,Critical Thinking,3.25
364,Research & Development,Laboratory Technician,Speaking,3.12
364,Research & Development,Laboratory Technician,Monitoring,3.0
364,Research & Development,Laboratory Technician,Electronic Medical Record (EMR),3.0
364,Research & Development,Laboratory Technician,Email,3.0
366,Sales,Sales Executive,Salesforce,4.5
366,Sales,Sales Executive,Microsoft Outlook,4.5
366,Sales,Sales Executive,Adobe InDesign,3.5
366,Sales,Sales Executive,Critical Thinking,3.5
366,Sales,Sales Executive,Adobe Acrobat,3.5
366,Sales,Sales Executive,Adobe Photoshop,3.5
366,Sales,Sales Executive,Monitoring,3.12
366,Sales,Sales Executive,Mathematics,2.25
367,Research & Development,Healthcare Representative,Microsoft Office,4.5
367,Research & Development,Healthcare Representative,Salesforce,4.5
367,Research & Development,Healthcare Representative,Speaking,4.25
367,Research & Development,Healthcare Representative,Active Listening,4.12
367,Research & Development,Healthcare Representative,Reading Comprehension,3.75
367,Research & Development,Healthcare Representative,Google Workspace,3.5
367,Research & Development,Healthcare Representative,Linux,3.5
367,Research & Development,Healthcare Representative,Microsoft Azure,3.5
367,Research & Development,Healthcare Representative,Active Learning,3.5
367,Research & Development,Healthcare Representative,Monitoring,3.12
369,Research & Development,Healthcare Representative,Microsoft Excel,4.5
369,Research & Development,Healthcare Representative,Microsoft Outlook,4.5
369,Research & Development,Healthcare Representative,Speaking,4.25
369,Research & Development,Healthcare Representative,Reading Comprehension,3.75
369,Research & Development,Healthcare Representative,Google Workspace,3.5
369,Research & Development,Healthcare Representative,Linux,3.5
369,Research & Development,Healthcare Representative,Apache Hadoop,3.5
369,Research & Development,Healthcare Representative,Active Learning,3.5
369,Research & Development,Healthcare Representative,Microsoft Access,3.5
369,Research & Development,Healthcare Representative,Amazon Web Services (AWS),3.5
369,Research & Development,Healthcare Representative,Monitoring,3.12
369,Research & Development,Healthcare Representative,Mathematics,2.88
372,Research & Development,Healthcare Representative,Microsoft Office,4.5
372,Research & Development,Healthcare Representative,Salesforce,4.5
372,Research & Development,Healthcare Representative,Google Workspace,3.5
372,Research & Development,Healthcare Representative,Apache Hadoop,3.5
372,Research & Development,Healthcare Representative,Microsoft Access,3.5
372,Research & Development,Healthcare Representative,Writing,3.38
372,Research & Development,Healthcare Representative,Monitoring,3.12
372,Research & Development,Healthcare Representative,Mathematics,2.88
373,Research & Development,Laboratory Technician,Reading Comprehension,3.75
373,Research & Development,Laboratory Technician,Active Listening,3.62
373,Research & Development,Laboratory Technician,SAP,3.5
373,Research & Development,Laboratory Technician,Microsoft PowerPoint,3.5
373,Research & Development,Laboratory Technician,Microsoft Outlook,3.5
373,Research & Development,Laboratory Technician,Microsoft Word,3.5
373,Research & Development,Laboratory Technician,MEDITECH,3.5
373,Research & Development,Laboratory Technician,Critical Thinking,3.25
373,Research & Development,Laboratory Technician,Speaking,3.12
373,Research & Development,Laboratory Technician,Science,3.0
373,Research & Development,Laboratory Technician,Monitoring,3.0
373,Research & Development,Laboratory Technician,Electronic Medical Record (EMR),3.0
373,Research & Development,Laboratory Technician,Email,3.0
373,Research & Development,Laboratory Technician,Active Learning,3.0
373,Research & Development,Laboratory Technician,Writing,3.0
374,Research & Development,Manager,Microsoft Office,4.5
374,Research & Development,Manager,Speaking,4.0
374,Research & Development,Manager,Atlassian JIRA,3.5
374,Research & Development,Manager,Writing,3.5
374,Research & Development,Manager,Learning Strategies,3.0
376,Research & Development,Manager,Microsoft Office,4.5
376,Research & Development,Manager,Reading Comprehension,4.0
376,Research & Development,Manager,Speaking,4.0
376,Research & Development,Manager,Active Listening,4.0
376,Research & Development,Manager,Active Learning,3.62
376,Research & Development,Manager,Atlassian JIRA,3.5
376,Research & Development,Manager,Google Analytics,3.5
376,Research & Development,Manager,Writing,3.5
376,Research & Development,Manager,Autodesk AutoCAD,3.5
376,Research & Development,Manager,Learning Strategies,3.0
377,Research & Development,Research Scientist,R,4.5
377,Research & Development,Research Scientist,Microsoft Office,4.5
377,Research & Development,Research Scientist,Writing,4.25
377,Research & Development,Research Scientist,Science,4.12
377,Research & Development,Research Scientist,Reading Comprehension,4.0
377,Research & Development,Research Scientist,Active Listening,4.0
377,Research & Development,Research Scientist,Mathematics,3.62
377,Research & Development,Research Scientist,MATLAB,3.5
377,Research & Development,Research Scientist,Microsoft Project,3.5
377,Research & Development,Research Scientist,IBM SPSS Statistics,3.5
377,Research & Development,Research Scientist,ESRI ArcGIS,3.5
377,Research & Development,Research Scientist,SAS,3.5
377,Research & Development,Research Scientist,Python,3.5
377,Research & Development,Research Scientist,Adobe Photoshop,3.5
378,Sales,Sales Executive,Microsoft Excel,4.5
378,Sales,Sales Executive,Microsoft Office,4.5
378,Sales,Sales Executive,Salesforce,4.5
378,Sales,Sales Executive,Speaking,4.0
378,Sales,Sales Executive,Critical Thinking,3.5
378,Sales,Sales Executive,Adobe Acrobat,3.5
378,Sales,Sales Executive,Adobe Illustrator,3.5
378,Sales,Sales Executive,Adobe Photoshop,3.5
378,Sales,Sales Executive,Active Learning,3.12
378,Sales,Sales Executive,Mathematics,2.25
379,Research & Development,Research Scientist,Microsoft Office,4.5
379,Research & Development,Research Scientist,Writing,4.25
379,Research & Development,Research Scientist,Science,4.12
379,Research & Development,Research Scientist,Active Learning,4.12
379,Research & Development,Research Scientist,Critical Thinking,4.0
379,Research & Development,Research Scientist,Reading Comprehension,4.0
379,Research & Development,Research Scientist,ESRI ArcGIS,3.5
379,Research & Development,Research Scientist,SAS,3.5
379,Research & Development,Research Scientist,Python,3.5
380,Research & Development,Research Director,Microsoft Excel,4.5
380,Research & Development,Research Director,Science,4.12
380,Research & Development,Research Director,Monitoring,4.0
380,Research & Development,Research Director,Critical Thinking,4.0
380,Research & Development,Research Director,Active Listening,4.0
380,Research & Development,Research Director,Speaking,3.88
380,Research & Development,Research Director,Writing,3.88
380,Research & Development,Research Director,Microsoft Project,3.5
380,Research & Development,Research Director,ESRI ArcGIS,3.5
380,Research & Development,Research Director,Microsoft Visio,3.5
380,Research & Development,Research Director,Active Learning,3.5
380,Research & Development,Research Director,Microsoft Access,3.5
381,Research & Development,Manager,Microsoft Excel,4.5
381,Research & Development,Manager,Microsoft Office,4.5
381,Research & Development,Manager,Reading Comprehension,4.0
381,Research & Development,Manager,Active Learning,3.62
381,Research & Development,Manager,Atlassian JIRA,3.5
381,Research & Development,Manager,Adobe Acrobat,3.5
381,Research & Development,Manager,Writing,3.5
381,Research & Development,Manager,Adobe Photoshop,3.5
381,Research & Development,Manager,Autodesk AutoCAD,3.5
381,Research & Development,Manager,Learning Strategies,3.0
382,Sales,Sales Executive,Microsoft Excel,4.5
382,Sales,Sales Executive,Microsoft Outlook,4.5
382,Sales,Sales Executive,Speaking,4.0
382,Sales,Sales Executive,Adobe Creative Cloud,3.5
382,Sales,Sales Executive,Adobe InDesign,3.5
382,Sales,Sales Executive,Critical Thinking,3.5
382,Sales,Sales Executive,Adobe Acrobat,3.5
382,Sales,Sales Executive,Adobe Photoshop,3.5
382,Sales,Sales Executive,Reading Comprehension,3.38
382,Sales,Sales Executive,Writing,3.25
382,Sales,Sales Executive,Monitoring,3.12
382,Sales,Sales Executive,Active Learning,3.12
382,Sales,Sales Executive,Mathematics,2.25
384,Research & Development,Manufacturing Director,Microsoft Office,4.5
384,Research & Development,Manufacturing Director,Critical Thinking,4.0
384,Research & Development,Manufacturing Director,Speaking,4.0
384,Research & Development,Manufacturing Director,Reading Comprehension,3.88
384,Research & Development,Manufacturing Director,Active Listening,3.88
384,Research & Development,Manufacturing Director,Adobe After Effects,3.5
384,Research & Development,Manufacturing Director,Adobe InDesign,3.5
384,Research & Development,Manufacturing Director,Adobe Acrobat,3.5
384,Research & Development,Manufacturing Director,Adobe Photoshop,3.5
384,Research & Development,Manufacturing Director,Writing,3.38
385,Research & Development,Research Director,Microsoft PowerPoint,4.5
385,Research & Development,Research Director,Science,4.12
385,Research & Development,Research Director,Critical Thinking,4.0
385,Research & Development,Research Director,Writing,3.88
385,Research & Development,Research Director,IBM SPSS Statistics,3.5
385,Research & Development,Research Director,Active Learning,3.5
385,Research & Development,Research Director,ESRI ArcGIS,3.5
385,Research & Development,Research Director,Microsoft Visio,3.5
385,Research & Development,Research Director,Adobe Acrobat,3.5
385,Research & Development,Research Director,Microsoft Project,3.5
386,Research & Development,Research Director,Microsoft Excel,4.5
386,Research & Development,Research Director,Science,4.12
386,Research & Development,Research Director,Writing,3.88
386,Research & Development,Research Director,Active Learning,3.5
386,Research & Development,Research Director,ESRI ArcGIS,3.5
386,Research & Development,Research Director,Microsoft Visio,3.5
386,Research & Development,Research Director,Adobe Acrobat,3.5
386,Research & Development,Research Director,Microsoft Access,3.5
387,Sales,Sales Executive,Microsoft Office,4.5
387,Sales,Sales Executive,Microsoft Outlook,4.5
387,Sales,Sales Executive,Adobe Creative Cloud,3.5
387,Sales,Sales Executive,Adobe InDesign,3.5
387,Sales,Sales Executive,Critical Thinking,3.5
387,Sales,Sales Executive,Adobe Acrobat,3.5
387,Sales,Sales Executive,Reading Comprehension,3.38
387,Sales,Sales Executive,Monitoring,3.12
387,Sales,Sales Executive,Active Learning,3.12
387,Sales,Sales Executive,Mathematics,2.25
388,Sales,Sales Executive,Microsoft PowerPoint,4.5
388,Sales,Sales Executive,Microsoft Office,4.5
388,Sales,Sales Executive,Salesforce,4.5
388,Sales,Sales Executive,Microsoft Outlook,4.5
388,Sales,Sales Executive,Active Listening,4.0
388,Sales,Sales Executive,Adobe Creative Cloud,3.5
388,Sales,Sales Executive,Adobe InDesign,3.5
388,Sales,Sales Executive,Adobe Illustrator,3.5
388,Sales,Sales Executive,Monitoring,3.12
388,Sales,Sales Executive,Mathematics,2.25
389,Research & Development,Laboratory Technician,Microsoft Excel,4.5
389,Research & Development,Laboratory Technician,Microsoft Office,4.5
389,Research & Development,Laboratory Technician,Reading Comprehension,3.75
389,Research & Development,Laboratory Technician,SAP,3.5
389,Research & Development,Laboratory Technician,Microsoft Word,3.5
389,Research & Development,Laboratory Technician,Microsoft Outlook,3.5
389,Research & Development,Laboratory Technician,Speaking,3.12
389,Research & Development,Laboratory Technician,Monitoring,3.0
389,Research & Development,Laboratory Technician,Electronic Medical Record (EMR),3.0
389,Research & Development,Laboratory Technician,Science,3.0
389,Research & Development,Laboratory Technician,Active Learning,3.0
390,Research & Development,Healthcare Representative,Microsoft Excel,4.5
390,Research & Development,Healthcare Representative,Microsoft Office,4.5
390,Research & Development,Healthcare Representative,Salesforce,4.5
390,Research & Development,Healthcare Representative,Microsoft Outlook,4.5
390,Research & Development,Healthcare Representative,Speaking,4.25
390,Research & Development,Healthcare Representative,Reading Comprehension,3.75
390,Research & Development,Healthcare Representative,Microsoft Azure,3.5
390,Research & Development,Healthcare Representative,Apache Hadoop,3.5
390,Research & Development,Healthcare Representative,Microsoft Access,3.5
390,Research & Development,Healthcare Representative,Critical Thinking,3.38
390,Research & Development,Healthcare Representative,Monitoring,3.12
391,Research & Development,Research Scientist,R,4.5
391,Research & Development,Research Scientist,Writing,4.25
391,Research & Development,Research Scientist,Science,4.12
391,Research & Development,Research Scientist,Speaking,4.12
391,Research & Development,Research Scientist,Critical Thinking,4.0
391,Research & Development,Research Scientist,Active Listening,4.0
391,Research & Development,Research Scientist,Microsoft Project,3.5
391,Research & Development,Research Scientist,IBM SPSS Statistics,3.5
391,Research & Development,Research Scientist,ESRI ArcGIS,3.5
391,Research & Development,Research Scientist,Adobe Photoshop,3.5
392,Research & Development,Laboratory Technician,Microsoft Excel,4.5
392,Research & Development,Laboratory Technician,Reading Comprehension,3.75
392,Research & Development,Laboratory Technician,Active Listening,3.62
392,Research & Development,Laboratory Technician,SAP,3.5
392,Research & Development,Laboratory Technician,Microsoft PowerPoint,3.5
392,Research & Development,Laboratory Technician,Google Docs,3.5
392,Research & Development,Laboratory Technician,Microsoft Outlook,3.5
392,Research & Development,Laboratory Technician,Microsoft Word,3.5
392,Research & Development,Laboratory Technician,Critical Thinking,3.25
392,Research & Development,Laboratory Technician,Speaking,3.12
392,Research & Development,Laboratory Technician,Science,3.0
392,Research & Development,Laboratory Technician,Electronic Medical Record (EMR),3.0
392,Research & Development,Laboratory Technician,Email,3.0
392,Research & Development,Laboratory Technician,Active Learning,3.0
392,Research & Development,Laboratory Technician,Writing,3.0
393,Research & Development,Healthcare Representative,Microsoft Excel,4.5
393,Research & Development,Healthcare Representative,Salesforce,4.5
393,Research & Development,Healthcare Representative,Google Workspace,3.5
393,Research & Development,Healthcare Representative,Linux,3.5
393,Research & Development,Healthcare Representative,Microsoft Azure,3.5
393,Research & Development,Healthcare Representative,Apache Hadoop,3.5
393,Research & Development,Healthcare Representative,Active Learning,3.5
393,Research & Development,Healthcare Representative,Microsoft Access,3.5
393,Research & Development,Healthcare Representative,Writing,3.38
393,Research & Development,Healthcare Representative,Monitoring,3.12
393,Research & Development,Healthcare Representative,Mathematics,2.88
394,Research & Development,Laboratory Technician,Microsoft Office,4.5
394,Research & Development,Laboratory Technician,Microsoft Word,3.5
394,Research & Development,Laboratory Technician,MEDITECH,3.5
394,Research & Development,Laboratory Technician,Google Docs,3.5
394,Research & Development,Laboratory Technician,Microsoft Outlook,3.5
394,Research & Development,Laboratory Technician,Critical Thinking,3.25
394,Research & Development,Laboratory Technician,Speaking,3.12
394,Research & Development,Laboratory Technician,Science,3.0
394,Research & Development,Laboratory Technician,Email,3.0
394,Research & Development,Laboratory Technician,Active Learning,3.0
395,Research & Development,Research Scientist,Microsoft Excel,4.5
395,Research & Development,Research Scientist,R,4.5
395,Research & Development,Research Scientist,Microsoft Office,4.5
395,Research & Development,Research Scientist,Writing,4.25
395,Research & Development,Research Scientist,Science,4.12
395,Research & Development,Research Scientist,Speaking,4.12
395,Research & Development,Research Scientist,Active Learning,4.12
395,Research & Development,Research Scientist,Critical Thinking,4.0
395,Research & Development,Research Scientist,Active Listening,4.0
395,Research & Development,Research Scientist,MATLAB,3.5
395,Research & Development,Research Scientist,IBM SPSS Statistics,3.5
395,Research & Development,Research Scientist,SAS,3.5
395,Research & Development,Research Scientist,Adobe Photoshop,3.5
396,Research & Development,Research Director,Microsoft PowerPoint,4.5
396,Research & Development,Research Director,Science,4.12
396,Research & Development,Research Director,Monitoring,4.0
396,Research & Development,Research Director,Active Listening,4.0
396,Research & Development,Research Director,ESRI ArcGIS,3.5
396,Research & Development,Research Director,Active Learning,3.5
396,Research & Development,Research Director,Microsoft Access,3.5
397,Research & Development,Research Scientist,R,4.5
397,Research & Development,Research Scientist,Writing,4.25
397,Research & Development,Research Scientist,Science,4.12
397,Research & Development,Research Scientist,Speaking,4.12
397,Research & Development,Research Scientist,Active Listening,4.0
397,Research & Development,Research Scientist,Mathematics,3.62
397,Research & Development,Research Scientist,MATLAB,3.5
397,Research & Development,Research Scientist,IBM SPSS Statistics,3.5
397,Research & Development,Research Scientist,Microsoft Project,3.5
397,Research & Development,Research Scientist,SAS,3.5
397,Research & Development,Research Scientist,Python,3.5
397,Research & Development,Research Scientist,Adobe Photoshop,3.5
399,Sales,Sales Representative,Microsoft Excel,4.5
399,Sales,Sales Representative,Microsoft Office,4.5
399,Sales,Sales Representative,Salesforce,4.5
399,Sales,Sales Representative,Speaking,3.88
399,Sales,Sales Representative,Active Listening,3.88
399,Sales,Sales Representative,Reading Comprehension,3.62
399,Sales,Sales Representative,IBM SPSS Statistics,3.5
399,Sales,Sales Representative,Apple macOS,3.5
399,Sales,Sales Representative,Microsoft Word,3.5
399,Sales,Sales Representative,Microsoft Outlook,3.5
399,Sales,Sales Representative,Critical Thinking,3.38
399,Sales,Sales Representative,Writing,3.38
401,Sales,Sales Executive,Salesforce,4.5
401,Sales,Sales Executive,Active Listening,4.0
401,Sales,Sales Executive,Adobe Creative Cloud,3.5
401,Sales,Sales Executive,Adobe InDesign,3.5
401,Sales,Sales Executive,Adobe Acrobat,3.5
401,Sales,Sales Executive,Adobe Illustrator,3.5
401,Sales,Sales Executive,Writing,3.25
401,Sales,Sales Executive,Monitoring,3.12
401,Sales,Sales Executive,Active Learning,3.12
401,Sales,Sales Executive,Mathematics,2.25
403,Research & Development,Research Scientist,Microsoft Excel,4.5
403,Research & Development,Research Scientist,R,4.5
403,Research & Development,Research Scientist,Science,4.12
403,Research & Development,Research Scientist,Active Learning,4.12
403,Research & Development,Research Scientist,Critical Thinking,4.0
403,Research & Development,Research Scientist,Reading Comprehension,4.0
403,Research & Development,Research Scientist,MATLAB,3.5
403,Research & Development,Research Scientist,ESRI ArcGIS,3.5
403,Research & Development,Research Scientist,SAS,3.5
403,Research & Development,Research Scientist,Python,3.5
403,Research & Development,Research Scientist,Adobe Photoshop,3.5
404,Sales,Sales Executive,Microsoft Excel,4.5
404,Sales,Sales Executive,Salesforce,4.5
404,Sales,Sales Executive,Microsoft Outlook,4.5
404,Sales,Sales Executive,Speaking,4.0
404,Sales,Sales Executive,Adobe InDesign,3.5
404,Sales,Sales Executive,Critical Thinking,3.5
404,Sales,Sales Executive,Adobe Illustrator,3.5
404,Sales,Sales Executive,Writing,3.25
404,Sales,Sales Executive,Monitoring,3.12
405,Research & Development,Laboratory Technician,Microsoft Excel,4.5
405,Research & Development,Laboratory Technician,Active Listening,3.62
405,Research & Development,Laboratory Technician,Microsoft PowerPoint,3.5
405,Research & Development,Laboratory Technician,Microsoft Word,3.5
405,Research & Development,Laboratory Technician,Google Docs,3.5
405,Research & Development,Laboratory Technician,Critical Thinking,3.25
405,Research & Development,Laboratory Technician,Monitoring,3.0
405,Research & Development,Laboratory Technician,Electronic Medical Record (EMR),3.0
405,Research & Development,Laboratory Technician,Science,3.0
405,Research & Development,Laboratory Technician,Active Learning,3.0
406,Sales,Sales Executive,Microsoft PowerPoint,4.5
406,Sales,Sales Executive,Salesforce,4.5
406,Sales,Sales Executive,Microsoft Outlook,4.5
406,Sales,Sales Executive,Adobe Creative Cloud,3.5
406,Sales,Sales Executive,Adobe InDesign,3.5
406,Sales,Sales Executive,Adobe Illustrator,3.5
406,Sales,Sales Executive,Monitoring,3.12
406,Sales,Sales Executive,Active Learning,3.12
406,Sales,Sales Executive,Mathematics,2.25
407,Research & Development,Laboratory Technician,Microsoft Excel,4.5
407,Research & Development,Laboratory Technician,SAP,3.5
407,Research & Development,Laboratory Technician,Microsoft PowerPoint,3.5
407,Research & Development,Laboratory Technician,MEDITECH,3.5
407,Research & Development,Laboratory Technician,Google Docs,3.5
407,Research & Development,Laboratory Technician,Microsoft Outlook,3.5
407,Research & Development,Laboratory Technician,Electronic Medical Record (EMR),3.0
407,Research & Development,Laboratory Technician,Science,3.0
407,Research & Development,Laboratory Technician,Writing,3.0
408,Research & Development,Manufacturing Director,SAP,4.5
408,Research & Development,Manufacturing Director,Microsoft PowerPoint,4.5
408,Research & Development,Manufacturing Director,Microsoft Office,4.5
408,Research & Development,Manufacturing Director,Monitoring,4.0
408,Research & Development,Manufacturing Director,Critical Thinking,4.0
408,Research & Development,Manufacturing Director,Active Listening,3.88
408,Research & Development,Manufacturing Director,Adobe After Effects,3.5
408,Research & Development,Manufacturing Director,Adobe InDesign,3.5
408,Research & Development,Manufacturing Director,Adobe Acrobat,3.5
408,Research & Development,Manufacturing Director,Adobe Photoshop,3.5
408,Research & Development,Manufacturing Director,Autodesk AutoCAD,3.5
408,Research & Development,Manufacturing Director,Writing,3.38
410,Sales,Manager,Reading Comprehension,4.0
410,Sales,Manager,Speaking,4.0
410,Sales,Manager,Active Listening,4.0
410,Sales,Manager,Critical Thinking,3.88
410,Sales,Manager,Atlassian JIRA,3.5
410,Sales,Manager,Writing,3.5
410,Sales,Manager,Adobe Photoshop,3.5
410,Sales,Manager,Autodesk AutoCAD,3.5
411,Sales,Sales Representative,Salesforce,4.5
411,Sales,Sales Representative,Speaking,3.88
411,Sales,Sales Representative,Reading Comprehension,3.62
411,Sales,Sales Representative,IBM SPSS Statistics,3.5
411,Sales,Sales Representative,Apple macOS,3.5
411,Sales,Sales Representative,Microsoft Word,3.5
411,Sales,Sales Representative,HubSpot,3.5
411,Sales,Sales Representative,Microsoft Outlook,3.5
411,Sales,Sales Representative,Microsoft Project,3.5
411,Sales,Sales Representative,Critical Thinking,3.38
411,Sales,Sales Representative,Active Learning,3.38
411,Sales,Sales Representative,Writing,3.38
411,Sales,Sales Representative,Monitoring,3.12
411,Sales,Sales Representative,Mathematics,2.62
412,Research & Development,Healthcare Representative,Microsoft Excel,4.5
412,Research & Development,Healthcare Representative,Microsoft Office,4.5
412,Research & Development,Healthcare Representative,Salesforce,4.5
412,Research & Development,Healthcare Representative,Microsoft Outlook,4.5
412,Research & Development,Healthcare Representative,Active Listening,4.12
412,Research & Development,Healthcare Representative,Reading Comprehension,3.75
412,Research & Development,Healthcare Representative,Linux,3.5
412,Research & Development,Healthcare Representative,Microsoft Azure,3.5
412,Research & Development,Healthcare Representative,Apache Hadoop,3.5
412,Research & Development,Healthcare Representative,Microsoft Access,3.5
412,Research & Development,Healthcare Representative,Critical Thinking,3.38
412,Research & Development,Healthcare Representative,Writing,3.38
416,Sales,Sales Executive,Microsoft PowerPoint,4.5
416,Sales,Sales Executive,Microsoft Excel,4.5
416,Sales,Sales Executive,Microsoft Office,4.5
416,Sales,Sales Executive,Salesforce,4.5
416,Sales,Sales Executive,Microsoft Outlook,4.5
416,Sales,Sales Executive,Active Listening,4.0
416,Sales,Sales Executive,Speaking,4.0
416,Sales,Sales Executive,Adobe InDesign,3.5
416,Sales,Sales Executive,Adobe Acrobat,3.5
416,Sales,Sales Executive,Adobe Photoshop,3.5
416,Sales,Sales Executive,Adobe Illustrator,3.5
416,Sales,Sales Executive,Mathematics,2.25
417,Research & Development,Healthcare Representative,Microsoft Excel,4.5
417,Research & Development,Healthcare Representative,Microsoft Office,4.5
417,Research & Development,Healthcare Representative,Salesforce,4.5
417,Research & Development,Healthcare Representative,Active Listening,4.12
417,Research & Development,Healthcare Representative,Reading Comprehension,3.75
417,Research & Development,Healthcare Representative,Google Workspace,3.5
417,Research & Development,Healthcare Representative,Critical Thinking,3.38
417,Research & Development,Healthcare Representative,Writing,3.38
417,Research & Development,Healthcare Representative,Monitoring,3.12
417,Research & Development,Healthcare Representative,Mathematics,2.88
419,Research & Development,Laboratory Technician,Microsoft Office,4.5
419,Research & Development,Laboratory Technician,Reading Comprehension,3.75
419,Research & Development,Laboratory Technician,Active Listening,3.62
419,Research & Development,Laboratory Technician,Microsoft PowerPoint,3.5
419,Research & Development,Laboratory Technician,Microsoft Word,3.5
419,Research & Development,Laboratory Technician,Microsoft Outlook,3.5
419,Research & Development,Laboratory Technician,Speaking,3.12
419,Research & Development,Laboratory Technician,Monitoring,3.0
419,Research & Development,Laboratory Technician,Science,3.0
419,Research & Development,Laboratory Technician,Email,3.0
419,Research & Development,Laboratory Technician,Writing,3.0
420,Sales,Sales Executive,Salesforce,4.5
420,Sales,Sales Executive,Microsoft Outlook,4.5
420,Sales,Sales Executive,Active Listening,4.0
420,Sales,Sales Executive,Speaking,4.0
420,Sales,Sales Executive,Adobe InDesign,3.5
420,Sales,Sales Executive,Adobe Photoshop,3.5
420,Sales,Sales Executive,Adobe Illustrator,3.5
420,Sales,Sales Executive,Reading Comprehension,3.38
420,Sales,Sales Executive,Monitoring,3.12
420,Sales,Sales Executive,Active Learning,3.12
421,Research & Development,Research Director,Microsoft PowerPoint,4.5
421,Research & Development,Research Director,Science,4.12
421,Research & Development,Research Director,Monitoring,4.0
421,Research & Development,Research Director,Critical Thinking,4.0
421,Research & Development,Research Director,Reading Comprehension,4.0
421,Research & Development,Research Director,Active Listening,4.0
421,Research & Development,Research Director,Speaking,3.88
421,Research & Development,Research Director,Writing,3.88
421,Research & Development,Research Director,IBM SPSS Statistics,3.5
421,Research & Development,Research Director,Active Learning,3.5
421,Research & Development,Research Director,Microsoft SharePoint,3.5
421,Research & Development,Research Director,ESRI ArcGIS,3.5
421,Research & Development,Research Director,Adobe Acrobat,3.5
422,Research & Development,Healthcare Representative,Microsoft Excel,4.5
422,Research & Development,Healthcare Representative,Microsoft Office,4.5
422,Research & Development,Healthcare Representative,Microsoft Outlook,4.5
422,Research & Development,Healthcare Representative,Speaking,4.25
422,Research & Development,Healthcare Representative,Reading Comprehension,3.75
422,Research & Development,Healthcare Representative,Google Workspace,3.5
422,Research & Development,Healthcare Representative,Linux,3.5
422,Research & Development,Healthcare Representative,Microsoft Azure,3.5
422,Research & Development,Healthcare Representative,Amazon Web Services (AWS),3.5
422,Research & Development,Healthcare Representative,Writing,3.38
422,Research & Development,Healthcare Representative,Mathematics,2.88
423,Research & Development,Research Scientist,R,4.5
423,Research & Development,Research Scientist,Microsoft Office,4.5
423,Research & Development,Research Scientist,Science,4.12
423,Research & Development,Research Scientist,Critical Thinking,4.0
423,Research & Development,Research Scientist,IBM SPSS Statistics,3.5
423,Research & Development,Research Scientist,SAS,3.5
423,Research & Development,Research Scientist,Adobe Photoshop,3.5
423,Research & Development,Research Scientist,Microsoft Project,3.5
424,Human Resources,Human Resources,Microsoft PowerPoint,4.5
424,Human Resources,Human Resources,Microsoft Excel,4.5
424,Human Resources,Human Resources,Microsoft Outlook,4.5
424,Human Resources,Human Resources,Speaking,4.12
424,Human Resources,Human Resources,Oracle HRIS,4.0
424,Human Resources,Human Resources,Active Listening,4.0
424,Human Resources,Human Resources,Critical Thinking,3.88
424,Human Resources,Human Resources,Adobe Acrobat,3.5
424,Human Resources,Human Resources,Adobe Photoshop,3.5
425,Research & Development,Laboratory Technician,Microsoft Excel,4.5
425,Research & Development,Laboratory Technician,Active Listening,3.62
425,Research & Development,Laboratory Technician,SAP,3.5
425,Research & Development,Laboratory Technician,Microsoft PowerPoint,3.5
425,Research & Development,Laboratory Technician,Microsoft Word,3.5
425,Research & Development,Laboratory Technician,MEDITECH,3.5
425,Research & Development,Laboratory Technician,Speaking,3.12
425,Research & Development,Laboratory Technician,Electronic Medical Record (EMR),3.0
425,Research & Development,Laboratory Technician,Science,3.0
425,Research & Development,Laboratory Technician,Email,3.0
426,Research & Development,Research Scientist,Microsoft Excel,4.5
426,Research & Development,Research Scientist,Microsoft Office,4.5
426,Research & Development,Research Scientist,Active Learning,4.12
426,Research & Development,Research Scientist,Critical Thinking,4.0
426,Research & Development,Research Scientist,IBM SPSS Statistics,3.5
426,Research & Development,Research Scientist,ESRI ArcGIS,3.5
426,Research & Development,Research Scientist,Python,3.5
426,Research & Development,Research Scientist,Microsoft Project,3.5
428,Research & Development,Manager,Microsoft Excel,4.5
428,Research & Development,Manager,Microsoft Office,4.5
428,Research & Development,Manager,Reading Comprehension,4.0
428,Research & Development,Manager,Active Listening,4.0
428,Research & Development,Manager,Apple macOS,3.5
428,Research & Development,Manager,Atlassian Confluence,3.5
428,Research & Development,Manager,Google Analytics,3.5
428,Research & Development,Manager,Writing,3.5
428,Research & Development,Manager,Adobe Photoshop,3.5
428,Research & Development,Manager,Learning Strategies,3.0
429,Research & Development,Manager,Microsoft PowerPoint,4.5
429,Research & Development,Manager,Microsoft Excel,4.5
429,Research & Development,Manager,Monitoring,4.0
429,Research & Development,Manager,Reading Comprehension,4.0
429,Research & Development,Manager,Speaking,4.0
429,Research & Development,Manager,Active Listening,4.0
429,Research & Development,Manager,Atlassian Confluence,3.5
429,Research & Development,Manager,Adobe Photoshop,3.5
429,Research & Development,Manager,Learning Strategies,3.0
430,Research & Development,Laboratory Technician,Microsoft Office,4.5
430,Research & Development,Laboratory Technician,Reading Comprehension,3.75
430,Research & Development,Laboratory Technician,Active Listening,3.62
430,Research & Development,Laboratory Technician,SAP,3.5
430,Research & Development,Laboratory Technician,Microsoft PowerPoint,3.5
430,Research & Development,Laboratory Technician,Speaking,3.12
430,Research & Development,Laboratory Technician,Monitoring,3.0
430,Research & Development,Laboratory Technician,Electronic Medical Record (EMR),3.0
430,Research & Development,Laboratory Technician,Science,3.0
430,Research & Development,Laboratory Technician,Email,3.0
430,Research & Development,Laboratory Technician,Active Learning,3.0
430,Research & Development,Laboratory Technician,Writing,3.0
431,Research & Development,Healthcare Representative,Microsoft Excel,4.5
431,Research & Development,Healthcare Representative,Salesforce,4.5
431,Research & Development,Healthcare Representative,Microsoft Outlook,4.5
431,Research & Development,Healthcare Representative,Reading Comprehension,3.75
431,Research & Development,Healthcare Representative,Linux,3.5
431,Research & Development,Healthcare Representative,Microsoft Azure,3.5
431,Research & Development,Healthcare Representative,Apache Hadoop,3.5
431,Research & Development,Healthcare Representative,Active Learning,3.5
431,Research & Development,Healthcare Representative,Microsoft Access,3.5
431,Research & Development,Healthcare Representative,Amazon Web Services (AWS),3.5
431,Research & Development,Healthcare Representative,Critical Thinking,3.38
431,Research & Development,Healthcare Representative,Writing,3.38
431,Research & Development,Healthcare Representative,Monitoring,3.12
431,Research & Development,Healthcare Representative,Mathematics,2.88
433,Research & Development,Research Scientist,Microsoft Office,4.5
433,Research & Development,Research Scientist,R,4.5
433,Research & Development,Research Scientist,Writing,4.25
433,Research & Development,Research Scientist,Speaking,4.12
433,Research & Development,Research Scientist,Active Learning,4.12
433,Research & Development,Research Scientist,Critical Thinking,4.0
433,Research & Development,Research Scientist,Reading Comprehension,4.0
433,Research & Development,Research Scientist,MATLAB,3.5
433,Research & Development,Research Scientist,Microsoft Project,3.5
434,Research & Development,Research Scientist,Microsoft Excel,4.5
434,Research & Development,Research Scientist,Microsoft Office,4.5
434,Research & Development,Research Scientist,Active Learning,4.12
434,Research & Development,Research Scientist,Critical Thinking,4.0
434,Research & Development,Research Scientist,Reading Comprehension,4.0
434,Research & Development,Research Scientist,Mathematics,3.62
434,Research & Development,Research Scientist,IBM SPSS Statistics,3.5
434,Research & Development,Research Scientist,ESRI ArcGIS,3.5
434,Research & Development,Research Scientist,SAS,3.5
434,Research & Development,Research Scientist,Python,3.5
434,Research & Development,Research Scientist,Adobe Photoshop,3.5
436,Sales,Sales Executive,Microsoft PowerPoint,4.5
436,Sales,Sales Executive,Microsoft Excel,4.5
436,Sales,Sales Executive,Microsoft Office,4.5
436,Sales,Sales Executive,Salesforce,4.5
436,Sales,Sales Executive,Microsoft Outlook,4.5
436,Sales,Sales Executive,Adobe Creative Cloud,3.5
436,Sales,Sales Executive,Adobe InDesign,3.5
436,Sales,Sales Executive,Critical Thinking,3.5
436,Sales,Sales Executive,Adobe Acrobat,3.5
437,Sales,Sales Executive,Microsoft PowerPoint,4.5
437,Sales,Sales Executive,Microsoft Excel,4.5
437,Sales,Sales Executive,Salesforce,4.5
437,Sales,Sales Executive,Speaking,4.0
437,Sales,Sales Executive,Adobe Creative Cloud,3.5
437,Sales,Sales Executive,Adobe InDesign,3.5
437,Sales,Sales Executive,Adobe Acrobat,3.5
437,Sales,Sales Executive,Adobe Illustrator,3.5
437,Sales,Sales Executive,Adobe Photoshop,3.5
437,Sales,Sales Executive,Reading Comprehension,3.38
437,Sales,Sales Executive,Monitoring,3.12
437,Sales,Sales Executive,Mathematics,2.25
438,Sales,Sales Executive,Microsoft Office,4.5
438,Sales,Sales Executive,Salesforce,4.5
438,Sales,Sales Executive,Microsoft Outlook,4.5
438,Sales,Sales Executive,Speaking,4.0
438,Sales,Sales Executive,Adobe InDesign,3.5
438,Sales,Sales Executive,Adobe Acrobat,3.5
438,Sales,Sales Executive,Adobe Photoshop,3.5
438,Sales,Sales Executive,Adobe Illustrator,3.5
438,Sales,Sales Executive,Writing,3.25
438,Sales,Sales Executive,Monitoring,3.12
438,Sales,Sales Executive,Mathematics,2.25
439,Research & Development,Research Scientist,Microsoft Office,4.5
439,Research & Development,Research Scientist,Writing,4.25
439,Research & Development,Research Scientist,Speaking,4.12
439,Research & Development,Research Scientist,Critical Thinking,4.0
439,Research & Development,Research Scientist,Reading Comprehension,4.0
439,Research & Development,Research Scientist,Active Listening,4.0
439,Research & Development,Research Scientist,Mathematics,3.62
439,Research & Development,Research Scientist,MATLAB,3.5
439,Research & Development,Research Scientist,IBM SPSS Statistics,3.5
439,Research & Development,Research Scientist,SAS,3.5
439,Research & Development,Research Scientist,Python,3.5
439,Research & Development,Research Scientist,Adobe Photoshop,3.5
440,Research & Development,Research Scientist,Microsoft Excel,4.5
440,Research & Development,Research Scientist,R,4.5
440,Research & Development,Research Scientist,Microsoft Office,4.5
440,Research & Development,Research Scientist,Speaking,4.12
440,Research & Development,Research Scientist,Critical Thinking,4.0
440,Research & Development,Research Scientist,Reading Comprehension,4.0
440,Research & Development,Research Scientist,Mathematics,3.62
440,Research & Development,Research Scientist,MATLAB,3.5
440,Research & Development,Research Scientist,Python,3.5
440,Research & Development,Research Scientist,Adobe Photoshop,3.5
440,Research & Development,Research Scientist,Microsoft Project,3.5
441,Research & Development,Research Scientist,Microsoft Excel,4.5
441,Research & Development,Research Scientist,Microsoft Office,4.5
441,Research & Development,Research Scientist,Writing,4.25
441,Research & Development,Research Scientist,Science,4.12
441,Research & Development,Research Scientist,Speaking,4.12
441,Research & Development,Research Scientist,Critical Thinking,4.0
441,Research & Development,Research Scientist,Reading Comprehension,4.0
441,Research & Development,Research Scientist,Active Listening,4.0
441,Research & Development,Research Scientist,Mathematics,3.62
441,Research & Development,Research Scientist,MATLAB,3.5
441,Research & Development,Research Scientist,Python,3.5
441,Research & Development,Research Scientist,Adobe Photoshop,3.5
442,Research & Development,Manufacturing Director,SAP,4.5
442,Research & Development,Manufacturing Director,Microsoft PowerPoint,4.5
442,Research & Development,Manufacturing Director,Microsoft Excel,4.5
442,Research & Development,Manufacturing Director,Microsoft Outlook,4.5
442,Research & Development,Manufacturing Director,Microsoft Office,4.5
442,Research & Development,Manufacturing Director,Critical Thinking,4.0
442,Research & Development,Manufacturing Director,Monitoring,4.0
442,Research & Development,Manufacturing Director,Speaking,4.0
442,Research & Development,Manufacturing Director,Active Listening,3.88
442,Research & Development,Manufacturing Director,Learning Strategies,3.75
442,Research & Development,Manufacturing Director,Adobe After Effects,3.5
442,Research & Development,Manufacturing Director,Adobe InDesign,3.5
442,Research & Development,Manufacturing Director,Adobe Acrobat,3.5
442,Research & Development,Manufacturing Director,Adobe Photoshop,3.5
442,Research & Development,Manufacturing Director,Autodesk AutoCAD,3.5
442,Research & Development,Manufacturing Director,Writing,3.38
444,Research & Development,Manager,Microsoft PowerPoint,4.5
444,Research & Development,Manager,Reading Comprehension,4.0
444,Research & Development,Manager,Speaking,4.0
444,Research & Development,Manager,Active Listening,4.0
444,Research & Development,Manager,Atlassian JIRA,3.5
444,Research & Development,Manager,Atlassian Confluence,3.5
444,Research & Development,Manager,Google Analytics,3.5
444,Research & Development,Manager,Learning Strategies,3.0
445,Sales,Sales Executive,Microsoft Office,4.5
445,Sales,Sales Executive,Salesforce,4.5
445,Sales,Sales Executive,Microsoft Outlook,4.5
445,Sales,Sales Executive,Active Listening,4.0
445,Sales,Sales Executive,Adobe Creative Cloud,3.5
445,Sales,Sales Executive,Adobe InDesign,3.5
445,Sales,Sales Executive,Critical Thinking,3.5
445,Sales,Sales Executive,Adobe Acrobat,3.5
445,Sales,Sales Executive,Adobe Photoshop,3.5
445,Sales,Sales Executive,Adobe Illustrator,3.5
445,Sales,Sales Executive,Reading Comprehension,3.38
445,Sales,Sales Executive,Writing,3.25
445,Sales,Sales Executive,Active Learning,3.12
445,Sales,Sales Executive,Mathematics,2.25
446,Sales,Sales Executive,Microsoft PowerPoint,4.5
446,Sales,Sales Executive,Microsoft Excel,4.5
446,Sales,Sales Executive,Microsoft Office,4.5
446,Sales,Sales Executive,Active Listening,4.0
446,Sales,Sales Executive,Adobe Creative Cloud,3.5
446,Sales,Sales Executive,Critical Thinking,3.5
446,Sales,Sales Executive,Writing,3.25
446,Sales,Sales Executive,Monitoring,3.12
446,Sales,Sales Executive,Active Learning,3.12
446,Sales,Sales Executive,Mathematics,2.25
447,Research & Development,Research Director,Monitoring,4.0
447,Research & Development,Research Director,Active Listening,4.0
447,Research & Development,Research Director,Active Learning,3.5
447,Research & Development,Research Director,Microsoft Project,3.5
448,Research & Development,Laboratory Technician,Reading Comprehension,3.75
448,Research & Development,Laboratory Technician,Active Listening,3.62
448,Research & Development,Laboratory Technician,SAP,3.5
448,Research & Development,Laboratory Technician,Speaking,3.12
448,Research & Development,Laboratory Technician,Monitoring,3.0
448,Research & Development,Laboratory Technician,Electronic Medical Record (EMR),3.0
448,Research & Development,Laboratory Technician,Email,3.0
448,Research & Development,Laboratory Technician,Writing,3.0
449,Sales,Sales Executive,Microsoft PowerPoint,4.5
449,Sales,Sales Executive,Microsoft Excel,4.5
449,Sales,Sales Executive,Microsoft Office,4.5
449,Sales,Sales Executive,Salesforce,4.5
449,Sales,Sales Executive,Microsoft Outlook,4.5
449,Sales,Sales Executive,Adobe Creative Cloud,3.5
449,Sales,Sales Executive,Adobe InDesign,3.5
449,Sales,Sales Executive,Critical Thinking,3.5
449,Sales,Sales Executive,Adobe Acrobat,3.5
449,Sales,Sales Executive,Adobe Photoshop,3.5
449,Sales,Sales Executive,Adobe Illustrator,3.5
449,Sales,Sales Executive,Reading Comprehension,3.38
449,Sales,Sales Executive,Active Learning,3.12
449,Sales,Sales Executive,Mathematics,2.25
450,Research & Development,Research Scientist,Microsoft Excel,4.5
450,Research & Development,Research Scientist,Speaking,4.12
450,Research & Development,Research Scientist,Active Learning,4.12
450,Research & Development,Research Scientist,Critical Thinking,4.0
450,Research & Development,Research Scientist,Reading Comprehension,4.0
450,Research & Development,Research Scientist,Mathematics,3.62
450,Research & Development,Research Scientist,MATLAB,3.5
450,Research & Development,Research Scientist,IBM SPSS Statistics,3.5
450,Research & Development,Research Scientist,ESRI ArcGIS,3.5
450,Research & Development,Research Scientist,Adobe Photoshop,3.5
450,Research & Development,Research Scientist,Microsoft Project,3.5
451,Research & Development,Healthcare Representative,Salesforce,4.5
451,Research & Development,Healthcare Representative,Microsoft Outlook,4.5
451,Research & Development,Healthcare Representative,Speaking,4.25
451,Research & Development,Healthcare Representative,Active Listening,4.12
451,Research & Development,Healthcare Representative,Amazon Web Services (AWS),3.5
451,Research & Development,Healthcare Representative,Linux,3.5
451,Research & Development,Healthcare Representative,Microsoft Azure,3.5
451,Research & Development,Healthcare Representative,Apache Hadoop,3.5
451,Research & Development,Healthcare Representative,Active Learning,3.5
451,Research & Development,Healthcare Representative,Critical Thinking,3.38
451,Research & Development,Healthcare Representative,Monitoring,3.12
451,Research & Development,Healthcare Representative,Mathematics,2.88
452,Research & Development,Research Scientist,Microsoft Excel,4.5
452,Research & Development,Research Scientist,R,4.5
452,Research & Development,Research Scientist,Writing,4.25
452,Research & Development,Research Scientist,Critical Thinking,4.0
452,Research & Development,Research Scientist,Active Listening,4.0
452,Research & Development,Research Scientist,MATLAB,3.5
452,Research & Development,Research Scientist,Microsoft Project,3.5
452,Research & Development,Research Scientist,Python,3.5
452,Research & Development,Research Scientist,Adobe Photoshop,3.5
453,Sales,Sales Executive,Microsoft PowerPoint,4.5
453,Sales,Sales Executive,Microsoft Excel,4.5
453,Sales,Sales Executive,Salesforce,4.5
453,Sales,Sales Executive,Microsoft Outlook,4.5
453,Sales,Sales Executive,Active Listening,4.0
453,Sales,Sales Executive,Adobe Creative Cloud,3.5
453,Sales,Sales Executive,Adobe InDesign,3.5
453,Sales,Sales Executive,Critical Thinking,3.5
453,Sales,Sales Executive,Adobe Acrobat,3.5
453,Sales,Sales Executive,Reading Comprehension,3.38
453,Sales,Sales Executive,Writing,3.25
453,Sales,Sales Executive,Monitoring,3.12
454,Research & Development,Laboratory Technician,Microsoft Excel,4.5
454,Research & Development,Laboratory Technician,Microsoft Office,4.5
454,Research & Development,Laboratory Technician,Active Listening,3.62
454,Research & Development,Laboratory Technician,SAP,3.5
454,Research & Development,Laboratory Technician,Microsoft Word,3.5
454,Research & Development,Laboratory Technician,MEDITECH,3.5
454,Research & Development,Laboratory Technician,Google Docs,3.5
454,Research & Development,Laboratory Technician,Microsoft Outlook,3.5
454,Research & Development,Laboratory Technician,Speaking,3.12
454,Research & Development,Laboratory Technician,Monitoring,3.0
454,Research & Development,Laboratory Technician,Electronic Medical Record (EMR),3.0
454,Research & Development,Laboratory Technician,Science,3.0
454,Research & Development,Laboratory Technician,Active Learning,3.0
455,Research & Development,Laboratory Technician,Microsoft Office,4.5
455,Research & Development,Laboratory Technician,Active Listening,3.62
455,Research & Development,Laboratory Technician,SAP,3.5
455,Research & Development,Laboratory Technician,Microsoft PowerPoint,3.5
455,Research & Development,Laboratory Technician,Microsoft Word,3.5
455,Research & Development,Laboratory Technician,MEDITECH,3.5
455,Research & Development,Laboratory Technician,Critical Thinking,3.25
455,Research & Development,Laboratory Technician,Monitoring,3.0
455,Research & Development,Laboratory Technician,Electronic Medical Record (EMR),3.0
455,Research & Development,Laboratory Technician,Science,3.0
455,Research & Development,Laboratory Technician,Email,3.0
455,Research & Development,Laboratory Technician,Active Learning,3.0
455,Research & Development,Laboratory Technician,Writing,3.0
456,Sales,Sales Executive,Microsoft PowerPoint,4.5
456,Sales,Sales Executive,Microsoft Excel,4.5
456,Sales,Sales Executive,Microsoft Office,4.5
456,Sales,Sales Executive,Microsoft Outlook,4.5
456,Sales,Sales Executive,Adobe InDesign,3.5
456,Sales,Sales Executive,Adobe Acrobat,3.5
456,Sales,Sales Executive,Adobe Photoshop,3.5
456,Sales,Sales Executive,Adobe Illustrator,3.5
456,Sales,Sales Executive,Reading Comprehension,3.38
456,Sales,Sales Executive,Writing,3.25
456,Sales,Sales Executive,Active Learning,3.12
458,Sales,Sales Executive,Microsoft PowerPoint,4.5
458,Sales,Sales Executive,Microsoft Excel,4.5
458,Sales,Sales Executive,Microsoft Outlook,4.5
458,Sales,Sales Executive,Speaking,4.0
458,Sales,Sales Executive,Active Listening,4.0
458,Sales,Sales Executive,Adobe Creative Cloud,3.5
458,Sales,Sales Executive,Adobe InDesign,3.5
458,Sales,Sales Executive,Critical Thinking,3.5
458,Sales,Sales Executive,Adobe Photoshop,3.5
458,Sales,Sales Executive,Reading Comprehension,3.38
458,Sales,Sales Executive,Monitoring,3.12
458,Sales,Sales Executive,Active Learning,3.12
460,Research & Development,Manufacturing Director,SAP,4.5
460,Research & Development,Manufacturing Director,Microsoft PowerPoint,4.5
460,Research & Development,Manufacturing Director,Microsoft Excel,4.5
460,Research & Development,Manufacturing Director,Microsoft Outlook,4.5
460,Research & Development,Manufacturing Director,Active Learning,3.62
460,Research & Development,Manufacturing Director,Adobe After Effects,3.5
460,Research & Development,Manufacturing Director,Adobe InDesign,3.5
460,Research & Development,Manufacturing Director,Adobe Acrobat,3.5
460,Research & Development,Manufacturing Director,Adobe Photoshop,3.5
460,Research & Development,Manufacturing Director,Writing,3.38
461,Research & Development,Research Director,Microsoft Office,4.5
461,Research & Development,Research Director,Science,4.12
461,Research & Development,Research Director,Monitoring,4.0
461,Research & Development,Research Director,Speaking,3.88
461,Research & Development,Research Director,Writing,3.88
461,Research & Development,Research Director,IBM SPSS Statistics,3.5
461,Research & Development,Research Director,Active Learning,3.5
461,Research & Development,Research Director,Microsoft SharePoint,3.5
461,Research & Development,Research Director,Adobe Acrobat,3.5
461,Research & Development,Research Director,Microsoft Access,3.5
462,Research & Development,Manufacturing Director,SAP,4.5
462,Research & Development,Manufacturing Director,Microsoft PowerPoint,4.5
462,Research & Development,Manufacturing Director,Microsoft Office,4.5
462,Research & Development,Manufacturing Director,Microsoft Outlook,4.5
462,Research & Development,Manufacturing Director,Critical Thinking,4.0
462,Research & Development,Manufacturing Director,Learning Strategies,3.75
462,Research & Development,Manufacturing Director,Active Learning,3.62
462,Research & Development,Manufacturing Director,Adobe Acrobat,3.5
462,Research & Development,Manufacturing Director,Adobe Photoshop,3.5
462,Research & Development,Manufacturing Director,Autodesk AutoCAD,3.5
462,Research & Development,Manufacturing Director,Writing,3.38
463,Sales,Sales Executive,Salesforce,4.5
463,Sales,Sales Executive,Microsoft Outlook,4.5
463,Sales,Sales Executive,Active Listening,4.0
463,Sales,Sales Executive,Speaking,4.0
463,Sales,Sales Executive,Adobe Creative Cloud,3.5
463,Sales,Sales Executive,Adobe Acrobat,3.5
463,Sales,Sales Executive,Adobe Photoshop,3.5
463,Sales,Sales Executive,Adobe Illustrator,3.5
463,Sales,Sales Executive,Writing,3.25
463,Sales,Sales Executive,Monitoring,3.12
463,Sales,Sales Executive,Active Learning,3.12
464,Research & Development,Manufacturing Director,SAP,4.5
464,Research & Development,Manufacturing Director,Microsoft Office,4.5
464,Research & Development,Manufacturing Director,Monitoring,4.0
464,Research & Development,Manufacturing Director,Reading Comprehension,3.88
464,Research & Development,Manufacturing Director,Active Listening,3.88
464,Research & Development,Manufacturing Director,Adobe After Effects,3.5
464,Research & Development,Manufacturing Director,Adobe Acrobat,3.5
464,Research & Development,Manufacturing Director,Adobe Photoshop,3.5
464,Research & Development,Manufacturing Director,Autodesk AutoCAD,3.5
464,Research & Development,Manufacturing Director,Writing,3.38
465,Research & Development,Research Scientist,Microsoft Excel,4.5
465,Research & Development,Research Scientist,R,4.5
465,Research & Development,Research Scientist,Writing,4.25
465,Research & Development,Research Scientist,Science,4.12
465,Research & Development,Research Scientist,Speaking,4.12
465,Research & Development,Research Scientist,Active Learning,4.12
465,Research & Development,Research Scientist,Active Listening,4.0
465,Research & Development,Research Scientist,IBM SPSS Statistics,3.5
465,Research & Development,Research Scientist,ESRI ArcGIS,3.5
465,Research & Development,Research Scientist,SAS,3.5
465,Research & Development,Research Scientist,Python,3.5
465,Research & Development,Research Scientist,Adobe Photoshop,3.5
466,Research & Development,Manufacturing Director,Microsoft PowerPoint,4.5
466,Research & Development,Manufacturing Director,Microsoft Outlook,4.5
466,Research & Development,Manufacturing Director,Critical Thinking,4.0
466,Research & Development,Manufacturing Director,Speaking,4.0
466,Research & Development,Manufacturing Director,Reading Comprehension,3.88
466,Research & Development,Manufacturing Director,Active Listening,3.88
466,Research & Development,Manufacturing Director,Active Learning,3.62
466,Research & Development,Manufacturing Director,Adobe InDesign,3.5
466,Research & Development,Manufacturing Director,Adobe Acrobat,3.5
466,Research & Development,Manufacturing Director,Autodesk AutoCAD,3.5
466,Research & Development,Manufacturing Director,Writing,3.38
467,Sales,Sales Representative,Microsoft Office,4.5
467,Sales,Sales Representative,Active Listening,3.88
467,Sales,Sales Representative,Reading Comprehension,3.62
467,Sales,Sales Representative,IBM SPSS Statistics,3.5
467,Sales,Sales Representative,Microsoft PowerPoint,3.5
467,Sales,Sales Representative,Apple macOS,3.5
467,Sales,Sales Representative,Microsoft Word,3.5
467,Sales,Sales Representative,HubSpot,3.5
467,Sales,Sales Representative,Critical Thinking,3.38
467,Sales,Sales Representative,Active Learning,3.38
467,Sales,Sales Representative,Writing,3.38
467,Sales,Sales Representative,Monitoring,3.12
467,Sales,Sales Representative,Mathematics,2.62
468,Research & Development,Research Director,Microsoft Excel,4.5
468,Research & Development,Research Director,Reading Comprehension,4.0
468,Research & Development,Research Director,Writing,3.88
468,Research & Development,Research Director,IBM SPSS Statistics,3.5
469,Sales,Sales Executive,Microsoft Excel,4.5
469,Sales,Sales Executive,Microsoft Office,4.5
469,Sales,Sales Executive,Salesforce,4.5
469,Sales,Sales Executive,Microsoft Outlook,4.5
469,Sales,Sales Executive,Active Listening,4.0
469,Sales,Sales Executive,Adobe InDesign,3.5
469,Sales,Sales Executive,Critical Thinking,3.5
469,Sales,Sales Executive,Adobe Photoshop,3.5
469,Sales,Sales Executive,Adobe Illustrator,3.5
469,Sales,Sales Executive,Writing,3.25
470,Human Resources,Human Resources,Microsoft PowerPoint,4.5
470,Human Resources,Human Resources,Workday,4.5
470,Human Resources,Human Resources,Microsoft Office,4.5
470,Human Resources,Human Resources,Microsoft Outlook,4.5
470,Human Resources,Human Resources,Speaking,4.12
470,Human Resources,Human Resources,Applicant Tracking System (ATS),4.0
470,Human Resources,Human Resources,Active Listening,4.0
470,Human Resources,Human Resources,Critical Thinking,3.88
470,Human Resources,Human Resources,Adobe Acrobat,3.5
470,Human Resources,Human Resources,Adobe Photoshop,3.5
470,Human Resources,Human Resources,Active Learning,3.25
470,Human Resources,Human Resources,Monitoring,3.0
471,Research & Development,Laboratory Technician,Reading Comprehension,3.75
471,Research & Development,Laboratory Technician,Active Listening,3.62
471,Research & Development,Laboratory Technician,Microsoft PowerPoint,3.5
471,Research & Development,Laboratory Technician,Microsoft Word,3.5
471,Research & Development,Laboratory Technician,MEDITECH,3.5
471,Research & Development,Laboratory Technician,Google Docs,3.5
471,Research & Development,Laboratory Technician,Critical Thinking,3.25
471,Research & Development,Laboratory Technician,Speaking,3.12
471,Research & Development,Laboratory Technician,Monitoring,3.0
471,Research & Development,Laboratory Technician,Writing,3.0
473,Sales,Manager,Microsoft PowerPoint,4.5
473,Sales,Manager,Microsoft Excel,4.5
473,Sales,Manager,Microsoft Office,4.5
473,Sales,Manager,Monitoring,4.0
473,Sales,Manager,Reading Comprehension,4.0
473,Sales,Manager,Speaking,4.0
473,Sales,Manager,Apple macOS,3.5
473,Sales,Manager,Atlassian Confluence,3.5
473,Sales,Manager,Adobe Acrobat,3.5
473,Sales,Manager,Writing,3.5
474,Research & Development,Research Scientist,Microsoft Excel,4.5
474,Research & Development,Research Scientist,R,4.5
474,Research & Development,Research Scientist,Speaking,4.12
474,Research & Development,Research Scientist,Active Learning,4.12
474,Research & Development,Research Scientist,Critical Thinking,4.0
474,Research & Development,Research Scientist,Reading Comprehension,4.0
474,Research & Development,Research Scientist,MATLAB,3.5
474,Research & Development,Research Scientist,IBM SPSS Statistics,3.5
474,Research & Development,Research Scientist,ESRI ArcGIS,3.5
474,Research & Development,Research Scientist,SAS,3.5
475,Sales,Sales Executive,Microsoft PowerPoint,4.5
475,Sales,Sales Executive,Microsoft Excel,4.5
475,Sales,Sales Executive,Microsoft Office,4.5
475,Sales,Sales Executive,Microsoft Outlook,4.5
475,Sales,Sales Executive,Speaking,4.0
475,Sales,Sales Executive,Adobe Creative Cloud,3.5
475,Sales,Sales Executive,Critical Thinking,3.5
475,Sales,Sales Executive,Adobe Acrobat,3.5
475,Sales,Sales Executive,Adobe Photoshop,3.5
475,Sales,Sales Executive,Active Learning,3.12
475,Sales,Sales Executive,Mathematics,2.25
476,Sales,Sales Executive,Microsoft PowerPoint,4.5
476,Sales,Sales Executive,Microsoft Excel,4.5
476,Sales,Sales Executive,Salesforce,4.5
476,Sales,Sales Executive,Microsoft Outlook,4.5
476,Sales,Sales Executive,Adobe Creative Cloud,3.5
476,Sales,Sales Executive,Adobe InDesign,3.5
476,Sales,Sales Executive,Critical Thinking,3.5
476,Sales,Sales Executive,Adobe Acrobat,3.5
476,Sales,Sales Executive,Adobe Photoshop,3.5
476,Sales,Sales Executive,Writing,3.25
476,Sales,Sales Executive,Monitoring,3.12
476,Sales,Sales Executive,Active Learning,3.12
476,Sales,Sales Executive,Mathematics,2.25
477,Research & Development,Healthcare Representative,Microsoft Excel,4.5
477,Research & Development,Healthcare Representative,Microsoft Outlook,4.5
477,Research & Development,Healthcare Representative,Active Listening,4.12
477,Research & Development,Healthcare Representative,Amazon Web Services (AWS),3.5
477,Research & Development,Healthcare Representative,Google Workspace,3.5
477,Research & Development,Healthcare Representative,Linux,3.5
477,Research & Development,Healthcare Representative,Microsoft Azure,3.5
477,Research & Development,Healthcare Representative,Active Learning,3.5
478,Sales,Sales Representative,Salesforce,4.5
478,Sales,Sales Representative,Active Listening,3.88
478,Sales,Sales Representative,Reading Comprehension,3.62
478,Sales,Sales Representative,IBM SPSS Statistics,3.5
478,Sales,Sales Representative,Microsoft PowerPoint,3.5
478,Sales,Sales Representative,Apple macOS,3.5
478,Sales,Sales Representative,Microsoft Word,3.5
478,Sales,Sales Representative,HubSpot,3.5
478,Sales,Sales Representative,Critical Thinking,3.38
478,Sales,Sales Representative,Active Learning,3.38
478,Sales,Sales Representative,Mathematics,2.62
479,Sales,Sales Executive,Microsoft PowerPoint,4.5
479,Sales,Sales Executive,Microsoft Excel,4.5
479,Sales,Sales Executive,Microsoft Office,4.5
479,Sales,Sales Executive,Adobe Creative Cloud,3.5
479,Sales,Sales Executive,Adobe InDesign,3.5
479,Sales,Sales Executive,Adobe Illustrator,3.5
479,Sales,Sales Executive,Writing,3.25
479,Sales,Sales Executive,Monitoring,3.12
481,Sales,Sales Executive,Microsoft Excel,4.5
481,Sales,Sales Executive,Adobe Acrobat,3.5
481,Sales,Sales Executive,Reading Comprehension,3.38
481,Sales,Sales Executive,Mathematics,2.25
482,Research & Development,Healthcare Representative,Microsoft Excel,4.5
482,Research & Development,Healthcare Representative,Microsoft Office,4.5
482,Research & Development,Healthcare Representative,Salesforce,4.5
482,Research & Development,Healthcare Representative,Speaking,4.25
482,Research & Development,Healthcare Representative,Active Listening,4.12
482,Research & Development,Healthcare Representative,Reading Comprehension,3.75
482,Research & Development,Healthcare Representative,Amazon Web Services (AWS),3.5
482,Research & Development,Healthcare Representative,Google Workspace,3.5
482,Research & Development,Healthcare Representative,Linux,3.5
482,Research & Development,Healthcare Representative,Microsoft Azure,3.5
482,Research & Development,Healthcare Representative,Apache Hadoop,3.5
482,Research & Development,Healthcare Representative,Microsoft Access,3.5
482,Research & Development,Healthcare Representative,Critical Thinking,3.38
482,Research & Development,Healthcare Representative,Writing,3.38
482,Research & Development,Healthcare Representative,Monitoring,3.12
483,Research & Development,Laboratory Technician,Reading Comprehension,3.75
483,Research & Development,Laboratory Technician,Active Listening,3.62
483,Research & Development,Laboratory Technician,SAP,3.5
483,Research & Development,Laboratory Technician,Microsoft PowerPoint,3.5
483,Research & Development,Laboratory Technician,Microsoft Word,3.5
483,Research & Development,Laboratory Technician,Google Docs,3.5
483,Research & Development,Laboratory Technician,Monitoring,3.0
483,Research & Development,Laboratory Technician,Electronic Medical Record (EMR),3.0
483,Research & Development,Laboratory Technician,Science,3.0
483,Research & Development,Laboratory Technician,Email,3.0
483,Research & Development,Laboratory Technician,Writing,3.0
484,Sales,Sales Representative,Microsoft Excel,4.5
484,Sales,Sales Representative,Microsoft Office,4.5
484,Sales,Sales Representative,Salesforce,4.5
484,Sales,Sales Representative,Reading Comprehension,3.62
484,Sales,Sales Representative,IBM SPSS Statistics,3.5
484,Sales,Sales Representative,Microsoft PowerPoint,3.5
484,Sales,Sales Representative,HubSpot,3.5
484,Sales,Sales Representative,Microsoft Outlook,3.5
484,Sales,Sales Representative,Microsoft Project,3.5
484,Sales,Sales Representative,Critical Thinking,3.38
484,Sales,Sales Representative,Active Learning,3.38
484,Sales,Sales Representative,Monitoring,3.12
485,Sales,Sales Representative,Microsoft Excel,4.5
485,Sales,Sales Representative,Microsoft Office,4.5
485,Sales,Sales Representative,Salesforce,4.5
485,Sales,Sales Representative,Speaking,3.88
485,Sales,Sales Representative,Reading Comprehension,3.62
485,Sales,Sales Representative,Apple macOS,3.5
485,Sales,Sales Representative,Microsoft Word,3.5
485,Sales,Sales Representative,Microsoft Outlook,3.5
485,Sales,Sales Representative,Microsoft Project,3.5
485,Sales,Sales Representative,Critical Thinking,3.38
485,Sales,Sales Representative,Active Learning,3.38
485,Sales,Sales Representative,Monitoring,3.12
485,Sales,Sales Representative,Mathematics,2.62
486,Research & Development,Laboratory Technician,SAP,3.5
486,Research & Development,Laboratory Technician,Microsoft PowerPoint,3.5
486,Research & Development,Laboratory Technician,Microsoft Word,3.5
486,Research & Development,Laboratory Technician,MEDITECH,3.5
486,Research & Development,Laboratory Technician,Google Docs,3.5
486,Research & Development,Laboratory Technician,Email,3.0
486,Research & Development,Laboratory Technician,Active Learning,3.0
486,Research & Development,Laboratory Technician,Writing,3.0
487,Research & Development,Manufacturing Director,Microsoft Outlook,4.5
487,Research & Development,Manufacturing Director,Speaking,4.0
487,Research & Development,Manufacturing Director,Reading Comprehension,3.88
487,Research & Development,Manufacturing Director,Active Listening,3.88
487,Research & Development,Manufacturing Director,Active Learning,3.62
487,Research & Development,Manufacturing Director,Adobe After Effects,3.5
487,Research & Development,Manufacturing Director,Adobe Acrobat,3.5
487,Research & Development,Manufacturing Director,Adobe Photoshop,3.5
487,Research & Development,Manufacturing Director,Autodesk AutoCAD,3.5
487,Research & Development,Manufacturing Director,Writing,3.38
488,Sales,Sales Executive,Microsoft PowerPoint,4.5
488,Sales,Sales Executive,Microsoft Office,4.5
488,Sales,Sales Executive,Adobe Creative Cloud,3.5
488,Sales,Sales Executive,Adobe InDesign,3.5
488,Sales,Sales Executive,Adobe Acrobat,3.5
488,Sales,Sales Executive,Adobe Illustrator,3.5
488,Sales,Sales Executive,Writing,3.25
488,Sales,Sales Executive,Monitoring,3.12
488,Sales,Sales Executive,Mathematics,2.25
491,Research & Development,Healthcare Representative,Microsoft Office,4.5
491,Research & Development,Healthcare Representative,Reading Comprehension,3.75
491,Research & Development,Healthcare Representative,Google Workspace,3.5
491,Research & Development,Healthcare Representative,Microsoft Azure,3.5
491,Research & Development,Healthcare Representative,Apache Hadoop,3.5
491,Research & Development,Healthcare Representative,Active Learning,3.5
491,Research & Development,Healthcare Representative,Amazon Web Services (AWS),3.5
491,Research & Development,Healthcare Representative,Critical Thinking,3.38
491,Research & Development,Healthcare Representative,Writing,3.38
491,Research & Development,Healthcare Representative,Monitoring,3.12
491,Research & Development,Healthcare Representative,Mathematics,2.88
492,Sales,Sales Executive,Microsoft Excel,4.5
492,Sales,Sales Executive,Adobe Creative Cloud,3.5
492,Sales,Sales Executive,Adobe InDesign,3.5
492,Sales,Sales Executive,Critical Thinking,3.5
492,Sales,Sales Executive,Adobe Acrobat,3.5
492,Sales,Sales Executive,Adobe Illustrator,3.5
492,Sales,Sales Executive,Writing,3.25
492,Sales,Sales Executive,Monitoring,3.12
492,Sales,Sales Executive,Active Learning,3.12
493,Research & Development,Research Scientist,Microsoft Excel,4.5
493,Research & Development,Research Scientist,Microsoft Office,4.5
493,Research & Development,Research Scientist,Writing,4.25
493,Research & Development,Research Scientist,Active Learning,4.12
493,Research & Development,Research Scientist,Critical Thinking,4.0
493,Research & Development,Research Scientist,Reading Comprehension,4.0
493,Research & Development,Research Scientist,Active Listening,4.0
493,Research & Development,Research Scientist,MATLAB,3.5
493,Research & Development,Research Scientist,Microsoft Project,3.5
493,Research & Development,Research Scientist,IBM SPSS Statistics,3.5
493,Research & Development,Research Scientist,ESRI ArcGIS,3.5
493,Research & Development,Research Scientist,SAS,3.5
494,Sales,Sales Representative,Microsoft Office,4.5
494,Sales,Sales Representative,Salesforce,4.5
494,Sales,Sales Representative,Speaking,3.88
494,Sales,Sales Representative,Active Listening,3.88
494,Sales,Sales Representative,Reading Comprehension,3.62
494,Sales,Sales Representative,IBM SPSS Statistics,3.5
494,Sales,Sales Representative,Microsoft PowerPoint,3.5
494,Sales,Sales Representative,Microsoft Word,3.5
494,Sales,Sales Representative,HubSpot,3.5
494,Sales,Sales Representative,Microsoft Outlook,3.5
494,Sales,Sales Representative,Active Learning,3.38
494,Sales,Sales Representative,Writing,3.38
494,Sales,Sales Representative,Monitoring,3.12
494,Sales,Sales Representative,Mathematics,2.62
495,Research & Development,Research Scientist,Microsoft Excel,4.5
495,Research & Development,Research Scientist,Writing,4.25
495,Research & Development,Research Scientist,Reading Comprehension,4.0
495,Research & Development,Research Scientist,Active Listening,4.0
495,Research & Development,Research Scientist,Mathematics,3.62
495,Research & Development,Research Scientist,MATLAB,3.5
495,Research & Development,Research Scientist,Microsoft Project,3.5
495,Research & Development,Research Scientist,IBM SPSS Statistics,3.5
495,Research & Development,Research Scientist,Python,3.5
495,Research & Development,Research Scientist,Adobe Photoshop,3.5
496,Research & Development,Healthcare Representative,Microsoft Excel,4.5
496,Research & Development,Healthcare Representative,Microsoft Outlook,4.5
496,Research & Development,Healthcare Representative,Reading Comprehension,3.75
496,Research & Development,Healthcare Representative,Google Workspace,3.5
496,Research & Development,Healthcare Representative,Linux,3.5
496,Research & Development,Healthcare Representative,Apache Hadoop,3.5
496,Research & Development,Healthcare Representative,Active Learning,3.5
496,Research & Development,Healthcare Representative,Amazon Web Services (AWS),3.5
496,Research & Development,Healthcare Representative,Critical Thinking,3.38
496,Research & Development,Healthcare Representative,Writing,3.38
496,Research & Development,Healthcare Representative,Monitoring,3.12
497,Research & Development,Laboratory Technician,Microsoft Office,4.5
497,Research & Development,Laboratory Technician,Active Listening,3.62
497,Research & Development,Laboratory Technician,Microsoft Word,3.5
497,Research & Development,Laboratory Technician,Microsoft Outlook,3.5
497,Research & Development,Laboratory Technician,Critical Thinking,3.25
497,Research & Development,Laboratory Technician,Speaking,3.12
497,Research & Development,Laboratory Technician,Monitoring,3.0
497,Research & Development,Laboratory Technician,Electronic Medical Record (EMR),3.0
497,Research & Development,Laboratory Technician,Science,3.0
497,Research & Development,Laboratory Technician,Email,3.0
497,Research & Development,Laboratory Technician,Active Learning,3.0
497,Research & Development,Laboratory Technician,Writing,3.0
498,Sales,Sales Executive,Salesforce,4.5
498,Sales,Sales Executive,Speaking,4.0
498,Sales,Sales Executive,Active Listening,4.0
498,Sales,Sales Executive,Adobe Creative Cloud,3.5
498,Sales,Sales Executive,Critical Thinking,3.5
498,Sales,Sales Executive,Adobe Photoshop,3.5
498,Sales,Sales Executive,Reading Comprehension,3.38
498,Sales,Sales Executive,Monitoring,3.12
498,Sales,Sales Executive,Active Learning,3.12
499,Research & Development,Healthcare Representative,Microsoft Excel,4.5
499,Research & Development,Healthcare Representative,Salesforce,4.5
499,Research & Development,Healthcare Representative,Active Listening,4.12
499,Research & Development,Healthcare Representative,Google Workspace,3.5
499,Research & Development,Healthcare Representative,Apache Hadoop,3.5
499,Research & Development,Healthcare Representative,Writing,3.38
499,Research & Development,Healthcare Representative,Mathematics,2.88
500,Sales,Sales Executive,Microsoft Office,4.5
500,Sales,Sales Executive,Active Listening,4.0
500,Sales,Sales Executive,Adobe Creative Cloud,3.5
500,Sales,Sales Executive,Adobe InDesign,3.5
500,Sales,Sales Executive,Critical Thinking,3.5
500,Sales,Sales Executive,Adobe Illustrator,3.5
500,Sales,Sales Executive,Adobe Photoshop,3.5
500,Sales,Sales Executive,Reading Comprehension,3.38
500,Sales,Sales Executive,Monitoring,3.12
500,Sales,Sales Executive,Active Learning,3.12
501,Research & Development,Research Scientist,Microsoft Excel,4.5
501,Research & Development,Research Scientist,Microsoft Office,4.5
501,Research & Development,Research Scientist,Writing,4.25
501,Research & Development,Research Scientist,Science,4.12
501,Research & Development,Research Scientist,Speaking,4.12
501,Research & Development,Research Scientist,Active Learning,4.12
501,Research & Development,Research Scientist,Critical Thinking,4.0
501,Research & Development,Research Scientist,Active Listening,4.0
501,Research & Development,Research Scientist,Mathematics,3.62
501,Research & Development,Research Scientist,ESRI ArcGIS,3.5
501,Research & Development,Research Scientist,SAS,3.5
501,Research & Development,Research Scientist,Python,3.5
501,Research & Development,Research Scientist,Adobe Photoshop,3.5
502,Sales,Sales Executive,Microsoft Excel,4.5
502,Sales,Sales Executive,Microsoft Office,4.5
502,Sales,Sales Executive,Salesforce,4.5
502,Sales,Sales Executive,Microsoft Outlook,4.5
502,Sales,Sales Executive,Speaking,4.0
502,Sales,Sales Executive,Adobe Creative Cloud,3.5
502,Sales,Sales Executive,Critical Thinking,3.5
502,Sales,Sales Executive,Adobe Acrobat,3.5
502,Sales,Sales Executive,Adobe Illustrator,3.5
502,Sales,Sales Executive,Reading Comprehension,3.38
502,Sales,Sales Executive,Writing,3.25
502,Sales,Sales Executive,Monitoring,3.12
502,Sales,Sales Executive,Active Learning,3.12
502,Sales,Sales Executive,Mathematics,2.25
505,Research & Development,Manager,Microsoft PowerPoint,4.5
505,Research & Development,Manager,Monitoring,4.0
505,Research & Development,Manager,Reading Comprehension,4.0
505,Research & Development,Manager,Speaking,4.0
505,Research & Development,Manager,Critical Thinking,3.88
505,Research & Development,Manager,Active Learning,3.62
505,Research & Development,Manager,Apple macOS,3.5
505,Research & Development,Manager,Atlassian JIRA,3.5
505,Research & Development,Manager,Atlassian Confluence,3.5
505,Research & Development,Manager,Google Analytics,3.5
505,Research & Development,Manager,Writing,3.5
505,Research & Development,Manager,Adobe Photoshop,3.5
507,Sales,Sales Executive,Microsoft PowerPoint,4.5
507,Sales,Sales Executive,Microsoft Excel,4.5
507,Sales,Sales Executive,Microsoft Outlook,4.5
507,Sales,Sales Executive,Critical Thinking,3.5
507,Sales,Sales Executive,Adobe Acrobat,3.5
507,Sales,Sales Executive,Adobe Photoshop,3.5
507,Sales,Sales Executive,Adobe Illustrator,3.5
507,Sales,Sales Executive,Reading Comprehension,3.38
507,Sales,Sales Executive,Writing,3.25
507,Sales,Sales Executive,Monitoring,3.12
507,Sales,Sales Executive,Active Learning,3.12
507,Sales,Sales Executive,Mathematics,2.25
508,Sales,Sales Representative,Microsoft Excel,4.5
508,Sales,Sales Representative,Microsoft Office,4.5
508,Sales,Sales Representative,Speaking,3.88
508,Sales,Sales Representative,Active Listening,3.88
508,Sales,Sales Representative,Reading Comprehension,3.62
508,Sales,Sales Representative,Microsoft Project,3.5
508,Sales,Sales Representative,IBM SPSS Statistics,3.5
508,Sales,Sales Representative,Microsoft PowerPoint,3.5
508,Sales,Sales Representative,Apple macOS,3.5
508,Sales,Sales Representative,Microsoft Word,3.5
508,Sales,Sales Representative,HubSpot,3.5
508,Sales,Sales Representative,Microsoft Outlook,3.5
508,Sales,Sales Representative,Critical Thinking,3.38
508,Sales,Sales Representative,Active Learning,3.38
508,Sales,Sales Representative,Monitoring,3.12
510,Research & Development,Research Scientist,Microsoft Excel,4.5
510,Research & Development,Research Scientist,R,4.5
510,Research & Development,Research Scientist,Microsoft Office,4.5
510,Research & Development,Research Scientist,Science,4.12
510,Research & Development,Research Scientist,Speaking,4.12
510,Research & Development,Research Scientist,Active Learning,4.12
510,Research & Development,Research Scientist,Critical Thinking,4.0
510,Research & Development,Research Scientist,Active Listening,4.0
510,Research & Development,Research Scientist,Microsoft Project,3.5
510,Research & Development,Research Scientist,IBM SPSS Statistics,3.5
510,Research & Development,Research Scientist,ESRI ArcGIS,3.5
510,Research & Development,Research Scientist,SAS,3.5
510,Research & Development,Research Scientist,Python,3.5
510,Research & Development,Research Scientist,Adobe Photoshop,3.5
511,Research & Development,Research Scientist,Microsoft Excel,4.5
511,Research & Development,Research Scientist,R,4.5
511,Research & Development,Research Scientist,Microsoft Office,4.5
511,Research & Development,Research Scientist,Science,4.12
511,Research & Development,Research Scientist,Speaking,4.12
511,Research & Development,Research Scientist,Active Learning,4.12
511,Research & Development,Research Scientist,Critical Thinking,4.0
511,Research & Development,Research Scientist,MATLAB,3.5
511,Research & Development,Research Scientist,SAS,3.5
511,Research & Development,Research Scientist,Python,3.5
511,Research & Development,Research Scientist,Adobe Photoshop,3.5
511,Research & Development,Research Scientist,Microsoft Project,3.5
513,Sales,Sales Executive,Microsoft PowerPoint,4.5
513,Sales,Sales Executive,Microsoft Excel,4.5
513,Sales,Sales Executive,Active Listening,4.0
513,Sales,Sales Executive,Adobe Creative Cloud,3.5
513,Sales,Sales Executive,Adobe InDesign,3.5
513,Sales,Sales Executive,Adobe Acrobat,3.5
513,Sales,Sales Executive,Adobe Illustrator,3.5
513,Sales,Sales Executive,Adobe Photoshop,3.5
513,Sales,Sales Executive,Writing,3.25
513,Sales,Sales Executive,Active Learning,3.12
513,Sales,Sales Executive,Mathematics,2.25
514,Research & Development,Research Scientist,Microsoft Excel,4.5
514,Research & Development,Research Scientist,R,4.5
514,Research & Development,Research Scientist,Microsoft Office,4.5
514,Research & Development,Research Scientist,Writing,4.25
514,Research & Development,Research Scientist,Science,4.12
514,Research & Development,Research Scientist,Speaking,4.12
514,Research & Development,Research Scientist,Active Learning,4.12
514,Research & Development,Research Scientist,Critical Thinking,4.0
514,Research & Development,Research Scientist,Reading Comprehension,4.0
514,Research & Development,Research Scientist,Active Listening,4.0
514,Research & Development,Research Scientist,Mathematics,3.62
514,Research & Development,Research Scientist,MATLAB,3.5
514,Research & Development,Research Scientist,IBM SPSS Statistics,3.5
514,Research & Development,Research Scientist,SAS,3.5
514,Research & Development,Research Scientist,Python,3.5
515,Research & Development,Laboratory Technician,Active Listening,3.62
515,Research & Development,Laboratory Technician,SAP,3.5
515,Research & Development,Laboratory Technician,Microsoft PowerPoint,3.5
515,Research & Development,Laboratory Technician,Microsoft Word,3.5
515,Research & Development,Laboratory Technician,MEDITECH,3.5
515,Research & Development,Laboratory Technician,Google Docs,3.5
515,Research & Development,Laboratory Technician,Microsoft Outlook,3.5
515,Research & Development,Laboratory Technician,Critical Thinking,3.25
515,Research & Development,Laboratory Technician,Speaking,3.12
515,Research & Development,Laboratory Technician,Electronic Medical Record (EMR),3.0
515,Research & Development,Laboratory Technician,Science,3.0
515,Research & Development,Laboratory Technician,Email,3.0
515,Research & Development,Laboratory Technician,Active Learning,3.0
516,Sales,Sales Executive,Microsoft Excel,4.5
516,Sales,Sales Executive,Microsoft Office,4.5
516,Sales,Sales Executive,Microsoft Outlook,4.5
516,Sales,Sales Executive,Active Listening,4.0
516,Sales,Sales Executive,Speaking,4.0
516,Sales,Sales Executive,Adobe InDesign,3.5
516,Sales,Sales Executive,Adobe Acrobat,3.5
516,Sales,Sales Executive,Adobe Photoshop,3.5
516,Sales,Sales Executive,Adobe Illustrator,3.5
516,Sales,Sales Executive,Monitoring,3.12
516,Sales,Sales Executive,Active Learning,3.12
516,Sales,Sales Executive,Mathematics,2.25
517,Research & Development,Laboratory Technician,Active Listening,3.62
517,Research & Development,Laboratory Technician,Microsoft Word,3.5
517,Research & Development,Laboratory Technician,MEDITECH,3.5
517,Research & Development,Laboratory Technician,Google Docs,3.5
517,Research & Development,Laboratory Technician,Microsoft Outlook,3.5
517,Research & Development,Laboratory Technician,Speaking,3.12
517,Research & Development,Laboratory Technician,Science,3.0
517,Research & Development,Laboratory Technician,Email,3.0
517,Research & Development,Laboratory Technician,Active Learning,3.0
517,Research & Development,Laboratory Technician,Writing,3.0
518,Research & Development,Manufacturing Director,SAP,4.5
518,Research & Development,Manufacturing Director,Microsoft Excel,4.5
518,Research & Development,Manufacturing Director,Microsoft Office,4.5
518,Research & Development,Manufacturing Director,Microsoft Outlook,4.5
518,Research & Development,Manufacturing Director,Reading Comprehension,3.88
518,Research & Development,Manufacturing Director,Adobe Acrobat,3.5
518,Research & Development,Manufacturing Director,Adobe Photoshop,3.5
518,Research & Development,Manufacturing Director,Writing,3.38
520,Research & Development,Research Director,Microsoft PowerPoint,4.5
520,Research & Development,Research Director,IBM SPSS Statistics,3.5
520,Research & Development,Research Director,Microsoft SharePoint,3.5
520,Research & Development,Research Director,Microsoft Visio,3.5
520,Research & Development,Research Director,Active Learning,3.5
520,Research & Development,Research Director,Microsoft Access,3.5
521,Research & Development,Laboratory Technician,Microsoft Excel,4.5
521,Research & Development,Laboratory Technician,Microsoft PowerPoint,3.5
521,Research & Development,Laboratory Technician,Microsoft Word,3.5
521,Research & Development,Laboratory Technician,Google Docs,3.5
521,Research & Development,Laboratory Technician,Monitoring,3.0
521,Research & Development,Laboratory Technician,Science,3.0
521,Research & Development,Laboratory Technician,Email,3.0
521,Research & Development,Laboratory Technician,Writing,3.0
522,Research & Development,Research Director,Microsoft Excel,4.5
522,Research & Development,Research Director,Active Listening,4.0
522,Research & Development,Research Director,Speaking,3.88
522,Research & Development,Research Director,Microsoft Project,3.5
522,Research & Development,Research Director,Microsoft SharePoint,3.5
522,Research & Development,Research Director,Microsoft Visio,3.5
523,Sales,Sales Executive,Microsoft PowerPoint,4.5
523,Sales,Sales Executive,Microsoft Excel,4.5
523,Sales,Sales Executive,Microsoft Office,4.5
523,Sales,Sales Executive,Microsoft Outlook,4.5
523,Sales,Sales Executive,Speaking,4.0
523,Sales,Sales Executive,Adobe Creative Cloud,3.5
523,Sales,Sales Executive,Adobe InDesign,3.5
523,Sales,Sales Executive,Adobe Acrobat,3.5
523,Sales,Sales Executive,Adobe Photoshop,3.5
523,Sales,Sales Executive,Adobe Illustrator,3.5
523,Sales,Sales Executive,Reading Comprehension,3.38
523,Sales,Sales Executive,Monitoring,3.12
523,Sales,Sales Executive,Mathematics,2.25
524,Research & Development,Manufacturing Director,SAP,4.5
524,Research & Development,Manufacturing Director,Microsoft PowerPoint,4.5
524,Research & Development,Manufacturing Director,Microsoft Office,4.5
524,Research & Development,Manufacturing Director,Microsoft Outlook,4.5
524,Research & Development,Manufacturing Director,Monitoring,4.0
524,Research & Development,Manufacturing Director,Speaking,4.0
524,Research & Development,Manufacturing Director,Reading Comprehension,3.88
524,Research & Development,Manufacturing Director,Active Listening,3.88
524,Research & Development,Manufacturing Director,Active Learning,3.62
524,Research & Development,Manufacturing Director,Adobe After Effects,3.5
524,Research & Development,Manufacturing Director,Adobe Acrobat,3.5
524,Research & Development,Manufacturing Director,Adobe Photoshop,3.5
524,Research & Development,Manufacturing Director,Writing,3.38
525,Research & Development,Laboratory Technician,Microsoft Excel,4.5
525,Research & Development,Laboratory Technician,Microsoft Office,4.5
525,Research & Development,Laboratory Technician,SAP,3.5
525,Research & Development,Laboratory Technician,Microsoft Word,3.5
525,Research & Development,Laboratory Technician,Speaking,3.12
525,Research & Development,Laboratory Technician,Electronic Medical Record (EMR),3.0
525,Research & Development,Laboratory Technician,Monitoring,3.0
525,Research & Development,Laboratory Technician,Active Learning,3.0
525,Research & Development,Laboratory Technician,Writing,3.0
526,Research & Development,Healthcare Representative,Microsoft Excel,4.5
526,Research & Development,Healthcare Representative,Microsoft Office,4.5
526,Research & Development,Healthcare Representative,Salesforce,4.5
526,Research & Development,Healthcare Representative,Microsoft Outlook,4.5
526,Research & Development,Healthcare Representative,Reading Comprehension,3.75
526,Research & Development,Healthcare Representative,Google Workspace,3.5
526,Research & Development,Healthcare Representative,Linux,3.5
526,Research & Development,Healthcare Representative,Microsoft Azure,3.5
526,Research & Development,Healthcare Representative,Apache Hadoop,3.5
526,Research & Development,Healthcare Representative,Active Learning,3.5
526,Research & Development,Healthcare Representative,Microsoft Access,3.5
526,Research & Development,Healthcare Representative,Critical Thinking,3.38
526,Research & Development,Healthcare Representative,Writing,3.38
526,Research & Development,Healthcare Representative,Mathematics,2.88
527,Sales,Sales Executive,Microsoft PowerPoint,4.5
527,Sales,Sales Executive,Microsoft Excel,4.5
527,Sales,Sales Executive,Salesforce,4.5
527,Sales,Sales Executive,Microsoft Outlook,4.5
527,Sales,Sales Executive,Microsoft Office,4.5
527,Sales,Sales Executive,Speaking,4.0
527,Sales,Sales Executive,Adobe InDesign,3.5
527,Sales,Sales Executive,Critical Thinking,3.5
527,Sales,Sales Executive,Adobe Acrobat,3.5
527,Sales,Sales Executive,Adobe Illustrator,3.5
527,Sales,Sales Executive,Adobe Creative Cloud,3.5
527,Sales,Sales Executive,Reading Comprehension,3.38
527,Sales,Sales Executive,Writing,3.25
527,Sales,Sales Executive,Monitoring,3.12
527,Sales,Sales Executive,Mathematics,2.25
529,Research & Development,Research Scientist,Writing,4.25
529,Research & Development,Research Scientist,Speaking,4.12
529,Research & Development,Research Scientist,Active Listening,4.0
529,Research & Development,Research Scientist,Mathematics,3.62
529,Research & Development,Research Scientist,Microsoft Project,3.5
529,Research & Development,Research Scientist,IBM SPSS Statistics,3.5
529,Research & Development,Research Scientist,ESRI ArcGIS,3.5
529,Research & Development,Research Scientist,Python,3.5
530,Research & Development,Laboratory Technician,Microsoft Excel,4.5
530,Research & Development,Laboratory Technician,Microsoft Office,4.5
530,Research & Development,Laboratory Technician,Active Listening,3.62
530,Research & Development,Laboratory Technician,Microsoft PowerPoint,3.5
530,Research & Development,Laboratory Technician,Microsoft Word,3.5
530,Research & Development,Laboratory Technician,MEDITECH,3.5
530,Research & Development,Laboratory Technician,Google Docs,3.5
530,Research & Development,Laboratory Technician,Microsoft Outlook,3.5
530,Research & Development,Laboratory Technician,Critical Thinking,3.25
530,Research & Development,Laboratory Technician,Monitoring,3.0
530,Research & Development,Laboratory Technician,Science,3.0
530,Research & Development,Laboratory Technician,Email,3.0
531,Research & Development,Manager,Microsoft Excel,4.5
531,Research & Development,Manager,Monitoring,4.0
531,Research & Development,Manager,Critical Thinking,3.88
531,Research & Development,Manager,Active Learning,3.62
531,Research & Development,Manager,Atlassian Confluence,3.5
531,Research & Development,Manager,Adobe Acrobat,3.5
531,Research & Development,Manager,Autodesk AutoCAD,3.5
532,Sales,Sales Executive,Microsoft Excel,4.5
532,Sales,Sales Executive,Active Listening,4.0
532,Sales,Sales Executive,Adobe Creative Cloud,3.5
532,Sales,Sales Executive,Critical Thinking,3.5
532,Sales,Sales Executive,Adobe Illustrator,3.5
532,Sales,Sales Executive,Adobe Photoshop,3.5
533,Sales,Sales Executive,Microsoft Excel,4.5
533,Sales,Sales Executive,Speaking,4.0
533,Sales,Sales Executive,Active Listening,4.0
533,Sales,Sales Executive,Adobe Creative Cloud,3.5
533,Sales,Sales Executive,Adobe InDesign,3.5
533,Sales,Sales Executive,Critical Thinking,3.5
533,Sales,Sales Executive,Adobe Illustrator,3.5
533,Sales,Sales Executive,Reading Comprehension,3.38
533,Sales,Sales Executive,Monitoring,3.12
533,Sales,Sales Executive,Mathematics,2.25
534,Sales,Sales Executive,Microsoft Office,4.5
534,Sales,Sales Executive,Salesforce,4.5
534,Sales,Sales Executive,Microsoft Outlook,4.5
534,Sales,Sales Executive,Adobe InDesign,3.5
534,Sales,Sales Executive,Critical Thinking,3.5
534,Sales,Sales Executive,Adobe Acrobat,3.5
534,Sales,Sales Executive,Adobe Photoshop,3.5
534,Sales,Sales Executive,Monitoring,3.12
534,Sales,Sales Executive,Active Learning,3.12
534,Sales,Sales Executive,Mathematics,2.25
536,Research & Development,Laboratory Technician,Microsoft Excel,4.5
536,Research & Development,Laboratory Technician,Microsoft Office,4.5
536,Research & Development,Laboratory Technician,Active Listening,3.62
536,Research & Development,Laboratory Technician,SAP,3.5
536,Research & Development,Laboratory Technician,Microsoft PowerPoint,3.5
536,Research & Development,Laboratory Technician,Microsoft Word,3.5
536,Research & Development,Laboratory Technician,MEDITECH,3.5
536,Research & Development,Laboratory Technician,Google Docs,3.5
536,Research & Development,Laboratory Technician,Microsoft Outlook,3.5
536,Research & Development,Laboratory Technician,Critical Thinking,3.25
536,Research & Development,Laboratory Technician,Monitoring,3.0
536,Research & Development,Laboratory Technician,Electronic Medical Record (EMR),3.0
536,Research & Development,Laboratory Technician,Writing,3.0
538,Research & Development,Laboratory Technician,Microsoft Office,4.5
538,Research & Development,Laboratory Technician,Active Listening,3.62
538,Research & Development,Laboratory Technician,Microsoft Word,3.5
538,Research & Development,Laboratory Technician,Microsoft PowerPoint,3.5
538,Research & Development,Laboratory Technician,Critical Thinking,3.25
538,Research & Development,Laboratory Technician,Science,3.0
538,Research & Development,Laboratory Technician,Writing,3.0
543,Research & Development,Manufacturing Director,SAP,4.5
543,Research & Development,Manufacturing Director,Microsoft PowerPoint,4.5
543,Research & Development,Manufacturing Director,Microsoft Outlook,4.5
543,Research & Development,Manufacturing Director,Critical Thinking,4.0
543,Research & Development,Manufacturing Director,Reading Comprehension,3.88
543,Research & Development,Manufacturing Director,Active Listening,3.88
543,Research & Development,Manufacturing Director,Learning Strategies,3.75
543,Research & Development,Manufacturing Director,Active Learning,3.62
543,Research & Development,Manufacturing Director,Adobe After Effects,3.5
543,Research & Development,Manufacturing Director,Adobe InDesign,3.5
543,Research & Development,Manufacturing Director,Adobe Photoshop,3.5
543,Research & Development,Manufacturing Director,Autodesk AutoCAD,3.5
543,Research & Development,Manufacturing Director,Writing,3.38
544,Research & Development,Research Scientist,Speaking,4.12
544,Research & Development,Research Scientist,Active Learning,4.12
544,Research & Development,Research Scientist,Critical Thinking,4.0
544,Research & Development,Research Scientist,Reading Comprehension,4.0
544,Research & Development,Research Scientist,Mathematics,3.62
544,Research & Development,Research Scientist,MATLAB,3.5
544,Research & Development,Research Scientist,IBM SPSS Statistics,3.5
544,Research & Development,Research Scientist,Python,3.5
544,Research & Development,Research Scientist,Adobe Photoshop,3.5
544,Research & Development,Research Scientist,Microsoft Project,3.5
546,Research & Development,Manager,Microsoft PowerPoint,4.5
546,Research & Development,Manager,Speaking,4.0
546,Research & Development,Manager,Apple macOS,3.5
546,Research & Development,Manager,Atlassian JIRA,3.5
546,Research & Development,Manager,Atlassian Confluence,3.5
546,Research & Development,Manager,Google Analytics,3.5
546,Research & Development,Manager,Autodesk AutoCAD,3.5
547,Research & Development,Research Scientist,Microsoft Office,4.5
547,Research & Development,Research Scientist,R,4.5
547,Research & Development,Research Scientist,Speaking,4.12
547,Research & Development,Research Scientist,Active Learning,4.12
547,Research & Development,Research Scientist,IBM SPSS Statistics,3.5
547,Research & Development,Research Scientist,SAS,3.5
547,Research & Development,Research Scientist,Adobe Photoshop,3.5
547,Research & Development,Research Scientist,Microsoft Project,3.5
548,Research & Development,Manufacturing Director,Microsoft Office,4.5
548,Research & Development,Manufacturing Director,Microsoft Outlook,4.5
548,Research & Development,Manufacturing Director,Speaking,4.0
548,Research & Development,Manufacturing Director,Active Listening,3.88
548,Research & Development,Manufacturing Director,Learning Strategies,3.75
548,Research & Development,Manufacturing Director,Active Learning,3.62
548,Research & Development,Manufacturing Director,Adobe After Effects,3.5
548,Research & Development,Manufacturing Director,Adobe InDesign,3.5
548,Research & Development,Manufacturing Director,Adobe Acrobat,3.5
548,Research & Development,Manufacturing Director,Adobe Photoshop,3.5
548,Research & Development,Manufacturing Director,Autodesk AutoCAD,3.5
548,Research & Development,Manufacturing Director,Writing,3.38
549,Research & Development,Manager,Microsoft Excel,4.5
549,Research & Development,Manager,Monitoring,4.0
549,Research & Development,Manager,Atlassian JIRA,3.5
549,Research & Development,Manager,Atlassian Confluence,3.5
549,Research & Development,Manager,Adobe Acrobat,3.5
550,Research & Development,Manufacturing Director,Microsoft Excel,4.5
550,Research & Development,Manufacturing Director,Microsoft Office,4.5
550,Research & Development,Manufacturing Director,Learning Strategies,3.75
550,Research & Development,Manufacturing Director,Active Learning,3.62
550,Research & Development,Manufacturing Director,Adobe Acrobat,3.5
550,Research & Development,Manufacturing Director,Adobe Photoshop,3.5
550,Research & Development,Manufacturing Director,Autodesk AutoCAD,3.5
550,Research & Development,Manufacturing Director,Writing,3.38
551,Research & Development,Healthcare Representative,Microsoft Excel,4.5
551,Research & Development,Healthcare Representative,Reading Comprehension,3.75
551,Research & Development,Healthcare Representative,Google Workspace,3.5
551,Research & Development,Healthcare Representative,Microsoft Azure,3.5
551,Research & Development,Healthcare Representative,Active Learning,3.5
551,Research & Development,Healthcare Representative,Microsoft Access,3.5
551,Research & Development,Healthcare Representative,Critical Thinking,3.38
551,Research & Development,Healthcare Representative,Monitoring,3.12
554,Sales,Sales Representative,Microsoft Excel,4.5
554,Sales,Sales Representative,Active Listening,3.88
554,Sales,Sales Representative,Reading Comprehension,3.62
554,Sales,Sales Representative,Microsoft Project,3.5
554,Sales,Sales Representative,IBM SPSS Statistics,3.5
554,Sales,Sales Representative,Microsoft Word,3.5
554,Sales,Sales Representative,Microsoft Outlook,3.5
554,Sales,Sales Representative,Critical Thinking,3.38
554,Sales,Sales Representative,Active Learning,3.38
554,Sales,Sales Representative,Writing,3.38
554,Sales,Sales Representative,Monitoring,3.12
554,Sales,Sales Representative,Mathematics,2.62
555,Sales,Sales Representative,Salesforce,4.5
555,Sales,Sales Representative,Microsoft Office,4.5
555,Sales,Sales Representative,Active Listening,3.88
555,Sales,Sales Representative,Speaking,3.88
555,Sales,Sales Representative,Reading Comprehension,3.62
555,Sales,Sales Representative,Microsoft PowerPoint,3.5
555,Sales,Sales Representative,Microsoft Outlook,3.5
555,Sales,Sales Representative,IBM SPSS Statistics,3.5
555,Sales,Sales Representative,Microsoft Word,3.5
555,Sales,Sales Representative,HubSpot,3.5
555,Sales,Sales Representative,Microsoft Project,3.5
555,Sales,Sales Representative,Critical Thinking,3.38
555,Sales,Sales Representative,Writing,3.38
555,Sales,Sales Representative,Monitoring,3.12
555,Sales,Sales Representative,Mathematics,2.62
556,Research & Development,Laboratory Technician,Microsoft Excel,4.5
556,Research & Development,Laboratory Technician,Microsoft Office,4.5
556,Research & Development,Laboratory Technician,Active Listening,3.62
556,Research & Development,Laboratory Technician,Microsoft PowerPoint,3.5
556,Research & Development,Laboratory Technician,Microsoft Word,3.5
556,Research & Development,Laboratory Technician,MEDITECH,3.5
556,Research & Development,Laboratory Technician,Microsoft Outlook,3.5
556,Research & Development,Laboratory Technician,Critical Thinking,3.25
556,Research & Development,Laboratory Technician,Speaking,3.12
556,Research & Development,Laboratory Technician,Monitoring,3.0
556,Research & Development,Laboratory Technician,Electronic Medical Record (EMR),3.0
556,Research & Development,Laboratory Technician,Science,3.0
556,Research & Development,Laboratory Technician,Email,3.0
558,Sales,Manager,Critical Thinking,3.88
558,Sales,Manager,Active Learning,3.62
558,Sales,Manager,Google Analytics,3.5
560,Research & Development,Research Scientist,R,4.5
560,Research & Development,Research Scientist,Microsoft Office,4.5
560,Research & Development,Research Scientist,Writing,4.25
560,Research & Development,Research Scientist,Science,4.12
560,Research & Development,Research Scientist,Speaking,4.12
560,Research & Development,Research Scientist,Active Learning,4.12
560,Research & Development,Research Scientist,Critical Thinking,4.0
560,Research & Development,Research Scientist,Reading Comprehension,4.0
560,Research & Development,Research Scientist,Mathematics,3.62
560,Research & Development,Research Scientist,MATLAB,3.5
560,Research & Development,Research Scientist,IBM SPSS Statistics,3.5
560,Research & Development,Research Scientist,SAS,3.5
560,Research & Development,Research Scientist,Microsoft Project,3.5
562,Research & Development,Laboratory Technician,Microsoft Excel,4.5
562,Research & Development,Laboratory Technician,Microsoft Office,4.5
562,Research & Development,Laboratory Technician,Reading Comprehension,3.75
562,Research & Development,Laboratory Technician,Active Listening,3.62
562,Research & Development,Laboratory Technician,Microsoft PowerPoint,3.5
562,Research & Development,Laboratory Technician,Microsoft Word,3.5
562,Research & Development,Laboratory Technician,MEDITECH,3.5
562,Research & Development,Laboratory Technician,Microsoft Outlook,3.5
562,Research & Development,Laboratory Technician,Critical Thinking,3.25
562,Research & Development,Laboratory Technician,Speaking,3.12
562,Research & Development,Laboratory Technician,Monitoring,3.0
562,Research & Development,Laboratory Technician,Electronic Medical Record (EMR),3.0
562,Research & Development,Laboratory Technician,Science,3.0
562,Research & Development,Laboratory Technician,Email,3.0
562,Research & Development,Laboratory Technician,Active Learning,3.0
564,Research & Development,Research Director,Microsoft Excel,4.5
564,Research & Development,Research Director,Microsoft Office,4.5
564,Research & Development,Research Director,Monitoring,4.0
564,Research & Development,Research Director,Active Listening,4.0
564,Research & Development,Research Director,Writing,3.88
564,Research & Development,Research Director,IBM SPSS Statistics,3.5
564,Research & Development,Research Director,Microsoft SharePoint,3.5
564,Research & Development,Research Director,ESRI ArcGIS,3.5
564,Research & Development,Research Director,Active Learning,3.5
564,Research & Development,Research Director,Microsoft Access,3.5
565,Research & Development,Research Scientist,Microsoft Excel,4.5
565,Research & Development,Research Scientist,R,4.5
565,Research & Development,Research Scientist,Microsoft Office,4.5
565,Research & Development,Research Scientist,Writing,4.25
565,Research & Development,Research Scientist,Science,4.12
565,Research & Development,Research Scientist,Critical Thinking,4.0
565,Research & Development,Research Scientist,Reading Comprehension,4.0
565,Research & Development,Research Scientist,Active Listening,4.0
565,Research & Development,Research Scientist,Mathematics,3.62
565,Research & Development,Research Scientist,MATLAB,3.5
565,Research & Development,Research Scientist,Microsoft Project,3.5
565,Research & Development,Research Scientist,Python,3.5
566,Human Resources,Human Resources,Microsoft PowerPoint,4.5
566,Human Resources,Human Resources,Microsoft Excel,4.5
566,Human Resources,Human Resources,Microsoft Outlook,4.5
566,Human Resources,Human Resources,Applicant Tracking System (ATS),4.0
566,Human Resources,Human Resources,Oracle HRIS,4.0
566,Human Resources,Human Resources,Writing,3.88
566,Human Resources,Human Resources,Critical Thinking,3.88
566,Human Resources,Human Resources,Adobe Acrobat,3.5
566,Human Resources,Human Resources,Cisco Webex,3.5
566,Human Resources,Human Resources,Adobe Photoshop,3.5
566,Human Resources,Human Resources,Active Learning,3.25
566,Human Resources,Human Resources,Monitoring,3.0
566,Human Resources,Human Resources,Learning Strategies,3.0
567,Sales,Sales Executive,Speaking,4.0
567,Sales,Sales Executive,Adobe Creative Cloud,3.5
567,Sales,Sales Executive,Adobe Illustrator,3.5
567,Sales,Sales Executive,Adobe Photoshop,3.5
567,Sales,Sales Executive,Writing,3.25
567,Sales,Sales Executive,Monitoring,3.12
567,Sales,Sales Executive,Mathematics,2.25
568,Sales,Manager,Microsoft PowerPoint,4.5
568,Sales,Manager,Microsoft Office,4.5
568,Sales,Manager,Monitoring,4.0
568,Sales,Manager,Speaking,4.0
568,Sales,Manager,Active Listening,4.0
568,Sales,Manager,Active Learning,3.62
568,Sales,Manager,Apple macOS,3.5
568,Sales,Manager,Atlassian JIRA,3.5
568,Sales,Manager,Atlassian Confluence,3.5
568,Sales,Manager,Google Analytics,3.5
568,Sales,Manager,Writing,3.5
568,Sales,Manager,Adobe Photoshop,3.5
568,Sales,Manager,Autodesk AutoCAD,3.5
568,Sales,Manager,Learning Strategies,3.0
569,Research & Development,Manager,Reading Comprehension,4.0
569,Research & Development,Manager,Active Learning,3.62
569,Research & Development,Manager,Atlassian JIRA,3.5
569,Research & Development,Manager,Google Analytics,3.5
569,Research & Development,Manager,Writing,3.5
569,Research & Development,Manager,Learning Strategies,3.0
571,Research & Development,Laboratory Technician,Microsoft Office,4.5
571,Research & Development,Laboratory Technician,SAP,3.5
571,Research & Development,Laboratory Technician,Microsoft PowerPoint,3.5
571,Research & Development,Laboratory Technician,Microsoft Word,3.5
571,Research & Development,Laboratory Technician,MEDITECH,3.5
571,Research & Development,Laboratory Technician,Google Docs,3.5
571,Research & Development,Laboratory Technician,Microsoft Outlook,3.5
571,Research & Development,Laboratory Technician,Speaking,3.12
571,Research & Development,Laboratory Technician,Monitoring,3.0
571,Research & Development,Laboratory Technician,Science,3.0
571,Research & Development,Laboratory Technician,Active Learning,3.0
571,Research & Development,Laboratory Technician,Writing,3.0
573,Sales,Sales Executive,Microsoft PowerPoint,4.5
573,Sales,Sales Executive,Microsoft Excel,4.5
573,Sales,Sales Executive,Microsoft Outlook,4.5
573,Sales,Sales Executive,Speaking,4.0
573,Sales,Sales Executive,Adobe Photoshop,3.5
573,Sales,Sales Executive,Monitoring,3.12
574,Research & Development,Manufacturing Director,SAP,4.5
574,Research & Development,Manufacturing Director,Microsoft PowerPoint,4.5
574,Research & Development,Manufacturing Director,Microsoft Excel,4.5
574,Research & Development,Manufacturing Director,Microsoft Office,4.5
574,Research & Development,Manufacturing Director,Monitoring,4.0
574,Research & Development,Manufacturing Director,Critical Thinking,4.0
574,Research & Development,Manufacturing Director,Speaking,4.0
574,Research & Development,Manufacturing Director,Reading Comprehension,3.88
574,Research & Development,Manufacturing Director,Active Listening,3.88
574,Research & Development,Manufacturing Director,Active Learning,3.62
574,Research & Development,Manufacturing Director,Adobe After Effects,3.5
574,Research & Development,Manufacturing Director,Adobe InDesign,3.5
574,Research & Development,Manufacturing Director,Adobe Acrobat,3.5
574,Research & Development,Manufacturing Director,Adobe Photoshop,3.5
574,Research & Development,Manufacturing Director,Writing,3.38
575,Research & Development,Research Director,Microsoft Excel,4.5
575,Research & Development,Research Director,Science,4.12
575,Research & Development,Research Director,Speaking,3.88
575,Research & Development,Research Director,IBM SPSS Statistics,3.5
575,Research & Development,Research Director,Microsoft SharePoint,3.5
575,Research & Development,Research Director,ESRI ArcGIS,3.5
575,Research & Development,Research Director,Active Learning,3.5
575,Research & Development,Research Director,Microsoft Project,3.5
577,Research & Development,Laboratory Technician,Microsoft Office,4.5
577,Research & Development,Laboratory Technician,Active Listening,3.62
577,Research & Development,Laboratory Technician,MEDITECH,3.5
577,Research & Development,Laboratory Technician,Google Docs,3.5
577,Research & Development,Laboratory Technician,Monitoring,3.0
577,Research & Development,Laboratory Technician,Email,3.0
577,Research & Development,Laboratory Technician,Writing,3.0
578,Research & Development,Laboratory Technician,Active Listening,3.62
578,Research & Development,Laboratory Technician,SAP,3.5
578,Research & Development,Laboratory Technician,MEDITECH,3.5
578,Research & Development,Laboratory Technician,Speaking,3.12
578,Research & Development,Laboratory Technician,Electronic Medical Record (EMR),3.0
578,Research & Development,Laboratory Technician,Email,3.0
578,Research & Development,Laboratory Technician,Writing,3.0
579,Research & Development,Research Scientist,R,4.5
579,Research & Development,Research Scientist,Microsoft Office,4.5
579,Research & Development,Research Scientist,Writing,4.25
579,Research & Development,Research Scientist,Science,4.12
579,Research & Development,Research Scientist,Active Learning,4.12
579,Research & Development,Research Scientist,Reading Comprehension,4.0
579,Research & Development,Research Scientist,Mathematics,3.62
579,Research & Development,Research Scientist,MATLAB,3.5
579,Research & Development,Research Scientist,IBM SPSS Statistics,3.5
579,Research & Development,Research Scientist,ESRI ArcGIS,3.5
579,Research & Development,Research Scientist,Python,3.5
579,Research & Development,Research Scientist,Adobe Photoshop,3.5
579,Research & Development,Research Scientist,Microsoft Project,3.5
580,Sales,Sales Executive,Microsoft PowerPoint,4.5
580,Sales,Sales Executive,Salesforce,4.5
580,Sales,Sales Executive,Microsoft Outlook,4.5
580,Sales,Sales Executive,Adobe Creative Cloud,3.5
580,Sales,Sales Executive,Adobe Illustrator,3.5
580,Sales,Sales Executive,Reading Comprehension,3.38
580,Sales,Sales Executive,Monitoring,3.12
580,Sales,Sales Executive,Mathematics,2.25
581,Research & Development,Manufacturing Director,Microsoft Office,4.5
581,Research & Development,Manufacturing Director,Microsoft Outlook,4.5
581,Research & Development,Manufacturing Director,Monitoring,4.0
581,Research & Development,Manufacturing Director,Critical Thinking,4.0
581,Research & Development,Manufacturing Director,Active Listening,3.88
581,Research & Development,Manufacturing Director,Active Learning,3.62
581,Research & Development,Manufacturing Director,Adobe After Effects,3.5
581,Research & Development,Manufacturing Director,Adobe Acrobat,3.5
581,Research & Development,Manufacturing Director,Writing,3.38
582,Research & Development,Manager,Monitoring,4.0
582,Research & Development,Manager,Reading Comprehension,4.0
582,Research & Development,Manager,Active Listening,4.0
582,Research & Development,Manager,Critical Thinking,3.88
582,Research & Development,Manager,Active Learning,3.62
582,Research & Development,Manager,Apple macOS,3.5
582,Research & Development,Manager,Atlassian JIRA,3.5
582,Research & Development,Manager,Google Analytics,3.5
582,Research & Development,Manager,Writing,3.5
584,Research & Development,Laboratory Technician,Microsoft Office,4.5
584,Research & Development,Laboratory Technician,Active Listening,3.62
584,Research & Development,Laboratory Technician,MEDITECH,3.5
584,Research & Development,Laboratory Technician,Google Docs,3.5
584,Research & Development,Laboratory Technician,Microsoft Outlook,3.5
584,Research & Development,Laboratory Technician,Critical Thinking,3.25
584,Research & Development,Laboratory Technician,Monitoring,3.0
584,Research & Development,Laboratory Technician,Science,3.0
584,Research & Development,Laboratory Technician,Email,3.0
584,Research & Development,Laboratory Technician,Active Learning,3.0
584,Research & Development,Laboratory Technician,Writing,3.0
585,Sales,Sales Representative,Microsoft Excel,4.5
585,Sales,Sales Representative,Salesforce,4.5
585,Sales,Sales Representative,Microsoft Office,4.5
585,Sales,Sales Representative,Speaking,3.88
585,Sales,Sales Representative,Apple macOS,3.5
585,Sales,Sales Representative,Microsoft PowerPoint,3.5
585,Sales,Sales Representative,Microsoft Outlook,3.5
585,Sales,Sales Representative,IBM SPSS Statistics,3.5
585,Sales,Sales Representative,Microsoft Word,3.5
585,Sales,Sales Representative,HubSpot,3.5
585,Sales,Sales Representative,Microsoft Project,3.5
585,Sales,Sales Representative,Critical Thinking,3.38
585,Sales,Sales Representative,Active Learning,3.38
585,Sales,Sales Representative,Writing,3.38
585,Sales,Sales Representative,Monitoring,3.12
585,Sales,Sales Representative,Mathematics,2.62
586,Research & Development,Healthcare Representative,Microsoft Outlook,4.5
586,Research & Development,Healthcare Representative,Google Workspace,3.5
586,Research & Development,Healthcare Representative,Linux,3.5
586,Research & Development,Healthcare Representative,Microsoft Azure,3.5
586,Research & Development,Healthcare Representative,Apache Hadoop,3.5
586,Research & Development,Healthcare Representative,Microsoft Access,3.5
586,Research & Development,Healthcare Representative,Critical Thinking,3.38
586,Research & Development,Healthcare Representative,Writing,3.38
586,Research & Development,Healthcare Representative,Monitoring,3.12
586,Research & Development,Healthcare Representative,Mathematics,2.88
587,Research & Development,Healthcare Representative,Microsoft Excel,4.5
587,Research & Development,Healthcare Representative,Microsoft Office,4.5
587,Research & Development,Healthcare Representative,Salesforce,4.5
587,Research & Development,Healthcare Representative,Active Listening,4.12
587,Research & Development,Healthcare Representative,Reading Comprehension,3.75
587,Research & Development,Healthcare Representative,Google Workspace,3.5
587,Research & Development,Healthcare Representative,Linux,3.5
587,Research & Development,Healthcare Representative,Apache Hadoop,3.5
587,Research & Development,Healthcare Representative,Active Learning,3.5
587,Research & Development,Healthcare Representative,Monitoring,3.12
587,Research & Development,Healthcare Representative,Mathematics,2.88
590,Human Resources,Human Resources,Microsoft PowerPoint,4.5
590,Human Resources,Human Resources,Microsoft Excel,4.5
590,Human Resources,Human Resources,Microsoft Office,4.5
590,Human Resources,Human Resources,Microsoft Outlook,4.5
590,Human Resources,Human Resources,Reading Comprehension,4.0
590,Human Resources,Human Resources,Active Listening,4.0
590,Human Resources,Human Resources,Adobe Acrobat,3.5
590,Human Resources,Human Resources,Active Learning,3.25
590,Human Resources,Human Resources,Monitoring,3.0
590,Human Resources,Human Resources,Learning Strategies,3.0
591,Research & Development,Laboratory Technician,Microsoft Excel,4.5
591,Research & Development,Laboratory Technician,Active Listening,3.62
591,Research & Development,Laboratory Technician,SAP,3.5
591,Research & Development,Laboratory Technician,Microsoft PowerPoint,3.5
591,Research & Development,Laboratory Technician,Microsoft Word,3.5
591,Research & Development,Laboratory Technician,Microsoft Outlook,3.5
591,Research & Development,Laboratory Technician,Critical Thinking,3.25
591,Research & Development,Laboratory Technician,Speaking,3.12
591,Research & Development,Laboratory Technician,Electronic Medical Record (EMR),3.0
591,Research & Development,Laboratory Technician,Science,3.0
591,Research & Development,Laboratory Technician,Email,3.0
591,Research & Development,Laboratory Technician,Active Learning,3.0
591,Research & Development,Laboratory Technician,Writing,3.0
592,Sales,Sales Executive,Microsoft PowerPoint,4.5
592,Sales,Sales Executive,Adobe Creative Cloud,3.5
592,Sales,Sales Executive,Adobe InDesign,3.5
592,Sales,Sales Executive,Critical Thinking,3.5
592,Sales,Sales Executive,Adobe Acrobat,3.5
592,Sales,Sales Executive,Adobe Photoshop,3.5
592,Sales,Sales Executive,Writing,3.25
592,Sales,Sales Executive,Monitoring,3.12
592,Sales,Sales Executive,Active Learning,3.12
593,Research & Development,Laboratory Technician,Microsoft Excel,4.5
593,Research & Development,Laboratory Technician,Reading Comprehension,3.75
593,Research & Development,Laboratory Technician,Active Listening,3.62
593,Research & Development,Laboratory Technician,SAP,3.5
593,Research & Development,Laboratory Technician,Microsoft Word,3.5
593,Research & Development,Laboratory Technician,MEDITECH,3.5
593,Research & Development,Laboratory Technician,Google Docs,3.5
593,Research & Development,Laboratory Technician,Microsoft Outlook,3.5
593,Research & Development,Laboratory Technician,Science,3.0
593,Research & Development,Laboratory Technician,Email,3.0
593,Research & Development,Laboratory Technician,Active Learning,3.0
593,Research & Development,Laboratory Technician,Writing,3.0
595,Sales,Sales Executive,Microsoft PowerPoint,4.5
595,Sales,Sales Executive,Microsoft Excel,4.5
595,Sales,Sales Executive,Microsoft Outlook,4.5
595,Sales,Sales Executive,Speaking,4.0
595,Sales,Sales Executive,Adobe InDesign,3.5
595,Sales,Sales Executive,Critical Thinking,3.5
595,Sales,Sales Executive,Adobe Illustrator,3.5
595,Sales,Sales Executive,Writing,3.25
595,Sales,Sales Executive,Monitoring,3.12
595,Sales,Sales Executive,Active Learning,3.12
597,Sales,Manager,Microsoft PowerPoint,4.5
597,Sales,Manager,Monitoring,4.0
597,Sales,Manager,Adobe Acrobat,3.5
597,Sales,Manager,Apple macOS,3.5
599,Sales,Sales Executive,Salesforce,4.5
599,Sales,Sales Executive,Microsoft Outlook,4.5
599,Sales,Sales Executive,Adobe Creative Cloud,3.5
599,Sales,Sales Executive,Adobe Acrobat,3.5
599,Sales,Sales Executive,Adobe Photoshop,3.5
599,Sales,Sales Executive,Adobe Illustrator,3.5
599,Sales,Sales Executive,Writing,3.25
599,Sales,Sales Executive,Active Learning,3.12
599,Sales,Sales Executive,Mathematics,2.25
600,Sales,Sales Executive,Microsoft PowerPoint,4.5
600,Sales,Sales Executive,Microsoft Excel,4.5
600,Sales,Sales Executive,Microsoft Office,4.5
600,Sales,Sales Executive,Microsoft Outlook,4.5
600,Sales,Sales Executive,Speaking,4.0
600,Sales,Sales Executive,Adobe Creative Cloud,3.5
600,Sales,Sales Executive,Adobe InDesign,3.5
600,Sales,Sales Executive,Adobe Photoshop,3.5
600,Sales,Sales Executive,Reading Comprehension,3.38
600,Sales,Sales Executive,Writing,3.25
600,Sales,Sales Executive,Monitoring,3.12
600,Sales,Sales Executive,Active Learning,3.12
601,Research & Development,Manufacturing Director,Microsoft Outlook,4.5
601,Research & Development,Manufacturing Director,Monitoring,4.0
601,Research & Development,Manufacturing Director,Reading Comprehension,3.88
601,Research & Development,Manufacturing Director,Active Listening,3.88
601,Research & Development,Manufacturing Director,Learning Strategies,3.75
601,Research & Development,Manufacturing Director,Active Learning,3.62
601,Research & Development,Manufacturing Director,Adobe After Effects,3.5
601,Research & Development,Manufacturing Director,Adobe Acrobat,3.5
601,Research & Development,Manufacturing Director,Adobe Photoshop,3.5
601,Research & Development,Manufacturing Director,Writing,3.38
602,Research & Development,Laboratory Technician,Reading Comprehension,3.75
602,Research & Development,Laboratory Technician,Active Listening,3.62
602,Research & Development,Laboratory Technician,SAP,3.5
602,Research & Development,Laboratory Technician,Google Docs,3.5
602,Research & Development,Laboratory Technician,Microsoft Outlook,3.5
602,Research & Development,Laboratory Technician,Speaking,3.12
602,Research & Development,Laboratory Technician,Electronic Medical Record (EMR),3.0
602,Research & Development,Laboratory Technician,Science,3.0
602,Research & Development,Laboratory Technician,Email,3.0
602,Research & Development,Laboratory Technician,Writing,3.0
604,Sales,Sales Executive,Microsoft PowerPoint,4.5
604,Sales,Sales Executive,Microsoft Excel,4.5
604,Sales,Sales Executive,Microsoft Outlook,4.5
604,Sales,Sales Executive,Speaking,4.0
604,Sales,Sales Executive,Adobe Creative Cloud,3.5
604,Sales,Sales Executive,Adobe InDesign,3.5
604,Sales,Sales Executive,Adobe Photoshop,3.5
604,Sales,Sales Executive,Reading Comprehension,3.38
604,Sales,Sales Executive,Monitoring,3.12
604,Sales,Sales Executive,Active Learning,3.12
604,Sales,Sales Executive,Mathematics,2.25
605,Research & Development,Manufacturing Director,Microsoft PowerPoint,4.5
605,Research & Development,Manufacturing Director,Microsoft Excel,4.5
605,Research & Development,Manufacturing Director,Critical Thinking,4.0
605,Research & Development,Manufacturing Director,Learning Strategies,3.75
605,Research & Development,Manufacturing Director,Adobe After Effects,3.5
605,Research & Development,Manufacturing Director,Adobe Acrobat,3.5
605,Research & Development,Manufacturing Director,Autodesk AutoCAD,3.5
605,Research & Development,Manufacturing Director,Writing,3.38
606,Sales,Sales Executive,Microsoft PowerPoint,4.5
606,Sales,Sales Executive,Microsoft Excel,4.5
606,Sales,Sales Executive,Microsoft Office,4.5
606,Sales,Sales Executive,Microsoft Outlook,4.5
606,Sales,Sales Executive,Speaking,4.0
606,Sales,Sales Executive,Adobe Creative Cloud,3.5
606,Sales,Sales Executive,Adobe InDesign,3.5
606,Sales,Sales Executive,Adobe Acrobat,3.5
606,Sales,Sales Executive,Adobe Illustrator,3.5
606,Sales,Sales Executive,Reading Comprehension,3.38
606,Sales,Sales Executive,Writing,3.25
606,Sales,Sales Executive,Monitoring,3.12
606,Sales,Sales Executive,Active Learning,3.12
606,Sales,Sales Executive,Mathematics,2.25
608,Human Resources,Human Resources,Microsoft Excel,4.5
608,Human Resources,Human Resources,Workday,4.5
608,Human Resources,Human Resources,Microsoft Outlook,4.5
608,Human Resources,Human Resources,Speaking,4.12
608,Human Resources,Human Resources,Reading Comprehension,4.0
608,Human Resources,Human Resources,Oracle HRIS,4.0
608,Human Resources,Human Resources,Critical Thinking,3.88
608,Human Resources,Human Resources,Adobe Acrobat,3.5
608,Human Resources,Human Resources,Cisco Webex,3.5
608,Human Resources,Human Resources,Adobe Photoshop,3.5
608,Human Resources,Human Resources,Active Learning,3.25
608,Human Resources,Human Resources,Monitoring,3.0
608,Human Resources,Human Resources,Learning Strategies,3.0
611,Research & Development,Manufacturing Director,Microsoft PowerPoint,4.5
611,Research & Development,Manufacturing Director,Microsoft Office,4.5
611,Research & Development,Manufacturing Director,Microsoft Outlook,4.5
611,Research & Development,Manufacturing Director,Monitoring,4.0
611,Research & Development,Manufacturing Director,Speaking,4.0
611,Research & Development,Manufacturing Director,Reading Comprehension,3.88
611,Research & Development,Manufacturing Director,Learning Strategies,3.75
611,Research & Development,Manufacturing Director,Adobe After Effects,3.5
611,Research & Development,Manufacturing Director,Adobe InDesign,3.5
611,Research & Development,Manufacturing Director,Autodesk AutoCAD,3.5
612,Research & Development,Research Director,Microsoft PowerPoint,4.5
612,Research & Development,Research Director,Microsoft Office,4.5
612,Research & Development,Research Director,Monitoring,4.0
612,Research & Development,Research Director,Critical Thinking,4.0
612,Research & Development,Research Director,ESRI ArcGIS,3.5
612,Research & Development,Research Director,Microsoft Visio,3.5
612,Research & Development,Research Director,Microsoft Project,3.5
613,Sales,Manager,Microsoft PowerPoint,4.5
613,Sales,Manager,Microsoft Office,4.5
613,Sales,Manager,Monitoring,4.0
613,Sales,Manager,Reading Comprehension,4.0
613,Sales,Manager,Speaking,4.0
613,Sales,Manager,Critical Thinking,3.88
613,Sales,Manager,Active Learning,3.62
613,Sales,Manager,Apple macOS,3.5
613,Sales,Manager,Atlassian Confluence,3.5
613,Sales,Manager,Adobe Acrobat,3.5
613,Sales,Manager,Writing,3.5
613,Sales,Manager,Adobe Photoshop,3.5
613,Sales,Manager,Autodesk AutoCAD,3.5
613,Sales,Manager,Learning Strategies,3.0
614,Sales,Sales Representative,Microsoft Office,4.5
614,Sales,Sales Representative,Speaking,3.88
614,Sales,Sales Representative,Reading Comprehension,3.62
614,Sales,Sales Representative,IBM SPSS Statistics,3.5
614,Sales,Sales Representative,Microsoft PowerPoint,3.5
614,Sales,Sales Representative,Microsoft Outlook,3.5
614,Sales,Sales Representative,Active Learning,3.38
614,Sales,Sales Representative,Monitoring,3.12
614,Sales,Sales Representative,Mathematics,2.62
615,Sales,Sales Executive,Salesforce,4.5
615,Sales,Sales Executive,Speaking,4.0
615,Sales,Sales Executive,Adobe Acrobat,3.5
615,Sales,Sales Executive,Adobe Illustrator,3.5
615,Sales,Sales Executive,Writing,3.25
615,Sales,Sales Executive,Monitoring,3.12
615,Sales,Sales Executive,Mathematics,2.25
616,Research & Development,Healthcare Representative,Salesforce,4.5
616,Research & Development,Healthcare Representative,Linux,3.5
616,Research & Development,Healthcare Representative,Microsoft Azure,3.5
616,Research & Development,Healthcare Representative,Apache Hadoop,3.5
616,Research & Development,Healthcare Representative,Amazon Web Services (AWS),3.5
616,Research & Development,Healthcare Representative,Critical Thinking,3.38
616,Research & Development,Healthcare Representative,Writing,3.38
616,Research & Development,Healthcare Representative,Monitoring,3.12
616,Research & Development,Healthcare Representative,Mathematics,2.88
618,Sales,Sales Executive,Microsoft PowerPoint,4.5
618,Sales,Sales Executive,Microsoft Office,4.5
618,Sales,Sales Executive,Salesforce,4.5
618,Sales,Sales Executive,Microsoft Outlook,4.5
618,Sales,Sales Executive,Speaking,4.0
618,Sales,Sales Executive,Adobe Photoshop,3.5
618,Sales,Sales Executive,Adobe Illustrator,3.5
618,Sales,Sales Executive,Mathematics,2.25
620,Sales,Sales Executive,Salesforce,4.5
620,Sales,Sales Executive,Microsoft Outlook,4.5
620,Sales,Sales Executive,Speaking,4.0
620,Sales,Sales Executive,Adobe Creative Cloud,3.5
620,Sales,Sales Executive,Adobe InDesign,3.5
620,Sales,Sales Executive,Critical Thinking,3.5
620,Sales,Sales Executive,Adobe Photoshop,3.5
620,Sales,Sales Executive,Adobe Illustrator,3.5
620,Sales,Sales Executive,Reading Comprehension,3.38
620,Sales,Sales Executive,Active Learning,3.12
620,Sales,Sales Executive,Mathematics,2.25
621,Sales,Sales Executive,Microsoft PowerPoint,4.5
621,Sales,Sales Executive,Speaking,4.0
621,Sales,Sales Executive,Active Listening,4.0
621,Sales,Sales Executive,Adobe InDesign,3.5
621,Sales,Sales Executive,Critical Thinking,3.5
621,Sales,Sales Executive,Adobe Acrobat,3.5
621,Sales,Sales Executive,Adobe Photoshop,3.5
621,Sales,Sales Executive,Writing,3.25
621,Sales,Sales Executive,Mathematics,2.25
622,Research & Development,Laboratory Technician,Microsoft Excel,4.5
622,Research & Development,Laboratory Technician,Microsoft Office,4.5
622,Research & Development,Laboratory Technician,Reading Comprehension,3.75
622,Research & Development,Laboratory Technician,Active Listening,3.62
622,Research & Development,Laboratory Technician,Microsoft Word,3.5
622,Research & Development,Laboratory Technician,Google Docs,3.5
622,Research & Development,Laboratory Technician,Microsoft Outlook,3.5
622,Research & Development,Laboratory Technician,Speaking,3.12
622,Research & Development,Laboratory Technician,Monitoring,3.0
622,Research & Development,Laboratory Technician,Electronic Medical Record (EMR),3.0
622,Research & Development,Laboratory Technician,Science,3.0
622,Research & Development,Laboratory Technician,Active Learning,3.0
622,Research & Development,Laboratory Technician,Writing,3.0
623,Research & Development,Manufacturing Director,SAP,4.5
623,Research & Development,Manufacturing Director,Microsoft Office,4.5
623,Research & Development,Manufacturing Director,Microsoft Outlook,4.5
623,Research & Development,Manufacturing Director,Speaking,4.0
623,Research & Development,Manufacturing Director,Reading Comprehension,3.88
623,Research & Development,Manufacturing Director,Active Listening,3.88
623,Research & Development,Manufacturing Director,Adobe After Effects,3.5
623,Research & Development,Manufacturing Director,Adobe Photoshop,3.5
623,Research & Development,Manufacturing Director,Writing,3.38
624,Research & Development,Healthcare Representative,Salesforce,4.5
624,Research & Development,Healthcare Representative,Speaking,4.25
624,Research & Development,Healthcare Representative,Linux,3.5
624,Research & Development,Healthcare Representative,Apache Hadoop,3.5
624,Research & Development,Healthcare Representative,Microsoft Access,3.5
624,Research & Development,Healthcare Representative,Writing,3.38
624,Research & Development,Healthcare Representative,Mathematics,2.88
625,Sales,Manager,Monitoring,4.0
625,Sales,Manager,Speaking,4.0
625,Sales,Manager,Active Learning,3.62
625,Sales,Manager,Apple macOS,3.5
625,Sales,Manager,Atlassian JIRA,3.5
625,Sales,Manager,Atlassian Confluence,3.5
625,Sales,Manager,Google Analytics,3.5
625,Sales,Manager,Adobe Acrobat,3.5
625,Sales,Manager,Writing,3.5
626,Sales,Sales Executive,Microsoft Excel,4.5
626,Sales,Sales Executive,Adobe Creative Cloud,3.5
626,Sales,Sales Executive,Critical Thinking,3.5
626,Sales,Sales Executive,Adobe Acrobat,3.5
626,Sales,Sales Executive,Adobe Photoshop,3.5
626,Sales,Sales Executive,Reading Comprehension,3.38
626,Sales,Sales Executive,Monitoring,3.12
630,Research & Development,Research Scientist,Microsoft Excel,4.5
630,Research & Development,Research Scientist,Science,4.12
630,Research & Development,Research Scientist,Speaking,4.12
630,Research & Development,Research Scientist,Active Learning,4.12
630,Research & Development,Research Scientist,Critical Thinking,4.0
630,Research & Development,Research Scientist,Reading Comprehension,4.0
630,Research & Development,Research Scientist,Mathematics,3.62
630,Research & Development,Research Scientist,MATLAB,3.5
630,Research & Development,Research Scientist,ESRI ArcGIS,3.5
630,Research & Development,Research Scientist,SAS,3.5
630,Research & Development,Research Scientist,Python,3.5
630,Research & Development,Research Scientist,Adobe Photoshop,3.5
631,Sales,Sales Executive,Microsoft Excel,4.5
631,Sales,Sales Executive,Salesforce,4.5
631,Sales,Sales Executive,Microsoft Outlook,4.5
631,Sales,Sales Executive,Speaking,4.0
631,Sales,Sales Executive,Critical Thinking,3.5
631,Sales,Sales Executive,Adobe Acrobat,3.5
631,Sales,Sales Executive,Adobe Photoshop,3.5
631,Sales,Sales Executive,Adobe Illustrator,3.5
631,Sales,Sales Executive,Writing,3.25
631,Sales,Sales Executive,Mathematics,2.25
632,Sales,Sales Representative,Microsoft Excel,4.5
632,Sales,Sales Representative,Salesforce,4.5
632,Sales,Sales Representative,Speaking,3.88
632,Sales,Sales Representative,Active Listening,3.88
632,Sales,Sales Representative,Reading Comprehension,3.62
632,Sales,Sales Representative,Microsoft Project,3.5
632,Sales,Sales Representative,IBM SPSS Statistics,3.5
632,Sales,Sales Representative,Microsoft Word,3.5
632,Sales,Sales Representative,HubSpot,3.5
632,Sales,Sales Representative,Microsoft Outlook,3.5
632,Sales,Sales Representative,Critical Thinking,3.38
632,Sales,Sales Representative,Writing,3.38
632,Sales,Sales Representative,Mathematics,2.62
634,Research & Development,Healthcare Representative,Microsoft Office,4.5
634,Research & Development,Healthcare Representative,Salesforce,4.5
634,Research & Development,Healthcare Representative,Speaking,4.25
634,Research & Development,Healthcare Representative,Reading Comprehension,3.75
634,Research & Development,Healthcare Representative,Google Workspace,3.5
634,Research & Development,Healthcare Representative,Linux,3.5
634,Research & Development,Healthcare Representative,Microsoft Azure,3.5
634,Research & Development,Healthcare Representative,Apache Hadoop,3.5
634,Research & Development,Healthcare Representative,Microsoft Access,3.5
634,Research & Development,Healthcare Representative,Amazon Web Services (AWS),3.5
634,Research & Development,Healthcare Representative,Critical Thinking,3.38
634,Research & Development,Healthcare Representative,Monitoring,3.12
635,Research & Development,Manufacturing Director,Microsoft Excel,4.5
635,Research & Development,Manufacturing Director,Microsoft Outlook,4.5
635,Research & Development,Manufacturing Director,Reading Comprehension,3.88
635,Research & Development,Manufacturing Director,Active Listening,3.88
635,Research & Development,Manufacturing Director,Learning Strategies,3.75
635,Research & Development,Manufacturing Director,Active Learning,3.62
635,Research & Development,Manufacturing Director,Adobe After Effects,3.5
635,Research & Development,Manufacturing Director,Adobe InDesign,3.5
635,Research & Development,Manufacturing Director,Adobe Acrobat,3.5
635,Research & Development,Manufacturing Director,Adobe Photoshop,3.5
635,Research & Development,Manufacturing Director,Autodesk AutoCAD,3.5
635,Research & Development,Manufacturing Director,Writing,3.38
638,Research & Development,Research Director,Microsoft PowerPoint,4.5
638,Research & Development,Research Director,Reading Comprehension,4.0
638,Research & Development,Research Director,Active Learning,3.5
638,Research & Development,Research Director,Microsoft Access,3.5
638,Research & Development,Research Director,Microsoft Project,3.5
639,Research & Development,Research Scientist,Microsoft Excel,4.5
639,Research & Development,Research Scientist,R,4.5
639,Research & Development,Research Scientist,Writing,4.25
639,Research & Development,Research Scientist,Science,4.12
639,Research & Development,Research Scientist,Active Learning,4.12
639,Research & Development,Research Scientist,Critical Thinking,4.0
639,Research & Development,Research Scientist,Reading Comprehension,4.0
639,Research & Development,Research Scientist,Active Listening,4.0
639,Research & Development,Research Scientist,Mathematics,3.62
639,Research & Development,Research Scientist,MATLAB,3.5
639,Research & Development,Research Scientist,Microsoft Project,3.5
639,Research & Development,Research Scientist,IBM SPSS Statistics,3.5
639,Research & Development,Research Scientist,ESRI ArcGIS,3.5
639,Research & Development,Research Scientist,SAS,3.5
639,Research & Development,Research Scientist,Adobe Photoshop,3.5
641,Sales,Sales Executive,Microsoft PowerPoint,4.5
641,Sales,Sales Executive,Microsoft Excel,4.5
641,Sales,Sales Executive,Microsoft Outlook,4.5
641,Sales,Sales Executive,Speaking,4.0
641,Sales,Sales Executive,Critical Thinking,3.5
641,Sales,Sales Executive,Adobe Illustrator,3.5
641,Sales,Sales Executive,Reading Comprehension,3.38
641,Sales,Sales Executive,Writing,3.25
641,Sales,Sales Executive,Active Learning,3.12
641,Sales,Sales Executive,Mathematics,2.25
643,Research & Development,Laboratory Technician,Microsoft Excel,4.5
643,Research & Development,Laboratory Technician,Reading Comprehension,3.75
643,Research & Development,Laboratory Technician,Microsoft Word,3.5
643,Research & Development,Laboratory Technician,Microsoft Outlook,3.5
643,Research & Development,Laboratory Technician,Critical Thinking,3.25
643,Research & Development,Laboratory Technician,Speaking,3.12
643,Research & Development,Laboratory Technician,Monitoring,3.0
643,Research & Development,Laboratory Technician,Electronic Medical Record (EMR),3.0
643,Research & Development,Laboratory Technician,Science,3.0
643,Research & Development,Laboratory Technician,Email,3.0
643,Research & Development,Laboratory Technician,Writing,3.0
644,Human Resources,Manager,Microsoft Excel,4.5
644,Human Resources,Manager,Monitoring,4.0
644,Human Resources,Manager,Reading Comprehension,4.0
644,Human Resources,Manager,Critical Thinking,3.88
644,Human Resources,Manager,Active Learning,3.62
644,Human Resources,Manager,Apple macOS,3.5
644,Human Resources,Manager,Atlassian JIRA,3.5
644,Human Resources,Manager,Google Analytics,3.5
644,Human Resources,Manager,Atlassian Confluence,3.5
644,Human Resources,Manager,Writing,3.5
644,Human Resources,Manager,Autodesk AutoCAD,3.5
644,Human Resources,Manager,Learning Strategies,3.0
645,Sales,Sales Representative,Microsoft Excel,4.5
645,Sales,Sales Representative,Microsoft Office,4.5
645,Sales,Sales Representative,Speaking,3.88
645,Sales,Sales Representative,Active Listening,3.88
645,Sales,Sales Representative,Reading Comprehension,3.62
645,Sales,Sales Representative,Microsoft Project,3.5
645,Sales,Sales Representative,IBM SPSS Statistics,3.5
645,Sales,Sales Representative,Microsoft Word,3.5
645,Sales,Sales Representative,HubSpot,3.5
645,Sales,Sales Representative,Microsoft Outlook,3.5
645,Sales,Sales Representative,Critical Thinking,3.38
645,Sales,Sales Representative,Active Learning,3.38
645,Sales,Sales Representative,Monitoring,3.12
647,Research & Development,Laboratory Technician,Microsoft Excel,4.5
647,Research & Development,Laboratory Technician,Microsoft Office,4.5
647,Research & Development,Laboratory Technician,Reading Comprehension,3.75
647,Research & Development,Laboratory Technician,Active Listening,3.62
647,Research & Development,Laboratory Technician,SAP,3.5
647,Research & Development,Laboratory Technician,Microsoft Word,3.5
647,Research & Development,Laboratory Technician,MEDITECH,3.5
647,Research & Development,Laboratory Technician,Google Docs,3.5
647,Research & Development,Laboratory Technician,Microsoft Outlook,3.5
647,Research & Development,Laboratory Technician,Science,3.0
647,Research & Development,Laboratory Technician,Active Learning,3.0
648,Sales,Sales Representative,Microsoft Excel,4.5
648,Sales,Sales Representative,Microsoft Office,4.5
648,Sales,Sales Representative,Salesforce,4.5
648,Sales,Sales Representative,Speaking,3.88
648,Sales,Sales Representative,Active Listening,3.88
648,Sales,Sales Representative,Reading Comprehension,3.62
648,Sales,Sales Representative,IBM SPSS Statistics,3.5
648,Sales,Sales Representative,Microsoft Word,3.5
648,Sales,Sales Representative,HubSpot,3.5
648,Sales,Sales Representative,Active Learning,3.38
648,Sales,Sales Representative,Mathematics,2.62
649,Research & Development,Research Scientist,R,4.5
649,Research & Development,Research Scientist,Microsoft Office,4.5
649,Research & Development,Research Scientist,Writing,4.25
649,Research & Development,Research Scientist,Science,4.12
649,Research & Development,Research Scientist,Speaking,4.12
649,Research & Development,Research Scientist,Active Learning,4.12
649,Research & Development,Research Scientist,Critical Thinking,4.0
649,Research & Development,Research Scientist,Reading Comprehension,4.0
649,Research & Development,Research Scientist,Mathematics,3.62
649,Research & Development,Research Scientist,MATLAB,3.5
649,Research & Development,Research Scientist,IBM SPSS Statistics,3.5
649,Research & Development,Research Scientist,Python,3.5
649,Research & Development,Research Scientist,Microsoft Project,3.5
650,Sales,Sales Executive,Active Listening,4.0
650,Sales,Sales Executive,Adobe Creative Cloud,3.5
650,Sales,Sales Executive,Critical Thinking,3.5
650,Sales,Sales Executive,Adobe Acrobat,3.5
650,Sales,Sales Executive,Reading Comprehension,3.38
650,Sales,Sales Executive,Writing,3.25
650,Sales,Sales Executive,Monitoring,3.12
650,Sales,Sales Executive,Mathematics,2.25
652,Research & Development,Laboratory Technician,Reading Comprehension,3.75
652,Research & Development,Laboratory Technician,Microsoft PowerPoint,3.5
652,Research & Development,Laboratory Technician,Microsoft Word,3.5
652,Research & Development,Laboratory Technician,MEDITECH,3.5
652,Research & Development,Laboratory Technician,Google Docs,3.5
652,Research & Development,Laboratory Technician,Speaking,3.12
652,Research & Development,Laboratory Technician,Electronic Medical Record (EMR),3.0
652,Research & Development,Laboratory Technician,Monitoring,3.0
652,Research & Development,Laboratory Technician,Science,3.0
652,Research & Development,Laboratory Technician,Email,3.0
653,Sales,Sales Executive,Microsoft PowerPoint,4.5
653,Sales,Sales Executive,Speaking,4.0
653,Sales,Sales Executive,Active Listening,4.0
653,Sales,Sales Executive,Adobe Creative Cloud,3.5
653,Sales,Sales Executive,Adobe InDesign,3.5
653,Sales,Sales Executive,Adobe Illustrator,3.5
653,Sales,Sales Executive,Adobe Photoshop,3.5
653,Sales,Sales Executive,Reading Comprehension,3.38
653,Sales,Sales Executive,Monitoring,3.12
653,Sales,Sales Executive,Active Learning,3.12
653,Sales,Sales Executive,Mathematics,2.25
655,Research & Development,Research Scientist,Microsoft Office,4.5
655,Research & Development,Research Scientist,Writing,4.25
655,Research & Development,Research Scientist,Speaking,4.12
655,Research & Development,Research Scientist,Active Listening,4.0
655,Research & Development,Research Scientist,Mathematics,3.62
655,Research & Development,Research Scientist,MATLAB,3.5
655,Research & Development,Research Scientist,IBM SPSS Statistics,3.5
655,Research & Development,Research Scientist,Adobe Photoshop,3.5
656,Sales,Sales Executive,Microsoft Office,4.5
656,Sales,Sales Executive,Microsoft Outlook,4.5
656,Sales,Sales Executive,Speaking,4.0
656,Sales,Sales Executive,Active Listening,4.0
656,Sales,Sales Executive,Adobe Creative Cloud,3.5
656,Sales,Sales Executive,Adobe InDesign,3.5
656,Sales,Sales Executive,Adobe Illustrator,3.5
656,Sales,Sales Executive,Adobe Acrobat,3.5
656,Sales,Sales Executive,Reading Comprehension,3.38
656,Sales,Sales Executive,Writing,3.25
656,Sales,Sales Executive,Active Learning,3.12
656,Sales,Sales Executive,Mathematics,2.25
657,Research & Development,Research Scientist,Microsoft Excel,4.5
657,Research & Development,Research Scientist,Microsoft Office,4.5
657,Research & Development,Research Scientist,Active Learning,4.12
657,Research & Development,Research Scientist,Critical Thinking,4.0
657,Research & Development,Research Scientist,Reading Comprehension,4.0
657,Research & Development,Research Scientist,Active Listening,4.0
657,Research & Development,Research Scientist,Mathematics,3.62
657,Research & Development,Research Scientist,SAS,3.5
657,Research & Development,Research Scientist,Python,3.5
659,Research & Development,Healthcare Representative,Microsoft Office,4.5
659,Research & Development,Healthcare Representative,Speaking,4.25
659,Research & Development,Healthcare Representative,Active Listening,4.12
659,Research & Development,Healthcare Representative,Google Workspace,3.5
659,Research & Development,Healthcare Representative,Microsoft Azure,3.5
659,Research & Development,Healthcare Representative,Apache Hadoop,3.5
659,Research & Development,Healthcare Representative,Active Learning,3.5
659,Research & Development,Healthcare Representative,Microsoft Access,3.5
659,Research & Development,Healthcare Representative,Amazon Web Services (AWS),3.5
659,Research & Development,Healthcare Representative,Critical Thinking,3.38
659,Research & Development,Healthcare Representative,Writing,3.38
659,Research & Development,Healthcare Representative,Monitoring,3.12
659,Research & Development,Healthcare Representative,Mathematics,2.88
661,Research & Development,Research Director,Microsoft PowerPoint,4.5
661,Research & Development,Research Director,Critical Thinking,4.0
661,Research & Development,Research Director,Speaking,3.88
661,Research & Development,Research Director,Writing,3.88
661,Research & Development,Research Director,Active Learning,3.5
661,Research & Development,Research Director,Microsoft Access,3.5
661,Research & Development,Research Director,Microsoft Project,3.5
662,Research & Development,Research Scientist,Microsoft Excel,4.5
662,Research & Development,Research Scientist,R,4.5
662,Research & Development,Research Scientist,Writing,4.25
662,Research & Development,Research Scientist,Speaking,4.12
662,Research & Development,Research Scientist,Critical Thinking,4.0
662,Research & Development,Research Scientist,Active Listening,4.0
662,Research & Development,Research Scientist,Microsoft Project,3.5
662,Research & Development,Research Scientist,IBM SPSS Statistics,3.5
662,Research & Development,Research Scientist,SAS,3.5
663,Research & Development,Laboratory Technician,Microsoft Excel,4.5
663,Research & Development,Laboratory Technician,Microsoft Word,3.5
663,Research & Development,Laboratory Technician,MEDITECH,3.5
663,Research & Development,Laboratory Technician,Google Docs,3.5
663,Research & Development,Laboratory Technician,Microsoft Outlook,3.5
663,Research & Development,Laboratory Technician,Critical Thinking,3.25
663,Research & Development,Laboratory Technician,Speaking,3.12
663,Research & Development,Laboratory Technician,Science,3.0
663,Research & Development,Laboratory Technician,Email,3.0
663,Research & Development,Laboratory Technician,Active Learning,3.0
663,Research & Development,Laboratory Technician,Writing,3.0
664,Research & Development,Manager,Microsoft Office,4.5
664,Research & Development,Manager,Atlassian Confluence,3.5
664,Research & Development,Manager,Learning Strategies,3.0
665,Human Resources,Human Resources,Microsoft PowerPoint,4.5
665,Human Resources,Human Resources,Microsoft Excel,4.5
665,Human Resources,Human Resources,Workday,4.5
665,Human Resources,Human Resources,Microsoft Outlook,4.5
665,Human Resources,Human Resources,Oracle HRIS,4.0
665,Human Resources,Human Resources,Active Listening,4.0
665,Human Resources,Human Resources,Applicant Tracking System (ATS),4.0
665,Human Resources,Human Resources,Reading Comprehension,4.0
665,Human Resources,Human Resources,Critical Thinking,3.88
665,Human Resources,Human Resources,Cisco Webex,3.5
665,Human Resources,Human Resources,Adobe Acrobat,3.5
665,Human Resources,Human Resources,Adobe Photoshop,3.5
665,Human Resources,Human Resources,Active Learning,3.25
665,Human Resources,Human Resources,Learning Strategies,3.0
665,Human Resources,Human Resources,Monitoring,3.0
666,Sales,Sales Representative,Microsoft Excel,4.5
666,Sales,Sales Representative,Microsoft Office,4.5
666,Sales,Sales Representative,Salesforce,4.5
666,Sales,Sales Representative,Speaking,3.88
666,Sales,Sales Representative,Active Listening,3.88
666,Sales,Sales Representative,Reading Comprehension,3.62
666,Sales,Sales Representative,IBM SPSS Statistics,3.5
666,Sales,Sales Representative,Apple macOS,3.5
666,Sales,Sales Representative,Microsoft Word,3.5
666,Sales,Sales Representative,Critical Thinking,3.38
666,Sales,Sales Representative,Active Learning,3.38
666,Sales,Sales Representative,Writing,3.38
666,Sales,Sales Representative,Monitoring,3.12
666,Sales,Sales Representative,Mathematics,2.62
667,Sales,Sales Representative,Microsoft Excel,4.5
667,Sales,Sales Representative,Salesforce,4.5
667,Sales,Sales Representative,Microsoft Office,4.5
667,Sales,Sales Representative,Active Listening,3.88
667,Sales,Sales Representative,Speaking,3.88
667,Sales,Sales Representative,Reading Comprehension,3.62
667,Sales,Sales Representative,Apple macOS,3.5
667,Sales,Sales Representative,Microsoft Outlook,3.5
667,Sales,Sales Representative,IBM SPSS Statistics,3.5
667,Sales,Sales Representative,HubSpot,3.5
667,Sales,Sales Representative,Microsoft Project,3.5
667,Sales,Sales Representative,Critical Thinking,3.38
667,Sales,Sales Representative,Active Learning,3.38
667,Sales,Sales Representative,Writing,3.38
667,Sales,Sales Representative,Monitoring,3.12
667,Sales,Sales Representative,Mathematics,2.62
669,Sales,Sales Representative,Microsoft Office,4.5
669,Sales,Sales Representative,Speaking,3.88
669,Sales,Sales Representative,Reading Comprehension,3.62
669,Sales,Sales Representative,Microsoft PowerPoint,3.5
669,Sales,Sales Representative,Apple macOS,3.5
669,Sales,Sales Representative,Microsoft Word,3.5
669,Sales,Sales Representative,HubSpot,3.5
669,Sales,Sales Representative,Microsoft Outlook,3.5
669,Sales,Sales Representative,Critical Thinking,3.38
669,Sales,Sales Representative,Monitoring,3.12
669,Sales,Sales Representative,Mathematics,2.62
671,Research & Development,Manager,Microsoft PowerPoint,4.5
671,Research & Development,Manager,Microsoft Office,4.5
671,Research & Development,Manager,Monitoring,4.0
671,Research & Development,Manager,Speaking,4.0
671,Research & Development,Manager,Active Listening,4.0
671,Research & Development,Manager,Critical Thinking,3.88
671,Research & Development,Manager,Apple macOS,3.5
671,Research & Development,Manager,Atlassian Confluence,3.5
671,Research & Development,Manager,Google Analytics,3.5
675,Research & Development,Research Scientist,Microsoft Excel,4.5
675,Research & Development,Research Scientist,Writing,4.25
675,Research & Development,Research Scientist,Science,4.12
675,Research & Development,Research Scientist,Active Learning,4.12
675,Research & Development,Research Scientist,Critical Thinking,4.0
675,Research & Development,Research Scientist,Active Listening,4.0
675,Research & Development,Research Scientist,Mathematics,3.62
675,Research & Development,Research Scientist,MATLAB,3.5
675,Research & Development,Research Scientist,Microsoft Project,3.5
675,Research & Development,Research Scientist,IBM SPSS Statistics,3.5
675,Research & Development,Research Scientist,ESRI ArcGIS,3.5
675,Research & Development,Research Scientist,SAS,3.5
675,Research & Development,Research Scientist,Python,3.5
677,Sales,Sales Executive,Microsoft Excel,4.5
677,Sales,Sales Executive,Microsoft Office,4.5
677,Sales,Sales Executive,Speaking,4.0
677,Sales,Sales Executive,Adobe Creative Cloud,3.5
677,Sales,Sales Executive,Adobe InDesign,3.5
677,Sales,Sales Executive,Critical Thinking,3.5
677,Sales,Sales Executive,Adobe Acrobat,3.5
677,Sales,Sales Executive,Adobe Photoshop,3.5
677,Sales,Sales Executive,Active Learning,3.12
677,Sales,Sales Executive,Mathematics,2.25
679,Research & Development,Research Scientist,R,4.5
679,Research & Development,Research Scientist,Microsoft Office,4.5
679,Research & Development,Research Scientist,Science,4.12
679,Research & Development,Research Scientist,Speaking,4.12
679,Research & Development,Research Scientist,Active Learning,4.12
679,Research & Development,Research Scientist,Reading Comprehension,4.0
679,Research & Development,Research Scientist,Active Listening,4.0
679,Research & Development,Research Scientist,Mathematics,3.62
679,Research & Development,Research Scientist,Microsoft Project,3.5
679,Research & Development,Research Scientist,IBM SPSS Statistics,3.5
679,Research & Development,Research Scientist,SAS,3.5
680,Research & Development,Research Scientist,Microsoft Excel,4.5
680,Research & Development,Research Scientist,R,4.5
680,Research & Development,Research Scientist,Microsoft Office,4.5
680,Research & Development,Research Scientist,Science,4.12
680,Research & Development,Research Scientist,Speaking,4.12
680,Research & Development,Research Scientist,Active Learning,4.12
680,Research & Development,Research Scientist,Critical Thinking,4.0
680,Research & Development,Research Scientist,Reading Comprehension,4.0
680,Research & Development,Research Scientist,Active Listening,4.0
680,Research & Development,Research Scientist,Mathematics,3.62
680,Research & Development,Research Scientist,MATLAB,3.5
680,Research & Development,Research Scientist,ESRI ArcGIS,3.5
680,Research & Development,Research Scientist,SAS,3.5
680,Research & Development,Research Scientist,Python,3.5
680,Research & Development,Research Scientist,Adobe Photoshop,3.5
682,Sales,Sales Executive,Microsoft Excel,4.5
682,Sales,Sales Executive,Microsoft Office,4.5
682,Sales,Sales Executive,Salesforce,4.5
682,Sales,Sales Executive,Microsoft Outlook,4.5
682,Sales,Sales Executive,Speaking,4.0
682,Sales,Sales Executive,Active Listening,4.0
682,Sales,Sales Executive,Adobe Creative Cloud,3.5
682,Sales,Sales Executive,Adobe InDesign,3.5
682,Sales,Sales Executive,Critical Thinking,3.5
682,Sales,Sales Executive,Adobe Acrobat,3.5
682,Sales,Sales Executive,Adobe Photoshop,3.5
682,Sales,Sales Executive,Monitoring,3.12
682,Sales,Sales Executive,Active Learning,3.12
682,Sales,Sales Executive,Mathematics,2.25
683,Research & Development,Research Scientist,Microsoft Excel,4.5
683,Research & Development,Research Scientist,Microsoft Office,4.5
683,Research & Development,Research Scientist,Science,4.12
683,Research & Development,Research Scientist,Speaking,4.12
683,Research & Development,Research Scientist,Active Learning,4.12
683,Research & Development,Research Scientist,Mathematics,3.62
683,Research & Development,Research Scientist,MATLAB,3.5
683,Research & Development,Research Scientist,IBM SPSS Statistics,3.5
683,Research & Development,Research Scientist,ESRI ArcGIS,3.5
683,Research & Development,Research Scientist,SAS,3.5
683,Research & Development,Research Scientist,Adobe Photoshop,3.5
683,Research & Development,Research Scientist,Microsoft Project,3.5
684,Sales,Sales Executive,Microsoft PowerPoint,4.5
684,Sales,Sales Executive,Microsoft Excel,4.5
684,Sales,Sales Executive,Microsoft Office,4.5
684,Sales,Sales Executive,Salesforce,4.5
684,Sales,Sales Executive,Microsoft Outlook,4.5
684,Sales,Sales Executive,Speaking,4.0
684,Sales,Sales Executive,Adobe Creative Cloud,3.5
684,Sales,Sales Executive,Adobe InDesign,3.5
684,Sales,Sales Executive,Critical Thinking,3.5
684,Sales,Sales Executive,Adobe Illustrator,3.5
684,Sales,Sales Executive,Writing,3.25
684,Sales,Sales Executive,Active Learning,3.12
684,Sales,Sales Executive,Mathematics,2.25
686,Research & Development,Laboratory Technician,Microsoft Excel,4.5
686,Research & Development,Laboratory Technician,Microsoft Office,4.5
686,Research & Development,Laboratory Technician,Reading Comprehension,3.75
686,Research & Development,Laboratory Technician,Active Listening,3.62
686,Research & Development,Laboratory Technician,Microsoft Word,3.5
686,Research & Development,Laboratory Technician,MEDITECH,3.5
686,Research & Development,Laboratory Technician,Google Docs,3.5
686,Research & Development,Laboratory Technician,Microsoft Outlook,3.5
686,Research & Development,Laboratory Technician,Critical Thinking,3.25
686,Research & Development,Laboratory Technician,Speaking,3.12
686,Research & Development,Laboratory Technician,Monitoring,3.0
686,Research & Development,Laboratory Technician,Electronic Medical Record (EMR),3.0
686,Research & Development,Laboratory Technician,Science,3.0
686,Research & Development,Laboratory Technician,Email,3.0
686,Research & Development,Laboratory Technician,Active Learning,3.0
689,Research & Development,Manufacturing Director,Microsoft PowerPoint,4.5
689,Research & Development,Manufacturing Director,Microsoft Excel,4.5
689,Research & Development,Manufacturing Director,Microsoft Office,4.5
689,Research & Development,Manufacturing Director,Speaking,4.0
689,Research & Development,Manufacturing Director,Active Learning,3.62
689,Research & Development,Manufacturing Director,Adobe After Effects,3.5
689,Research & Development,Manufacturing Director,Adobe InDesign,3.5
689,Research & Development,Manufacturing Director,Adobe Acrobat,3.5
689,Research & Development,Manufacturing Director,Adobe Photoshop,3.5
689,Research & Development,Manufacturing Director,Writing,3.38
690,Sales,Sales Executive,Microsoft Office,4.5
690,Sales,Sales Executive,Speaking,4.0
690,Sales,Sales Executive,Adobe Creative Cloud,3.5
690,Sales,Sales Executive,Adobe InDesign,3.5
690,Sales,Sales Executive,Adobe Illustrator,3.5
690,Sales,Sales Executive,Reading Comprehension,3.38
690,Sales,Sales Executive,Monitoring,3.12
690,Sales,Sales Executive,Mathematics,2.25
691,Research & Development,Research Scientist,Microsoft Excel,4.5
691,Research & Development,Research Scientist,Speaking,4.12
691,Research & Development,Research Scientist,Critical Thinking,4.0
691,Research & Development,Research Scientist,Active Listening,4.0
691,Research & Development,Research Scientist,MATLAB,3.5
691,Research & Development,Research Scientist,Microsoft Project,3.5
691,Research & Development,Research Scientist,IBM SPSS Statistics,3.5
691,Research & Development,Research Scientist,Python,3.5
692,Research & Development,Healthcare Representative,Microsoft Excel,4.5
692,Research & Development,Healthcare Representative,Microsoft Office,4.5
692,Research & Development,Healthcare Representative,Salesforce,4.5
692,Research & Development,Healthcare Representative,Speaking,4.25
692,Research & Development,Healthcare Representative,Active Listening,4.12
692,Research & Development,Healthcare Representative,Amazon Web Services (AWS),3.5
692,Research & Development,Healthcare Representative,Google Workspace,3.5
692,Research & Development,Healthcare Representative,Linux,3.5
692,Research & Development,Healthcare Representative,Microsoft Azure,3.5
692,Research & Development,Healthcare Representative,Apache Hadoop,3.5
692,Research & Development,Healthcare Representative,Active Learning,3.5
692,Research & Development,Healthcare Representative,Writing,3.38
692,Research & Development,Healthcare Representative,Mathematics,2.88
698,Human Resources,Human Resources,Workday,4.5
698,Human Resources,Human Resources,Microsoft Office,4.5
698,Human Resources,Human Resources,Microsoft Outlook,4.5
698,Human Resources,Human Resources,Applicant Tracking System (ATS),4.0
698,Human Resources,Human Resources,Oracle HRIS,4.0
698,Human Resources,Human Resources,Active Listening,4.0
698,Human Resources,Human Resources,Writing,3.88
698,Human Resources,Human Resources,Adobe Acrobat,3.5
698,Human Resources,Human Resources,Cisco Webex,3.5
698,Human Resources,Human Resources,Adobe Photoshop,3.5
698,Human Resources,Human Resources,Active Learning,3.25
698,Human Resources,Human Resources,Learning Strategies,3.0
699,Research & Development,Manufacturing Director,SAP,4.5
699,Research & Development,Manufacturing Director,Microsoft PowerPoint,4.5
699,Research & Development,Manufacturing Director,Microsoft Outlook,4.5
699,Research & Development,Manufacturing Director,Monitoring,4.0
699,Research & Development,Manufacturing Director,Critical Thinking,4.0
699,Research & Development,Manufacturing Director,Speaking,4.0
699,Research & Development,Manufacturing Director,Reading Comprehension,3.88
699,Research & Development,Manufacturing Director,Active Listening,3.88
699,Research & Development,Manufacturing Director,Adobe InDesign,3.5
699,Research & Development,Manufacturing Director,Adobe Acrobat,3.5
699,Research & Development,Manufacturing Director,Adobe Photoshop,3.5
699,Research & Development,Manufacturing Director,Autodesk AutoCAD,3.5
700,Research & Development,Research Scientist,Microsoft Excel,4.5
700,Research & Development,Research Scientist,R,4.5
700,Research & Development,Research Scientist,Writing,4.25
700,Research & Development,Research Scientist,Active Learning,4.12
700,Research & Development,Research Scientist,Critical Thinking,4.0
700,Research & Development,Research Scientist,Active Listening,4.0
700,Research & Development,Research Scientist,Mathematics,3.62
700,Research & Development,Research Scientist,SAS,3.5
700,Research & Development,Research Scientist,Python,3.5
701,Research & Development,Research Scientist,Microsoft Excel,4.5
701,Research & Development,Research Scientist,R,4.5
701,Research & Development,Research Scientist,Writing,4.25
701,Research & Development,Research Scientist,Science,4.12
701,Research & Development,Research Scientist,Active Learning,4.12
701,Research & Development,Research Scientist,Reading Comprehension,4.0
701,Research & Development,Research Scientist,Active Listening,4.0
701,Research & Development,Research Scientist,Mathematics,3.62
701,Research & Development,Research Scientist,MATLAB,3.5
701,Research & Development,Research Scientist,Microsoft Project,3.5
701,Research & Development,Research Scientist,IBM SPSS Statistics,3.5
701,Research & Development,Research Scientist,Python,3.5
701,Research & Development,Research Scientist,Adobe Photoshop,3.5
702,Research & Development,Research Scientist,R,4.5
702,Research & Development,Research Scientist,Microsoft Office,4.5
702,Research & Development,Research Scientist,Writing,4.25
702,Research & Development,Research Scientist,Speaking,4.12
702,Research & Development,Research Scientist,Active Learning,4.12
702,Research & Development,Research Scientist,Active Listening,4.0
702,Research & Development,Research Scientist,Mathematics,3.62
702,Research & Development,Research Scientist,MATLAB,3.5
702,Research & Development,Research Scientist,IBM SPSS Statistics,3.5
702,Research & Development,Research Scientist,Microsoft Project,3.5
702,Research & Development,Research Scientist,Python,3.5
702,Research & Development,Research Scientist,Adobe Photoshop,3.5
704,Research & Development,Laboratory Technician,Microsoft Excel,4.5
704,Research & Development,Laboratory Technician,Microsoft Office,4.5
704,Research & Development,Laboratory Technician,Reading Comprehension,3.75
704,Research & Development,Laboratory Technician,SAP,3.5
704,Research & Development,Laboratory Technician,Microsoft PowerPoint,3.5
704,Research & Development,Laboratory Technician,MEDITECH,3.5
704,Research & Development,Laboratory Technician,Critical Thinking,3.25
704,Research & Development,Laboratory Technician,Speaking,3.12
704,Research & Development,Laboratory Technician,Monitoring,3.0
704,Research & Development,Laboratory Technician,Electronic Medical Record (EMR),3.0
704,Research & Development,Laboratory Technician,Science,3.0
704,Research & Development,Laboratory Technician,Email,3.0
704,Research & Development,Laboratory Technician,Active Learning,3.0
705,Research & Development,Research Scientist,Microsoft Office,4.5
705,Research & Development,Research Scientist,Science,4.12
705,Research & Development,Research Scientist,Critical Thinking,4.0
705,Research & Development,Research Scientist,Reading Comprehension,4.0
705,Research & Development,Research Scientist,Active Listening,4.0
705,Research & Development,Research Scientist,Microsoft Project,3.5
705,Research & Development,Research Scientist,IBM SPSS Statistics,3.5
705,Research & Development,Research Scientist,SAS,3.5
705,Research & Development,Research Scientist,Python,3.5
707,Sales,Sales Executive,Microsoft PowerPoint,4.5
707,Sales,Sales Executive,Microsoft Outlook,4.5
707,Sales,Sales Executive,Speaking,4.0
707,Sales,Sales Executive,Adobe Creative Cloud,3.5
707,Sales,Sales Executive,Adobe InDesign,3.5
707,Sales,Sales Executive,Adobe Photoshop,3.5
707,Sales,Sales Executive,Adobe Illustrator,3.5
707,Sales,Sales Executive,Reading Comprehension,3.38
707,Sales,Sales Executive,Writing,3.25
707,Sales,Sales Executive,Monitoring,3.12
707,Sales,Sales Executive,Active Learning,3.12
707,Sales,Sales Executive,Mathematics,2.25
709,Sales,Sales Executive,Microsoft Excel,4.5
709,Sales,Sales Executive,Speaking,4.0
709,Sales,Sales Executive,Active Listening,4.0
709,Sales,Sales Executive,Critical Thinking,3.5
709,Sales,Sales Executive,Adobe Acrobat,3.5
709,Sales,Sales Executive,Adobe Illustrator,3.5
709,Sales,Sales Executive,Adobe Photoshop,3.5
709,Sales,Sales Executive,Writing,3.25
709,Sales,Sales Executive,Active Learning,3.12
709,Sales,Sales Executive,Mathematics,2.25
710,Research & Development,Research Scientist,R,4.5
710,Research & Development,Research Scientist,Microsoft Office,4.5
710,Research & Development,Research Scientist,Active Learning,4.12
710,Research & Development,Research Scientist,Critical Thinking,4.0
710,Research & Development,Research Scientist,Active Listening,4.0
710,Research & Development,Research Scientist,Mathematics,3.62
710,Research & Development,Research Scientist,Microsoft Project,3.5
710,Research & Development,Research Scientist,SAS,3.5
710,Research & Development,Research Scientist,Python,3.5
710,Research & Development,Research Scientist,Adobe Photoshop,3.5
712,Sales,Sales Executive,Microsoft PowerPoint,4.5
712,Sales,Sales Executive,Microsoft Excel,4.5
712,Sales,Sales Executive,Microsoft Outlook,4.5
712,Sales,Sales Executive,Speaking,4.0
712,Sales,Sales Executive,Adobe Creative Cloud,3.5
712,Sales,Sales Executive,Adobe InDesign,3.5
712,Sales,Sales Executive,Adobe Photoshop,3.5
712,Sales,Sales Executive,Adobe Illustrator,3.5
712,Sales,Sales Executive,Writing,3.25
712,Sales,Sales Executive,Monitoring,3.12
712,Sales,Sales Executive,Active Learning,3.12
714,Sales,Sales Executive,Active Listening,4.0
714,Sales,Sales Executive,Adobe Creative Cloud,3.5
714,Sales,Sales Executive,Adobe InDesign,3.5
714,Sales,Sales Executive,Critical Thinking,3.5
714,Sales,Sales Executive,Adobe Acrobat,3.5
714,Sales,Sales Executive,Adobe Illustrator,3.5
714,Sales,Sales Executive,Adobe Photoshop,3.5
714,Sales,Sales Executive,Writing,3.25
714,Sales,Sales Executive,Active Learning,3.12
714,Sales,Sales Executive,Mathematics,2.25
715,Research & Development,Research Scientist,Microsoft Office,4.5
715,Research & Development,Research Scientist,Writing,4.25
715,Research & Development,Research Scientist,Science,4.12
715,Research & Development,Research Scientist,Speaking,4.12
715,Research & Development,Research Scientist,Active Learning,4.12
715,Research & Development,Research Scientist,Critical Thinking,4.0
715,Research & Development,Research Scientist,Reading Comprehension,4.0
715,Research & Development,Research Scientist,Active Listening,4.0
715,Research & Development,Research Scientist,Mathematics,3.62
715,Research & Development,Research Scientist,MATLAB,3.5
715,Research & Development,Research Scientist,IBM SPSS Statistics,3.5
715,Research & Development,Research Scientist,Microsoft Project,3.5
715,Research & Development,Research Scientist,ESRI ArcGIS,3.5
715,Research & Development,Research Scientist,Python,3.5
715,Research & Development,Research Scientist,Adobe Photoshop,3.5
716,Research & Development,Laboratory Technician,Microsoft Excel,4.5
716,Research & Development,Laboratory Technician,Active Listening,3.62
716,Research & Development,Laboratory Technician,Microsoft PowerPoint,3.5
716,Research & Development,Laboratory Technician,Microsoft Word,3.5
716,Research & Development,Laboratory Technician,Google Docs,3.5
716,Research & Development,Laboratory Technician,Microsoft Outlook,3.5
716,Research & Development,Laboratory Technician,Critical Thinking,3.25
716,Research & Development,Laboratory Technician,Monitoring,3.0
716,Research & Development,Laboratory Technician,Electronic Medical Record (EMR),3.0
716,Research & Development,Laboratory Technician,Email,3.0
716,Research & Development,Laboratory Technician,Active Learning,3.0
717,Research & Development,Healthcare Representative,Microsoft Excel,4.5
717,Research & Development,Healthcare Representative,Active Listening,4.12
717,Research & Development,Healthcare Representative,Reading Comprehension,3.75
717,Research & Development,Healthcare Representative,Google Workspace,3.5
717,Research & Development,Healthcare Representative,Linux,3.5
717,Research & Development,Healthcare Representative,Apache Hadoop,3.5
717,Research & Development,Healthcare Representative,Active Learning,3.5
717,Research & Development,Healthcare Representative,Microsoft Access,3.5
717,Research & Development,Healthcare Representative,Writing,3.38
717,Research & Development,Healthcare Representative,Monitoring,3.12
717,Research & Development,Healthcare Representative,Mathematics,2.88
720,Sales,Sales Executive,Microsoft PowerPoint,4.5
720,Sales,Sales Executive,Microsoft Excel,4.5
720,Sales,Sales Executive,Active Listening,4.0
720,Sales,Sales Executive,Adobe Creative Cloud,3.5
720,Sales,Sales Executive,Adobe InDesign,3.5
720,Sales,Sales Executive,Critical Thinking,3.5
720,Sales,Sales Executive,Adobe Acrobat,3.5
720,Sales,Sales Executive,Adobe Photoshop,3.5
720,Sales,Sales Executive,Reading Comprehension,3.38
720,Sales,Sales Executive,Monitoring,3.12
720,Sales,Sales Executive,Active Learning,3.12
720,Sales,Sales Executive,Mathematics,2.25
721,Research & Development,Healthcare Representative,Microsoft Excel,4.5
721,Research & Development,Healthcare Representative,Microsoft Outlook,4.5
721,Research & Development,Healthcare Representative,Speaking,4.25
721,Research & Development,Healthcare Representative,Active Listening,4.12
721,Research & Development,Healthcare Representative,Reading Comprehension,3.75
721,Research & Development,Healthcare Representative,Microsoft Azure,3.5
721,Research & Development,Healthcare Representative,Active Learning,3.5
721,Research & Development,Healthcare Representative,Amazon Web Services (AWS),3.5
721,Research & Development,Healthcare Representative,Critical Thinking,3.38
721,Research & Development,Healthcare Representative,Mathematics,2.88
722,Sales,Sales Executive,Microsoft Excel,4.5
722,Sales,Sales Executive,Salesforce,4.5
722,Sales,Sales Executive,Active Listening,4.0
722,Sales,Sales Executive,Adobe InDesign,3.5
722,Sales,Sales Executive,Critical Thinking,3.5
722,Sales,Sales Executive,Adobe Acrobat,3.5
722,Sales,Sales Executive,Adobe Illustrator,3.5
722,Sales,Sales Executive,Adobe Photoshop,3.5
722,Sales,Sales Executive,Reading Comprehension,3.38
722,Sales,Sales Executive,Writing,3.25
722,Sales,Sales Executive,Monitoring,3.12
722,Sales,Sales Executive,Mathematics,2.25
723,Sales,Sales Executive,Microsoft Excel,4.5
723,Sales,Sales Executive,Speaking,4.0
723,Sales,Sales Executive,Active Listening,4.0
723,Sales,Sales Executive,Adobe Acrobat,3.5
723,Sales,Sales Executive,Adobe Photoshop,3.5
723,Sales,Sales Executive,Reading Comprehension,3.38
723,Sales,Sales Executive,Writing,3.25
723,Sales,Sales Executive,Active Learning,3.12
723,Sales,Sales Executive,Mathematics,2.25
724,Research & Development,Healthcare Representative,Microsoft Excel,4.5
724,Research & Development,Healthcare Representative,Microsoft Office,4.5
724,Research & Development,Healthcare Representative,Microsoft Outlook,4.5
724,Research & Development,Healthcare Representative,Speaking,4.25
724,Research & Development,Healthcare Representative,Active Listening,4.12
724,Research & Development,Healthcare Representative,Amazon Web Services (AWS),3.5
724,Research & Development,Healthcare Representative,Google Workspace,3.5
724,Research & Development,Healthcare Representative,Linux,3.5
724,Research & Development,Healthcare Representative,Microsoft Azure,3.5
724,Research & Development,Healthcare Representative,Active Learning,3.5
724,Research & Development,Healthcare Representative,Critical Thinking,3.38
724,Research & Development,Healthcare Representative,Writing,3.38
724,Research & Development,Healthcare Representative,Mathematics,2.88
725,Research & Development,Manufacturing Director,Microsoft Excel,4.5
725,Research & Development,Manufacturing Director,Microsoft Office,4.5
725,Research & Development,Manufacturing Director,Microsoft Outlook,4.5
725,Research & Development,Manufacturing Director,Monitoring,4.0
725,Research & Development,Manufacturing Director,Reading Comprehension,3.88
725,Research & Development,Manufacturing Director,Active Listening,3.88
725,Research & Development,Manufacturing Director,Learning Strategies,3.75
725,Research & Development,Manufacturing Director,Active Learning,3.62
725,Research & Development,Manufacturing Director,Adobe InDesign,3.5
725,Research & Development,Manufacturing Director,Adobe Acrobat,3.5
727,Research & Development,Research Director,Microsoft PowerPoint,4.5
727,Research & Development,Research Director,Microsoft Excel,4.5
727,Research & Development,Research Director,Critical Thinking,4.0
727,Research & Development,Research Director,Reading Comprehension,4.0
727,Research & Development,Research Director,Active Listening,4.0
727,Research & Development,Research Director,Writing,3.88
727,Research & Development,Research Director,Microsoft Project,3.5
727,Research & Development,Research Director,IBM SPSS Statistics,3.5
727,Research & Development,Research Director,Microsoft SharePoint,3.5
727,Research & Development,Research Director,ESRI ArcGIS,3.5
727,Research & Development,Research Director,Microsoft Visio,3.5
727,Research & Development,Research Director,Adobe Acrobat,3.5
727,Research & Development,Research Director,Microsoft Access,3.5
728,Sales,Sales Executive,Microsoft Excel,4.5
728,Sales,Sales Executive,Microsoft Office,4.5
728,Sales,Sales Executive,Adobe InDesign,3.5
728,Sales,Sales Executive,Adobe Acrobat,3.5
728,Sales,Sales Executive,Adobe Illustrator,3.5
728,Sales,Sales Executive,Monitoring,3.12
729,Sales,Sales Executive,Microsoft PowerPoint,4.5
729,Sales,Sales Executive,Microsoft Excel,4.5
729,Sales,Sales Executive,Speaking,4.0
729,Sales,Sales Executive,Active Listening,4.0
729,Sales,Sales Executive,Adobe Acrobat,3.5
729,Sales,Sales Executive,Adobe Photoshop,3.5
729,Sales,Sales Executive,Reading Comprehension,3.38
729,Sales,Sales Executive,Active Learning,3.12
729,Sales,Sales Executive,Mathematics,2.25
730,Research & Development,Research Director,Microsoft PowerPoint,4.5
730,Research & Development,Research Director,Microsoft Excel,4.5
730,Research & Development,Research Director,Monitoring,4.0
730,Research & Development,Research Director,Critical Thinking,4.0
730,Research & Development,Research Director,Microsoft SharePoint,3.5
730,Research & Development,Research Director,ESRI ArcGIS,3.5
731,Human Resources,Manager,Active Learning,3.62
731,Human Resources,Manager,Atlassian JIRA,3.5
731,Human Resources,Manager,Atlassian Confluence,3.5
731,Human Resources,Manager,Google Analytics,3.5
731,Human Resources,Manager,Writing,3.5
731,Human Resources,Manager,Autodesk AutoCAD,3.5
731,Human Resources,Manager,Learning Strategies,3.0
732,Sales,Sales Executive,Microsoft PowerPoint,4.5
732,Sales,Sales Executive,Microsoft Excel,4.5
732,Sales,Sales Executive,Microsoft Outlook,4.5
732,Sales,Sales Executive,Speaking,4.0
732,Sales,Sales Executive,Active Listening,4.0
732,Sales,Sales Executive,Adobe Creative Cloud,3.5
732,Sales,Sales Executive,Adobe Acrobat,3.5
732,Sales,Sales Executive,Adobe Photoshop,3.5
732,Sales,Sales Executive,Monitoring,3.12
732,Sales,Sales Executive,Mathematics,2.25
733,Research & Development,Manufacturing Director,SAP,4.5
733,Research & Development,Manufacturing Director,Microsoft Office,4.5
733,Research & Development,Manufacturing Director,Monitoring,4.0
733,Research & Development,Manufacturing Director,Active Listening,3.88
733,Research & Development,Manufacturing Director,Learning Strategies,3.75
733,Research & Development,Manufacturing Director,Adobe After Effects,3.5
733,Research & Development,Manufacturing Director,Adobe InDesign,3.5
733,Research & Development,Manufacturing Director,Adobe Photoshop,3.5
733,Research & Development,Manufacturing Director,Autodesk AutoCAD,3.5
734,Human Resources,Manager,Microsoft Excel,4.5
734,Human Resources,Manager,Microsoft Office,4.5
734,Human Resources,Manager,Speaking,4.0
734,Human Resources,Manager,Atlassian Confluence,3.5
734,Human Resources,Manager,Adobe Acrobat,3.5
734,Human Resources,Manager,Autodesk AutoCAD,3.5
738,Sales,Sales Representative,Microsoft Office,4.5
738,Sales,Sales Representative,Salesforce,4.5
738,Sales,Sales Representative,Speaking,3.88
738,Sales,Sales Representative,Active Listening,3.88
738,Sales,Sales Representative,Reading Comprehension,3.62
738,Sales,Sales Representative,Microsoft Project,3.5
738,Sales,Sales Representative,IBM SPSS Statistics,3.5
738,Sales,Sales Representative,Microsoft Word,3.5
738,Sales,Sales Representative,HubSpot,3.5
738,Sales,Sales Representative,Microsoft Outlook,3.5
738,Sales,Sales Representative,Critical Thinking,3.38
738,Sales,Sales Representative,Active Learning,3.38
738,Sales,Sales Representative,Writing,3.38
738,Sales,Sales Representative,Mathematics,2.62
741,Research & Development,Research Scientist,Microsoft Excel,4.5
741,Research & Development,Research Scientist,Science,4.12
741,Research & Development,Research Scientist,Speaking,4.12
741,Research & Development,Research Scientist,Active Learning,4.12
741,Research & Development,Research Scientist,Reading Comprehension,4.0
741,Research & Development,Research Scientist,Active Listening,4.0
741,Research & Development,Research Scientist,Mathematics,3.62
741,Research & Development,Research Scientist,MATLAB,3.5
741,Research & Development,Research Scientist,IBM SPSS Statistics,3.5
741,Research & Development,Research Scientist,Microsoft Project,3.5
741,Research & Development,Research Scientist,SAS,3.5
741,Research & Development,Research Scientist,Python,3.5
741,Research & Development,Research Scientist,Adobe Photoshop,3.5
742,Research & Development,Research Director,Microsoft PowerPoint,4.5
742,Research & Development,Research Director,Microsoft Office,4.5
742,Research & Development,Research Director,Science,4.12
742,Research & Development,Research Director,Critical Thinking,4.0
742,Research & Development,Research Director,Writing,3.88
742,Research & Development,Research Director,Microsoft SharePoint,3.5
742,Research & Development,Research Director,ESRI ArcGIS,3.5
742,Research & Development,Research Director,Microsoft Visio,3.5
742,Research & Development,Research Director,Active Learning,3.5
742,Research & Development,Research Director,Microsoft Access,3.5
743,Research & Development,Manufacturing Director,SAP,4.5
743,Research & Development,Manufacturing Director,Microsoft PowerPoint,4.5
743,Research & Development,Manufacturing Director,Microsoft Excel,4.5
743,Research & Development,Manufacturing Director,Microsoft Outlook,4.5
743,Research & Development,Manufacturing Director,Speaking,4.0
743,Research & Development,Manufacturing Director,Reading Comprehension,3.88
743,Research & Development,Manufacturing Director,Learning Strategies,3.75
743,Research & Development,Manufacturing Director,Adobe After Effects,3.5
743,Research & Development,Manufacturing Director,Adobe InDesign,3.5
743,Research & Development,Manufacturing Director,Adobe Acrobat,3.5
743,Research & Development,Manufacturing Director,Adobe Photoshop,3.5
743,Research & Development,Manufacturing Director,Writing,3.38
744,Research & Development,Laboratory Technician,Microsoft Excel,4.5
744,Research & Development,Laboratory Technician,Reading Comprehension,3.75
744,Research & Development,Laboratory Technician,SAP,3.5
744,Research & Development,Laboratory Technician,Microsoft Word,3.5
744,Research & Development,Laboratory Technician,MEDITECH,3.5
744,Research & Development,Laboratory Technician,Google Docs,3.5
744,Research & Development,Laboratory Technician,Microsoft Outlook,3.5
744,Research & Development,Laboratory Technician,Critical Thinking,3.25
744,Research & Development,Laboratory Technician,Monitoring,3.0
744,Research & Development,Laboratory Technician,Electronic Medical Record (EMR),3.0
744,Research & Development,Laboratory Technician,Science,3.0
744,Research & Development,Laboratory Technician,Email,3.0
744,Research & Development,Laboratory Technician,Writing,3.0
746,Sales,Sales Executive,Salesforce,4.5
746,Sales,Sales Executive,Microsoft Outlook,4.5
746,Sales,Sales Executive,Active Listening,4.0
746,Sales,Sales Executive,Adobe Acrobat,3.5
746,Sales,Sales Executive,Adobe Photoshop,3.5
746,Sales,Sales Executive,Adobe Illustrator,3.5
746,Sales,Sales Executive,Writing,3.25
746,Sales,Sales Executive,Monitoring,3.12
746,Sales,Sales Executive,Mathematics,2.25
747,Sales,Sales Executive,Microsoft PowerPoint,4.5
747,Sales,Sales Executive,Microsoft Excel,4.5
747,Sales,Sales Executive,Speaking,4.0
747,Sales,Sales Executive,Adobe InDesign,3.5
747,Sales,Sales Executive,Critical Thinking,3.5
747,Sales,Sales Executive,Adobe Illustrator,3.5
747,Sales,Sales Executive,Adobe Photoshop,3.5
747,Sales,Sales Executive,Writing,3.25
749,Sales,Sales Representative,Salesforce,4.5
749,Sales,Sales Representative,Speaking,3.88
749,Sales,Sales Representative,Active Listening,3.88
749,Sales,Sales Representative,Microsoft PowerPoint,3.5
749,Sales,Sales Representative,Apple macOS,3.5
749,Sales,Sales Representative,Microsoft Word,3.5
749,Sales,Sales Representative,HubSpot,3.5
749,Sales,Sales Representative,Microsoft Outlook,3.5
749,Sales,Sales Representative,Critical Thinking,3.38
749,Sales,Sales Representative,Active Learning,3.38
749,Sales,Sales Representative,Writing,3.38
752,Research & Development,Research Scientist,Microsoft Office,4.5
752,Research & Development,Research Scientist,Writing,4.25
752,Research & Development,Research Scientist,Science,4.12
752,Research & Development,Research Scientist,Speaking,4.12
752,Research & Development,Research Scientist,Active Learning,4.12
752,Research & Development,Research Scientist,Critical Thinking,4.0
752,Research & Development,Research Scientist,Reading Comprehension,4.0
752,Research & Development,Research Scientist,Active Listening,4.0
752,Research & Development,Research Scientist,MATLAB,3.5
752,Research & Development,Research Scientist,Microsoft Project,3.5
752,Research & Development,Research Scientist,IBM SPSS Statistics,3.5
752,Research & Development,Research Scientist,ESRI ArcGIS,3.5
752,Research & Development,Research Scientist,Python,3.5
754,Sales,Sales Executive,Microsoft PowerPoint,4.5
754,Sales,Sales Executive,Microsoft Excel,4.5
754,Sales,Sales Executive,Salesforce,4.5
754,Sales,Sales Executive,Speaking,4.0
754,Sales,Sales Executive,Adobe Creative Cloud,3.5
754,Sales,Sales Executive,Critical Thinking,3.5
754,Sales,Sales Executive,Adobe Illustrator,3.5
754,Sales,Sales Executive,Adobe Photoshop,3.5
754,Sales,Sales Executive,Writing,3.25
754,Sales,Sales Executive,Monitoring,3.12
754,Sales,Sales Executive,Mathematics,2.25
757,Research & Development,Healthcare Representative,Microsoft Outlook,4.5
757,Research & Development,Healthcare Representative,Speaking,4.25
757,Research & Development,Healthcare Representative,Google Workspace,3.5
757,Research & Development,Healthcare Representative,Microsoft Azure,3.5
757,Research & Development,Healthcare Representative,Microsoft Access,3.5
757,Research & Development,Healthcare Representative,Writing,3.38
757,Research & Development,Healthcare Representative,Monitoring,3.12
757,Research & Development,Healthcare Representative,Mathematics,2.88
758,Research & Development,Laboratory Technician,Microsoft Office,4.5
758,Research & Development,Laboratory Technician,Reading Comprehension,3.75
758,Research & Development,Laboratory Technician,SAP,3.5
758,Research & Development,Laboratory Technician,Microsoft Word,3.5
758,Research & Development,Laboratory Technician,Microsoft Outlook,3.5
758,Research & Development,Laboratory Technician,Electronic Medical Record (EMR),3.0
758,Research & Development,Laboratory Technician,Monitoring,3.0
758,Research & Development,Laboratory Technician,Science,3.0
758,Research & Development,Laboratory Technician,Email,3.0
758,Research & Development,Laboratory Technician,Active Learning,3.0
760,Human Resources,Human Resources,Microsoft Excel,4.5
760,Human Resources,Human Resources,Speaking,4.12
760,Human Resources,Human Resources,Oracle HRIS,4.0
760,Human Resources,Human Resources,Active Listening,4.0
760,Human Resources,Human Resources,Writing,3.88
760,Human Resources,Human Resources,Critical Thinking,3.88
760,Human Resources,Human Resources,Adobe Acrobat,3.5
760,Human Resources,Human Resources,Cisco Webex,3.5
760,Human Resources,Human Resources,Monitoring,3.0
762,Research & Development,Healthcare Representative,Microsoft Excel,4.5
762,Research & Development,Healthcare Representative,Speaking,4.25
762,Research & Development,Healthcare Representative,Google Workspace,3.5
762,Research & Development,Healthcare Representative,Microsoft Azure,3.5
762,Research & Development,Healthcare Representative,Apache Hadoop,3.5
762,Research & Development,Healthcare Representative,Active Learning,3.5
762,Research & Development,Healthcare Representative,Critical Thinking,3.38
762,Research & Development,Healthcare Representative,Writing,3.38
762,Research & Development,Healthcare Representative,Monitoring,3.12
762,Research & Development,Healthcare Representative,Mathematics,2.88
763,Research & Development,Research Scientist,Microsoft Excel,4.5
763,Research & Development,Research Scientist,R,4.5
763,Research & Development,Research Scientist,Writing,4.25
763,Research & Development,Research Scientist,Active Learning,4.12
763,Research & Development,Research Scientist,Critical Thinking,4.0
763,Research & Development,Research Scientist,Reading Comprehension,4.0
763,Research & Development,Research Scientist,Active Listening,4.0
763,Research & Development,Research Scientist,Microsoft Project,3.5
763,Research & Development,Research Scientist,SAS,3.5
763,Research & Development,Research Scientist,Python,3.5
764,Research & Development,Healthcare Representative,Microsoft Office,4.5
764,Research & Development,Healthcare Representative,Microsoft Outlook,4.5
764,Research & Development,Healthcare Representative,Active Listening,4.12
764,Research & Development,Healthcare Representative,Reading Comprehension,3.75
764,Research & Development,Healthcare Representative,Linux,3.5
764,Research & Development,Healthcare Representative,Microsoft Azure,3.5
764,Research & Development,Healthcare Representative,Apache Hadoop,3.5
764,Research & Development,Healthcare Representative,Active Learning,3.5
764,Research & Development,Healthcare Representative,Microsoft Access,3.5
764,Research & Development,Healthcare Representative,Amazon Web Services (AWS),3.5
764,Research & Development,Healthcare Representative,Monitoring,3.12
766,Sales,Sales Representative,Microsoft Excel,4.5
766,Sales,Sales Representative,Microsoft Office,4.5
766,Sales,Sales Representative,Salesforce,4.5
766,Sales,Sales Representative,Speaking,3.88
766,Sales,Sales Representative,IBM SPSS Statistics,3.5
766,Sales,Sales Representative,Microsoft PowerPoint,3.5
766,Sales,Sales Representative,Apple macOS,3.5
766,Sales,Sales Representative,HubSpot,3.5
766,Sales,Sales Representative,Microsoft Outlook,3.5
766,Sales,Sales Representative,Microsoft Project,3.5
766,Sales,Sales Representative,Critical Thinking,3.38
766,Sales,Sales Representative,Active Learning,3.38
766,Sales,Sales Representative,Mathematics,2.62
769,Research & Development,Laboratory Technician,Microsoft Office,4.5
769,Research & Development,Laboratory Technician,Active Listening,3.62
769,Research & Development,Laboratory Technician,SAP,3.5
769,Research & Development,Laboratory Technician,Google Docs,3.5
769,Research & Development,Laboratory Technician,Science,3.0
769,Research & Development,Laboratory Technician,Active Learning,3.0
769,Research & Development,Laboratory Technician,Writing,3.0
771,Research & Development,Healthcare Representative,Microsoft Office,4.5
771,Research & Development,Healthcare Representative,Active Listening,4.12
771,Research & Development,Healthcare Representative,Google Workspace,3.5
771,Research & Development,Healthcare Representative,Active Learning,3.5
771,Research & Development,Healthcare Representative,Amazon Web Services (AWS),3.5
771,Research & Development,Healthcare Representative,Writing,3.38
771,Research & Development,Healthcare Representative,Monitoring,3.12
771,Research & Development,Healthcare Representative,Mathematics,2.88
772,Research & Development,Laboratory Technician,Microsoft Excel,4.5
772,Research & Development,Laboratory Technician,Active Listening,3.62
772,Research & Development,Laboratory Technician,SAP,3.5
772,Research & Development,Laboratory Technician,Microsoft PowerPoint,3.5
772,Research & Development,Laboratory Technician,MEDITECH,3.5
772,Research & Development,Laboratory Technician,Google Docs,3.5
772,Research & Development,Laboratory Technician,Microsoft Outlook,3.5
772,Research & Development,Laboratory Technician,Electronic Medical Record (EMR),3.0
772,Research & Development,Laboratory Technician,Science,3.0
772,Research & Development,Laboratory Technician,Email,3.0
772,Research & Development,Laboratory Technician,Active Learning,3.0
773,Research & Development,Research Scientist,R,4.5
773,Research & Development,Research Scientist,Microsoft Office,4.5
773,Research & Development,Research Scientist,Writing,4.25
773,Research & Development,Research Scientist,Science,4.12
773,Research & Development,Research Scientist,Speaking,4.12
773,Research & Development,Research Scientist,Active Learning,4.12
773,Research & Development,Research Scientist,Critical Thinking,4.0
773,Research & Development,Research Scientist,Reading Comprehension,4.0
773,Research & Development,Research Scientist,Mathematics,3.62
773,Research & Development,Research Scientist,IBM SPSS Statistics,3.5
773,Research & Development,Research Scientist,ESRI ArcGIS,3.5
773,Research & Development,Research Scientist,SAS,3.5
773,Research & Development,Research Scientist,Python,3.5
773,Research & Development,Research Scientist,Microsoft Project,3.5
775,Research & Development,Manufacturing Director,Microsoft Office,4.5
775,Research & Development,Manufacturing Director,Speaking,4.0
775,Research & Development,Manufacturing Director,Reading Comprehension,3.88
775,Research & Development,Manufacturing Director,Active Listening,3.88
775,Research & Development,Manufacturing Director,Learning Strategies,3.75
775,Research & Development,Manufacturing Director,Adobe After Effects,3.5
775,Research & Development,Manufacturing Director,Adobe InDesign,3.5
775,Research & Development,Manufacturing Director,Writing,3.38
776,Sales,Manager,Active Learning,3.62
776,Sales,Manager,Apple macOS,3.5
776,Sales,Manager,Atlassian Confluence,3.5
776,Sales,Manager,Google Analytics,3.5
776,Sales,Manager,Autodesk AutoCAD,3.5
780,Research & Development,Research Scientist,R,4.5
780,Research & Development,Research Scientist,Active Learning,4.12
780,Research & Development,Research Scientist,Critical Thinking,4.0
780,Research & Development,Research Scientist,Active Listening,4.0
780,Research & Development,Research Scientist,MATLAB,3.5
780,Research & Development,Research Scientist,IBM SPSS Statistics,3.5
780,Research & Development,Research Scientist,SAS,3.5
780,Research & Development,Research Scientist,Adobe Photoshop,3.5
781,Sales,Sales Executive,Microsoft PowerPoint,4.5
781,Sales,Sales Executive,Salesforce,4.5
781,Sales,Sales Executive,Speaking,4.0
781,Sales,Sales Executive,Active Listening,4.0
781,Sales,Sales Executive,Adobe Creative Cloud,3.5
781,Sales,Sales Executive,Adobe Illustrator,3.5
781,Sales,Sales Executive,Adobe Photoshop,3.5
781,Sales,Sales Executive,Writing,3.25
781,Sales,Sales Executive,Monitoring,3.12
781,Sales,Sales Executive,Mathematics,2.25
783,Sales,Sales Representative,Microsoft Excel,4.5
783,Sales,Sales Representative,Salesforce,4.5
783,Sales,Sales Representative,Speaking,3.88
783,Sales,Sales Representative,Active Listening,3.88
783,Sales,Sales Representative,Microsoft Project,3.5
783,Sales,Sales Representative,IBM SPSS Statistics,3.5
783,Sales,Sales Representative,Microsoft PowerPoint,3.5
783,Sales,Sales Representative,Apple macOS,3.5
783,Sales,Sales Representative,Microsoft Word,3.5
783,Sales,Sales Representative,HubSpot,3.5
783,Sales,Sales Representative,Microsoft Outlook,3.5
783,Sales,Sales Representative,Active Learning,3.38
784,Research & Development,Research Scientist,Microsoft Excel,4.5
784,Research & Development,Research Scientist,R,4.5
784,Research & Development,Research Scientist,Microsoft Office,4.5
784,Research & Development,Research Scientist,Speaking,4.12
784,Research & Development,Research Scientist,Active Learning,4.12
784,Research & Development,Research Scientist,Critical Thinking,4.0
784,Research & Development,Research Scientist,Reading Comprehension,4.0
784,Research & Development,Research Scientist,Active Listening,4.0
784,Research & Development,Research Scientist,Mathematics,3.62
784,Research & Development,Research Scientist,IBM SPSS Statistics,3.5
784,Research & Development,Research Scientist,ESRI ArcGIS,3.5
784,Research & Development,Research Scientist,SAS,3.5
784,Research & Development,Research Scientist,Python,3.5
784,Research & Development,Research Scientist,Adobe Photoshop,3.5
785,Sales,Sales Executive,Microsoft Excel,4.5
785,Sales,Sales Executive,Microsoft Office,4.5
785,Sales,Sales Executive,Speaking,4.0
785,Sales,Sales Executive,Critical Thinking,3.5
785,Sales,Sales Executive,Adobe Acrobat,3.5
785,Sales,Sales Executive,Reading Comprehension,3.38
785,Sales,Sales Executive,Writing,3.25
785,Sales,Sales Executive,Active Learning,3.12
785,Sales,Sales Executive,Mathematics,2.25
786,Sales,Sales Executive,Microsoft Excel,4.5
786,Sales,Sales Executive,Microsoft Office,4.5
786,Sales,Sales Executive,Salesforce,4.5
786,Sales,Sales Executive,Adobe Creative Cloud,3.5
786,Sales,Sales Executive,Adobe InDesign,3.5
786,Sales,Sales Executive,Critical Thinking,3.5
786,Sales,Sales Executive,Adobe Acrobat,3.5
786,Sales,Sales Executive,Adobe Illustrator,3.5
786,Sales,Sales Executive,Writing,3.25
786,Sales,Sales Executive,Monitoring,3.12
787,Research & Development,Manager,Microsoft Excel,4.5
787,Research & Development,Manager,Microsoft Office,4.5
787,Research & Development,Manager,Speaking,4.0
787,Research & Development,Manager,Active Listening,4.0
787,Research & Development,Manager,Critical Thinking,3.88
787,Research & Development,Manager,Active Learning,3.62
787,Research & Development,Manager,Atlassian JIRA,3.5
787,Research & Development,Manager,Google Analytics,3.5
787,Research & Development,Manager,Autodesk AutoCAD,3.5
787,Research & Development,Manager,Learning Strategies,3.0
789,Sales,Sales Executive,Microsoft PowerPoint,4.5
789,Sales,Sales Executive,Microsoft Excel,4.5
789,Sales,Sales Executive,Microsoft Office,4.5
789,Sales,Sales Executive,Microsoft Outlook,4.5
789,Sales,Sales Executive,Critical Thinking,3.5
789,Sales,Sales Executive,Adobe Acrobat,3.5
789,Sales,Sales Executive,Adobe Illustrator,3.5
789,Sales,Sales Executive,Reading Comprehension,3.38
789,Sales,Sales Executive,Writing,3.25
789,Sales,Sales Executive,Monitoring,3.12
789,Sales,Sales Executive,Active Learning,3.12
791,Research & Development,Research Scientist,Microsoft Office,4.5
791,Research & Development,Research Scientist,Science,4.12
791,Research & Development,Research Scientist,Speaking,4.12
791,Research & Development,Research Scientist,Critical Thinking,4.0
791,Research & Development,Research Scientist,Active Listening,4.0
791,Research & Development,Research Scientist,Mathematics,3.62
791,Research & Development,Research Scientist,MATLAB,3.5
791,Research & Development,Research Scientist,Microsoft Project,3.5
791,Research & Development,Research Scientist,IBM SPSS Statistics,3.5
791,Research & Development,Research Scientist,ESRI ArcGIS,3.5
791,Research & Development,Research Scientist,Python,3.5
792,Research & Development,Laboratory Technician,Microsoft Office,4.5
792,Research & Development,Laboratory Technician,SAP,3.5
792,Research & Development,Laboratory Technician,Microsoft Word,3.5
792,Research & Development,Laboratory Technician,MEDITECH,3.5
792,Research & Development,Laboratory Technician,Microsoft Outlook,3.5
792,Research & Development,Laboratory Technician,Critical Thinking,3.25
792,Research & Development,Laboratory Technician,Speaking,3.12
792,Research & Development,Laboratory Technician,Electronic Medical Record (EMR),3.0
792,Research & Development,Laboratory Technician,Email,3.0
792,Research & Development,Laboratory Technician,Active Learning,3.0
793,Research & Development,Healthcare Representative,Salesforce,4.5
793,Research & Development,Healthcare Representative,Microsoft Outlook,4.5
793,Research & Development,Healthcare Representative,Reading Comprehension,3.75
793,Research & Development,Healthcare Representative,Google Workspace,3.5
793,Research & Development,Healthcare Representative,Linux,3.5
793,Research & Development,Healthcare Representative,Apache Hadoop,3.5
793,Research & Development,Healthcare Representative,Microsoft Access,3.5
793,Research & Development,Healthcare Representative,Amazon Web Services (AWS),3.5
793,Research & Development,Healthcare Representative,Critical Thinking,3.38
793,Research & Development,Healthcare Representative,Writing,3.38
793,Research & Development,Healthcare Representative,Monitoring,3.12
796,Sales,Sales Executive,Microsoft Outlook,4.5
796,Sales,Sales Executive,Speaking,4.0
796,Sales,Sales Executive,Adobe Creative Cloud,3.5
796,Sales,Sales Executive,Adobe InDesign,3.5
796,Sales,Sales Executive,Adobe Acrobat,3.5
796,Sales,Sales Executive,Adobe Photoshop,3.5
796,Sales,Sales Executive,Writing,3.25
796,Sales,Sales Executive,Active Learning,3.12
796,Sales,Sales Executive,Mathematics,2.25
797,Research & Development,Research Scientist,Microsoft Excel,4.5
797,Research & Development,Research Scientist,R,4.5
797,Research & Development,Research Scientist,Microsoft Office,4.5
797,Research & Development,Research Scientist,Science,4.12
797,Research & Development,Research Scientist,Active Learning,4.12
797,Research & Development,Research Scientist,Active Listening,4.0
797,Research & Development,Research Scientist,Microsoft Project,3.5
797,Research & Development,Research Scientist,IBM SPSS Statistics,3.5
797,Research & Development,Research Scientist,ESRI ArcGIS,3.5
797,Research & Development,Research Scientist,SAS,3.5
799,Research & Development,Manufacturing Director,Microsoft Excel,4.5
799,Research & Development,Manufacturing Director,Monitoring,4.0
799,Research & Development,Manufacturing Director,Critical Thinking,4.0
799,Research & Development,Manufacturing Director,Active Listening,3.88
799,Research & Development,Manufacturing Director,Learning Strategies,3.75
799,Research & Development,Manufacturing Director,Active Learning,3.62
799,Research & Development,Manufacturing Director,Adobe InDesign,3.5
799,Research & Development,Manufacturing Director,Adobe Acrobat,3.5
799,Research & Development,Manufacturing Director,Adobe Photoshop,3.5
800,Sales,Sales Executive,Microsoft PowerPoint,4.5
800,Sales,Sales Executive,Microsoft Office,4.5
800,Sales,Sales Executive,Salesforce,4.5
800,Sales,Sales Executive,Microsoft Outlook,4.5
800,Sales,Sales Executive,Active Listening,4.0
800,Sales,Sales Executive,Speaking,4.0
800,Sales,Sales Executive,Adobe Creative Cloud,3.5
800,Sales,Sales Executive,Critical Thinking,3.5
800,Sales,Sales Executive,Adobe Acrobat,3.5
800,Sales,Sales Executive,Adobe Illustrator,3.5
800,Sales,Sales Executive,Reading Comprehension,3.38
800,Sales,Sales Executive,Monitoring,3.12
800,Sales,Sales Executive,Mathematics,2.25
802,Research & Development,Research Scientist,Microsoft Excel,4.5
802,Research & Development,Research Scientist,R,4.5
802,Research & Development,Research Scientist,Microsoft Office,4.5
802,Research & Development,Research Scientist,Writing,4.25
802,Research & Development,Research Scientist,Science,4.12
802,Research & Development,Research Scientist,Speaking,4.12
802,Research & Development,Research Scientist,Active Learning,4.12
802,Research & Development,Research Scientist,Critical Thinking,4.0
802,Research & Development,Research Scientist,Active Listening,4.0
802,Research & Development,Research Scientist,Reading Comprehension,4.0
802,Research & Development,Research Scientist,Mathematics,3.62
802,Research & Development,Research Scientist,Python,3.5
802,Research & Development,Research Scientist,Adobe Photoshop,3.5
802,Research & Development,Research Scientist,MATLAB,3.5
802,Research & Development,Research Scientist,IBM SPSS Statistics,3.5
802,Research & Development,Research Scientist,ESRI ArcGIS,3.5
803,Research & Development,Manufacturing Director,Microsoft Outlook,4.5
803,Research & Development,Manufacturing Director,Active Learning,3.62
803,Research & Development,Manufacturing Director,Adobe InDesign,3.5
803,Research & Development,Manufacturing Director,Adobe Acrobat,3.5
803,Research & Development,Manufacturing Director,Adobe Photoshop,3.5
803,Research & Development,Manufacturing Director,Writing,3.38
804,Research & Development,Research Scientist,R,4.5
804,Research & Development,Research Scientist,Writing,4.25
804,Research & Development,Research Scientist,Science,4.12
804,Research & Development,Research Scientist,Speaking,4.12
804,Research & Development,Research Scientist,Active Learning,4.12
804,Research & Development,Research Scientist,Critical Thinking,4.0
804,Research & Development,Research Scientist,Active Listening,4.0
804,Research & Development,Research Scientist,Mathematics,3.62
804,Research & Development,Research Scientist,MATLAB,3.5
804,Research & Development,Research Scientist,Microsoft Project,3.5
804,Research & Development,Research Scientist,ESRI ArcGIS,3.5
804,Research & Development,Research Scientist,Python,3.5
804,Research & Development,Research Scientist,Adobe Photoshop,3.5
805,Sales,Sales Representative,Microsoft Office,4.5
805,Sales,Sales Representative,Salesforce,4.5
805,Sales,Sales Representative,Active Listening,3.88
805,Sales,Sales Representative,Microsoft Project,3.5
805,Sales,Sales Representative,IBM SPSS Statistics,3.5
805,Sales,Sales Representative,Microsoft PowerPoint,3.5
805,Sales,Sales Representative,HubSpot,3.5
805,Sales,Sales Representative,Critical Thinking,3.38
805,Sales,Sales Representative,Writing,3.38
805,Sales,Sales Representative,Mathematics,2.62
806,Research & Development,Laboratory Technician,Microsoft Excel,4.5
806,Research & Development,Laboratory Technician,Microsoft Office,4.5
806,Research & Development,Laboratory Technician,Active Listening,3.62
806,Research & Development,Laboratory Technician,Google Docs,3.5
806,Research & Development,Laboratory Technician,Microsoft Outlook,3.5
806,Research & Development,Laboratory Technician,Monitoring,3.0
806,Research & Development,Laboratory Technician,Email,3.0
806,Research & Development,Laboratory Technician,Active Learning,3.0
806,Research & Development,Laboratory Technician,Writing,3.0
807,Research & Development,Healthcare Representative,Microsoft Excel,4.5
807,Research & Development,Healthcare Representative,Active Listening,4.12
807,Research & Development,Healthcare Representative,Reading Comprehension,3.75
807,Research & Development,Healthcare Representative,Google Workspace,3.5
807,Research & Development,Healthcare Representative,Apache Hadoop,3.5
807,Research & Development,Healthcare Representative,Critical Thinking,3.38
807,Research & Development,Healthcare Representative,Writing,3.38
807,Research & Development,Healthcare Representative,Monitoring,3.12
808,Sales,Sales Executive,Microsoft PowerPoint,4.5
808,Sales,Sales Executive,Microsoft Excel,4.5
808,Sales,Sales Executive,Microsoft Office,4.5
808,Sales,Sales Executive,Salesforce,4.5
808,Sales,Sales Executive,Microsoft Outlook,4.5
808,Sales,Sales Executive,Speaking,4.0
808,Sales,Sales Executive,Adobe Creative Cloud,3.5
808,Sales,Sales Executive,Critical Thinking,3.5
808,Sales,Sales Executive,Adobe Photoshop,3.5
808,Sales,Sales Executive,Adobe Illustrator,3.5
808,Sales,Sales Executive,Writing,3.25
808,Sales,Sales Executive,Monitoring,3.12
808,Sales,Sales Executive,Active Learning,3.12
808,Sales,Sales Executive,Mathematics,2.25
809,Research & Development,Manager,Microsoft Excel,4.5
809,Research & Development,Manager,Reading Comprehension,4.0
809,Research & Development,Manager,Active Listening,4.0
809,Research & Development,Manager,Active Learning,3.62
809,Research & Development,Manager,Atlassian Confluence,3.5
809,Research & Development,Manager,Autodesk AutoCAD,3.5
811,Research & Development,Laboratory Technician,Microsoft Excel,4.5
811,Research & Development,Laboratory Technician,Reading Comprehension,3.75
811,Research & Development,Laboratory Technician,SAP,3.5
811,Research & Development,Laboratory Technician,Microsoft Word,3.5
811,Research & Development,Laboratory Technician,Microsoft Outlook,3.5
811,Research & Development,Laboratory Technician,Speaking,3.12
811,Research & Development,Laboratory Technician,Monitoring,3.0
811,Research & Development,Laboratory Technician,Science,3.0
811,Research & Development,Laboratory Technician,Email,3.0
811,Research & Development,Laboratory Technician,Active Learning,3.0
811,Research & Development,Laboratory Technician,Writing,3.0
812,Research & Development,Laboratory Technician,Microsoft Excel,4.5
812,Research & Development,Laboratory Technician,Active Listening,3.62
812,Research & Development,Laboratory Technician,SAP,3.5
812,Research & Development,Laboratory Technician,Microsoft PowerPoint,3.5
812,Research & Development,Laboratory Technician,MEDITECH,3.5
812,Research & Development,Laboratory Technician,Google Docs,3.5
812,Research & Development,Laboratory Technician,Microsoft Outlook,3.5
812,Research & Development,Laboratory Technician,Critical Thinking,3.25
812,Research & Development,Laboratory Technician,Speaking,3.12
812,Research & Development,Laboratory Technician,Monitoring,3.0
812,Research & Development,Laboratory Technician,Electronic Medical Record (EMR),3.0
812,Research & Development,Laboratory Technician,Science,3.0
812,Research & Development,Laboratory Technician,Email,3.0
812,Research & Development,Laboratory Technician,Active Learning,3.0
812,Research & Development,Laboratory Technician,Writing,3.0
813,Research & Development,Laboratory Technician,Microsoft Office,4.5
813,Research & Development,Laboratory Technician,SAP,3.5
813,Research & Development,Laboratory Technician,Microsoft PowerPoint,3.5
813,Research & Development,Laboratory Technician,Microsoft Word,3.5
813,Research & Development,Laboratory Technician,Google Docs,3.5
813,Research & Development,Laboratory Technician,Critical Thinking,3.25
813,Research & Development,Laboratory Technician,Science,3.0
813,Research & Development,Laboratory Technician,Email,3.0
813,Research & Development,Laboratory Technician,Writing,3.0
815,Research & Development,Research Director,Monitoring,4.0
815,Research & Development,Research Director,Reading Comprehension,4.0
815,Research & Development,Research Director,Active Listening,4.0
815,Research & Development,Research Director,Speaking,3.88
815,Research & Development,Research Director,Microsoft Project,3.5
815,Research & Development,Research Director,Microsoft SharePoint,3.5
815,Research & Development,Research Director,Adobe Acrobat,3.5
815,Research & Development,Research Director,Microsoft Access,3.5
816,Research & Development,Laboratory Technician,Microsoft Excel,4.5
816,Research & Development,Laboratory Technician,Microsoft Office,4.5
816,Research & Development,Laboratory Technician,Reading Comprehension,3.75
816,Research & Development,Laboratory Technician,SAP,3.5
816,Research & Development,Laboratory Technician,Microsoft PowerPoint,3.5
816,Research & Development,Laboratory Technician,Microsoft Word,3.5
816,Research & Development,Laboratory Technician,MEDITECH,3.5
816,Research & Development,Laboratory Technician,Google Docs,3.5
816,Research & Development,Laboratory Technician,Critical Thinking,3.25
816,Research & Development,Laboratory Technician,Speaking,3.12
816,Research & Development,Laboratory Technician,Monitoring,3.0
816,Research & Development,Laboratory Technician,Electronic Medical Record (EMR),3.0
816,Research & Development,Laboratory Technician,Science,3.0
816,Research & Development,Laboratory Technician,Email,3.0
816,Research & Development,Laboratory Technician,Writing,3.0
817,Research & Development,Research Director,Microsoft PowerPoint,4.5
817,Research & Development,Research Director,Monitoring,4.0
817,Research & Development,Research Director,Speaking,3.88
817,Research & Development,Research Director,Writing,3.88
817,Research & Development,Research Director,IBM SPSS Statistics,3.5
817,Research & Development,Research Director,ESRI ArcGIS,3.5
817,Research & Development,Research Director,Microsoft Visio,3.5
817,Research & Development,Research Director,Active Learning,3.5
817,Research & Development,Research Director,Microsoft Access,3.5
817,Research & Development,Research Director,Microsoft Project,3.5
819,Sales,Sales Executive,Microsoft PowerPoint,4.5
819,Sales,Sales Executive,Salesforce,4.5
819,Sales,Sales Executive,Microsoft Outlook,4.5
819,Sales,Sales Executive,Active Listening,4.0
819,Sales,Sales Executive,Speaking,4.0
819,Sales,Sales Executive,Critical Thinking,3.5
819,Sales,Sales Executive,Adobe Illustrator,3.5
819,Sales,Sales Executive,Writing,3.25
819,Sales,Sales Executive,Monitoring,3.12
819,Sales,Sales Executive,Mathematics,2.25
820,Research & Development,Manager,Microsoft Office,4.5
820,Research & Development,Manager,Speaking,4.0
820,Research & Development,Manager,Active Listening,4.0
820,Research & Development,Manager,Critical Thinking,3.88
820,Research & Development,Manager,Apple macOS,3.5
820,Research & Development,Manager,Atlassian JIRA,3.5
820,Research & Development,Manager,Atlassian Confluence,3.5
820,Research & Development,Manager,Google Analytics,3.5
820,Research & Development,Manager,Writing,3.5
820,Research & Development,Manager,Autodesk AutoCAD,3.5
820,Research & Development,Manager,Learning Strategies,3.0
823,Research & Development,Manufacturing Director,Microsoft PowerPoint,4.5
823,Research & Development,Manufacturing Director,Microsoft Excel,4.5
823,Research & Development,Manufacturing Director,Microsoft Office,4.5
823,Research & Development,Manufacturing Director,Microsoft Outlook,4.5
823,Research & Development,Manufacturing Director,Reading Comprehension,3.88
823,Research & Development,Manufacturing Director,Active Listening,3.88
823,Research & Development,Manufacturing Director,Active Learning,3.62
823,Research & Development,Manufacturing Director,Adobe After Effects,3.5
823,Research & Development,Manufacturing Director,Adobe Photoshop,3.5
823,Research & Development,Manufacturing Director,Writing,3.38
824,Research & Development,Research Scientist,Microsoft Office,4.5
824,Research & Development,Research Scientist,Science,4.12
824,Research & Development,Research Scientist,Speaking,4.12
824,Research & Development,Research Scientist,Active Listening,4.0
824,Research & Development,Research Scientist,MATLAB,3.5
824,Research & Development,Research Scientist,Microsoft Project,3.5
824,Research & Development,Research Scientist,IBM SPSS Statistics,3.5
824,Research & Development,Research Scientist,SAS,3.5
824,Research & Development,Research Scientist,Python,3.5
825,Research & Development,Research Director,Microsoft PowerPoint,4.5
825,Research & Development,Research Director,Reading Comprehension,4.0
825,Research & Development,Research Director,Active Listening,4.0
825,Research & Development,Research Director,Microsoft SharePoint,3.5
825,Research & Development,Research Director,ESRI ArcGIS,3.5
825,Research & Development,Research Director,Microsoft Visio,3.5
825,Research & Development,Research Director,Active Learning,3.5
826,Research & Development,Research Scientist,Microsoft Excel,4.5
826,Research & Development,Research Scientist,R,4.5
826,Research & Development,Research Scientist,Microsoft Office,4.5
826,Research & Development,Research Scientist,Science,4.12
826,Research & Development,Research Scientist,Active Learning,4.12
826,Research & Development,Research Scientist,Reading Comprehension,4.0
826,Research & Development,Research Scientist,Active Listening,4.0
826,Research & Development,Research Scientist,MATLAB,3.5
826,Research & Development,Research Scientist,Microsoft Project,3.5
826,Research & Development,Research Scientist,IBM SPSS Statistics,3.5
826,Research & Development,Research Scientist,SAS,3.5
826,Research & Development,Research Scientist,Python,3.5
826,Research & Development,Research Scientist,Adobe Photoshop,3.5
827,Research & Development,Manufacturing Director,Microsoft Excel,4.5
827,Research & Development,Manufacturing Director,Microsoft Outlook,4.5
827,Research & Development,Manufacturing Director,Critical Thinking,4.0
827,Research & Development,Manufacturing Director,Active Listening,3.88
827,Research & Development,Manufacturing Director,Active Learning,3.62
827,Research & Development,Manufacturing Director,Adobe After Effects,3.5
827,Research & Development,Manufacturing Director,Adobe InDesign,3.5
827,Research & Development,Manufacturing Director,Adobe Acrobat,3.5
827,Research & Development,Manufacturing Director,Adobe Photoshop,3.5
827,Research & Development,Manufacturing Director,Autodesk AutoCAD,3.5
827,Research & Development,Manufacturing Director,Writing,3.38
828,Research & Development,Research Scientist,R,4.5
828,Research & Development,Research Scientist,Active Learning,4.12
828,Research & Development,Research Scientist,Critical Thinking,4.0
828,Research & Development,Research Scientist,Reading Comprehension,4.0
828,Research & Development,Research Scientist,Mathematics,3.62
828,Research & Development,Research Scientist,MATLAB,3.5
828,Research & Development,Research Scientist,IBM SPSS Statistics,3.5
828,Research & Development,Research Scientist,SAS,3.5
828,Research & Development,Research Scientist,Python,3.5
828,Research & Development,Research Scientist,Adobe Photoshop,3.5
828,Research & Development,Research Scientist,Microsoft Project,3.5
829,Human Resources,Human Resources,Microsoft PowerPoint,4.5
829,Human Resources,Human Resources,Microsoft Excel,4.5
829,Human Resources,Human Resources,Workday,4.5
829,Human Resources,Human Resources,Microsoft Office,4.5
829,Human Resources,Human Resources,Speaking,4.12
829,Human Resources,Human Resources,Applicant Tracking System (ATS),4.0
829,Human Resources,Human Resources,Reading Comprehension,4.0
829,Human Resources,Human Resources,Oracle HRIS,4.0
829,Human Resources,Human Resources,Critical Thinking,3.88
829,Human Resources,Human Resources,Adobe Acrobat,3.5
829,Human Resources,Human Resources,Cisco Webex,3.5
829,Human Resources,Human Resources,Adobe Photoshop,3.5
829,Human Resources,Human Resources,Active Learning,3.25
829,Human Resources,Human Resources,Learning Strategies,3.0
830,Research & Development,Manufacturing Director,SAP,4.5
830,Research & Development,Manufacturing Director,Microsoft Excel,4.5
830,Research & Development,Manufacturing Director,Microsoft Outlook,4.5
830,Research & Development,Manufacturing Director,Monitoring,4.0
830,Research & Development,Manufacturing Director,Critical Thinking,4.0
830,Research & Development,Manufacturing Director,Reading Comprehension,3.88
830,Research & Development,Manufacturing Director,Learning Strategies,3.75
830,Research & Development,Manufacturing Director,Active Learning,3.62
830,Research & Development,Manufacturing Director,Adobe After Effects,3.5
830,Research & Development,Manufacturing Director,Autodesk AutoCAD,3.5
830,Research & Development,Manufacturing Director,Writing,3.38
832,Research & Development,Laboratory Technician,Microsoft Word,3.5
832,Research & Development,Laboratory Technician,MEDITECH,3.5
832,Research & Development,Laboratory Technician,Google Docs,3.5
832,Research & Development,Laboratory Technician,Microsoft Outlook,3.5
832,Research & Development,Laboratory Technician,Email,3.0
832,Research & Development,Laboratory Technician,Active Learning,3.0
833,Research & Development,Manufacturing Director,Microsoft PowerPoint,4.5
833,Research & Development,Manufacturing Director,Microsoft Office,4.5
833,Research & Development,Manufacturing Director,Microsoft Outlook,4.5
833,Research & Development,Manufacturing Director,Critical Thinking,4.0
833,Research & Development,Manufacturing Director,Speaking,4.0
833,Research & Development,Manufacturing Director,Reading Comprehension,3.88
833,Research & Development,Manufacturing Director,Active Listening,3.88
833,Research & Development,Manufacturing Director,Active Learning,3.62
833,Research & Development,Manufacturing Director,Adobe After Effects,3.5
833,Research & Development,Manufacturing Director,Adobe InDesign,3.5
833,Research & Development,Manufacturing Director,Adobe Acrobat,3.5
833,Research & Development,Manufacturing Director,Adobe Photoshop,3.5
833,Research & Development,Manufacturing Director,Autodesk AutoCAD,3.5
834,Research & Development,Research Scientist,Microsoft Excel,4.5
834,Research & Development,Research Scientist,R,4.5
834,Research & Development,Research Scientist,Microsoft Office,4.5
834,Research & Development,Research Scientist,Speaking,4.12
834,Research & Development,Research Scientist,Active Learning,4.12
834,Research & Development,Research Scientist,Active Listening,4.0
834,Research & Development,Research Scientist,MATLAB,3.5
834,Research & Development,Research Scientist,Microsoft Project,3.5
834,Research & Development,Research Scientist,IBM SPSS Statistics,3.5
834,Research & Development,Research Scientist,ESRI ArcGIS,3.5
834,Research & Development,Research Scientist,SAS,3.5
834,Research & Development,Research Scientist,Python,3.5
834,Research & Development,Research Scientist,Adobe Photoshop,3.5
836,Research & Development,Manufacturing Director,Critical Thinking,4.0
836,Research & Development,Manufacturing Director,Speaking,4.0
836,Research & Development,Manufacturing Director,Reading Comprehension,3.88
836,Research & Development,Manufacturing Director,Active Listening,3.88
836,Research & Development,Manufacturing Director,Learning Strategies,3.75
836,Research & Development,Manufacturing Director,Active Learning,3.62
836,Research & Development,Manufacturing Director,Adobe After Effects,3.5
836,Research & Development,Manufacturing Director,Adobe InDesign,3.5
836,Research & Development,Manufacturing Director,Adobe Acrobat,3.5
836,Research & Development,Manufacturing Director,Adobe Photoshop,3.5
836,Research & Development,Manufacturing Director,Writing,3.38
837,Research & Development,Healthcare Representative,Microsoft Office,4.5
837,Research & Development,Healthcare Representative,Salesforce,4.5
837,Research & Development,Healthcare Representative,Microsoft Outlook,4.5
837,Research & Development,Healthcare Representative,Reading Comprehension,3.75
837,Research & Development,Healthcare Representative,Google Workspace,3.5
837,Research & Development,Healthcare Representative,Microsoft Azure,3.5
837,Research & Development,Healthcare Representative,Active Learning,3.5
837,Research & Development,Healthcare Representative,Microsoft Access,3.5
837,Research & Development,Healthcare Representative,Amazon Web Services (AWS),3.5
837,Research & Development,Healthcare Representative,Critical Thinking,3.38
837,Research & Development,Healthcare Representative,Mathematics,2.88
838,Research & Development,Research Scientist,R,4.5
838,Research & Development,Research Scientist,Writing,4.25
838,Research & Development,Research Scientist,Speaking,4.12
838,Research & Development,Research Scientist,Active Learning,4.12
838,Research & Development,Research Scientist,Critical Thinking,4.0
838,Research & Development,Research Scientist,Reading Comprehension,4.0
838,Research & Development,Research Scientist,MATLAB,3.5
838,Research & Development,Research Scientist,IBM SPSS Statistics,3.5
838,Research & Development,Research Scientist,ESRI ArcGIS,3.5
838,Research & Development,Research Scientist,SAS,3.5
838,Research & Development,Research Scientist,Python,3.5
838,Research & Development,Research Scientist,Microsoft Project,3.5
840,Sales,Sales Executive,Microsoft PowerPoint,4.5
840,Sales,Sales Executive,Microsoft Excel,4.5
840,Sales,Sales Executive,Microsoft Outlook,4.5
840,Sales,Sales Executive,Critical Thinking,3.5
840,Sales,Sales Executive,Adobe Acrobat,3.5
840,Sales,Sales Executive,Adobe Illustrator,3.5
840,Sales,Sales Executive,Writing,3.25
842,Sales,Sales Executive,Microsoft PowerPoint,4.5
842,Sales,Sales Executive,Salesforce,4.5
842,Sales,Sales Executive,Microsoft Outlook,4.5
842,Sales,Sales Executive,Speaking,4.0
842,Sales,Sales Executive,Active Listening,4.0
842,Sales,Sales Executive,Adobe Creative Cloud,3.5
842,Sales,Sales Executive,Adobe InDesign,3.5
842,Sales,Sales Executive,Critical Thinking,3.5
842,Sales,Sales Executive,Adobe Acrobat,3.5
842,Sales,Sales Executive,Adobe Photoshop,3.5
842,Sales,Sales Executive,Monitoring,3.12
842,Sales,Sales Executive,Mathematics,2.25
843,Research & Development,Research Director,Microsoft Office,4.5
843,Research & Development,Research Director,Monitoring,4.0
843,Research & Development,Research Director,Critical Thinking,4.0
843,Research & Development,Research Director,Reading Comprehension,4.0
843,Research & Development,Research Director,Active Listening,4.0
843,Research & Development,Research Director,Speaking,3.88
843,Research & Development,Research Director,Microsoft Project,3.5
843,Research & Development,Research Director,IBM SPSS Statistics,3.5
843,Research & Development,Research Director,Active Learning,3.5
843,Research & Development,Research Director,Microsoft SharePoint,3.5
843,Research & Development,Research Director,Microsoft Visio,3.5
843,Research & Development,Research Director,Adobe Acrobat,3.5
844,Research & Development,Research Director,Microsoft PowerPoint,4.5
844,Research & Development,Research Director,Science,4.12
844,Research & Development,Research Director,Monitoring,4.0
844,Research & Development,Research Director,Critical Thinking,4.0
844,Research & Development,Research Director,Active Listening,4.0
844,Research & Development,Research Director,Speaking,3.88
844,Research & Development,Research Director,Active Learning,3.5
844,Research & Development,Research Director,Microsoft Visio,3.5
844,Research & Development,Research Director,Adobe Acrobat,3.5
844,Research & Development,Research Director,Microsoft Access,3.5
845,Research & Development,Manufacturing Director,Microsoft PowerPoint,4.5
845,Research & Development,Manufacturing Director,Monitoring,4.0
845,Research & Development,Manufacturing Director,Critical Thinking,4.0
845,Research & Development,Manufacturing Director,Speaking,4.0
845,Research & Development,Manufacturing Director,Reading Comprehension,3.88
845,Research & Development,Manufacturing Director,Learning Strategies,3.75
845,Research & Development,Manufacturing Director,Active Learning,3.62
845,Research & Development,Manufacturing Director,Adobe InDesign,3.5
845,Research & Development,Manufacturing Director,Autodesk AutoCAD,3.5
845,Research & Development,Manufacturing Director,Writing,3.38
846,Sales,Sales Executive,Microsoft PowerPoint,4.5
846,Sales,Sales Executive,Salesforce,4.5
846,Sales,Sales Executive,Speaking,4.0
846,Sales,Sales Executive,Active Listening,4.0
846,Sales,Sales Executive,Adobe Creative Cloud,3.5
846,Sales,Sales Executive,Adobe Acrobat,3.5
846,Sales,Sales Executive,Adobe Photoshop,3.5
846,Sales,Sales Executive,Reading Comprehension,3.38
846,Sales,Sales Executive,Writing,3.25
846,Sales,Sales Executive,Monitoring,3.12
846,Sales,Sales Executive,Active Learning,3.12
847,Human Resources,Human Resources,Microsoft Excel,4.5
847,Human Resources,Human Resources,Workday,4.5
847,Human Resources,Human Resources,Microsoft Office,4.5
847,Human Resources,Human Resources,Microsoft Outlook,4.5
847,Human Resources,Human Resources,Speaking,4.12
847,Human Resources,Human Resources,Applicant Tracking System (ATS),4.0
847,Human Resources,Human Resources,Oracle HRIS,4.0
847,Human Resources,Human Resources,Active Listening,4.0
847,Human Resources,Human Resources,Writing,3.88
847,Human Resources,Human Resources,Cisco Webex,3.5
847,Human Resources,Human Resources,Active Learning,3.25
847,Human Resources,Human Resources,Monitoring,3.0
847,Human Resources,Human Resources,Learning Strategies,3.0
848,Research & Development,Research Scientist,R,4.5
848,Research & Development,Research Scientist,Microsoft Office,4.5
848,Research & Development,Research Scientist,Writing,4.25
848,Research & Development,Research Scientist,Speaking,4.12
848,Research & Development,Research Scientist,Active Learning,4.12
848,Research & Development,Research Scientist,Active Listening,4.0
848,Research & Development,Research Scientist,Mathematics,3.62
848,Research & Development,Research Scientist,MATLAB,3.5
848,Research & Development,Research Scientist,Microsoft Project,3.5
848,Research & Development,Research Scientist,ESRI ArcGIS,3.5
848,Research & Development,Research Scientist,SAS,3.5
848,Research & Development,Research Scientist,Python,3.5
848,Research & Development,Research Scientist,Adobe Photoshop,3.5
850,Research & Development,Research Scientist,Microsoft Excel,4.5
850,Research & Development,Research Scientist,R,4.5
850,Research & Development,Research Scientist,Microsoft Office,4.5
850,Research & Development,Research Scientist,Writing,4.25
850,Research & Development,Research Scientist,Science,4.12
850,Research & Development,Research Scientist,Active Learning,4.12
850,Research & Development,Research Scientist,Reading Comprehension,4.0
850,Research & Development,Research Scientist,Active Listening,4.0
850,Research & Development,Research Scientist,Mathematics,3.62
850,Research & Development,Research Scientist,Microsoft Project,3.5
850,Research & Development,Research Scientist,SAS,3.5
850,Research & Development,Research Scientist,Python,3.5
850,Research & Development,Research Scientist,Adobe Photoshop,3.5
851,Sales,Manager,Microsoft Excel,4.5
851,Sales,Manager,Monitoring,4.0
851,Sales,Manager,Speaking,4.0
851,Sales,Manager,Active Learning,3.62
851,Sales,Manager,Atlassian Confluence,3.5
851,Sales,Manager,Google Analytics,3.5
851,Sales,Manager,Adobe Acrobat,3.5
851,Sales,Manager,Autodesk AutoCAD,3.5
851,Sales,Manager,Learning Strategies,3.0
852,Research & Development,Healthcare Representative,Microsoft Office,4.5
852,Research & Development,Healthcare Representative,Microsoft Outlook,4.5
852,Research & Development,Healthcare Representative,Speaking,4.25
852,Research & Development,Healthcare Representative,Active Listening,4.12
852,Research & Development,Healthcare Representative,Reading Comprehension,3.75
852,Research & Development,Healthcare Representative,Linux,3.5
852,Research & Development,Healthcare Representative,Microsoft Azure,3.5
852,Research & Development,Healthcare Representative,Apache Hadoop,3.5
852,Research & Development,Healthcare Representative,Active Learning,3.5
852,Research & Development,Healthcare Representative,Amazon Web Services (AWS),3.5
852,Research & Development,Healthcare Representative,Monitoring,3.12
852,Research & Development,Healthcare Representative,Mathematics,2.88
854,Research & Development,Research Scientist,Writing,4.25
854,Research & Development,Research Scientist,Science,4.12
854,Research & Development,Research Scientist,Speaking,4.12
854,Research & Development,Research Scientist,Critical Thinking,4.0
854,Research & Development,Research Scientist,Active Listening,4.0
854,Research & Development,Research Scientist,MATLAB,3.5
854,Research & Development,Research Scientist,SAS,3.5
854,Research & Development,Research Scientist,Python,3.5
854,Research & Development,Research Scientist,Adobe Photoshop,3.5
855,Sales,Sales Executive,Microsoft PowerPoint,4.5
855,Sales,Sales Executive,Microsoft Office,4.5
855,Sales,Sales Executive,Adobe Creative Cloud,3.5
855,Sales,Sales Executive,Adobe InDesign,3.5
855,Sales,Sales Executive,Adobe Illustrator,3.5
855,Sales,Sales Executive,Writing,3.25
855,Sales,Sales Executive,Monitoring,3.12
855,Sales,Sales Executive,Active Learning,3.12
855,Sales,Sales Executive,Mathematics,2.25
856,Research & Development,Research Scientist,Microsoft Excel,4.5
856,Research & Development,Research Scientist,R,4.5
856,Research & Development,Research Scientist,Microsoft Office,4.5
856,Research & Development,Research Scientist,Writing,4.25
856,Research & Development,Research Scientist,Speaking,4.12
856,Research & Development,Research Scientist,Active Learning,4.12
856,Research & Development,Research Scientist,Reading Comprehension,4.0
856,Research & Development,Research Scientist,Active Listening,4.0
856,Research & Development,Research Scientist,Mathematics,3.62
856,Research & Development,Research Scientist,MATLAB,3.5
856,Research & Development,Research Scientist,IBM SPSS Statistics,3.5
856,Research & Development,Research Scientist,ESRI ArcGIS,3.5
856,Research & Development,Research Scientist,SAS,3.5
856,Research & Development,Research Scientist,Python,3.5
856,Research & Development,Research Scientist,Adobe Photoshop,3.5
857,Sales,Sales Executive,Microsoft Excel,4.5
857,Sales,Sales Executive,Microsoft Office,4.5
857,Sales,Sales Executive,Speaking,4.0
857,Sales,Sales Executive,Active Listening,4.0
857,Sales,Sales Executive,Adobe Creative Cloud,3.5
857,Sales,Sales Executive,Adobe InDesign,3.5
857,Sales,Sales Executive,Adobe Acrobat,3.5
857,Sales,Sales Executive,Adobe Illustrator,3.5
857,Sales,Sales Executive,Writing,3.25
857,Sales,Sales Executive,Monitoring,3.12
857,Sales,Sales Executive,Mathematics,2.25
859,Sales,Sales Executive,Microsoft PowerPoint,4.5
859,Sales,Sales Executive,Microsoft Excel,4.5
859,Sales,Sales Executive,Salesforce,4.5
859,Sales,Sales Executive,Speaking,4.0
859,Sales,Sales Executive,Adobe Creative Cloud,3.5
859,Sales,Sales Executive,Adobe InDesign,3.5
859,Sales,Sales Executive,Adobe Acrobat,3.5
859,Sales,Sales Executive,Adobe Illustrator,3.5
859,Sales,Sales Executive,Writing,3.25
859,Sales,Sales Executive,Active Learning,3.12
859,Sales,Sales Executive,Mathematics,2.25
861,Research & Development,Research Scientist,Microsoft Excel,4.5
861,Research & Development,Research Scientist,Microsoft Office,4.5
861,Research & Development,Research Scientist,Writing,4.25
861,Research & Development,Research Scientist,Critical Thinking,4.0
861,Research & Development,Research Scientist,Reading Comprehension,4.0
861,Research & Development,Research Scientist,MATLAB,3.5
861,Research & Development,Research Scientist,IBM SPSS Statistics,3.5
861,Research & Development,Research Scientist,SAS,3.5
861,Research & Development,Research Scientist,Python,3.5
861,Research & Development,Research Scientist,Adobe Photoshop,3.5
862,Sales,Sales Executive,Microsoft PowerPoint,4.5
862,Sales,Sales Executive,Microsoft Excel,4.5
862,Sales,Sales Executive,Salesforce,4.5
862,Sales,Sales Executive,Speaking,4.0
862,Sales,Sales Executive,Adobe InDesign,3.5
862,Sales,Sales Executive,Critical Thinking,3.5
862,Sales,Sales Executive,Adobe Acrobat,3.5
862,Sales,Sales Executive,Reading Comprehension,3.38
862,Sales,Sales Executive,Writing,3.25
862,Sales,Sales Executive,Monitoring,3.12
864,Sales,Sales Executive,Microsoft PowerPoint,4.5
864,Sales,Sales Executive,Microsoft Excel,4.5
864,Sales,Sales Executive,Microsoft Office,4.5
864,Sales,Sales Executive,Salesforce,4.5
864,Sales,Sales Executive,Microsoft Outlook,4.5
864,Sales,Sales Executive,Adobe Creative Cloud,3.5
864,Sales,Sales Executive,Adobe Acrobat,3.5
864,Sales,Sales Executive,Adobe Illustrator,3.5
864,Sales,Sales Executive,Reading Comprehension,3.38
864,Sales,Sales Executive,Writing,3.25
864,Sales,Sales Executive,Monitoring,3.12
864,Sales,Sales Executive,Mathematics,2.25
865,Research & Development,Research Scientist,Microsoft Excel,4.5
865,Research & Development,Research Scientist,Microsoft Office,4.5
865,Research & Development,Research Scientist,Science,4.12
865,Research & Development,Research Scientist,Speaking,4.12
865,Research & Development,Research Scientist,Active Learning,4.12
865,Research & Development,Research Scientist,Critical Thinking,4.0
865,Research & Development,Research Scientist,Reading Comprehension,4.0
865,Research & Development,Research Scientist,Mathematics,3.62
865,Research & Development,Research Scientist,SAS,3.5
865,Research & Development,Research Scientist,Adobe Photoshop,3.5
865,Research & Development,Research Scientist,Microsoft Project,3.5
867,Research & Development,Manufacturing Director,SAP,4.5
867,Research & Development,Manufacturing Director,Microsoft Office,4.5
867,Research & Development,Manufacturing Director,Microsoft Outlook,4.5
867,Research & Development,Manufacturing Director,Active Listening,3.88
867,Research & Development,Manufacturing Director,Learning Strategies,3.75
867,Research & Development,Manufacturing Director,Writing,3.38
868,Sales,Sales Executive,Microsoft PowerPoint,4.5
868,Sales,Sales Executive,Microsoft Excel,4.5
868,Sales,Sales Executive,Microsoft Office,4.5
868,Sales,Sales Executive,Salesforce,4.5
868,Sales,Sales Executive,Active Listening,4.0
868,Sales,Sales Executive,Adobe Creative Cloud,3.5
868,Sales,Sales Executive,Adobe InDesign,3.5
868,Sales,Sales Executive,Critical Thinking,3.5
868,Sales,Sales Executive,Adobe Illustrator,3.5
868,Sales,Sales Executive,Adobe Photoshop,3.5
868,Sales,Sales Executive,Reading Comprehension,3.38
868,Sales,Sales Executive,Writing,3.25
868,Sales,Sales Executive,Active Learning,3.12
869,Human Resources,Human Resources,Microsoft PowerPoint,4.5
869,Human Resources,Human Resources,Workday,4.5
869,Human Resources,Human Resources,Reading Comprehension,4.0
869,Human Resources,Human Resources,Oracle HRIS,4.0
869,Human Resources,Human Resources,Active Listening,4.0
869,Human Resources,Human Resources,Writing,3.88
869,Human Resources,Human Resources,Adobe Acrobat,3.5
869,Human Resources,Human Resources,Cisco Webex,3.5
869,Human Resources,Human Resources,Active Learning,3.25
869,Human Resources,Human Resources,Learning Strategies,3.0
872,Research & Development,Manufacturing Director,Microsoft PowerPoint,4.5
872,Research & Development,Manufacturing Director,Microsoft Excel,4.5
872,Research & Development,Manufacturing Director,Microsoft Office,4.5
872,Research & Development,Manufacturing Director,Monitoring,4.0
872,Research & Development,Manufacturing Director,Critical Thinking,4.0
872,Research & Development,Manufacturing Director,Speaking,4.0
872,Research & Development,Manufacturing Director,Reading Comprehension,3.88
872,Research & Development,Manufacturing Director,Adobe InDesign,3.5
872,Research & Development,Manufacturing Director,Adobe Acrobat,3.5
872,Research & Development,Manufacturing Director,Adobe Photoshop,3.5
872,Research & Development,Manufacturing Director,Autodesk AutoCAD,3.5
872,Research & Development,Manufacturing Director,Writing,3.38
874,Research & Development,Laboratory Technician,Microsoft Excel,4.5
874,Research & Development,Laboratory Technician,Active Listening,3.62
874,Research & Development,Laboratory Technician,Microsoft PowerPoint,3.5
874,Research & Development,Laboratory Technician,Microsoft Word,3.5
874,Research & Development,Laboratory Technician,MEDITECH,3.5
874,Research & Development,Laboratory Technician,Speaking,3.12
874,Research & Development,Laboratory Technician,Monitoring,3.0
874,Research & Development,Laboratory Technician,Science,3.0
874,Research & Development,Laboratory Technician,Email,3.0
874,Research & Development,Laboratory Technician,Writing,3.0
875,Research & Development,Research Scientist,Writing,4.25
875,Research & Development,Research Scientist,Science,4.12
875,Research & Development,Research Scientist,Speaking,4.12
875,Research & Development,Research Scientist,Critical Thinking,4.0
875,Research & Development,Research Scientist,Active Listening,4.0
875,Research & Development,Research Scientist,MATLAB,3.5
875,Research & Development,Research Scientist,Microsoft Project,3.5
875,Research & Development,Research Scientist,ESRI ArcGIS,3.5
875,Research & Development,Research Scientist,SAS,3.5
875,Research & Development,Research Scientist,Python,3.5
875,Research & Development,Research Scientist,Adobe Photoshop,3.5
878,Human Resources,Human Resources,Microsoft Office,4.5
878,Human Resources,Human Resources,Microsoft Outlook,4.5
878,Human Resources,Human Resources,Speaking,4.12
878,Human Resources,Human Resources,Applicant Tracking System (ATS),4.0
878,Human Resources,Human Resources,Oracle HRIS,4.0
878,Human Resources,Human Resources,Active Listening,4.0
878,Human Resources,Human Resources,Writing,3.88
878,Human Resources,Human Resources,Adobe Acrobat,3.5
878,Human Resources,Human Resources,Cisco Webex,3.5
878,Human Resources,Human Resources,Adobe Photoshop,3.5
878,Human Resources,Human Resources,Monitoring,3.0
878,Human Resources,Human Resources,Learning Strategies,3.0
879,Sales,Sales Executive,Microsoft PowerPoint,4.5
879,Sales,Sales Executive,Microsoft Office,4.5
879,Sales,Sales Executive,Salesforce,4.5
879,Sales,Sales Executive,Microsoft Outlook,4.5
879,Sales,Sales Executive,Speaking,4.0
879,Sales,Sales Executive,Adobe Creative Cloud,3.5
879,Sales,Sales Executive,Critical Thinking,3.5
879,Sales,Sales Executive,Adobe Photoshop,3.5
879,Sales,Sales Executive,Adobe Illustrator,3.5
879,Sales,Sales Executive,Writing,3.25
879,Sales,Sales Executive,Active Learning,3.12
879,Sales,Sales Executive,Mathematics,2.25
880,Research & Development,Manufacturing Director,Microsoft Outlook,4.5
880,Research & Development,Manufacturing Director,Monitoring,4.0
880,Research & Development,Manufacturing Director,Active Listening,3.88
880,Research & Development,Manufacturing Director,Active Learning,3.62
880,Research & Development,Manufacturing Director,Adobe After Effects,3.5
880,Research & Development,Manufacturing Director,Adobe InDesign,3.5
880,Research & Development,Manufacturing Director,Adobe Acrobat,3.5
880,Research & Development,Manufacturing Director,Adobe Photoshop,3.5
880,Research & Development,Manufacturing Director,Autodesk AutoCAD,3.5
880,Research & Development,Manufacturing Director,Writing,3.38
881,Research & Development,Research Scientist,Microsoft Office,4.5
881,Research & Development,Research Scientist,Writing,4.25
881,Research & Development,Research Scientist,Science,4.12
881,Research & Development,Research Scientist,Speaking,4.12
881,Research & Development,Research Scientist,Active Learning,4.12
881,Research & Development,Research Scientist,Critical Thinking,4.0
881,Research & Development,Research Scientist,Active Listening,4.0
881,Research & Development,Research Scientist,Mathematics,3.62
881,Research & Development,Research Scientist,MATLAB,3.5
881,Research & Development,Research Scientist,Microsoft Project,3.5
881,Research & Development,Research Scientist,IBM SPSS Statistics,3.5
881,Research & Development,Research Scientist,SAS,3.5
881,Research & Development,Research Scientist,Python,3.5
882,Research & Development,Laboratory Technician,Microsoft Office,4.5
882,Research & Development,Laboratory Technician,Active Listening,3.62
882,Research & Development,Laboratory Technician,Microsoft PowerPoint,3.5
882,Research & Development,Laboratory Technician,Microsoft Word,3.5
882,Research & Development,Laboratory Technician,MEDITECH,3.5
882,Research & Development,Laboratory Technician,Google Docs,3.5
882,Research & Development,Laboratory Technician,Microsoft Outlook,3.5
882,Research & Development,Laboratory Technician,Critical Thinking,3.25
882,Research & Development,Laboratory Technician,Monitoring,3.0
882,Research & Development,Laboratory Technician,Electronic Medical Record (EMR),3.0
882,Research & Development,Laboratory Technician,Active Learning,3.0
882,Research & Development,Laboratory Technician,Writing,3.0
885,Sales,Sales Executive,Microsoft PowerPoint,4.5
885,Sales,Sales Executive,Microsoft Office,4.5
885,Sales,Sales Executive,Salesforce,4.5
885,Sales,Sales Executive,Microsoft Outlook,4.5
885,Sales,Sales Executive,Active Listening,4.0
885,Sales,Sales Executive,Adobe Creative Cloud,3.5
885,Sales,Sales Executive,Adobe InDesign,3.5
885,Sales,Sales Executive,Critical Thinking,3.5
885,Sales,Sales Executive,Adobe Acrobat,3.5
885,Sales,Sales Executive,Adobe Photoshop,3.5
885,Sales,Sales Executive,Adobe Illustrator,3.5
885,Sales,Sales Executive,Reading Comprehension,3.38
885,Sales,Sales Executive,Monitoring,3.12
885,Sales,Sales Executive,Active Learning,3.12
887,Research & Development,Research Scientist,Microsoft Excel,4.5
887,Research & Development,Research Scientist,Writing,4.25
887,Research & Development,Research Scientist,Science,4.12
887,Research & Development,Research Scientist,Active Listening,4.0
887,Research & Development,Research Scientist,Mathematics,3.62
887,Research & Development,Research Scientist,MATLAB,3.5
887,Research & Development,Research Scientist,IBM SPSS Statistics,3.5
887,Research & Development,Research Scientist,SAS,3.5
888,Research & Development,Laboratory Technician,Microsoft Office,4.5
888,Research & Development,Laboratory Technician,Active Listening,3.62
888,Research & Development,Laboratory Technician,SAP,3.5
888,Research & Development,Laboratory Technician,Microsoft PowerPoint,3.5
888,Research & Development,Laboratory Technician,Microsoft Word,3.5
888,Research & Development,Laboratory Technician,MEDITECH,3.5
888,Research & Development,Laboratory Technician,Google Docs,3.5
888,Research & Development,Laboratory Technician,Microsoft Outlook,3.5
888,Research & Development,Laboratory Technician,Speaking,3.12
888,Research & Development,Laboratory Technician,Science,3.0
888,Research & Development,Laboratory Technician,Email,3.0
888,Research & Development,Laboratory Technician,Active Learning,3.0
888,Research & Development,Laboratory Technician,Writing,3.0
889,Sales,Sales Executive,Microsoft PowerPoint,4.5
889,Sales,Sales Executive,Microsoft Excel,4.5
889,Sales,Sales Executive,Salesforce,4.5
889,Sales,Sales Executive,Microsoft Outlook,4.5
889,Sales,Sales Executive,Speaking,4.0
889,Sales,Sales Executive,Adobe Creative Cloud,3.5
889,Sales,Sales Executive,Adobe InDesign,3.5
889,Sales,Sales Executive,Adobe Acrobat,3.5
889,Sales,Sales Executive,Adobe Photoshop,3.5
889,Sales,Sales Executive,Writing,3.25
889,Sales,Sales Executive,Monitoring,3.12
889,Sales,Sales Executive,Active Learning,3.12
889,Sales,Sales Executive,Mathematics,2.25
893,Sales,Sales Representative,Microsoft Office,4.5
893,Sales,Sales Representative,Salesforce,4.5
893,Sales,Sales Representative,Speaking,3.88
893,Sales,Sales Representative,Active Listening,3.88
893,Sales,Sales Representative,Microsoft Project,3.5
893,Sales,Sales Representative,IBM SPSS Statistics,3.5
893,Sales,Sales Representative,Microsoft Word,3.5
893,Sales,Sales Representative,HubSpot,3.5
893,Sales,Sales Representative,Microsoft Outlook,3.5
893,Sales,Sales Representative,Critical Thinking,3.38
893,Sales,Sales Representative,Active Learning,3.38
893,Sales,Sales Representative,Writing,3.38
893,Sales,Sales Representative,Mathematics,2.62
894,Research & Development,Laboratory Technician,Active Listening,3.62
894,Research & Development,Laboratory Technician,SAP,3.5
894,Research & Development,Laboratory Technician,MEDITECH,3.5
894,Research & Development,Laboratory Technician,Microsoft Outlook,3.5
894,Research & Development,Laboratory Technician,Speaking,3.12
894,Research & Development,Laboratory Technician,Monitoring,3.0
894,Research & Development,Laboratory Technician,Electronic Medical Record (EMR),3.0
894,Research & Development,Laboratory Technician,Science,3.0
894,Research & Development,Laboratory Technician,Email,3.0
895,Research & Development,Research Scientist,Microsoft Excel,4.5
895,Research & Development,Research Scientist,R,4.5
895,Research & Development,Research Scientist,Microsoft Office,4.5
895,Research & Development,Research Scientist,Writing,4.25
895,Research & Development,Research Scientist,Science,4.12
895,Research & Development,Research Scientist,Active Learning,4.12
895,Research & Development,Research Scientist,Critical Thinking,4.0
895,Research & Development,Research Scientist,Active Listening,4.0
895,Research & Development,Research Scientist,Mathematics,3.62
895,Research & Development,Research Scientist,Microsoft Project,3.5
895,Research & Development,Research Scientist,IBM SPSS Statistics,3.5
895,Research & Development,Research Scientist,SAS,3.5
895,Research & Development,Research Scientist,Python,3.5
896,Sales,Sales Representative,Microsoft Office,4.5
896,Sales,Sales Representative,Active Listening,3.88
896,Sales,Sales Representative,Reading Comprehension,3.62
896,Sales,Sales Representative,Microsoft Project,3.5
896,Sales,Sales Representative,Microsoft Word,3.5
896,Sales,Sales Representative,Microsoft PowerPoint,3.5
896,Sales,Sales Representative,HubSpot,3.5
896,Sales,Sales Representative,Microsoft Outlook,3.5
896,Sales,Sales Representative,Writing,3.38
896,Sales,Sales Representative,Monitoring,3.12
896,Sales,Sales Representative,Mathematics,2.62
897,Sales,Sales Executive,Microsoft Excel,4.5
897,Sales,Sales Executive,Microsoft Outlook,4.5
897,Sales,Sales Executive,Speaking,4.0
897,Sales,Sales Executive,Adobe Creative Cloud,3.5
897,Sales,Sales Executive,Adobe InDesign,3.5
897,Sales,Sales Executive,Critical Thinking,3.5
897,Sales,Sales Executive,Adobe Photoshop,3.5
897,Sales,Sales Executive,Adobe Illustrator,3.5
897,Sales,Sales Executive,Writing,3.25
897,Sales,Sales Executive,Monitoring,3.12
897,Sales,Sales Executive,Mathematics,2.25
899,Research & Development,Manufacturing Director,SAP,4.5
899,Research & Development,Manufacturing Director,Critical Thinking,4.0
899,Research & Development,Manufacturing Director,Speaking,4.0
899,Research & Development,Manufacturing Director,Reading Comprehension,3.88
899,Research & Development,Manufacturing Director,Active Listening,3.88
899,Research & Development,Manufacturing Director,Active Learning,3.62
899,Research & Development,Manufacturing Director,Adobe After Effects,3.5
899,Research & Development,Manufacturing Director,Adobe InDesign,3.5
899,Research & Development,Manufacturing Director,Adobe Acrobat,3.5
899,Research & Development,Manufacturing Director,Adobe Photoshop,3.5
900,Sales,Sales Representative,Microsoft Office,4.5
900,Sales,Sales Representative,Salesforce,4.5
900,Sales,Sales Representative,Speaking,3.88
900,Sales,Sales Representative,Active Listening,3.88
900,Sales,Sales Representative,Reading Comprehension,3.62
900,Sales,Sales Representative,IBM SPSS Statistics,3.5
900,Sales,Sales Representative,Microsoft PowerPoint,3.5
900,Sales,Sales Representative,Apple macOS,3.5
900,Sales,Sales Representative,Microsoft Word,3.5
900,Sales,Sales Representative,Critical Thinking,3.38
900,Sales,Sales Representative,Active Learning,3.38
900,Sales,Sales Representative,Writing,3.38
900,Sales,Sales Representative,Monitoring,3.12
901,Research & Development,Research Director,Science,4.12
901,Research & Development,Research Director,Monitoring,4.0
901,Research & Development,Research Director,Critical Thinking,4.0
901,Research & Development,Research Director,Reading Comprehension,4.0
901,Research & Development,Research Director,Microsoft SharePoint,3.5
901,Research & Development,Research Director,ESRI ArcGIS,3.5
901,Research & Development,Research Director,Microsoft Project,3.5
902,Research & Development,Healthcare Representative,Microsoft Excel,4.5
902,Research & Development,Healthcare Representative,Active Listening,4.12
902,Research & Development,Healthcare Representative,Amazon Web Services (AWS),3.5
902,Research & Development,Healthcare Representative,Google Workspace,3.5
902,Research & Development,Healthcare Representative,Linux,3.5
902,Research & Development,Healthcare Representative,Microsoft Azure,3.5
902,Research & Development,Healthcare Representative,Apache Hadoop,3.5
902,Research & Development,Healthcare Representative,Active Learning,3.5
902,Research & Development,Healthcare Representative,Microsoft Access,3.5
902,Research & Development,Healthcare Representative,Critical Thinking,3.38
902,Research & Development,Healthcare Representative,Writing,3.38
903,Sales,Sales Executive,Microsoft PowerPoint,4.5
903,Sales,Sales Executive,Microsoft Excel,4.5
903,Sales,Sales Executive,Active Listening,4.0
903,Sales,Sales Executive,Critical Thinking,3.5
903,Sales,Sales Executive,Adobe Acrobat,3.5
903,Sales,Sales Executive,Adobe Illustrator,3.5
903,Sales,Sales Executive,Adobe Photoshop,3.5
903,Sales,Sales Executive,Reading Comprehension,3.38
903,Sales,Sales Executive,Writing,3.25
903,Sales,Sales Executive,Active Learning,3.12
904,Sales,Sales Executive,Microsoft Excel,4.5
904,Sales,Sales Executive,Salesforce,4.5
904,Sales,Sales Executive,Microsoft Outlook,4.5
904,Sales,Sales Executive,Active Listening,4.0
904,Sales,Sales Executive,Adobe InDesign,3.5
904,Sales,Sales Executive,Adobe Acrobat,3.5
904,Sales,Sales Executive,Adobe Photoshop,3.5
904,Sales,Sales Executive,Adobe Illustrator,3.5
904,Sales,Sales Executive,Writing,3.25
904,Sales,Sales Executive,Monitoring,3.12
905,Research & Development,Manager,Microsoft PowerPoint,4.5
905,Research & Development,Manager,Microsoft Excel,4.5
905,Research & Development,Manager,Monitoring,4.0
905,Research & Development,Manager,Speaking,4.0
905,Research & Development,Manager,Active Listening,4.0
905,Research & Development,Manager,Critical Thinking,3.88
905,Research & Development,Manager,Active Learning,3.62
905,Research & Development,Manager,Apple macOS,3.5
905,Research & Development,Manager,Adobe Acrobat,3.5
905,Research & Development,Manager,Writing,3.5
905,Research & Development,Manager,Autodesk AutoCAD,3.5
905,Research & Development,Manager,Learning Strategies,3.0
909,Human Resources,Human Resources,Microsoft PowerPoint,4.5
909,Human Resources,Human Resources,Microsoft Outlook,4.5
909,Human Resources,Human Resources,Speaking,4.12
909,Human Resources,Human Resources,Applicant Tracking System (ATS),4.0
909,Human Resources,Human Resources,Reading Comprehension,4.0
909,Human Resources,Human Resources,Learning Strategies,3.0
910,Human Resources,Human Resources,Microsoft PowerPoint,4.5
910,Human Resources,Human Resources,Microsoft Excel,4.5
910,Human Resources,Human Resources,Microsoft Outlook,4.5
910,Human Resources,Human Resources,Speaking,4.12
910,Human Resources,Human Resources,Applicant Tracking System (ATS),4.0
910,Human Resources,Human Resources,Oracle HRIS,4.0
910,Human Resources,Human Resources,Critical Thinking,3.88
910,Human Resources,Human Resources,Adobe Acrobat,3.5
910,Human Resources,Human Resources,Cisco Webex,3.5
910,Human Resources,Human Resources,Active Learning,3.25
910,Human Resources,Human Resources,Monitoring,3.0
910,Human Resources,Human Resources,Learning Strategies,3.0
911,Research & Development,Laboratory Technician,Microsoft Office,4.5
911,Research & Development,Laboratory Technician,Active Listening,3.62
911,Research & Development,Laboratory Technician,SAP,3.5
911,Research & Development,Laboratory Technician,Microsoft PowerPoint,3.5
911,Research & Development,Laboratory Technician,Microsoft Word,3.5
911,Research & Development,Laboratory Technician,MEDITECH,3.5
911,Research & Development,Laboratory Technician,Google Docs,3.5
911,Research & Development,Laboratory Technician,Microsoft Outlook,3.5
911,Research & Development,Laboratory Technician,Monitoring,3.0
911,Research & Development,Laboratory Technician,Science,3.0
911,Research & Development,Laboratory Technician,Email,3.0
911,Research & Development,Laboratory Technician,Active Learning,3.0
911,Research & Development,Laboratory Technician,Writing,3.0
912,Research & Development,Laboratory Technician,Microsoft Office,4.5
912,Research & Development,Laboratory Technician,Microsoft Word,3.5
912,Research & Development,Laboratory Technician,MEDITECH,3.5
912,Research & Development,Laboratory Technician,Google Docs,3.5
912,Research & Development,Laboratory Technician,Microsoft Outlook,3.5
912,Research & Development,Laboratory Technician,Speaking,3.12
912,Research & Development,Laboratory Technician,Electronic Medical Record (EMR),3.0
912,Research & Development,Laboratory Technician,Monitoring,3.0
912,Research & Development,Laboratory Technician,Science,3.0
912,Research & Development,Laboratory Technician,Email,3.0
912,Research & Development,Laboratory Technician,Active Learning,3.0
912,Research & Development,Laboratory Technician,Writing,3.0
913,Research & Development,Research Scientist,Microsoft Excel,4.5
913,Research & Development,Research Scientist,Microsoft Office,4.5
913,Research & Development,Research Scientist,Writing,4.25
913,Research & Development,Research Scientist,Science,4.12
913,Research & Development,Research Scientist,Critical Thinking,4.0
913,Research & Development,Research Scientist,Mathematics,3.62
913,Research & Development,Research Scientist,MATLAB,3.5
913,Research & Development,Research Scientist,IBM SPSS Statistics,3.5
913,Research & Development,Research Scientist,Adobe Photoshop,3.5
913,Research & Development,Research Scientist,Microsoft Project,3.5
916,Sales,Sales Executive,Salesforce,4.5
916,Sales,Sales Executive,Speaking,4.0
916,Sales,Sales Executive,Adobe Creative Cloud,3.5
916,Sales,Sales Executive,Critical Thinking,3.5
916,Sales,Sales Executive,Adobe Acrobat,3.5
916,Sales,Sales Executive,Adobe Photoshop,3.5
916,Sales,Sales Executive,Reading Comprehension,3.38
916,Sales,Sales Executive,Writing,3.25
916,Sales,Sales Executive,Monitoring,3.12
916,Sales,Sales Executive,Active Learning,3.12
918,Research & Development,Laboratory Technician,Microsoft Office,4.5
918,Research & Development,Laboratory Technician,Active Listening,3.62
918,Research & Development,Laboratory Technician,Microsoft PowerPoint,3.5
918,Research & Development,Laboratory Technician,Microsoft Word,3.5
918,Research & Development,Laboratory Technician,MEDITECH,3.5
918,Research & Development,Laboratory Technician,Google Docs,3.5
918,Research & Development,Laboratory Technician,Critical Thinking,3.25
918,Research & Development,Laboratory Technician,Speaking,3.12
918,Research & Development,Laboratory Technician,Monitoring,3.0
918,Research & Development,Laboratory Technician,Electronic Medical Record (EMR),3.0
918,Research & Development,Laboratory Technician,Email,3.0
918,Research & Development,Laboratory Technician,Active Learning,3.0
918,Research & Development,Laboratory Technician,Writing,3.0
920,Research & Development,Manufacturing Director,SAP,4.5
920,Research & Development,Manufacturing Director,Microsoft PowerPoint,4.5
920,Research & Development,Manufacturing Director,Microsoft Excel,4.5
920,Research & Development,Manufacturing Director,Microsoft Office,4.5
920,Research & Development,Manufacturing Director,Active Listening,3.88
920,Research & Development,Manufacturing Director,Learning Strategies,3.75
920,Research & Development,Manufacturing Director,Active Learning,3.62
920,Research & Development,Manufacturing Director,Adobe Photoshop,3.5
920,Research & Development,Manufacturing Director,Autodesk AutoCAD,3.5
920,Research & Development,Manufacturing Director,Writing,3.38
922,Sales,Sales Representative,Microsoft Excel,4.5
922,Sales,Sales Representative,Microsoft Office,4.5
922,Sales,Sales Representative,Reading Comprehension,3.62
922,Sales,Sales Representative,IBM SPSS Statistics,3.5
922,Sales,Sales Representative,Microsoft PowerPoint,3.5
922,Sales,Sales Representative,Apple macOS,3.5
922,Sales,Sales Representative,Microsoft Word,3.5
922,Sales,Sales Representative,HubSpot,3.5
922,Sales,Sales Representative,Microsoft Outlook,3.5
922,Sales,Sales Representative,Microsoft Project,3.5
922,Sales,Sales Representative,Critical Thinking,3.38
922,Sales,Sales Representative,Writing,3.38
922,Sales,Sales Representative,Monitoring,3.12
922,Sales,Sales Representative,Mathematics,2.62
923,Research & Development,Research Scientist,Microsoft Excel,4.5
923,Research & Development,Research Scientist,Microsoft Office,4.5
923,Research & Development,Research Scientist,Science,4.12
923,Research & Development,Research Scientist,Active Learning,4.12
923,Research & Development,Research Scientist,Critical Thinking,4.0
923,Research & Development,Research Scientist,Reading Comprehension,4.0
923,Research & Development,Research Scientist,Active Listening,4.0
923,Research & Development,Research Scientist,Mathematics,3.62
923,Research & Development,Research Scientist,MATLAB,3.5
923,Research & Development,Research Scientist,Microsoft Project,3.5
923,Research & Development,Research Scientist,IBM SPSS Statistics,3.5
923,Research & Development,Research Scientist,ESRI ArcGIS,3.5
923,Research & Development,Research Scientist,SAS,3.5
923,Research & Development,Research Scientist,Python,3.5
924,Research & Development,Healthcare Representative,Microsoft Excel,4.5
924,Research & Development,Healthcare Representative,Salesforce,4.5
924,Research & Development,Healthcare Representative,Speaking,4.25
924,Research & Development,Healthcare Representative,Active Listening,4.12
924,Research & Development,Healthcare Representative,Amazon Web Services (AWS),3.5
924,Research & Development,Healthcare Representative,Google Workspace,3.5
924,Research & Development,Healthcare Representative,Linux,3.5
924,Research & Development,Healthcare Representative,Microsoft Azure,3.5
924,Research & Development,Healthcare Representative,Apache Hadoop,3.5
924,Research & Development,Healthcare Representative,Active Learning,3.5
924,Research & Development,Healthcare Representative,Microsoft Access,3.5
924,Research & Development,Healthcare Representative,Critical Thinking,3.38
924,Research & Development,Healthcare Representative,Monitoring,3.12
925,Sales,Sales Representative,Salesforce,4.5
925,Sales,Sales Representative,Speaking,3.88
925,Sales,Sales Representative,Active Listening,3.88
925,Sales,Sales Representative,Microsoft Project,3.5
925,Sales,Sales Representative,Microsoft PowerPoint,3.5
925,Sales,Sales Representative,Microsoft Word,3.5
925,Sales,Sales Representative,Microsoft Outlook,3.5
925,Sales,Sales Representative,Critical Thinking,3.38
925,Sales,Sales Representative,Active Learning,3.38
925,Sales,Sales Representative,Writing,3.38
925,Sales,Sales Representative,Monitoring,3.12
925,Sales,Sales Representative,Mathematics,2.62
926,Research & Development,Manufacturing Director,SAP,4.5
926,Research & Development,Manufacturing Director,Microsoft PowerPoint,4.5
926,Research & Development,Manufacturing Director,Microsoft Excel,4.5
926,Research & Development,Manufacturing Director,Microsoft Office,4.5
926,Research & Development,Manufacturing Director,Monitoring,4.0
926,Research & Development,Manufacturing Director,Critical Thinking,4.0
926,Research & Development,Manufacturing Director,Active Listening,3.88
926,Research & Development,Manufacturing Director,Adobe After Effects,3.5
926,Research & Development,Manufacturing Director,Adobe InDesign,3.5
926,Research & Development,Manufacturing Director,Adobe Photoshop,3.5
926,Research & Development,Manufacturing Director,Writing,3.38
927,Research & Development,Laboratory Technician,Microsoft Excel,4.5
927,Research & Development,Laboratory Technician,Microsoft Office,4.5
927,Research & Development,Laboratory Technician,Reading Comprehension,3.75
927,Research & Development,Laboratory Technician,Active Listening,3.62
927,Research & Development,Laboratory Technician,SAP,3.5
927,Research & Development,Laboratory Technician,Microsoft PowerPoint,3.5
927,Research & Development,Laboratory Technician,MEDITECH,3.5
927,Research & Development,Laboratory Technician,Google Docs,3.5
927,Research & Development,Laboratory Technician,Speaking,3.12
927,Research & Development,Laboratory Technician,Monitoring,3.0
927,Research & Development,Laboratory Technician,Electronic Medical Record (EMR),3.0
927,Research & Development,Laboratory Technician,Active Learning,3.0
930,Research & Development,Research Scientist,Microsoft Excel,4.5
930,Research & Development,Research Scientist,R,4.5
930,Research & Development,Research Scientist,Writing,4.25
930,Research & Development,Research Scientist,Science,4.12
930,Research & Development,Research Scientist,Speaking,4.12
930,Research & Development,Research Scientist,Active Learning,4.12
930,Research & Development,Research Scientist,Critical Thinking,4.0
930,Research & Development,Research Scientist,Reading Comprehension,4.0
930,Research & Development,Research Scientist,Active Listening,4.0
930,Research & Development,Research Scientist,Microsoft Project,3.5
930,Research & Development,Research Scientist,ESRI ArcGIS,3.5
930,Research & Development,Research Scientist,SAS,3.5
930,Research & Development,Research Scientist,Python,3.5
930,Research & Development,Research Scientist,Adobe Photoshop,3.5
932,Research & Development,Laboratory Technician,Active Listening,3.62
932,Research & Development,Laboratory Technician,Microsoft Word,3.5
932,Research & Development,Laboratory Technician,Google Docs,3.5
932,Research & Development,Laboratory Technician,Electronic Medical Record (EMR),3.0
932,Research & Development,Laboratory Technician,Active Learning,3.0
932,Research & Development,Laboratory Technician,Writing,3.0
933,Research & Development,Research Scientist,Microsoft Excel,4.5
933,Research & Development,Research Scientist,R,4.5
933,Research & Development,Research Scientist,Writing,4.25
933,Research & Development,Research Scientist,Speaking,4.12
933,Research & Development,Research Scientist,Critical Thinking,4.0
933,Research & Development,Research Scientist,Reading Comprehension,4.0
933,Research & Development,Research Scientist,Mathematics,3.62
933,Research & Development,Research Scientist,MATLAB,3.5
933,Research & Development,Research Scientist,IBM SPSS Statistics,3.5
933,Research & Development,Research Scientist,Python,3.5
933,Research & Development,Research Scientist,Adobe Photoshop,3.5
933,Research & Development,Research Scientist,Microsoft Project,3.5
934,Research & Development,Laboratory Technician,Microsoft Excel,4.5
934,Research & Development,Laboratory Technician,Microsoft Office,4.5
934,Research & Development,Laboratory Technician,Active Listening,3.62
934,Research & Development,Laboratory Technician,Microsoft PowerPoint,3.5
934,Research & Development,Laboratory Technician,Microsoft Word,3.5
934,Research & Development,Laboratory Technician,Google Docs,3.5
934,Research & Development,Laboratory Technician,Microsoft Outlook,3.5
934,Research & Development,Laboratory Technician,Speaking,3.12
934,Research & Development,Laboratory Technician,Monitoring,3.0
934,Research & Development,Laboratory Technician,Electronic Medical Record (EMR),3.0
934,Research & Development,Laboratory Technician,Science,3.0
934,Research & Development,Laboratory Technician,Email,3.0
934,Research & Development,Laboratory Technician,Active Learning,3.0
934,Research & Development,Laboratory Technician,Writing,3.0
936,Sales,Sales Executive,Microsoft Excel,4.5
936,Sales,Sales Executive,Microsoft Office,4.5
936,Sales,Sales Executive,Salesforce,4.5
936,Sales,Sales Executive,Speaking,4.0
936,Sales,Sales Executive,Active Listening,4.0
936,Sales,Sales Executive,Adobe Creative Cloud,3.5
936,Sales,Sales Executive,Adobe Acrobat,3.5
936,Sales,Sales Executive,Adobe Photoshop,3.5
936,Sales,Sales Executive,Reading Comprehension,3.38
936,Sales,Sales Executive,Writing,3.25
936,Sales,Sales Executive,Monitoring,3.12
936,Sales,Sales Executive,Active Learning,3.12
939,Research & Development,Research Scientist,R,4.5
939,Research & Development,Research Scientist,Microsoft Office,4.5
939,Research & Development,Research Scientist,Science,4.12
939,Research & Development,Research Scientist,Critical Thinking,4.0
939,Research & Development,Research Scientist,Reading Comprehension,4.0
939,Research & Development,Research Scientist,Active Listening,4.0
939,Research & Development,Research Scientist,Mathematics,3.62
939,Research & Development,Research Scientist,Microsoft Project,3.5
939,Research & Development,Research Scientist,ESRI ArcGIS,3.5
939,Research & Development,Research Scientist,SAS,3.5
939,Research & Development,Research Scientist,Python,3.5
940,Research & Development,Healthcare Representative,Microsoft Excel,4.5
940,Research & Development,Healthcare Representative,Microsoft Office,4.5
940,Research & Development,Healthcare Representative,Microsoft Outlook,4.5
940,Research & Development,Healthcare Representative,Speaking,4.25
940,Research & Development,Healthcare Representative,Reading Comprehension,3.75
940,Research & Development,Healthcare Representative,Google Workspace,3.5
940,Research & Development,Healthcare Representative,Apache Hadoop,3.5
940,Research & Development,Healthcare Representative,Microsoft Access,3.5
940,Research & Development,Healthcare Representative,Amazon Web Services (AWS),3.5
940,Research & Development,Healthcare Representative,Critical Thinking,3.38
940,Research & Development,Healthcare Representative,Monitoring,3.12
941,Sales,Sales Representative,Speaking,3.88
941,Sales,Sales Representative,Reading Comprehension,3.62
941,Sales,Sales Representative,Microsoft PowerPoint,3.5
941,Sales,Sales Representative,Apple macOS,3.5
941,Sales,Sales Representative,Microsoft Word,3.5
941,Sales,Sales Representative,Microsoft Outlook,3.5
941,Sales,Sales Representative,Writing,3.38
941,Sales,Sales Representative,Mathematics,2.62
942,Research & Development,Healthcare Representative,Microsoft Office,4.5
942,Research & Development,Healthcare Representative,Active Listening,4.12
942,Research & Development,Healthcare Representative,Google Workspace,3.5
942,Research & Development,Healthcare Representative,Linux,3.5
942,Research & Development,Healthcare Representative,Microsoft Azure,3.5
942,Research & Development,Healthcare Representative,Apache Hadoop,3.5
942,Research & Development,Healthcare Representative,Amazon Web Services (AWS),3.5
942,Research & Development,Healthcare Representative,Writing,3.38
942,Research & Development,Healthcare Representative,Monitoring,3.12
942,Research & Development,Healthcare Representative,Mathematics,2.88
944,Research & Development,Laboratory Technician,Microsoft Excel,4.5
944,Research & Development,Laboratory Technician,Reading Comprehension,3.75
944,Research & Development,Laboratory Technician,Active Listening,3.62
944,Research & Development,Laboratory Technician,Microsoft Word,3.5
944,Research & Development,Laboratory Technician,MEDITECH,3.5
944,Research & Development,Laboratory Technician,Google Docs,3.5
944,Research & Development,Laboratory Technician,Microsoft Outlook,3.5
944,Research & Development,Laboratory Technician,Critical Thinking,3.25
944,Research & Development,Laboratory Technician,Speaking,3.12
944,Research & Development,Laboratory Technician,Monitoring,3.0
944,Research & Development,Laboratory Technician,Electronic Medical Record (EMR),3.0
944,Research & Development,Laboratory Technician,Active Learning,3.0
944,Research & Development,Laboratory Technician,Writing,3.0
945,Research & Development,Research Scientist,Microsoft Excel,4.5
945,Research & Development,Research Scientist,R,4.5
945,Research & Development,Research Scientist,Writing,4.25
945,Research & Development,Research Scientist,Science,4.12
945,Research & Development,Research Scientist,Critical Thinking,4.0
945,Research & Development,Research Scientist,Reading Comprehension,4.0
945,Research & Development,Research Scientist,MATLAB,3.5
945,Research & Development,Research Scientist,IBM SPSS Statistics,3.5
945,Research & Development,Research Scientist,SAS,3.5
945,Research & Development,Research Scientist,Microsoft Project,3.5
947,Sales,Sales Executive,Microsoft Outlook,4.5
947,Sales,Sales Executive,Active Listening,4.0
947,Sales,Sales Executive,Adobe Creative Cloud,3.5
947,Sales,Sales Executive,Adobe InDesign,3.5
947,Sales,Sales Executive,Critical Thinking,3.5
947,Sales,Sales Executive,Adobe Acrobat,3.5
947,Sales,Sales Executive,Adobe Photoshop,3.5
947,Sales,Sales Executive,Reading Comprehension,3.38
947,Sales,Sales Executive,Writing,3.25
947,Sales,Sales Executive,Active Learning,3.12
949,Research & Development,Research Scientist,Microsoft Excel,4.5
949,Research & Development,Research Scientist,Microsoft Office,4.5
949,Research & Development,Research Scientist,Science,4.12
949,Research & Development,Research Scientist,Active Learning,4.12
949,Research & Development,Research Scientist,Critical Thinking,4.0
949,Research & Development,Research Scientist,Reading Comprehension,4.0
949,Research & Development,Research Scientist,Active Listening,4.0
949,Research & Development,Research Scientist,Mathematics,3.62
949,Research & Development,Research Scientist,ESRI ArcGIS,3.5
949,Research & Development,Research Scientist,Python,3.5
949,Research & Development,Research Scientist,Adobe Photoshop,3.5
950,Research & Development,Research Director,Microsoft PowerPoint,4.5
950,Research & Development,Research Director,Science,4.12
950,Research & Development,Research Director,Monitoring,4.0
950,Research & Development,Research Director,Reading Comprehension,4.0
950,Research & Development,Research Director,Speaking,3.88
950,Research & Development,Research Director,Writing,3.88
950,Research & Development,Research Director,Microsoft SharePoint,3.5
950,Research & Development,Research Director,ESRI ArcGIS,3.5
950,Research & Development,Research Director,Microsoft Visio,3.5
950,Research & Development,Research Director,Active Learning,3.5
950,Research & Development,Research Director,Microsoft Project,3.5
951,Research & Development,Laboratory Technician,Microsoft Office,4.5
951,Research & Development,Laboratory Technician,Active Listening,3.62
951,Research & Development,Laboratory Technician,SAP,3.5
951,Research & Development,Laboratory Technician,MEDITECH,3.5
951,Research & Development,Laboratory Technician,Microsoft Outlook,3.5
951,Research & Development,Laboratory Technician,Critical Thinking,3.25
951,Research & Development,Laboratory Technician,Speaking,3.12
951,Research & Development,Laboratory Technician,Monitoring,3.0
951,Research & Development,Laboratory Technician,Electronic Medical Record (EMR),3.0
951,Research & Development,Laboratory Technician,Science,3.0
951,Research & Development,Laboratory Technician,Email,3.0
951,Research & Development,Laboratory Technician,Active Learning,3.0
951,Research & Development,Laboratory Technician,Writing,3.0
952,Sales,Sales Representative,Microsoft Excel,4.5
952,Sales,Sales Representative,Speaking,3.88
952,Sales,Sales Representative,Active Listening,3.88
952,Sales,Sales Representative,Microsoft PowerPoint,3.5
952,Sales,Sales Representative,Microsoft Word,3.5
952,Sales,Sales Representative,Critical Thinking,3.38
952,Sales,Sales Representative,Writing,3.38
952,Sales,Sales Representative,Monitoring,3.12
952,Sales,Sales Representative,Mathematics,2.62
954,Sales,Sales Executive,Microsoft PowerPoint,4.5
954,Sales,Sales Executive,Microsoft Excel,4.5
954,Sales,Sales Executive,Microsoft Outlook,4.5
954,Sales,Sales Executive,Active Listening,4.0
954,Sales,Sales Executive,Speaking,4.0
954,Sales,Sales Executive,Adobe InDesign,3.5
954,Sales,Sales Executive,Critical Thinking,3.5
954,Sales,Sales Executive,Adobe Acrobat,3.5
954,Sales,Sales Executive,Adobe Illustrator,3.5
954,Sales,Sales Executive,Reading Comprehension,3.38
954,Sales,Sales Executive,Writing,3.25
954,Sales,Sales Executive,Monitoring,3.12
954,Sales,Sales Executive,Mathematics,2.25
956,Sales,Sales Executive,Microsoft PowerPoint,4.5
956,Sales,Sales Executive,Microsoft Excel,4.5
956,Sales,Sales Executive,Microsoft Office,4.5
956,Sales,Sales Executive,Microsoft Outlook,4.5
956,Sales,Sales Executive,Active Listening,4.0
956,Sales,Sales Executive,Adobe Creative Cloud,3.5
956,Sales,Sales Executive,Adobe InDesign,3.5
956,Sales,Sales Executive,Adobe Acrobat,3.5
956,Sales,Sales Executive,Adobe Photoshop,3.5
956,Sales,Sales Executive,Adobe Illustrator,3.5
956,Sales,Sales Executive,Reading Comprehension,3.38
956,Sales,Sales Executive,Writing,3.25
956,Sales,Sales Executive,Active Learning,3.12
957,Research & Development,Laboratory Technician,Microsoft Office,4.5
957,Research & Development,Laboratory Technician,SAP,3.5
957,Research & Development,Laboratory Technician,Microsoft PowerPoint,3.5
957,Research & Development,Laboratory Technician,Microsoft Word,3.5
957,Research & Development,Laboratory Technician,MEDITECH,3.5
957,Research & Development,Laboratory Technician,Critical Thinking,3.25
957,Research & Development,Laboratory Technician,Speaking,3.12
957,Research & Development,Laboratory Technician,Electronic Medical Record (EMR),3.0
957,Research & Development,Laboratory Technician,Monitoring,3.0
957,Research & Development,Laboratory Technician,Email,3.0
957,Research & Development,Laboratory Technician,Active Learning,3.0
958,Research & Development,Laboratory Technician,Active Listening,3.62
958,Research & Development,Laboratory Technician,SAP,3.5
958,Research & Development,Laboratory Technician,Microsoft Word,3.5
958,Research & Development,Laboratory Technician,MEDITECH,3.5
958,Research & Development,Laboratory Technician,Microsoft Outlook,3.5
958,Research & Development,Laboratory Technician,Monitoring,3.0
958,Research & Development,Laboratory Technician,Electronic Medical Record (EMR),3.0
958,Research & Development,Laboratory Technician,Email,3.0
958,Research & Development,Laboratory Technician,Writing,3.0
959,Sales,Sales Representative,Salesforce,4.5
959,Sales,Sales Representative,Speaking,3.88
959,Sales,Sales Representative,Active Listening,3.88
959,Sales,Sales Representative,Reading Comprehension,3.62
959,Sales,Sales Representative,IBM SPSS Statistics,3.5
959,Sales,Sales Representative,Apple macOS,3.5
959,Sales,Sales Representative,Microsoft Word,3.5
959,Sales,Sales Representative,Microsoft Outlook,3.5
959,Sales,Sales Representative,Critical Thinking,3.38
959,Sales,Sales Representative,Active Learning,3.38
959,Sales,Sales Representative,Monitoring,3.12
960,Research & Development,Laboratory Technician,Microsoft Excel,4.5
960,Research & Development,Laboratory Technician,Microsoft Office,4.5
960,Research & Development,Laboratory Technician,Active Listening,3.62
960,Research & Development,Laboratory Technician,SAP,3.5
960,Research & Development,Laboratory Technician,Microsoft PowerPoint,3.5
960,Research & Development,Laboratory Technician,Microsoft Word,3.5
960,Research & Development,Laboratory Technician,MEDITECH,3.5
960,Research & Development,Laboratory Technician,Google Docs,3.5
960,Research & Development,Laboratory Technician,Critical Thinking,3.25
960,Research & Development,Laboratory Technician,Speaking,3.12
960,Research & Development,Laboratory Technician,Monitoring,3.0
960,Research & Development,Laboratory Technician,Electronic Medical Record (EMR),3.0
960,Research & Development,Laboratory Technician,Science,3.0
960,Research & Development,Laboratory Technician,Email,3.0
961,Research & Development,Healthcare Representative,Microsoft Excel,4.5
961,Research & Development,Healthcare Representative,Microsoft Office,4.5
961,Research & Development,Healthcare Representative,Salesforce,4.5
961,Research & Development,Healthcare Representative,Speaking,4.25
961,Research & Development,Healthcare Representative,Active Listening,4.12
961,Research & Development,Healthcare Representative,Reading Comprehension,3.75
961,Research & Development,Healthcare Representative,Amazon Web Services (AWS),3.5
961,Research & Development,Healthcare Representative,Linux,3.5
961,Research & Development,Healthcare Representative,Microsoft Azure,3.5
961,Research & Development,Healthcare Representative,Microsoft Access,3.5
961,Research & Development,Healthcare Representative,Critical Thinking,3.38
961,Research & Development,Healthcare Representative,Writing,3.38
961,Research & Development,Healthcare Representative,Monitoring,3.12
961,Research & Development,Healthcare Representative,Mathematics,2.88
964,Research & Development,Research Scientist,Microsoft Office,4.5
964,Research & Development,Research Scientist,Science,4.12
964,Research & Development,Research Scientist,Speaking,4.12
964,Research & Development,Research Scientist,Active Learning,4.12
964,Research & Development,Research Scientist,Critical Thinking,4.0
964,Research & Development,Research Scientist,Reading Comprehension,4.0
964,Research & Development,Research Scientist,Active Listening,4.0
964,Research & Development,Research Scientist,Mathematics,3.62
964,Research & Development,Research Scientist,MATLAB,3.5
964,Research & Development,Research Scientist,IBM SPSS Statistics,3.5
964,Research & Development,Research Scientist,Microsoft Project,3.5
964,Research & Development,Research Scientist,ESRI ArcGIS,3.5
964,Research & Development,Research Scientist,SAS,3.5
964,Research & Development,Research Scientist,Python,3.5
964,Research & Development,Research Scientist,Adobe Photoshop,3.5
966,Research & Development,Manufacturing Director,SAP,4.5
966,Research & Development,Manufacturing Director,Microsoft Office,4.5
966,Research & Development,Manufacturing Director,Microsoft Outlook,4.5
966,Research & Development,Manufacturing Director,Speaking,4.0
966,Research & Development,Manufacturing Director,Reading Comprehension,3.88
966,Research & Development,Manufacturing Director,Learning Strategies,3.75
966,Research & Development,Manufacturing Director,Active Learning,3.62
966,Research & Development,Manufacturing Director,Adobe After Effects,3.5
966,Research & Development,Manufacturing Director,Adobe InDesign,3.5
966,Research & Development,Manufacturing Director,Adobe Acrobat,3.5
966,Research & Development,Manufacturing Director,Adobe Photoshop,3.5
966,Research & Development,Manufacturing Director,Autodesk AutoCAD,3.5
966,Research & Development,Manufacturing Director,Writing,3.38
967,Sales,Sales Executive,Microsoft PowerPoint,4.5
967,Sales,Sales Executive,Microsoft Excel,4.5
967,Sales,Sales Executive,Salesforce,4.5
967,Sales,Sales Executive,Speaking,4.0
967,Sales,Sales Executive,Active Listening,4.0
967,Sales,Sales Executive,Adobe Creative Cloud,3.5
967,Sales,Sales Executive,Adobe InDesign,3.5
967,Sales,Sales Executive,Adobe Acrobat,3.5
967,Sales,Sales Executive,Adobe Illustrator,3.5
967,Sales,Sales Executive,Reading Comprehension,3.38
967,Sales,Sales Executive,Writing,3.25
967,Sales,Sales Executive,Monitoring,3.12
967,Sales,Sales Executive,Mathematics,2.25
969,Research & Development,Healthcare Representative,Microsoft Office,4.5
969,Research & Development,Healthcare Representative,Google Workspace,3.5
969,Research & Development,Healthcare Representative,Microsoft Azure,3.5
969,Research & Development,Healthcare Representative,Linux,3.5
969,Research & Development,Healthcare Representative,Apache Hadoop,3.5
969,Research & Development,Healthcare Representative,Active Learning,3.5
969,Research & Development,Healthcare Representative,Microsoft Access,3.5
969,Research & Development,Healthcare Representative,Amazon Web Services (AWS),3.5
969,Research & Development,Healthcare Representative,Writing,3.38
970,Sales,Sales Executive,Microsoft Excel,4.5
970,Sales,Sales Executive,Critical Thinking,3.5
970,Sales,Sales Executive,Reading Comprehension,3.38
970,Sales,Sales Executive,Monitoring,3.12
970,Sales,Sales Executive,Mathematics,2.25
972,Research & Development,Laboratory Technician,Microsoft Excel,4.5
972,Research & Development,Laboratory Technician,Microsoft Office,4.5
972,Research & Development,Laboratory Technician,Reading Comprehension,3.75
972,Research & Development,Laboratory Technician,SAP,3.5
972,Research & Development,Laboratory Technician,Microsoft PowerPoint,3.5
972,Research & Development,Laboratory Technician,Microsoft Word,3.5
972,Research & Development,Laboratory Technician,Google Docs,3.5
972,Research & Development,Laboratory Technician,Speaking,3.12
972,Research & Development,Laboratory Technician,Monitoring,3.0
972,Research & Development,Laboratory Technician,Writing,3.0
974,Sales,Sales Representative,Microsoft Excel,4.5
974,Sales,Sales Representative,Microsoft Office,4.5
974,Sales,Sales Representative,Speaking,3.88
974,Sales,Sales Representative,Active Listening,3.88
974,Sales,Sales Representative,Reading Comprehension,3.62
974,Sales,Sales Representative,Microsoft Project,3.5
974,Sales,Sales Representative,IBM SPSS Statistics,3.5
974,Sales,Sales Representative,Microsoft PowerPoint,3.5
974,Sales,Sales Representative,Apple macOS,3.5
974,Sales,Sales Representative,Microsoft Word,3.5
974,Sales,Sales Representative,HubSpot,3.5
974,Sales,Sales Representative,Active Learning,3.38
974,Sales,Sales Representative,Writing,3.38
975,Sales,Sales Executive,Microsoft PowerPoint,4.5
975,Sales,Sales Executive,Microsoft Excel,4.5
975,Sales,Sales Executive,Microsoft Outlook,4.5
975,Sales,Sales Executive,Active Listening,4.0
975,Sales,Sales Executive,Adobe InDesign,3.5
975,Sales,Sales Executive,Critical Thinking,3.5
975,Sales,Sales Executive,Adobe Acrobat,3.5
975,Sales,Sales Executive,Adobe Illustrator,3.5
975,Sales,Sales Executive,Adobe Photoshop,3.5
975,Sales,Sales Executive,Adobe Creative Cloud,3.5
975,Sales,Sales Executive,Reading Comprehension,3.38
975,Sales,Sales Executive,Writing,3.25
975,Sales,Sales Executive,Monitoring,3.12
975,Sales,Sales Executive,Active Learning,3.12
975,Sales,Sales Executive,Mathematics,2.25
976,Research & Development,Manager,Microsoft PowerPoint,4.5
976,Research & Development,Manager,Speaking,4.0
976,Research & Development,Manager,Active Listening,4.0
976,Research & Development,Manager,Apple macOS,3.5
976,Research & Development,Manager,Atlassian Confluence,3.5
976,Research & Development,Manager,Google Analytics,3.5
976,Research & Development,Manager,Writing,3.5
976,Research & Development,Manager,Learning Strategies,3.0
977,Research & Development,Research Scientist,R,4.5
977,Research & Development,Research Scientist,Writing,4.25
977,Research & Development,Research Scientist,Science,4.12
977,Research & Development,Research Scientist,Speaking,4.12
977,Research & Development,Research Scientist,Active Learning,4.12
977,Research & Development,Research Scientist,Critical Thinking,4.0
977,Research & Development,Research Scientist,Reading Comprehension,4.0
977,Research & Development,Research Scientist,Mathematics,3.62
977,Research & Development,Research Scientist,MATLAB,3.5
977,Research & Development,Research Scientist,IBM SPSS Statistics,3.5
977,Research & Development,Research Scientist,ESRI ArcGIS,3.5
977,Research & Development,Research Scientist,SAS,3.5
977,Research & Development,Research Scientist,Python,3.5
977,Research & Development,Research Scientist,Adobe Photoshop,3.5
981,Sales,Manager,Monitoring,4.0
981,Sales,Manager,Active Learning,3.62
981,Sales,Manager,Atlassian JIRA,3.5
981,Sales,Manager,Google Analytics,3.5
981,Sales,Manager,Adobe Acrobat,3.5
981,Sales,Manager,Writing,3.5
981,Sales,Manager,Adobe Photoshop,3.5
981,Sales,Manager,Autodesk AutoCAD,3.5
982,Sales,Sales Executive,Microsoft PowerPoint,4.5
982,Sales,Sales Executive,Microsoft Excel,4.5
982,Sales,Sales Executive,Salesforce,4.5
982,Sales,Sales Executive,Active Listening,4.0
982,Sales,Sales Executive,Adobe Creative Cloud,3.5
982,Sales,Sales Executive,Adobe InDesign,3.5
982,Sales,Sales Executive,Critical Thinking,3.5
982,Sales,Sales Executive,Adobe Illustrator,3.5
982,Sales,Sales Executive,Adobe Photoshop,3.5
982,Sales,Sales Executive,Writing,3.25
982,Sales,Sales Executive,Mathematics,2.25
983,Sales,Sales Executive,Microsoft PowerPoint,4.5
983,Sales,Sales Executive,Microsoft Excel,4.5
983,Sales,Sales Executive,Microsoft Outlook,4.5
983,Sales,Sales Executive,Speaking,4.0
983,Sales,Sales Executive,Adobe Creative Cloud,3.5
983,Sales,Sales Executive,Adobe InDesign,3.5
983,Sales,Sales Executive,Critical Thinking,3.5
983,Sales,Sales Executive,Adobe Acrobat,3.5
983,Sales,Sales Executive,Adobe Illustrator,3.5
983,Sales,Sales Executive,Reading Comprehension,3.38
983,Sales,Sales Executive,Writing,3.25
983,Sales,Sales Executive,Monitoring,3.12
983,Sales,Sales Executive,Active Learning,3.12
983,Sales,Sales Executive,Mathematics,2.25
984,Sales,Sales Executive,Microsoft PowerPoint,4.5
984,Sales,Sales Executive,Microsoft Office,4.5
984,Sales,Sales Executive,Salesforce,4.5
984,Sales,Sales Executive,Speaking,4.0
984,Sales,Sales Executive,Adobe Acrobat,3.5
984,Sales,Sales Executive,Adobe Illustrator,3.5
984,Sales,Sales Executive,Adobe Photoshop,3.5
984,Sales,Sales Executive,Reading Comprehension,3.38
984,Sales,Sales Executive,Writing,3.25
984,Sales,Sales Executive,Monitoring,3.12
984,Sales,Sales Executive,Active Learning,3.12
984,Sales,Sales Executive,Mathematics,2.25
985,Sales,Sales Executive,Microsoft Excel,4.5
985,Sales,Sales Executive,Active Listening,4.0
985,Sales,Sales Executive,Adobe Creative Cloud,3.5
985,Sales,Sales Executive,Adobe InDesign,3.5
985,Sales,Sales Executive,Adobe Illustrator,3.5
985,Sales,Sales Executive,Reading Comprehension,3.38
985,Sales,Sales Executive,Monitoring,3.12
986,Sales,Sales Executive,Salesforce,4.5
986,Sales,Sales Executive,Adobe Creative Cloud,3.5
986,Sales,Sales Executive,Adobe InDesign,3.5
986,Sales,Sales Executive,Adobe Illustrator,3.5
986,Sales,Sales Executive,Mathematics,2.25
987,Research & Development,Manufacturing Director,Microsoft PowerPoint,4.5
987,Research & Development,Manufacturing Director,Microsoft Office,4.5
987,Research & Development,Manufacturing Director,Microsoft Outlook,4.5
987,Research & Development,Manufacturing Director,Monitoring,4.0
987,Research & Development,Manufacturing Director,Reading Comprehension,3.88
987,Research & Development,Manufacturing Director,Adobe After Effects,3.5
987,Research & Development,Manufacturing Director,Adobe InDesign,3.5
987,Research & Development,Manufacturing Director,Adobe Acrobat,3.5
987,Research & Development,Manufacturing Director,Adobe Photoshop,3.5
987,Research & Development,Manufacturing Director,Autodesk AutoCAD,3.5
987,Research & Development,Manufacturing Director,Writing,3.38
990,Sales,Sales Executive,Speaking,4.0
990,Sales,Sales Executive,Adobe Creative Cloud,3.5
990,Sales,Sales Executive,Critical Thinking,3.5
990,Sales,Sales Executive,Adobe Illustrator,3.5
990,Sales,Sales Executive,Adobe Photoshop,3.5
990,Sales,Sales Executive,Monitoring,3.12
990,Sales,Sales Executive,Active Learning,3.12
990,Sales,Sales Executive,Mathematics,2.25
991,Research & Development,Research Scientist,Microsoft Excel,4.5
991,Research & Development,Research Scientist,Science,4.12
991,Research & Development,Research Scientist,Active Learning,4.12
991,Research & Development,Research Scientist,Mathematics,3.62
991,Research & Development,Research Scientist,MATLAB,3.5
991,Research & Development,Research Scientist,IBM SPSS Statistics,3.5
991,Research & Development,Research Scientist,ESRI ArcGIS,3.5
991,Research & Development,Research Scientist,SAS,3.5
991,Research & Development,Research Scientist,Adobe Photoshop,3.5
991,Research & Development,Research Scientist,Microsoft Project,3.5
992,Sales,Manager,Microsoft PowerPoint,4.5
992,Sales,Manager,Microsoft Excel,4.5
992,Sales,Manager,Microsoft Office,4.5
992,Sales,Manager,Monitoring,4.0
992,Sales,Manager,Critical Thinking,3.88
992,Sales,Manager,Atlassian Confluence,3.5
992,Sales,Manager,Google Analytics,3.5
992,Sales,Manager,Adobe Photoshop,3.5
992,Sales,Manager,Autodesk AutoCAD,3.5
994,Research & Development,Research Scientist,Microsoft Excel,4.5
994,Research & Development,Research Scientist,R,4.5
994,Research & Development,Research Scientist,Microsoft Office,4.5
994,Research & Development,Research Scientist,Active Learning,4.12
994,Research & Development,Research Scientist,Critical Thinking,4.0
994,Research & Development,Research Scientist,Active Listening,4.0
994,Research & Development,Research Scientist,Microsoft Project,3.5
994,Research & Development,Research Scientist,ESRI ArcGIS,3.5
994,Research & Development,Research Scientist,SAS,3.5
994,Research & Development,Research Scientist,Adobe Photoshop,3.5
995,Research & Development,Research Scientist,Microsoft Excel,4.5
995,Research & Development,Research Scientist,R,4.5
995,Research & Development,Research Scientist,Microsoft Office,4.5
995,Research & Development,Research Scientist,Writing,4.25
995,Research & Development,Research Scientist,Science,4.12
995,Research & Development,Research Scientist,Speaking,4.12
995,Research & Development,Research Scientist,Active Learning,4.12
995,Research & Development,Research Scientist,Reading Comprehension,4.0
995,Research & Development,Research Scientist,Active Listening,4.0
995,Research & Development,Research Scientist,Mathematics,3.62
995,Research & Development,Research Scientist,ESRI ArcGIS,3.5
995,Research & Development,Research Scientist,Python,3.5
995,Research & Development,Research Scientist,Adobe Photoshop,3.5
996,Research & Development,Laboratory Technician,Microsoft PowerPoint,3.5
996,Research & Development,Laboratory Technician,Microsoft Word,3.5
996,Research & Development,Laboratory Technician,MEDITECH,3.5
996,Research & Development,Laboratory Technician,Google Docs,3.5
996,Research & Development,Laboratory Technician,Microsoft Outlook,3.5
996,Research & Development,Laboratory Technician,Critical Thinking,3.25
996,Research & Development,Laboratory Technician,Monitoring,3.0
996,Research & Development,Laboratory Technician,Electronic Medical Record (EMR),3.0
996,Research & Development,Laboratory Technician,Science,3.0
997,Research & Development,Research Director,Microsoft Excel,4.5
997,Research & Development,Research Director,Microsoft Office,4.5
997,Research & Development,Research Director,Monitoring,4.0
997,Research & Development,Research Director,Active Listening,4.0
997,Research & Development,Research Director,Speaking,3.88
997,Research & Development,Research Director,Writing,3.88
997,Research & Development,Research Director,IBM SPSS Statistics,3.5
997,Research & Development,Research Director,Microsoft SharePoint,3.5
997,Research & Development,Research Director,Microsoft Visio,3.5
998,Research & Development,Healthcare Representative,Microsoft Excel,4.5
998,Research & Development,Healthcare Representative,Salesforce,4.5
998,Research & Development,Healthcare Representative,Active Listening,4.12
998,Research & Development,Healthcare Representative,Reading Comprehension,3.75
998,Research & Development,Healthcare Representative,Amazon Web Services (AWS),3.5
998,Research & Development,Healthcare Representative,Google Workspace,3.5
998,Research & Development,Healthcare Representative,Linux,3.5
998,Research & Development,Healthcare Representative,Apache Hadoop,3.5
998,Research & Development,Healthcare Representative,Critical Thinking,3.38
998,Research & Development,Healthcare Representative,Writing,3.38
998,Research & Development,Healthcare Representative,Monitoring,3.12
998,Research & Development,Healthcare Representative,Mathematics,2.88
999,Research & Development,Research Director,Microsoft Excel,4.5
999,Research & Development,Research Director,Science,4.12
999,Research & Development,Research Director,Critical Thinking,4.0
999,Research & Development,Research Director,Active Listening,4.0
999,Research & Development,Research Director,Speaking,3.88
999,Research & Development,Research Director,IBM SPSS Statistics,3.5
999,Research & Development,Research Director,ESRI ArcGIS,3.5
999,Research & Development,Research Director,Microsoft Visio,3.5
999,Research & Development,Research Director,Microsoft Access,3.5
1001,Research & Development,Laboratory Technician,Microsoft Excel,4.5
1001,Research & Development,Laboratory Technician,Microsoft Office,4.5
1001,Research & Development,Laboratory Technician,Reading Comprehension,3.75
1001,Research & Development,Laboratory Technician,Google Docs,3.5
1001,Research & Development,Laboratory Technician,Speaking,3.12
1001,Research & Development,Laboratory Technician,Monitoring,3.0
1001,Research & Development,Laboratory Technician,Science,3.0
1001,Research & Development,Laboratory Technician,Email,3.0
1001,Research & Development,Laboratory Technician,Active Learning,3.0
1001,Research & Development,Laboratory Technician,Writing,3.0
1002,Research & Development,Laboratory Technician,Microsoft Excel,4.5
1002,Research & Development,Laboratory Technician,Reading Comprehension,3.75
1002,Research & Development,Laboratory Technician,Active Listening,3.62
1002,Research & Development,Laboratory Technician,SAP,3.5
1002,Research & Development,Laboratory Technician,Microsoft PowerPoint,3.5
1002,Research & Development,Laboratory Technician,Microsoft Word,3.5
1002,Research & Development,Laboratory Technician,MEDITECH,3.5
1002,Research & Development,Laboratory Technician,Google Docs,3.5
1002,Research & Development,Laboratory Technician,Microsoft Outlook,3.5
1002,Research & Development,Laboratory Technician,Critical Thinking,3.25
1002,Research & Development,Laboratory Technician,Speaking,3.12
1002,Research & Development,Laboratory Technician,Monitoring,3.0
1002,Research & Development,Laboratory Technician,Electronic Medical Record (EMR),3.0
1002,Research & Development,Laboratory Technician,Email,3.0
1003,Sales,Sales Executive,Microsoft PowerPoint,4.5
1003,Sales,Sales Executive,Microsoft Office,4.5
1003,Sales,Sales Executive,Salesforce,4.5
1003,Sales,Sales Executive,Microsoft Outlook,4.5
1003,Sales,Sales Executive,Active Listening,4.0
1003,Sales,Sales Executive,Speaking,4.0
1003,Sales,Sales Executive,Adobe Creative Cloud,3.5
1003,Sales,Sales Executive,Critical Thinking,3.5
1003,Sales,Sales Executive,Adobe Acrobat,3.5
1003,Sales,Sales Executive,Adobe Illustrator,3.5
1003,Sales,Sales Executive,Monitoring,3.12
1003,Sales,Sales Executive,Active Learning,3.12
1003,Sales,Sales Executive,Mathematics,2.25
1004,Research & Development,Research Scientist,Microsoft Office,4.5
1004,Research & Development,Research Scientist,Writing,4.25
1004,Research & Development,Research Scientist,Science,4.12
1004,Research & Development,Research Scientist,Critical Thinking,4.0
1004,Research & Development,Research Scientist,Reading Comprehension,4.0
1004,Research & Development,Research Scientist,Active Listening,4.0
1004,Research & Development,Research Scientist,Mathematics,3.62
1004,Research & Development,Research Scientist,MATLAB,3.5
1004,Research & Development,Research Scientist,Microsoft Project,3.5
1004,Research & Development,Research Scientist,IBM SPSS Statistics,3.5
1004,Research & Development,Research Scientist,ESRI ArcGIS,3.5
1004,Research & Development,Research Scientist,SAS,3.5
1004,Research & Development,Research Scientist,Python,3.5
1005,Research & Development,Manufacturing Director,SAP,4.5
1005,Research & Development,Manufacturing Director,Microsoft Excel,4.5
1005,Research & Development,Manufacturing Director,Microsoft Office,4.5
1005,Research & Development,Manufacturing Director,Microsoft Outlook,4.5
1005,Research & Development,Manufacturing Director,Monitoring,4.0
1005,Research & Development,Manufacturing Director,Learning Strategies,3.75
1005,Research & Development,Manufacturing Director,Adobe After Effects,3.5
1005,Research & Development,Manufacturing Director,Adobe InDesign,3.5
1005,Research & Development,Manufacturing Director,Adobe Photoshop,3.5
1005,Research & Development,Manufacturing Director,Autodesk AutoCAD,3.5
1005,Research & Development,Manufacturing Director,Writing,3.38
1006,Research & Development,Research Scientist,Microsoft Excel,4.5
1006,Research & Development,Research Scientist,R,4.5
1006,Research & Development,Research Scientist,Microsoft Office,4.5
1006,Research & Development,Research Scientist,Speaking,4.12
1006,Research & Development,Research Scientist,Critical Thinking,4.0
1006,Research & Development,Research Scientist,Reading Comprehension,4.0
1006,Research & Development,Research Scientist,Active Listening,4.0
1006,Research & Development,Research Scientist,Mathematics,3.62
1006,Research & Development,Research Scientist,MATLAB,3.5
1006,Research & Development,Research Scientist,IBM SPSS Statistics,3.5
1006,Research & Development,Research Scientist,Microsoft Project,3.5
1006,Research & Development,Research Scientist,ESRI ArcGIS,3.5
1006,Research & Development,Research Scientist,SAS,3.5
1006,Research & Development,Research Scientist,Adobe Photoshop,3.5
1007,Research & Development,Manufacturing Director,Microsoft PowerPoint,4.5
1007,Research & Development,Manufacturing Director,Microsoft Office,4.5
1007,Research & Development,Manufacturing Director,Monitoring,4.0
1007,Research & Development,Manufacturing Director,Critical Thinking,4.0
1007,Research & Development,Manufacturing Director,Reading Comprehension,3.88
1007,Research & Development,Manufacturing Director,Active Listening,3.88
1007,Research & Development,Manufacturing Director,Active Learning,3.62
1007,Research & Development,Manufacturing Director,Adobe InDesign,3.5
1007,Research & Development,Manufacturing Director,Adobe Photoshop,3.5
1007,Research & Development,Manufacturing Director,Autodesk AutoCAD,3.5
1007,Research & Development,Manufacturing Director,Writing,3.38
1009,Research & Development,Manufacturing Director,SAP,4.5
1009,Research & Development,Manufacturing Director,Microsoft Outlook,4.5
1009,Research & Development,Manufacturing Director,Monitoring,4.0
1009,Research & Development,Manufacturing Director,Critical Thinking,4.0
1009,Research & Development,Manufacturing Director,Speaking,4.0
1009,Research & Development,Manufacturing Director,Reading Comprehension,3.88
1009,Research & Development,Manufacturing Director,Active Listening,3.88
1009,Research & Development,Manufacturing Director,Active Learning,3.62
1009,Research & Development,Manufacturing Director,Adobe InDesign,3.5
1009,Research & Development,Manufacturing Director,Adobe Photoshop,3.5
1009,Research & Development,Manufacturing Director,Autodesk AutoCAD,3.5
1009,Research & Development,Manufacturing Director,Writing,3.38
1010,Research & Development,Laboratory Technician,Microsoft Excel,4.5
1010,Research & Development,Laboratory Technician,Microsoft Office,4.5
1010,Research & Development,Laboratory Technician,Reading Comprehension,3.75
1010,Research & Development,Laboratory Technician,Active Listening,3.62
1010,Research & Development,Laboratory Technician,SAP,3.5
1010,Research & Development,Laboratory Technician,Microsoft PowerPoint,3.5
1010,Research & Development,Laboratory Technician,Microsoft Word,3.5
1010,Research & Development,Laboratory Technician,Google Docs,3.5
1010,Research & Development,Laboratory Technician,Critical Thinking,3.25
1010,Research & Development,Laboratory Technician,Speaking,3.12
1010,Research & Development,Laboratory Technician,Monitoring,3.0
1010,Research & Development,Laboratory Technician,Electronic Medical Record (EMR),3.0
1010,Research & Development,Laboratory Technician,Writing,3.0
1011,Research & Development,Manufacturing Director,Microsoft PowerPoint,4.5
1011,Research & Development,Manufacturing Director,Microsoft Excel,4.5
1011,Research & Development,Manufacturing Director,Monitoring,4.0
1011,Research & Development,Manufacturing Director,Speaking,4.0
1011,Research & Development,Manufacturing Director,Learning Strategies,3.75
1011,Research & Development,Manufacturing Director,Adobe After Effects,3.5
1011,Research & Development,Manufacturing Director,Adobe InDesign,3.5
1011,Research & Development,Manufacturing Director,Autodesk AutoCAD,3.5
1011,Research & Development,Manufacturing Director,Writing,3.38
1012,Research & Development,Research Scientist,Microsoft Excel,4.5
1012,Research & Development,Research Scientist,R,4.5
1012,Research & Development,Research Scientist,Microsoft Office,4.5
1012,Research & Development,Research Scientist,Writing,4.25
1012,Research & Development,Research Scientist,Speaking,4.12
1012,Research & Development,Research Scientist,Active Learning,4.12
1012,Research & Development,Research Scientist,Critical Thinking,4.0
1012,Research & Development,Research Scientist,Mathematics,3.62
1012,Research & Development,Research Scientist,MATLAB,3.5
1012,Research & Development,Research Scientist,IBM SPSS Statistics,3.5
1012,Research & Development,Research Scientist,ESRI ArcGIS,3.5
1012,Research & Development,Research Scientist,SAS,3.5
1012,Research & Development,Research Scientist,Python,3.5
1012,Research & Development,Research Scientist,Adobe Photoshop,3.5
1012,Research & Development,Research Scientist,Microsoft Project,3.5
1013,Research & Development,Manufacturing Director,SAP,4.5
1013,Research & Development,Manufacturing Director,Microsoft Office,4.5
1013,Research & Development,Manufacturing Director,Monitoring,4.0
1013,Research & Development,Manufacturing Director,Reading Comprehension,3.88
1013,Research & Development,Manufacturing Director,Active Listening,3.88
1013,Research & Development,Manufacturing Director,Learning Strategies,3.75
1013,Research & Development,Manufacturing Director,Adobe InDesign,3.5
1013,Research & Development,Manufacturing Director,Autodesk AutoCAD,3.5
1013,Research & Development,Manufacturing Director,Writing,3.38
1014,Research & Development,Healthcare Representative,Microsoft Excel,4.5
1014,Research & Development,Healthcare Representative,Microsoft Office,4.5
1014,Research & Development,Healthcare Representative,Salesforce,4.5
1014,Research & Development,Healthcare Representative,Microsoft Outlook,4.5
1014,Research & Development,Healthcare Representative,Reading Comprehension,3.75
1014,Research & Development,Healthcare Representative,Google Workspace,3.5
1014,Research & Development,Healthcare Representative,Linux,3.5
1014,Research & Development,Healthcare Representative,Microsoft Azure,3.5
1014,Research & Development,Healthcare Representative,Apache Hadoop,3.5
1014,Research & Development,Healthcare Representative,Active Learning,3.5
1014,Research & Development,Healthcare Representative,Critical Thinking,3.38
1014,Research & Development,Healthcare Representative,Monitoring,3.12
1014,Research & Development,Healthcare Representative,Mathematics,2.88
1015,Research & Development,Research Director,Microsoft PowerPoint,4.5
1015,Research & Development,Research Director,Microsoft Office,4.5
1015,Research & Development,Research Director,Science,4.12
1015,Research & Development,Research Director,Active Listening,4.0
1015,Research & Development,Research Director,Writing,3.88
1015,Research & Development,Research Director,Microsoft Project,3.5
1015,Research & Development,Research Director,IBM SPSS Statistics,3.5
1015,Research & Development,Research Director,ESRI ArcGIS,3.5
1015,Research & Development,Research Director,Microsoft Access,3.5
1016,Research & Development,Research Scientist,Microsoft Office,4.5
1016,Research & Development,Research Scientist,Writing,4.25
1016,Research & Development,Research Scientist,Science,4.12
1016,Research & Development,Research Scientist,Active Listening,4.0
1016,Research & Development,Research Scientist,Mathematics,3.62
1016,Research & Development,Research Scientist,MATLAB,3.5
1016,Research & Development,Research Scientist,Microsoft Project,3.5
1016,Research & Development,Research Scientist,IBM SPSS Statistics,3.5
1016,Research & Development,Research Scientist,SAS,3.5
1016,Research & Development,Research Scientist,Python,3.5
1017,Research & Development,Laboratory Technician,Microsoft Excel,4.5
1017,Research & Development,Laboratory Technician,Microsoft Office,4.5
1017,Research & Development,Laboratory Technician,SAP,3.5
1017,Research & Development,Laboratory Technician,Microsoft PowerPoint,3.5
1017,Research & Development,Laboratory Technician,MEDITECH,3.5
1017,Research & Development,Laboratory Technician,Microsoft Outlook,3.5
1017,Research & Development,Laboratory Technician,Critical Thinking,3.25
1017,Research & Development,Laboratory Technician,Speaking,3.12
1017,Research & Development,Laboratory Technician,Electronic Medical Record (EMR),3.0
1017,Research & Development,Laboratory Technician,Science,3.0
1017,Research & Development,Laboratory Technician,Email,3.0
1018,Research & Development,Manufacturing Director,Microsoft PowerPoint,4.5
1018,Research & Development,Manufacturing Director,Microsoft Excel,4.5
1018,Research & Development,Manufacturing Director,Microsoft Office,4.5
1018,Research & Development,Manufacturing Director,Microsoft Outlook,4.5
1018,Research & Development,Manufacturing Director,Monitoring,4.0
1018,Research & Development,Manufacturing Director,Critical Thinking,4.0
1018,Research & Development,Manufacturing Director,Active Listening,3.88
1018,Research & Development,Manufacturing Director,Active Learning,3.62
1018,Research & Development,Manufacturing Director,Adobe After Effects,3.5
1018,Research & Development,Manufacturing Director,Adobe InDesign,3.5
1018,Research & Development,Manufacturing Director,Adobe Photoshop,3.5
1019,Research & Development,Laboratory Technician,Reading Comprehension,3.75
1019,Research & Development,Laboratory Technician,Microsoft PowerPoint,3.5
1019,Research & Development,Laboratory Technician,Speaking,3.12
1019,Research & Development,Laboratory Technician,Monitoring,3.0
1019,Research & Development,Laboratory Technician,Electronic Medical Record (EMR),3.0
1019,Research & Development,Laboratory Technician,Science,3.0
1019,Research & Development,Laboratory Technician,Email,3.0
1019,Research & Development,Laboratory Technician,Writing,3.0
1022,Research & Development,Healthcare Representative,Microsoft Excel,4.5
1022,Research & Development,Healthcare Representative,Microsoft Office,4.5
1022,Research & Development,Healthcare Representative,Salesforce,4.5
1022,Research & Development,Healthcare Representative,Microsoft Outlook,4.5
1022,Research & Development,Healthcare Representative,Linux,3.5
1022,Research & Development,Healthcare Representative,Microsoft Azure,3.5
1022,Research & Development,Healthcare Representative,Apache Hadoop,3.5
1022,Research & Development,Healthcare Representative,Active Learning,3.5
1022,Research & Development,Healthcare Representative,Critical Thinking,3.38
1022,Research & Development,Healthcare Representative,Writing,3.38
1022,Research & Development,Healthcare Representative,Monitoring,3.12
1024,Research & Development,Healthcare Representative,Microsoft Excel,4.5
1024,Research & Development,Healthcare Representative,Microsoft Office,4.5
1024,Research & Development,Healthcare Representative,Salesforce,4.5
1024,Research & Development,Healthcare Representative,Reading Comprehension,3.75
1024,Research & Development,Healthcare Representative,Linux,3.5
1024,Research & Development,Healthcare Representative,Microsoft Azure,3.5
1024,Research & Development,Healthcare Representative,Apache Hadoop,3.5
1024,Research & Development,Healthcare Representative,Microsoft Access,3.5
1024,Research & Development,Healthcare Representative,Amazon Web Services (AWS),3.5
1024,Research & Development,Healthcare Representative,Critical Thinking,3.38
1024,Research & Development,Healthcare Representative,Monitoring,3.12
1024,Research & Development,Healthcare Representative,Mathematics,2.88
1025,Research & Development,Manufacturing Director,Microsoft Excel,4.5
1025,Research & Development,Manufacturing Director,Microsoft Outlook,4.5
1025,Research & Development,Manufacturing Director,Speaking,4.0
1025,Research & Development,Manufacturing Director,Learning Strategies,3.75
1025,Research & Development,Manufacturing Director,Active Learning,3.62
1025,Research & Development,Manufacturing Director,Adobe After Effects,3.5
1025,Research & Development,Manufacturing Director,Adobe InDesign,3.5
1025,Research & Development,Manufacturing Director,Adobe Photoshop,3.5
1026,Research & Development,Manufacturing Director,SAP,4.5
1026,Research & Development,Manufacturing Director,Microsoft PowerPoint,4.5
1026,Research & Development,Manufacturing Director,Microsoft Office,4.5
1026,Research & Development,Manufacturing Director,Microsoft Outlook,4.5
1026,Research & Development,Manufacturing Director,Monitoring,4.0
1026,Research & Development,Manufacturing Director,Critical Thinking,4.0
1026,Research & Development,Manufacturing Director,Speaking,4.0
1026,Research & Development,Manufacturing Director,Reading Comprehension,3.88
1026,Research & Development,Manufacturing Director,Active Listening,3.88
1026,Research & Development,Manufacturing Director,Adobe InDesign,3.5
1026,Research & Development,Manufacturing Director,Adobe Acrobat,3.5
1026,Research & Development,Manufacturing Director,Writing,3.38
1027,Research & Development,Manufacturing Director,SAP,4.5
1027,Research & Development,Manufacturing Director,Microsoft Office,4.5
1027,Research & Development,Manufacturing Director,Monitoring,4.0
1027,Research & Development,Manufacturing Director,Critical Thinking,4.0
1027,Research & Development,Manufacturing Director,Reading Comprehension,3.88
1027,Research & Development,Manufacturing Director,Active Listening,3.88
1027,Research & Development,Manufacturing Director,Adobe Acrobat,3.5
1027,Research & Development,Manufacturing Director,Adobe Photoshop,3.5
1027,Research & Development,Manufacturing Director,Autodesk AutoCAD,3.5
1028,Research & Development,Laboratory Technician,Microsoft Excel,4.5
1028,Research & Development,Laboratory Technician,Active Listening,3.62
1028,Research & Development,Laboratory Technician,Microsoft Word,3.5
1028,Research & Development,Laboratory Technician,MEDITECH,3.5
1028,Research & Development,Laboratory Technician,Google Docs,3.5
1028,Research & Development,Laboratory Technician,Speaking,3.12
1028,Research & Development,Laboratory Technician,Science,3.0
1028,Research & Development,Laboratory Technician,Email,3.0
1028,Research & Development,Laboratory Technician,Active Learning,3.0
1028,Research & Development,Laboratory Technician,Writing,3.0
1029,Sales,Manager,Microsoft PowerPoint,4.5
1029,Sales,Manager,Monitoring,4.0
1029,Sales,Manager,Reading Comprehension,4.0
1029,Sales,Manager,Speaking,4.0
1029,Sales,Manager,Active Listening,4.0
1029,Sales,Manager,Critical Thinking,3.88
1029,Sales,Manager,Active Learning,3.62
1029,Sales,Manager,Apple macOS,3.5
1029,Sales,Manager,Atlassian JIRA,3.5
1029,Sales,Manager,Atlassian Confluence,3.5
1029,Sales,Manager,Google Analytics,3.5
1029,Sales,Manager,Writing,3.5
1029,Sales,Manager,Adobe Photoshop,3.5
1029,Sales,Manager,Autodesk AutoCAD,3.5
1030,Research & Development,Laboratory Technician,Active Listening,3.62
1030,Research & Development,Laboratory Technician,SAP,3.5
1030,Research & Development,Laboratory Technician,Microsoft Word,3.5
1030,Research & Development,Laboratory Technician,Google Docs,3.5
1030,Research & Development,Laboratory Technician,Microsoft Outlook,3.5
1030,Research & Development,Laboratory Technician,Monitoring,3.0
1030,Research & Development,Laboratory Technician,Electronic Medical Record (EMR),3.0
1030,Research & Development,Laboratory Technician,Science,3.0
1030,Research & Development,Laboratory Technician,Email,3.0
1030,Research & Development,Laboratory Technician,Active Learning,3.0
1032,Research & Development,Manufacturing Director,Microsoft PowerPoint,4.5
1032,Research & Development,Manufacturing Director,Critical Thinking,4.0
1032,Research & Development,Manufacturing Director,Reading Comprehension,3.88
1032,Research & Development,Manufacturing Director,Learning Strategies,3.75
1032,Research & Development,Manufacturing Director,Active Learning,3.62
1032,Research & Development,Manufacturing Director,Adobe After Effects,3.5
1032,Research & Development,Manufacturing Director,Adobe Acrobat,3.5
1032,Research & Development,Manufacturing Director,Adobe Photoshop,3.5
1032,Research & Development,Manufacturing Director,Autodesk AutoCAD,3.5
1033,Research & Development,Healthcare Representative,Microsoft Office,4.5
1033,Research & Development,Healthcare Representative,Salesforce,4.5
1033,Research & Development,Healthcare Representative,Microsoft Outlook,4.5
1033,Research & Development,Healthcare Representative,Speaking,4.25
1033,Research & Development,Healthcare Representative,Active Listening,4.12
1033,Research & Development,Healthcare Representative,Reading Comprehension,3.75
1033,Research & Development,Healthcare Representative,Amazon Web Services (AWS),3.5
1033,Research & Development,Healthcare Representative,Google Workspace,3.5
1033,Research & Development,Healthcare Representative,Linux,3.5
1033,Research & Development,Healthcare Representative,Microsoft Azure,3.5
1033,Research & Development,Healthcare Representative,Active Learning,3.5
1033,Research & Development,Healthcare Representative,Microsoft Access,3.5
1033,Research & Development,Healthcare Representative,Monitoring,3.12
1033,Research & Development,Healthcare Representative,Mathematics,2.88
1034,Research & Development,Healthcare Representative,Salesforce,4.5
1034,Research & Development,Healthcare Representative,Microsoft Outlook,4.5
1034,Research & Development,Healthcare Representative,Speaking,4.25
1034,Research & Development,Healthcare Representative,Reading Comprehension,3.75
1034,Research & Development,Healthcare Representative,Google Workspace,3.5
1034,Research & Development,Healthcare Representative,Linux,3.5
1034,Research & Development,Healthcare Representative,Microsoft Azure,3.5
1034,Research & Development,Healthcare Representative,Apache Hadoop,3.5
1034,Research & Development,Healthcare Representative,Microsoft Access,3.5
1034,Research & Development,Healthcare Representative,Amazon Web Services (AWS),3.5
1034,Research & Development,Healthcare Representative,Critical Thinking,3.38
1034,Research & Development,Healthcare Representative,Writing,3.38
1034,Research & Development,Healthcare Representative,Mathematics,2.88
1035,Research & Development,Research Director,Microsoft PowerPoint,4.5
1035,Research & Development,Research Director,Microsoft Office,4.5
1035,Research & Development,Research Director,Science,4.12
1035,Research & Development,Research Director,Monitoring,4.0
1035,Research & Development,Research Director,Critical Thinking,4.0
1035,Research & Development,Research Director,Speaking,3.88
1035,Research & Development,Research Director,Writing,3.88
1035,Research & Development,Research Director,IBM SPSS Statistics,3.5
1035,Research & Development,Research Director,Microsoft SharePoint,3.5
1035,Research & Development,Research Director,ESRI ArcGIS,3.5
1035,Research & Development,Research Director,Microsoft Visio,3.5
1035,Research & Development,Research Director,Adobe Acrobat,3.5
1035,Research & Development,Research Director,Microsoft Access,3.5
1035,Research & Development,Research Director,Microsoft Project,3.5
1036,Sales,Sales Executive,Microsoft Excel,4.5
1036,Sales,Sales Executive,Microsoft Outlook,4.5
1036,Sales,Sales Executive,Active Listening,4.0
1036,Sales,Sales Executive,Adobe Creative Cloud,3.5
1036,Sales,Sales Executive,Adobe InDesign,3.5
1036,Sales,Sales Executive,Adobe Photoshop,3.5
1036,Sales,Sales Executive,Adobe Illustrator,3.5
1036,Sales,Sales Executive,Reading Comprehension,3.38
1036,Sales,Sales Executive,Monitoring,3.12
1037,Sales,Sales Executive,Microsoft Excel,4.5
1037,Sales,Sales Executive,Microsoft Office,4.5
1037,Sales,Sales Executive,Salesforce,4.5
1037,Sales,Sales Executive,Speaking,4.0
1037,Sales,Sales Executive,Adobe InDesign,3.5
1037,Sales,Sales Executive,Critical Thinking,3.5
1037,Sales,Sales Executive,Adobe Acrobat,3.5
1037,Sales,Sales Executive,Adobe Illustrator,3.5
1037,Sales,Sales Executive,Reading Comprehension,3.38
1037,Sales,Sales Executive,Active Learning,3.12
1038,Sales,Manager,Microsoft PowerPoint,4.5
1038,Sales,Manager,Microsoft Office,4.5
1038,Sales,Manager,Monitoring,4.0
1038,Sales,Manager,Reading Comprehension,4.0
1038,Sales,Manager,Active Listening,4.0
1038,Sales,Manager,Active Learning,3.62
1038,Sales,Manager,Apple macOS,3.5
1038,Sales,Manager,Atlassian JIRA,3.5
1038,Sales,Manager,Atlassian Confluence,3.5
1038,Sales,Manager,Google Analytics,3.5
1038,Sales,Manager,Adobe Acrobat,3.5
1038,Sales,Manager,Adobe Photoshop,3.5
1038,Sales,Manager,Learning Strategies,3.0
1039,Sales,Sales Executive,Microsoft PowerPoint,4.5
1039,Sales,Sales Executive,Microsoft Excel,4.5
1039,Sales,Sales Executive,Salesforce,4.5
1039,Sales,Sales Executive,Critical Thinking,3.5
1039,Sales,Sales Executive,Adobe Acrobat,3.5
1039,Sales,Sales Executive,Writing,3.25
1039,Sales,Sales Executive,Monitoring,3.12
1039,Sales,Sales Executive,Active Learning,3.12
1039,Sales,Sales Executive,Mathematics,2.25
1040,Sales,Sales Executive,Microsoft Outlook,4.5
1040,Sales,Sales Executive,Speaking,4.0
1040,Sales,Sales Executive,Active Listening,4.0
1040,Sales,Sales Executive,Adobe Illustrator,3.5
1040,Sales,Sales Executive,Adobe Acrobat,3.5
1040,Sales,Sales Executive,Adobe Photoshop,3.5
1040,Sales,Sales Executive,Reading Comprehension,3.38
1040,Sales,Sales Executive,Writing,3.25
1040,Sales,Sales Executive,Monitoring,3.12
1040,Sales,Sales Executive,Active Learning,3.12
1040,Sales,Sales Executive,Mathematics,2.25
1042,Research & Development,Laboratory Technician,Microsoft Office,4.5
1042,Research & Development,Laboratory Technician,Reading Comprehension,3.75
1042,Research & Development,Laboratory Technician,MEDITECH,3.5
1042,Research & Development,Laboratory Technician,Electronic Medical Record (EMR),3.0
1042,Research & Development,Laboratory Technician,Email,3.0
1043,Research & Development,Manufacturing Director,SAP,4.5
1043,Research & Development,Manufacturing Director,Microsoft PowerPoint,4.5
1043,Research & Development,Manufacturing Director,Microsoft Excel,4.5
1043,Research & Development,Manufacturing Director,Speaking,4.0
1043,Research & Development,Manufacturing Director,Active Listening,3.88
1043,Research & Development,Manufacturing Director,Learning Strategies,3.75
1043,Research & Development,Manufacturing Director,Active Learning,3.62
1043,Research & Development,Manufacturing Director,Adobe Acrobat,3.5
1043,Research & Development,Manufacturing Director,Autodesk AutoCAD,3.5
1043,Research & Development,Manufacturing Director,Writing,3.38
1044,Sales,Sales Representative,Microsoft Excel,4.5
1044,Sales,Sales Representative,Microsoft Office,4.5
1044,Sales,Sales Representative,Speaking,3.88
1044,Sales,Sales Representative,Active Listening,3.88
1044,Sales,Sales Representative,Microsoft Project,3.5
1044,Sales,Sales Representative,IBM SPSS Statistics,3.5
1044,Sales,Sales Representative,Microsoft PowerPoint,3.5
1044,Sales,Sales Representative,Microsoft Word,3.5
1044,Sales,Sales Representative,HubSpot,3.5
1044,Sales,Sales Representative,Critical Thinking,3.38
1044,Sales,Sales Representative,Active Learning,3.38
1044,Sales,Sales Representative,Writing,3.38
1044,Sales,Sales Representative,Monitoring,3.12
1044,Sales,Sales Representative,Mathematics,2.62
1045,Sales,Manager,Microsoft Office,4.5
1045,Sales,Manager,Monitoring,4.0
1045,Sales,Manager,Reading Comprehension,4.0
1045,Sales,Manager,Active Listening,4.0
1045,Sales,Manager,Critical Thinking,3.88
1045,Sales,Manager,Active Learning,3.62
1045,Sales,Manager,Atlassian JIRA,3.5
1045,Sales,Manager,Adobe Acrobat,3.5
1045,Sales,Manager,Writing,3.5
1045,Sales,Manager,Adobe Photoshop,3.5
1045,Sales,Manager,Learning Strategies,3.0
1046,Research & Development,Laboratory Technician,Microsoft Excel,4.5
1046,Research & Development,Laboratory Technician,Microsoft Office,4.5
1046,Research & Development,Laboratory Technician,Reading Comprehension,3.75
1046,Research & Development,Laboratory Technician,Microsoft Word,3.5
1046,Research & Development,Laboratory Technician,MEDITECH,3.5
1046,Research & Development,Laboratory Technician,Google Docs,3.5
1046,Research & Development,Laboratory Technician,Microsoft Outlook,3.5
1046,Research & Development,Laboratory Technician,Electronic Medical Record (EMR),3.0
1046,Research & Development,Laboratory Technician,Monitoring,3.0
1046,Research & Development,Laboratory Technician,Email,3.0
1046,Research & Development,Laboratory Technician,Active Learning,3.0
1046,Research & Development,Laboratory Technician,Writing,3.0
1047,Sales,Sales Executive,Microsoft PowerPoint,4.5
1047,Sales,Sales Executive,Salesforce,4.5
1047,Sales,Sales Executive,Microsoft Outlook,4.5
1047,Sales,Sales Executive,Speaking,4.0
1047,Sales,Sales Executive,Adobe Creative Cloud,3.5
1047,Sales,Sales Executive,Adobe InDesign,3.5
1047,Sales,Sales Executive,Critical Thinking,3.5
1047,Sales,Sales Executive,Adobe Acrobat,3.5
1047,Sales,Sales Executive,Adobe Photoshop,3.5
1047,Sales,Sales Executive,Adobe Illustrator,3.5
1047,Sales,Sales Executive,Writing,3.25
1047,Sales,Sales Executive,Active Learning,3.12
1048,Sales,Manager,Microsoft Excel,4.5
1048,Sales,Manager,Microsoft Office,4.5
1048,Sales,Manager,Active Listening,4.0
1048,Sales,Manager,Critical Thinking,3.88
1048,Sales,Manager,Active Learning,3.62
1048,Sales,Manager,Apple macOS,3.5
1048,Sales,Manager,Atlassian JIRA,3.5
1048,Sales,Manager,Google Analytics,3.5
1048,Sales,Manager,Adobe Acrobat,3.5
1048,Sales,Manager,Writing,3.5
1048,Sales,Manager,Adobe Photoshop,3.5
1048,Sales,Manager,Autodesk AutoCAD,3.5
1049,Human Resources,Human Resources,Microsoft PowerPoint,4.5
1049,Human Resources,Human Resources,Microsoft Excel,4.5
1049,Human Resources,Human Resources,Workday,4.5
1049,Human Resources,Human Resources,Speaking,4.12
1049,Human Resources,Human Resources,Reading Comprehension,4.0
1049,Human Resources,Human Resources,Oracle HRIS,4.0
1049,Human Resources,Human Resources,Critical Thinking,3.88
1049,Human Resources,Human Resources,Adobe Acrobat,3.5
1049,Human Resources,Human Resources,Adobe Photoshop,3.5
1049,Human Resources,Human Resources,Monitoring,3.0
1050,Sales,Sales Executive,Adobe Creative Cloud,3.5
1050,Sales,Sales Executive,Adobe InDesign,3.5
1050,Sales,Sales Executive,Critical Thinking,3.5
1050,Sales,Sales Executive,Adobe Acrobat,3.5
1050,Sales,Sales Executive,Adobe Photoshop,3.5
1050,Sales,Sales Executive,Reading Comprehension,3.38
1050,Sales,Sales Executive,Writing,3.25
1050,Sales,Sales Executive,Active Learning,3.12
1050,Sales,Sales Executive,Mathematics,2.25
1052,Research & Development,Laboratory Technician,Microsoft Excel,4.5
1052,Research & Development,Laboratory Technician,SAP,3.5
1052,Research & Development,Laboratory Technician,Microsoft PowerPoint,3.5
1052,Research & Development,Laboratory Technician,Google Docs,3.5
1052,Research & Development,Laboratory Technician,Microsoft Outlook,3.5
1052,Research & Development,Laboratory Technician,Critical Thinking,3.25
1052,Research & Development,Laboratory Technician,Electronic Medical Record (EMR),3.0
1052,Research & Development,Laboratory Technician,Science,3.0
1052,Research & Development,Laboratory Technician,Active Learning,3.0
1053,Research & Development,Research Scientist,Microsoft Excel,4.5
1053,Research & Development,Research Scientist,Writing,4.25
1053,Research & Development,Research Scientist,Science,4.12
1053,Research & Development,Research Scientist,Speaking,4.12
1053,Research & Development,Research Scientist,Critical Thinking,4.0
1053,Research & Development,Research Scientist,Reading Comprehension,4.0
1053,Research & Development,Research Scientist,Active Listening,4.0
1053,Research & Development,Research Scientist,MATLAB,3.5
1053,Research & Development,Research Scientist,Microsoft Project,3.5
1053,Research & Development,Research Scientist,IBM SPSS Statistics,3.5
1053,Research & Development,Research Scientist,ESRI ArcGIS,3.5
1053,Research & Development,Research Scientist,SAS,3.5
1053,Research & Development,Research Scientist,Adobe Photoshop,3.5
1055,Sales,Sales Representative,Speaking,3.88
1055,Sales,Sales Representative,Active Listening,3.88
1055,Sales,Sales Representative,Reading Comprehension,3.62
1055,Sales,Sales Representative,Microsoft Project,3.5
1055,Sales,Sales Representative,IBM SPSS Statistics,3.5
1055,Sales,Sales Representative,Apple macOS,3.5
1055,Sales,Sales Representative,Microsoft Word,3.5
1055,Sales,Sales Representative,Microsoft Outlook,3.5
1055,Sales,Sales Representative,Writing,3.38
1055,Sales,Sales Representative,Monitoring,3.12
1055,Sales,Sales Representative,Mathematics,2.62
1056,Sales,Sales Representative,Microsoft Excel,4.5
1056,Sales,Sales Representative,Microsoft Office,4.5
1056,Sales,Sales Representative,Salesforce,4.5
1056,Sales,Sales Representative,Speaking,3.88
1056,Sales,Sales Representative,Reading Comprehension,3.62
1056,Sales,Sales Representative,IBM SPSS Statistics,3.5
1056,Sales,Sales Representative,Microsoft PowerPoint,3.5
1056,Sales,Sales Representative,Apple macOS,3.5
1056,Sales,Sales Representative,HubSpot,3.5
1056,Sales,Sales Representative,Microsoft Outlook,3.5
1056,Sales,Sales Representative,Critical Thinking,3.38
1056,Sales,Sales Representative,Active Learning,3.38
1056,Sales,Sales Representative,Writing,3.38
1056,Sales,Sales Representative,Mathematics,2.62
1060,Research & Development,Research Scientist,Microsoft Excel,4.5
1060,Research & Development,Research Scientist,Microsoft Office,4.5
1060,Research & Development,Research Scientist,Science,4.12
1060,Research & Development,Research Scientist,Critical Thinking,4.0
1060,Research & Development,Research Scientist,Active Listening,4.0
1060,Research & Development,Research Scientist,MATLAB,3.5
1060,Research & Development,Research Scientist,Microsoft Project,3.5
1060,Research & Development,Research Scientist,SAS,3.5
1060,Research & Development,Research Scientist,Adobe Photoshop,3.5
1061,Research & Development,Research Director,Speaking,3.88
1061,Research & Development,Research Director,Active Learning,3.5
1061,Research & Development,Research Director,Microsoft SharePoint,3.5
1061,Research & Development,Research Director,ESRI ArcGIS,3.5
1061,Research & Development,Research Director,Adobe Acrobat,3.5
1061,Research & Development,Research Director,Microsoft Access,3.5
1062,Research & Development,Healthcare Representative,Speaking,4.25
1062,Research & Development,Healthcare Representative,Active Listening,4.12
1062,Research & Development,Healthcare Representative,Reading Comprehension,3.75
1062,Research & Development,Healthcare Representative,Google Workspace,3.5
1062,Research & Development,Healthcare Representative,Apache Hadoop,3.5
1062,Research & Development,Healthcare Representative,Active Learning,3.5
1062,Research & Development,Healthcare Representative,Microsoft Access,3.5
1062,Research & Development,Healthcare Representative,Writing,3.38
1062,Research & Development,Healthcare Representative,Monitoring,3.12
1062,Research & Development,Healthcare Representative,Mathematics,2.88
1066,Sales,Sales Executive,Microsoft Excel,4.5
1066,Sales,Sales Executive,Speaking,4.0
1066,Sales,Sales Executive,Active Listening,4.0
1066,Sales,Sales Executive,Adobe Creative Cloud,3.5
1066,Sales,Sales Executive,Adobe InDesign,3.5
1066,Sales,Sales Executive,Adobe Acrobat,3.5
1066,Sales,Sales Executive,Adobe Illustrator,3.5
1066,Sales,Sales Executive,Reading Comprehension,3.38
1066,Sales,Sales Executive,Writing,3.25
1066,Sales,Sales Executive,Monitoring,3.12
1068,Research & Development,Research Scientist,Microsoft Excel,4.5
1068,Research & Development,Research Scientist,R,4.5
1068,Research & Development,Research Scientist,Microsoft Office,4.5
1068,Research & Development,Research Scientist,Writing,4.25
1068,Research & Development,Research Scientist,Science,4.12
1068,Research & Development,Research Scientist,Speaking,4.12
1068,Research & Development,Research Scientist,Active Learning,4.12
1068,Research & Development,Research Scientist,Critical Thinking,4.0
1068,Research & Development,Research Scientist,Reading Comprehension,4.0
1068,Research & Development,Research Scientist,Active Listening,4.0
1068,Research & Development,Research Scientist,MATLAB,3.5
1068,Research & Development,Research Scientist,Microsoft Project,3.5
1068,Research & Development,Research Scientist,SAS,3.5
1068,Research & Development,Research Scientist,Python,3.5
1068,Research & Development,Research Scientist,Adobe Photoshop,3.5
1069,Research & Development,Research Director,Critical Thinking,4.0
1069,Research & Development,Research Director,Speaking,3.88
1069,Research & Development,Research Director,Active Learning,3.5
1069,Research & Development,Research Director,ESRI ArcGIS,3.5
1069,Research & Development,Research Director,Microsoft Visio,3.5
1069,Research & Development,Research Director,Adobe Acrobat,3.5
1069,Research & Development,Research Director,Microsoft Access,3.5
1070,Sales,Sales Executive,Microsoft Excel,4.5
1070,Sales,Sales Executive,Salesforce,4.5
1070,Sales,Sales Executive,Speaking,4.0
1070,Sales,Sales Executive,Adobe InDesign,3.5
1070,Sales,Sales Executive,Critical Thinking,3.5
1070,Sales,Sales Executive,Adobe Acrobat,3.5
1071,Research & Development,Research Scientist,Microsoft Excel,4.5
1071,Research & Development,Research Scientist,Writing,4.25
1071,Research & Development,Research Scientist,Science,4.12
1071,Research & Development,Research Scientist,Speaking,4.12
1071,Research & Development,Research Scientist,Critical Thinking,4.0
1071,Research & Development,Research Scientist,Reading Comprehension,4.0
1071,Research & Development,Research Scientist,Mathematics,3.62
1071,Research & Development,Research Scientist,MATLAB,3.5
1071,Research & Development,Research Scientist,ESRI ArcGIS,3.5
1071,Research & Development,Research Scientist,Adobe Photoshop,3.5
1071,Research & Development,Research Scientist,Microsoft Project,3.5
1073,Research & Development,Manufacturing Director,SAP,4.5
1073,Research & Development,Manufacturing Director,Microsoft Office,4.5
1073,Research & Development,Manufacturing Director,Monitoring,4.0
1073,Research & Development,Manufacturing Director,Critical Thinking,4.0
1073,Research & Development,Manufacturing Director,Learning Strategies,3.75
1073,Research & Development,Manufacturing Director,Active Learning,3.62
1073,Research & Development,Manufacturing Director,Adobe After Effects,3.5
1073,Research & Development,Manufacturing Director,Adobe Photoshop,3.5
1073,Research & Development,Manufacturing Director,Autodesk AutoCAD,3.5
1073,Research & Development,Manufacturing Director,Writing,3.38
1074,Research & Development,Manager,Microsoft Excel,4.5
1074,Research & Development,Manager,Monitoring,4.0
1074,Research & Development,Manager,Speaking,4.0
1074,Research & Development,Manager,Active Learning,3.62
1074,Research & Development,Manager,Apple macOS,3.5
1074,Research & Development,Manager,Atlassian JIRA,3.5
1074,Research & Development,Manager,Atlassian Confluence,3.5
1074,Research & Development,Manager,Writing,3.5
1074,Research & Development,Manager,Adobe Photoshop,3.5
1074,Research & Development,Manager,Autodesk AutoCAD,3.5
1076,Sales,Sales Executive,Microsoft PowerPoint,4.5
1076,Sales,Sales Executive,Microsoft Excel,4.5
1076,Sales,Sales Executive,Salesforce,4.5
1076,Sales,Sales Executive,Speaking,4.0
1076,Sales,Sales Executive,Adobe Creative Cloud,3.5
1076,Sales,Sales Executive,Adobe InDesign,3.5
1076,Sales,Sales Executive,Critical Thinking,3.5
1076,Sales,Sales Executive,Adobe Acrobat,3.5
1076,Sales,Sales Executive,Adobe Illustrator,3.5
1076,Sales,Sales Executive,Adobe Photoshop,3.5
1076,Sales,Sales Executive,Reading Comprehension,3.38
1076,Sales,Sales Executive,Monitoring,3.12
1076,Sales,Sales Executive,Active Learning,3.12
1077,Sales,Sales Representative,Microsoft Excel,4.5
1077,Sales,Sales Representative,Speaking,3.88
1077,Sales,Sales Representative,IBM SPSS Statistics,3.5
1077,Sales,Sales Representative,Microsoft Word,3.5
1077,Sales,Sales Representative,HubSpot,3.5
1077,Sales,Sales Representative,Microsoft Outlook,3.5
1077,Sales,Sales Representative,Active Learning,3.38
1079,Research & Development,Laboratory Technician,Microsoft Excel,4.5
1079,Research & Development,Laboratory Technician,Microsoft Office,4.5
1079,Research & Development,Laboratory Technician,Reading Comprehension,3.75
1079,Research & Development,Laboratory Technician,Active Listening,3.62
1079,Research & Development,Laboratory Technician,SAP,3.5
1079,Research & Development,Laboratory Technician,Microsoft PowerPoint,3.5
1079,Research & Development,Laboratory Technician,Google Docs,3.5
1079,Research & Development,Laboratory Technician,Microsoft Outlook,3.5
1079,Research & Development,Laboratory Technician,Microsoft Word,3.5
1079,Research & Development,Laboratory Technician,Critical Thinking,3.25
1079,Research & Development,Laboratory Technician,Speaking,3.12
1079,Research & Development,Laboratory Technician,Science,3.0
1079,Research & Development,Laboratory Technician,Monitoring,3.0
1079,Research & Development,Laboratory Technician,Electronic Medical Record (EMR),3.0
1079,Research & Development,Laboratory Technician,Email,3.0
1080,Research & Development,Research Scientist,Microsoft Excel,4.5
1080,Research & Development,Research Scientist,Active Learning,4.12
1080,Research & Development,Research Scientist,Critical Thinking,4.0
1080,Research & Development,Research Scientist,Reading Comprehension,4.0
1080,Research & Development,Research Scientist,IBM SPSS Statistics,3.5
1080,Research & Development,Research Scientist,SAS,3.5
1080,Research & Development,Research Scientist,Python,3.5
1080,Research & Development,Research Scientist,Microsoft Project,3.5
1081,Research & Development,Research Scientist,Microsoft Excel,4.5
1081,Research & Development,Research Scientist,Science,4.12
1081,Research & Development,Research Scientist,Active Learning,4.12
1081,Research & Development,Research Scientist,MATLAB,3.5
1081,Research & Development,Research Scientist,IBM SPSS Statistics,3.5
1081,Research & Development,Research Scientist,SAS,3.5
1081,Research & Development,Research Scientist,Adobe Photoshop,3.5
1081,Research & Development,Research Scientist,Microsoft Project,3.5
1082,Research & Development,Healthcare Representative,Microsoft Excel,4.5
1082,Research & Development,Healthcare Representative,Salesforce,4.5
1082,Research & Development,Healthcare Representative,Microsoft Outlook,4.5
1082,Research & Development,Healthcare Representative,Active Listening,4.12
1082,Research & Development,Healthcare Representative,Reading Comprehension,3.75
1082,Research & Development,Healthcare Representative,Amazon Web Services (AWS),3.5
1082,Research & Development,Healthcare Representative,Google Workspace,3.5
1082,Research & Development,Healthcare Representative,Linux,3.5
1082,Research & Development,Healthcare Representative,Microsoft Azure,3.5
1082,Research & Development,Healthcare Representative,Microsoft Access,3.5
1082,Research & Development,Healthcare Representative,Monitoring,3.12
1082,Research & Development,Healthcare Representative,Mathematics,2.88
1083,Research & Development,Laboratory Technician,Microsoft Excel,4.5
1083,Research & Development,Laboratory Technician,Reading Comprehension,3.75
1083,Research & Development,Laboratory Technician,SAP,3.5
1083,Research & Development,Laboratory Technician,Microsoft Outlook,3.5
1083,Research & Development,Laboratory Technician,Speaking,3.12
1083,Research & Development,Laboratory Technician,Electronic Medical Record (EMR),3.0
1083,Research & Development,Laboratory Technician,Monitoring,3.0
1083,Research & Development,Laboratory Technician,Email,3.0
1083,Research & Development,Laboratory Technician,Active Learning,3.0
1083,Research & Development,Laboratory Technician,Writing,3.0
1084,Research & Development,Manufacturing Director,Microsoft PowerPoint,4.5
1084,Research & Development,Manufacturing Director,Microsoft Excel,4.5
1084,Research & Development,Manufacturing Director,Microsoft Outlook,4.5
1084,Research & Development,Manufacturing Director,Reading Comprehension,3.88
1084,Research & Development,Manufacturing Director,Learning Strategies,3.75
1084,Research & Development,Manufacturing Director,Active Learning,3.62
1084,Research & Development,Manufacturing Director,Adobe After Effects,3.5
1084,Research & Development,Manufacturing Director,Adobe InDesign,3.5
1084,Research & Development,Manufacturing Director,Adobe Acrobat,3.5
1084,Research & Development,Manufacturing Director,Autodesk AutoCAD,3.5
1084,Research & Development,Manufacturing Director,Writing,3.38
1085,Research & Development,Research Scientist,Microsoft Excel,4.5
1085,Research & Development,Research Scientist,R,4.5
1085,Research & Development,Research Scientist,Microsoft Office,4.5
1085,Research & Development,Research Scientist,Science,4.12
1085,Research & Development,Research Scientist,Speaking,4.12
1085,Research & Development,Research Scientist,Active Learning,4.12
1085,Research & Development,Research Scientist,Reading Comprehension,4.0
1085,Research & Development,Research Scientist,Active Listening,4.0
1085,Research & Development,Research Scientist,Mathematics,3.62
1085,Research & Development,Research Scientist,IBM SPSS Statistics,3.5
1085,Research & Development,Research Scientist,ESRI ArcGIS,3.5
1085,Research & Development,Research Scientist,Python,3.5
1088,Research & Development,Healthcare Representative,Microsoft Excel,4.5
1088,Research & Development,Healthcare Representative,Salesforce,4.5
1088,Research & Development,Healthcare Representative,Microsoft Outlook,4.5
1088,Research & Development,Healthcare Representative,Active Listening,4.12
1088,Research & Development,Healthcare Representative,Reading Comprehension,3.75
1088,Research & Development,Healthcare Representative,Amazon Web Services (AWS),3.5
1088,Research & Development,Healthcare Representative,Linux,3.5
1088,Research & Development,Healthcare Representative,Microsoft Azure,3.5
1088,Research & Development,Healthcare Representative,Active Learning,3.5
1088,Research & Development,Healthcare Representative,Writing,3.38
1088,Research & Development,Healthcare Representative,Monitoring,3.12
1088,Research & Development,Healthcare Representative,Mathematics,2.88
1092,Research & Development,Healthcare Representative,Microsoft Excel,4.5
1092,Research & Development,Healthcare Representative,Salesforce,4.5
1092,Research & Development,Healthcare Representative,Reading Comprehension,3.75
1092,Research & Development,Healthcare Representative,Google Workspace,3.5
1092,Research & Development,Healthcare Representative,Linux,3.5
1092,Research & Development,Healthcare Representative,Microsoft Azure,3.5
1092,Research & Development,Healthcare Representative,Apache Hadoop,3.5
1092,Research & Development,Healthcare Representative,Critical Thinking,3.38
1092,Research & Development,Healthcare Representative,Writing,3.38
1092,Research & Development,Healthcare Representative,Monitoring,3.12
1092,Research & Development,Healthcare Representative,Mathematics,2.88
1094,Research & Development,Laboratory Technician,Microsoft Excel,4.5
1094,Research & Development,Laboratory Technician,Reading Comprehension,3.75
1094,Research & Development,Laboratory Technician,Microsoft PowerPoint,3.5
1094,Research & Development,Laboratory Technician,Microsoft Word,3.5
1094,Research & Development,Laboratory Technician,Google Docs,3.5
1094,Research & Development,Laboratory Technician,Microsoft Outlook,3.5
1094,Research & Development,Laboratory Technician,Critical Thinking,3.25
1094,Research & Development,Laboratory Technician,Speaking,3.12
1094,Research & Development,Laboratory Technician,Monitoring,3.0
1094,Research & Development,Laboratory Technician,Science,3.0
1096,Research & Development,Manufacturing Director,SAP,4.5
1096,Research & Development,Manufacturing Director,Microsoft PowerPoint,4.5
1096,Research & Development,Manufacturing Director,Microsoft Excel,4.5
1096,Research & Development,Manufacturing Director,Microsoft Outlook,4.5
1096,Research & Development,Manufacturing Director,Monitoring,4.0
1096,Research & Development,Manufacturing Director,Speaking,4.0
1096,Research & Development,Manufacturing Director,Reading Comprehension,3.88
1096,Research & Development,Manufacturing Director,Active Listening,3.88
1096,Research & Development,Manufacturing Director,Learning Strategies,3.75
1096,Research & Development,Manufacturing Director,Adobe After Effects,3.5
1096,Research & Development,Manufacturing Director,Adobe Acrobat,3.5
1096,Research & Development,Manufacturing Director,Autodesk AutoCAD,3.5
1097,Research & Development,Research Scientist,Microsoft Office,4.5
1097,Research & Development,Research Scientist,Writing,4.25
1097,Research & Development,Research Scientist,Science,4.12
1097,Research & Development,Research Scientist,Active Learning,4.12
1097,Research & Development,Research Scientist,Critical Thinking,4.0
1097,Research & Development,Research Scientist,Reading Comprehension,4.0
1097,Research & Development,Research Scientist,Active Listening,4.0
1097,Research & Development,Research Scientist,MATLAB,3.5
1097,Research & Development,Research Scientist,IBM SPSS Statistics,3.5
1097,Research & Development,Research Scientist,ESRI ArcGIS,3.5
1097,Research & Development,Research Scientist,Python,3.5
1098,Human Resources,Human Resources,Microsoft Excel,4.5
1098,Human Resources,Human Resources,Workday,4.5
1098,Human Resources,Human Resources,Microsoft Office,4.5
1098,Human Resources,Human Resources,Microsoft Outlook,4.5
1098,Human Resources,Human Resources,Speaking,4.12
1098,Human Resources,Human Resources,Critical Thinking,3.88
1098,Human Resources,Human Resources,Adobe Photoshop,3.5
1098,Human Resources,Human Resources,Active Learning,3.25
1098,Human Resources,Human Resources,Monitoring,3.0
1098,Human Resources,Human Resources,Learning Strategies,3.0
1099,Research & Development,Healthcare Representative,Salesforce,4.5
1099,Research & Development,Healthcare Representative,Microsoft Outlook,4.5
1099,Research & Development,Healthcare Representative,Active Listening,4.12
1099,Research & Development,Healthcare Representative,Amazon Web Services (AWS),3.5
1099,Research & Development,Healthcare Representative,Google Workspace,3.5
1099,Research & Development,Healthcare Representative,Linux,3.5
1099,Research & Development,Healthcare Representative,Active Learning,3.5
1099,Research & Development,Healthcare Representative,Microsoft Access,3.5
1099,Research & Development,Healthcare Representative,Monitoring,3.12
1099,Research & Development,Healthcare Representative,Mathematics,2.88
1100,Sales,Sales Executive,Microsoft Excel,4.5
1100,Sales,Sales Executive,Microsoft Office,4.5
1100,Sales,Sales Executive,Salesforce,4.5
1100,Sales,Sales Executive,Microsoft Outlook,4.5
1100,Sales,Sales Executive,Speaking,4.0
1100,Sales,Sales Executive,Adobe InDesign,3.5
1100,Sales,Sales Executive,Adobe Acrobat,3.5
1100,Sales,Sales Executive,Adobe Photoshop,3.5
1100,Sales,Sales Executive,Adobe Illustrator,3.5
1100,Sales,Sales Executive,Monitoring,3.12
1101,Research & Development,Research Scientist,R,4.5
1101,Research & Development,Research Scientist,Science,4.12
1101,Research & Development,Research Scientist,Reading Comprehension,4.0
1101,Research & Development,Research Scientist,Critical Thinking,4.0
1101,Research & Development,Research Scientist,SAS,3.5
1102,Research & Development,Laboratory Technician,Microsoft Excel,4.5
1102,Research & Development,Laboratory Technician,Active Listening,3.62
1102,Research & Development,Laboratory Technician,Microsoft PowerPoint,3.5
1102,Research & Development,Laboratory Technician,MEDITECH,3.5
1102,Research & Development,Laboratory Technician,Microsoft Outlook,3.5
1102,Research & Development,Laboratory Technician,Critical Thinking,3.25
1102,Research & Development,Laboratory Technician,Speaking,3.12
1102,Research & Development,Laboratory Technician,Monitoring,3.0
1102,Research & Development,Laboratory Technician,Electronic Medical Record (EMR),3.0
1102,Research & Development,Laboratory Technician,Science,3.0
1102,Research & Development,Laboratory Technician,Email,3.0
1102,Research & Development,Laboratory Technician,Writing,3.0
1103,Research & Development,Healthcare Representative,Microsoft Excel,4.5
1103,Research & Development,Healthcare Representative,Salesforce,4.5
1103,Research & Development,Healthcare Representative,Microsoft Outlook,4.5
1103,Research & Development,Healthcare Representative,Microsoft Office,4.5
1103,Research & Development,Healthcare Representative,Speaking,4.25
1103,Research & Development,Healthcare Representative,Active Listening,4.12
1103,Research & Development,Healthcare Representative,Reading Comprehension,3.75
1103,Research & Development,Healthcare Representative,Google Workspace,3.5
1103,Research & Development,Healthcare Representative,Amazon Web Services (AWS),3.5
1103,Research & Development,Healthcare Representative,Apache Hadoop,3.5
1103,Research & Development,Healthcare Representative,Active Learning,3.5
1103,Research & Development,Healthcare Representative,Microsoft Access,3.5
1103,Research & Development,Healthcare Representative,Critical Thinking,3.38
1103,Research & Development,Healthcare Representative,Writing,3.38
1103,Research & Development,Healthcare Representative,Monitoring,3.12
1103,Research & Development,Healthcare Representative,Mathematics,2.88
1105,Sales,Sales Executive,Microsoft PowerPoint,4.5
1105,Sales,Sales Executive,Microsoft Excel,4.5
1105,Sales,Sales Executive,Microsoft Office,4.5
1105,Sales,Sales Executive,Microsoft Outlook,4.5
1105,Sales,Sales Executive,Active Listening,4.0
1105,Sales,Sales Executive,Adobe Creative Cloud,3.5
1105,Sales,Sales Executive,Adobe Acrobat,3.5
1105,Sales,Sales Executive,Adobe Illustrator,3.5
1105,Sales,Sales Executive,Writing,3.25
1105,Sales,Sales Executive,Active Learning,3.12
1105,Sales,Sales Executive,Mathematics,2.25
1106,Research & Development,Laboratory Technician,Microsoft Excel,4.5
1106,Research & Development,Laboratory Technician,Microsoft Office,4.5
1106,Research & Development,Laboratory Technician,Reading Comprehension,3.75
1106,Research & Development,Laboratory Technician,Active Listening,3.62
1106,Research & Development,Laboratory Technician,Microsoft PowerPoint,3.5
1106,Research & Development,Laboratory Technician,Microsoft Word,3.5
1106,Research & Development,Laboratory Technician,Google Docs,3.5
1106,Research & Development,Laboratory Technician,Critical Thinking,3.25
1106,Research & Development,Laboratory Technician,Speaking,3.12
1106,Research & Development,Laboratory Technician,Electronic Medical Record (EMR),3.0
1106,Research & Development,Laboratory Technician,Science,3.0
1106,Research & Development,Laboratory Technician,Email,3.0
1106,Research & Development,Laboratory Technician,Active Learning,3.0
1106,Research & Development,Laboratory Technician,Writing,3.0
1107,Research & Development,Laboratory Technician,Microsoft Office,4.5
1107,Research & Development,Laboratory Technician,Active Listening,3.62
1107,Research & Development,Laboratory Technician,SAP,3.5
1107,Research & Development,Laboratory Technician,Microsoft Word,3.5
1107,Research & Development,Laboratory Technician,Google Docs,3.5
1107,Research & Development,Laboratory Technician,Microsoft Outlook,3.5
1107,Research & Development,Laboratory Technician,Critical Thinking,3.25
1107,Research & Development,Laboratory Technician,Speaking,3.12
1107,Research & Development,Laboratory Technician,Electronic Medical Record (EMR),3.0
1107,Research & Development,Laboratory Technician,Science,3.0
1107,Research & Development,Laboratory Technician,Active Learning,3.0
1107,Research & Development,Laboratory Technician,Writing,3.0
1108,Research & Development,Research Scientist,R,4.5
1108,Research & Development,Research Scientist,Science,4.12
1108,Research & Development,Research Scientist,Speaking,4.12
1108,Research & Development,Research Scientist,Active Learning,4.12
1108,Research & Development,Research Scientist,Critical Thinking,4.0
1108,Research & Development,Research Scientist,Mathematics,3.62
1108,Research & Development,Research Scientist,MATLAB,3.5
1108,Research & Development,Research Scientist,IBM SPSS Statistics,3.5
1108,Research & Development,Research Scientist,ESRI ArcGIS,3.5
1108,Research & Development,Research Scientist,Python,3.5
1108,Research & Development,Research Scientist,Microsoft Project,3.5
1109,Research & Development,Manager,Microsoft Excel,4.5
1109,Research & Development,Manager,Reading Comprehension,4.0
1109,Research & Development,Manager,Active Learning,3.62
1109,Research & Development,Manager,Atlassian JIRA,3.5
1109,Research & Development,Manager,Atlassian Confluence,3.5
1109,Research & Development,Manager,Google Analytics,3.5
1109,Research & Development,Manager,Adobe Acrobat,3.5
1109,Research & Development,Manager,Autodesk AutoCAD,3.5
1111,Research & Development,Laboratory Technician,Microsoft Excel,4.5
1111,Research & Development,Laboratory Technician,Microsoft Office,4.5
1111,Research & Development,Laboratory Technician,Reading Comprehension,3.75
1111,Research & Development,Laboratory Technician,Active Listening,3.62
1111,Research & Development,Laboratory Technician,Microsoft PowerPoint,3.5
1111,Research & Development,Laboratory Technician,MEDITECH,3.5
1111,Research & Development,Laboratory Technician,Google Docs,3.5
1111,Research & Development,Laboratory Technician,Electronic Medical Record (EMR),3.0
1111,Research & Development,Laboratory Technician,Email,3.0
1111,Research & Development,Laboratory Technician,Writing,3.0
1113,Sales,Sales Executive,Salesforce,4.5
1113,Sales,Sales Executive,Microsoft Outlook,4.5
1113,Sales,Sales Executive,Speaking,4.0
1113,Sales,Sales Executive,Adobe InDesign,3.5
1113,Sales,Sales Executive,Reading Comprehension,3.38
1113,Sales,Sales Executive,Writing,3.25
1113,Sales,Sales Executive,Active Learning,3.12
1114,Sales,Sales Executive,Microsoft PowerPoint,4.5
1114,Sales,Sales Executive,Salesforce,4.5
1114,Sales,Sales Executive,Microsoft Outlook,4.5
1114,Sales,Sales Executive,Speaking,4.0
1114,Sales,Sales Executive,Adobe Creative Cloud,3.5
1114,Sales,Sales Executive,Adobe InDesign,3.5
1114,Sales,Sales Executive,Adobe Acrobat,3.5
1114,Sales,Sales Executive,Writing,3.25
1114,Sales,Sales Executive,Monitoring,3.12
1114,Sales,Sales Executive,Mathematics,2.25
1115,Research & Development,Research Scientist,Microsoft Office,4.5
1115,Research & Development,Research Scientist,Writing,4.25
1115,Research & Development,Research Scientist,Speaking,4.12
1115,Research & Development,Research Scientist,Reading Comprehension,4.0
1115,Research & Development,Research Scientist,Mathematics,3.62
1115,Research & Development,Research Scientist,IBM SPSS Statistics,3.5
1115,Research & Development,Research Scientist,SAS,3.5
1115,Research & Development,Research Scientist,Python,3.5
1115,Research & Development,Research Scientist,Microsoft Project,3.5
1116,Research & Development,Manager,Microsoft Excel,4.5
1116,Research & Development,Manager,Critical Thinking,3.88
1116,Research & Development,Manager,Active Learning,3.62
1116,Research & Development,Manager,Apple macOS,3.5
1116,Research & Development,Manager,Atlassian JIRA,3.5
1116,Research & Development,Manager,Google Analytics,3.5
1116,Research & Development,Manager,Writing,3.5
1116,Research & Development,Manager,Adobe Photoshop,3.5
1116,Research & Development,Manager,Autodesk AutoCAD,3.5
1116,Research & Development,Manager,Learning Strategies,3.0
1117,Sales,Sales Executive,Active Listening,4.0
1117,Sales,Sales Executive,Adobe Creative Cloud,3.5
1117,Sales,Sales Executive,Adobe InDesign,3.5
1117,Sales,Sales Executive,Critical Thinking,3.5
1117,Sales,Sales Executive,Adobe Acrobat,3.5
1117,Sales,Sales Executive,Adobe Illustrator,3.5
1117,Sales,Sales Executive,Monitoring,3.12
1118,Research & Development,Healthcare Representative,Microsoft Excel,4.5
1118,Research & Development,Healthcare Representative,Salesforce,4.5
1118,Research & Development,Healthcare Representative,Microsoft Outlook,4.5
1118,Research & Development,Healthcare Representative,Speaking,4.25
1118,Research & Development,Healthcare Representative,Google Workspace,3.5
1118,Research & Development,Healthcare Representative,Linux,3.5
1118,Research & Development,Healthcare Representative,Microsoft Azure,3.5
1118,Research & Development,Healthcare Representative,Microsoft Access,3.5
1118,Research & Development,Healthcare Representative,Mathematics,2.88
1119,Sales,Sales Executive,Microsoft Excel,4.5
1119,Sales,Sales Executive,Microsoft Office,4.5
1119,Sales,Sales Executive,Speaking,4.0
1119,Sales,Sales Executive,Active Listening,4.0
1119,Sales,Sales Executive,Adobe Creative Cloud,3.5
1119,Sales,Sales Executive,Adobe InDesign,3.5
1119,Sales,Sales Executive,Critical Thinking,3.5
1119,Sales,Sales Executive,Adobe Acrobat,3.5
1119,Sales,Sales Executive,Adobe Illustrator,3.5
1119,Sales,Sales Executive,Adobe Photoshop,3.5
1119,Sales,Sales Executive,Reading Comprehension,3.38
1119,Sales,Sales Executive,Writing,3.25
1119,Sales,Sales Executive,Monitoring,3.12
1120,Research & Development,Research Scientist,R,4.5
1120,Research & Development,Research Scientist,Microsoft Office,4.5
1120,Research & Development,Research Scientist,Science,4.12
1120,Research & Development,Research Scientist,Active Learning,4.12
1120,Research & Development,Research Scientist,Critical Thinking,4.0
1120,Research & Development,Research Scientist,Reading Comprehension,4.0
1120,Research & Development,Research Scientist,Active Listening,4.0
1120,Research & Development,Research Scientist,Mathematics,3.62
1120,Research & Development,Research Scientist,MATLAB,3.5
1120,Research & Development,Research Scientist,Microsoft Project,3.5
1120,Research & Development,Research Scientist,ESRI ArcGIS,3.5
1120,Research & Development,Research Scientist,SAS,3.5
1120,Research & Development,Research Scientist,Python,3.5
1120,Research & Development,Research Scientist,Adobe Photoshop,3.5
1121,Research & Development,Manufacturing Director,SAP,4.5
1121,Research & Development,Manufacturing Director,Microsoft Excel,4.5
1121,Research & Development,Manufacturing Director,Monitoring,4.0
1121,Research & Development,Manufacturing Director,Learning Strategies,3.75
1121,Research & Development,Manufacturing Director,Adobe After Effects,3.5
1121,Research & Development,Manufacturing Director,Adobe InDesign,3.5
1121,Research & Development,Manufacturing Director,Adobe Acrobat,3.5
1121,Research & Development,Manufacturing Director,Writing,3.38
1124,Sales,Manager,Microsoft PowerPoint,4.5
1124,Sales,Manager,Microsoft Office,4.5
1124,Sales,Manager,Monitoring,4.0
1124,Sales,Manager,Critical Thinking,3.88
1124,Sales,Manager,Atlassian JIRA,3.5
1124,Sales,Manager,Atlassian Confluence,3.5
1124,Sales,Manager,Adobe Acrobat,3.5
1124,Sales,Manager,Writing,3.5
1124,Sales,Manager,Autodesk AutoCAD,3.5
1124,Sales,Manager,Learning Strategies,3.0
1125,Sales,Sales Executive,Microsoft PowerPoint,4.5
1125,Sales,Sales Executive,Microsoft Excel,4.5
1125,Sales,Sales Executive,Microsoft Office,4.5
1125,Sales,Sales Executive,Microsoft Outlook,4.5
1125,Sales,Sales Executive,Active Listening,4.0
1125,Sales,Sales Executive,Speaking,4.0
1125,Sales,Sales Executive,Adobe Creative Cloud,3.5
1125,Sales,Sales Executive,Critical Thinking,3.5
1125,Sales,Sales Executive,Adobe Acrobat,3.5
1125,Sales,Sales Executive,Adobe Photoshop,3.5
1125,Sales,Sales Executive,Adobe Illustrator,3.5
1125,Sales,Sales Executive,Writing,3.25
1125,Sales,Sales Executive,Mathematics,2.25
1126,Research & Development,Manufacturing Director,Microsoft PowerPoint,4.5
1126,Research & Development,Manufacturing Director,Microsoft Excel,4.5
1126,Research & Development,Manufacturing Director,Monitoring,4.0
1126,Research & Development,Manufacturing Director,Critical Thinking,4.0
1126,Research & Development,Manufacturing Director,Reading Comprehension,3.88
1126,Research & Development,Manufacturing Director,Active Listening,3.88
1126,Research & Development,Manufacturing Director,Learning Strategies,3.75
1126,Research & Development,Manufacturing Director,Active Learning,3.62
1126,Research & Development,Manufacturing Director,Adobe After Effects,3.5
1126,Research & Development,Manufacturing Director,Adobe Acrobat,3.5
1127,Research & Development,Healthcare Representative,Salesforce,4.5
1127,Research & Development,Healthcare Representative,Google Workspace,3.5
1127,Research & Development,Healthcare Representative,Microsoft Azure,3.5
1127,Research & Development,Healthcare Representative,Linux,3.5
1127,Research & Development,Healthcare Representative,Monitoring,3.12
1127,Research & Development,Healthcare Representative,Mathematics,2.88
1128,Research & Development,Research Director,Microsoft PowerPoint,4.5
1128,Research & Development,Research Director,Microsoft Excel,4.5
1128,Research & Development,Research Director,Active Listening,4.0
1128,Research & Development,Research Director,Speaking,3.88
1128,Research & Development,Research Director,Writing,3.88
1128,Research & Development,Research Director,Microsoft Project,3.5
1128,Research & Development,Research Director,IBM SPSS Statistics,3.5
1128,Research & Development,Research Director,Microsoft Visio,3.5
1128,Research & Development,Research Director,Adobe Acrobat,3.5
1128,Research & Development,Research Director,Microsoft Access,3.5
1131,Research & Development,Research Scientist,R,4.5
1131,Research & Development,Research Scientist,Active Learning,4.12
1131,Research & Development,Research Scientist,Critical Thinking,4.0
1131,Research & Development,Research Scientist,Reading Comprehension,4.0
1131,Research & Development,Research Scientist,Active Listening,4.0
1131,Research & Development,Research Scientist,Microsoft Project,3.5
1131,Research & Development,Research Scientist,IBM SPSS Statistics,3.5
1131,Research & Development,Research Scientist,ESRI ArcGIS,3.5
1131,Research & Development,Research Scientist,SAS,3.5
1131,Research & Development,Research Scientist,Python,3.5
1132,Research & Development,Laboratory Technician,Microsoft Excel,4.5
1132,Research & Development,Laboratory Technician,SAP,3.5
1132,Research & Development,Laboratory Technician,Microsoft PowerPoint,3.5
1132,Research & Development,Laboratory Technician,Microsoft Word,3.5
1132,Research & Development,Laboratory Technician,Google Docs,3.5
1132,Research & Development,Laboratory Technician,Microsoft Outlook,3.5
1132,Research & Development,Laboratory Technician,Critical Thinking,3.25
1132,Research & Development,Laboratory Technician,Speaking,3.12
1132,Research & Development,Laboratory Technician,Monitoring,3.0
1132,Research & Development,Laboratory Technician,Electronic Medical Record (EMR),3.0
1132,Research & Development,Laboratory Technician,Active Learning,3.0
1132,Research & Development,Laboratory Technician,Writing,3.0
1133,Research & Development,Manufacturing Director,SAP,4.5
1133,Research & Development,Manufacturing Director,Microsoft Excel,4.5
1133,Research & Development,Manufacturing Director,Monitoring,4.0
1133,Research & Development,Manufacturing Director,Speaking,4.0
1133,Research & Development,Manufacturing Director,Active Listening,3.88
1133,Research & Development,Manufacturing Director,Learning Strategies,3.75
1133,Research & Development,Manufacturing Director,Active Learning,3.62
1133,Research & Development,Manufacturing Director,Adobe InDesign,3.5
1133,Research & Development,Manufacturing Director,Adobe Acrobat,3.5
1133,Research & Development,Manufacturing Director,Autodesk AutoCAD,3.5
1133,Research & Development,Manufacturing Director,Writing,3.38
1135,Sales,Sales Representative,Microsoft Excel,4.5
1135,Sales,Sales Representative,Salesforce,4.5
1135,Sales,Sales Representative,Active Listening,3.88
1135,Sales,Sales Representative,Microsoft Project,3.5
1135,Sales,Sales Representative,IBM SPSS Statistics,3.5
1135,Sales,Sales Representative,Microsoft PowerPoint,3.5
1135,Sales,Sales Representative,Apple macOS,3.5
1135,Sales,Sales Representative,HubSpot,3.5
1135,Sales,Sales Representative,Microsoft Outlook,3.5
1135,Sales,Sales Representative,Critical Thinking,3.38
1135,Sales,Sales Representative,Active Learning,3.38
1135,Sales,Sales Representative,Mathematics,2.62
1136,Research & Development,Research Scientist,Microsoft Excel,4.5
1136,Research & Development,Research Scientist,Writing,4.25
1136,Research & Development,Research Scientist,Science,4.12
1136,Research & Development,Research Scientist,Speaking,4.12
1136,Research & Development,Research Scientist,Critical Thinking,4.0
1136,Research & Development,Research Scientist,Reading Comprehension,4.0
1136,Research & Development,Research Scientist,Active Listening,4.0
1136,Research & Development,Research Scientist,Mathematics,3.62
1136,Research & Development,Research Scientist,MATLAB,3.5
1136,Research & Development,Research Scientist,Microsoft Project,3.5
1136,Research & Development,Research Scientist,IBM SPSS Statistics,3.5
1136,Research & Development,Research Scientist,SAS,3.5
1136,Research & Development,Research Scientist,Python,3.5
1137,Sales,Sales Executive,Microsoft PowerPoint,4.5
1137,Sales,Sales Executive,Microsoft Office,4.5
1137,Sales,Sales Executive,Salesforce,4.5
1137,Sales,Sales Executive,Microsoft Outlook,4.5
1137,Sales,Sales Executive,Speaking,4.0
1137,Sales,Sales Executive,Critical Thinking,3.5
1137,Sales,Sales Executive,Adobe Photoshop,3.5
1137,Sales,Sales Executive,Adobe Illustrator,3.5
1137,Sales,Sales Executive,Reading Comprehension,3.38
1137,Sales,Sales Executive,Writing,3.25
1137,Sales,Sales Executive,Monitoring,3.12
1137,Sales,Sales Executive,Active Learning,3.12
1138,Sales,Sales Executive,Microsoft Excel,4.5
1138,Sales,Sales Executive,Microsoft Office,4.5
1138,Sales,Sales Executive,Salesforce,4.5
1138,Sales,Sales Executive,Adobe Creative Cloud,3.5
1138,Sales,Sales Executive,Adobe Acrobat,3.5
1138,Sales,Sales Executive,Adobe Illustrator,3.5
1138,Sales,Sales Executive,Writing,3.25
1138,Sales,Sales Executive,Monitoring,3.12
1140,Research & Development,Manufacturing Director,SAP,4.5
1140,Research & Development,Manufacturing Director,Microsoft PowerPoint,4.5
1140,Research & Development,Manufacturing Director,Microsoft Excel,4.5
1140,Research & Development,Manufacturing Director,Microsoft Outlook,4.5
1140,Research & Development,Manufacturing Director,Microsoft Office,4.5
1140,Research & Development,Manufacturing Director,Critical Thinking,4.0
1140,Research & Development,Manufacturing Director,Monitoring,4.0
1140,Research & Development,Manufacturing Director,Speaking,4.0
1140,Research & Development,Manufacturing Director,Active Listening,3.88
1140,Research & Development,Manufacturing Director,Learning Strategies,3.75
1140,Research & Development,Manufacturing Director,Active Learning,3.62
1140,Research & Development,Manufacturing Director,Adobe After Effects,3.5
1140,Research & Development,Manufacturing Director,Adobe InDesign,3.5
1140,Research & Development,Manufacturing Director,Adobe Acrobat,3.5
1140,Research & Development,Manufacturing Director,Adobe Photoshop,3.5
1140,Research & Development,Manufacturing Director,Writing,3.38
1143,Research & Development,Research Scientist,Microsoft Excel,4.5
1143,Research & Development,Research Scientist,R,4.5
1143,Research & Development,Research Scientist,Microsoft Office,4.5
1143,Research & Development,Research Scientist,Science,4.12
1143,Research & Development,Research Scientist,Active Learning,4.12
1143,Research & Development,Research Scientist,Critical Thinking,4.0
1143,Research & Development,Research Scientist,Reading Comprehension,4.0
1143,Research & Development,Research Scientist,Mathematics,3.62
1143,Research & Development,Research Scientist,IBM SPSS Statistics,3.5
1143,Research & Development,Research Scientist,SAS,3.5
1143,Research & Development,Research Scientist,Python,3.5
1143,Research & Development,Research Scientist,Microsoft Project,3.5
1148,Research & Development,Laboratory Technician,Microsoft Office,4.5
1148,Research & Development,Laboratory Technician,Reading Comprehension,3.75
1148,Research & Development,Laboratory Technician,Active Listening,3.62
1148,Research & Development,Laboratory Technician,SAP,3.5
1148,Research & Development,Laboratory Technician,Microsoft PowerPoint,3.5
1148,Research & Development,Laboratory Technician,Google Docs,3.5
1148,Research & Development,Laboratory Technician,Microsoft Word,3.5
1148,Research & Development,Laboratory Technician,MEDITECH,3.5
1148,Research & Development,Laboratory Technician,Critical Thinking,3.25
1148,Research & Development,Laboratory Technician,Science,3.0
1148,Research & Development,Laboratory Technician,Monitoring,3.0
1148,Research & Development,Laboratory Technician,Electronic Medical Record (EMR),3.0
1148,Research & Development,Laboratory Technician,Email,3.0
1148,Research & Development,Laboratory Technician,Active Learning,3.0
1148,Research & Development,Laboratory Technician,Writing,3.0
1150,Research & Development,Manufacturing Director,Microsoft PowerPoint,4.5
1150,Research & Development,Manufacturing Director,Microsoft Excel,4.5
1150,Research & Development,Manufacturing Director,Microsoft Office,4.5
1150,Research & Development,Manufacturing Director,Critical Thinking,4.0
1150,Research & Development,Manufacturing Director,Active Listening,3.88
1150,Research & Development,Manufacturing Director,Active Learning,3.62
1150,Research & Development,Manufacturing Director,Adobe After Effects,3.5
1150,Research & Development,Manufacturing Director,Adobe InDesign,3.5
1150,Research & Development,Manufacturing Director,Adobe Acrobat,3.5
1150,Research & Development,Manufacturing Director,Autodesk AutoCAD,3.5
1150,Research & Development,Manufacturing Director,Writing,3.38
1152,Human Resources,Human Resources,Microsoft Excel,4.5
1152,Human Resources,Human Resources,Workday,4.5
1152,Human Resources,Human Resources,Microsoft Office,4.5
1152,Human Resources,Human Resources,Microsoft Outlook,4.5
1152,Human Resources,Human Resources,Oracle HRIS,4.0
1152,Human Resources,Human Resources,Adobe Acrobat,3.5
1152,Human Resources,Human Resources,Cisco Webex,3.5
1152,Human Resources,Human Resources,Adobe Photoshop,3.5
1152,Human Resources,Human Resources,Monitoring,3.0
1154,Research & Development,Research Scientist,Speaking,4.12
1154,Research & Development,Research Scientist,Critical Thinking,4.0
1154,Research & Development,Research Scientist,Reading Comprehension,4.0
1154,Research & Development,Research Scientist,Active Listening,4.0
1154,Research & Development,Research Scientist,Mathematics,3.62
1154,Research & Development,Research Scientist,MATLAB,3.5
1154,Research & Development,Research Scientist,IBM SPSS Statistics,3.5
1154,Research & Development,Research Scientist,Microsoft Project,3.5
1154,Research & Development,Research Scientist,SAS,3.5
1154,Research & Development,Research Scientist,Python,3.5
1154,Research & Development,Research Scientist,Adobe Photoshop,3.5
1156,Research & Development,Laboratory Technician,Microsoft Excel,4.5
1156,Research & Development,Laboratory Technician,Microsoft Office,4.5
1156,Research & Development,Laboratory Technician,Reading Comprehension,3.75
1156,Research & Development,Laboratory Technician,Active Listening,3.62
1156,Research & Development,Laboratory Technician,Microsoft PowerPoint,3.5
1156,Research & Development,Laboratory Technician,MEDITECH,3.5
1156,Research & Development,Laboratory Technician,Google Docs,3.5
1156,Research & Development,Laboratory Technician,Speaking,3.12
1156,Research & Development,Laboratory Technician,Monitoring,3.0
1156,Research & Development,Laboratory Technician,Electronic Medical Record (EMR),3.0
1156,Research & Development,Laboratory Technician,Email,3.0
1156,Research & Development,Laboratory Technician,Writing,3.0
1157,Sales,Sales Executive,Microsoft Excel,4.5
1157,Sales,Sales Executive,Salesforce,4.5
1157,Sales,Sales Executive,Microsoft Outlook,4.5
1157,Sales,Sales Executive,Speaking,4.0
1157,Sales,Sales Executive,Adobe Creative Cloud,3.5
1157,Sales,Sales Executive,Adobe Acrobat,3.5
1157,Sales,Sales Executive,Adobe Illustrator,3.5
1157,Sales,Sales Executive,Writing,3.25
1157,Sales,Sales Executive,Active Learning,3.12
1158,Research & Development,Laboratory Technician,Microsoft Excel,4.5
1158,Research & Development,Laboratory Technician,Reading Comprehension,3.75
1158,Research & Development,Laboratory Technician,Active Listening,3.62
1158,Research & Development,Laboratory Technician,MEDITECH,3.5
1158,Research & Development,Laboratory Technician,Google Docs,3.5
1158,Research & Development,Laboratory Technician,Speaking,3.12
1158,Research & Development,Laboratory Technician,Electronic Medical Record (EMR),3.0
1158,Research & Development,Laboratory Technician,Email,3.0
1158,Research & Development,Laboratory Technician,Active Learning,3.0
1158,Research & Development,Laboratory Technician,Writing,3.0
1160,Research & Development,Laboratory Technician,Microsoft Excel,4.5
1160,Research & Development,Laboratory Technician,Microsoft Office,4.5
1160,Research & Development,Laboratory Technician,Reading Comprehension,3.75
1160,Research & Development,Laboratory Technician,SAP,3.5
1160,Research & Development,Laboratory Technician,Microsoft PowerPoint,3.5
1160,Research & Development,Laboratory Technician,Microsoft Word,3.5
1160,Research & Development,Laboratory Technician,MEDITECH,3.5
1160,Research & Development,Laboratory Technician,Google Docs,3.5
1160,Research & Development,Laboratory Technician,Microsoft Outlook,3.5
1160,Research & Development,Laboratory Technician,Critical Thinking,3.25
1160,Research & Development,Laboratory Technician,Science,3.0
1160,Research & Development,Laboratory Technician,Active Learning,3.0
1160,Research & Development,Laboratory Technician,Writing,3.0
1161,Research & Development,Healthcare Representative,Microsoft Office,4.5
1161,Research & Development,Healthcare Representative,Microsoft Outlook,4.5
1161,Research & Development,Healthcare Representative,Speaking,4.25
1161,Research & Development,Healthcare Representative,Reading Comprehension,3.75
1161,Research & Development,Healthcare Representative,Google Workspace,3.5
1161,Research & Development,Healthcare Representative,Microsoft Azure,3.5
1161,Research & Development,Healthcare Representative,Linux,3.5
1161,Research & Development,Healthcare Representative,Apache Hadoop,3.5
1161,Research & Development,Healthcare Representative,Critical Thinking,3.38
1161,Research & Development,Healthcare Representative,Writing,3.38
1161,Research & Development,Healthcare Representative,Mathematics,2.88
1162,Research & Development,Research Scientist,Microsoft Excel,4.5
1162,Research & Development,Research Scientist,Writing,4.25
1162,Research & Development,Research Scientist,Critical Thinking,4.0
1162,Research & Development,Research Scientist,Reading Comprehension,4.0
1162,Research & Development,Research Scientist,Active Listening,4.0
1162,Research & Development,Research Scientist,Microsoft Project,3.5
1162,Research & Development,Research Scientist,SAS,3.5
1162,Research & Development,Research Scientist,Python,3.5
1162,Research & Development,Research Scientist,Adobe Photoshop,3.5
1163,Sales,Sales Executive,Microsoft PowerPoint,4.5
1163,Sales,Sales Executive,Microsoft Office,4.5
1163,Sales,Sales Executive,Microsoft Outlook,4.5
1163,Sales,Sales Executive,Active Listening,4.0
1163,Sales,Sales Executive,Speaking,4.0
1163,Sales,Sales Executive,Adobe Creative Cloud,3.5
1163,Sales,Sales Executive,Critical Thinking,3.5
1163,Sales,Sales Executive,Adobe Acrobat,3.5
1163,Sales,Sales Executive,Adobe Photoshop,3.5
1163,Sales,Sales Executive,Adobe Illustrator,3.5
1163,Sales,Sales Executive,Monitoring,3.12
1163,Sales,Sales Executive,Active Learning,3.12
1163,Sales,Sales Executive,Mathematics,2.25
1164,Human Resources,Human Resources,Workday,4.5
1164,Human Resources,Human Resources,Microsoft Outlook,4.5
1164,Human Resources,Human Resources,Speaking,4.12
1164,Human Resources,Human Resources,Oracle HRIS,4.0
1164,Human Resources,Human Resources,Writing,3.88
1164,Human Resources,Human Resources,Adobe Acrobat,3.5
1164,Human Resources,Human Resources,Cisco Webex,3.5
1164,Human Resources,Human Resources,Adobe Photoshop,3.5
1164,Human Resources,Human Resources,Monitoring,3.0
1165,Sales,Sales Executive,Salesforce,4.5
1165,Sales,Sales Executive,Speaking,4.0
1165,Sales,Sales Executive,Active Listening,4.0
1165,Sales,Sales Executive,Adobe Creative Cloud,3.5
1165,Sales,Sales Executive,Critical Thinking,3.5
1165,Sales,Sales Executive,Adobe Acrobat,3.5
1165,Sales,Sales Executive,Writing,3.25
1165,Sales,Sales Executive,Mathematics,2.25
1166,Research & Development,Research Director,Microsoft PowerPoint,4.5
1166,Research & Development,Research Director,Microsoft Excel,4.5
1166,Research & Development,Research Director,Active Listening,4.0
1166,Research & Development,Research Director,Writing,3.88
1166,Research & Development,Research Director,IBM SPSS Statistics,3.5
1166,Research & Development,Research Director,Microsoft Visio,3.5
1167,Sales,Sales Executive,Microsoft PowerPoint,4.5
1167,Sales,Sales Executive,Microsoft Excel,4.5
1167,Sales,Sales Executive,Microsoft Office,4.5
1167,Sales,Sales Executive,Speaking,4.0
1167,Sales,Sales Executive,Active Listening,4.0
1167,Sales,Sales Executive,Adobe InDesign,3.5
1167,Sales,Sales Executive,Critical Thinking,3.5
1167,Sales,Sales Executive,Adobe Acrobat,3.5
1167,Sales,Sales Executive,Adobe Photoshop,3.5
1167,Sales,Sales Executive,Active Learning,3.12
1167,Sales,Sales Executive,Mathematics,2.25
1171,Sales,Sales Executive,Microsoft PowerPoint,4.5
1171,Sales,Sales Executive,Microsoft Excel,4.5
1171,Sales,Sales Executive,Microsoft Office,4.5
1171,Sales,Sales Executive,Microsoft Outlook,4.5
1171,Sales,Sales Executive,Speaking,4.0
1171,Sales,Sales Executive,Critical Thinking,3.5
1171,Sales,Sales Executive,Adobe Photoshop,3.5
1171,Sales,Sales Executive,Adobe Illustrator,3.5
1171,Sales,Sales Executive,Reading Comprehension,3.38
1171,Sales,Sales Executive,Monitoring,3.12
1171,Sales,Sales Executive,Active Learning,3.12
1172,Research & Development,Laboratory Technician,Microsoft Excel,4.5
1172,Research & Development,Laboratory Technician,SAP,3.5
1172,Research & Development,Laboratory Technician,MEDITECH,3.5
1172,Research & Development,Laboratory Technician,Google Docs,3.5
1172,Research & Development,Laboratory Technician,Critical Thinking,3.25
1172,Research & Development,Laboratory Technician,Electronic Medical Record (EMR),3.0
1172,Research & Development,Laboratory Technician,Science,3.0
1172,Research & Development,Laboratory Technician,Email,3.0
1172,Research & Development,Laboratory Technician,Active Learning,3.0
1172,Research & Development,Laboratory Technician,Writing,3.0
1173,Research & Development,Laboratory Technician,Microsoft Office,4.5
1173,Research & Development,Laboratory Technician,Microsoft Word,3.5
1173,Research & Development,Laboratory Technician,MEDITECH,3.5
1173,Research & Development,Laboratory Technician,Google Docs,3.5
1173,Research & Development,Laboratory Technician,Microsoft Outlook,3.5
1173,Research & Development,Laboratory Technician,Critical Thinking,3.25
1173,Research & Development,Laboratory Technician,Speaking,3.12
1173,Research & Development,Laboratory Technician,Electronic Medical Record (EMR),3.0
1173,Research & Development,Laboratory Technician,Monitoring,3.0
1173,Research & Development,Laboratory Technician,Active Learning,3.0
1173,Research & Development,Laboratory Technician,Writing,3.0
1175,Research & Development,Laboratory Technician,Active Listening,3.62
1175,Research & Development,Laboratory Technician,SAP,3.5
1175,Research & Development,Laboratory Technician,Microsoft PowerPoint,3.5
1175,Research & Development,Laboratory Technician,Microsoft Word,3.5
1175,Research & Development,Laboratory Technician,MEDITECH,3.5
1175,Research & Development,Laboratory Technician,Google Docs,3.5
1175,Research & Development,Laboratory Technician,Microsoft Outlook,3.5
1175,Research & Development,Laboratory Technician,Speaking,3.12
1175,Research & Development,Laboratory Technician,Monitoring,3.0
1175,Research & Development,Laboratory Technician,Electronic Medical Record (EMR),3.0
1175,Research & Development,Laboratory Technician,Science,3.0
1175,Research & Development,Laboratory Technician,Email,3.0
1175,Research & Development,Laboratory Technician,Active Learning,3.0
1175,Research & Development,Laboratory Technician,Writing,3.0
1177,Research & Development,Laboratory Technician,Microsoft Excel,4.5
1177,Research & Development,Laboratory Technician,Active Listening,3.62
1177,Research & Development,Laboratory Technician,SAP,3.5
1177,Research & Development,Laboratory Technician,Microsoft Word,3.5
1177,Research & Development,Laboratory Technician,Google Docs,3.5
1177,Research & Development,Laboratory Technician,Critical Thinking,3.25
1177,Research & Development,Laboratory Technician,Speaking,3.12
1177,Research & Development,Laboratory Technician,Monitoring,3.0
1177,Research & Development,Laboratory Technician,Science,3.0
1179,Sales,Sales Executive,Microsoft PowerPoint,4.5
1179,Sales,Sales Executive,Microsoft Excel,4.5
1179,Sales,Sales Executive,Microsoft Office,4.5
1179,Sales,Sales Executive,Salesforce,4.5
1179,Sales,Sales Executive,Adobe InDesign,3.5
1179,Sales,Sales Executive,Critical Thinking,3.5
1179,Sales,Sales Executive,Reading Comprehension,3.38
1179,Sales,Sales Executive,Monitoring,3.12
1179,Sales,Sales Executive,Active Learning,3.12
1180,Research & Development,Research Scientist,Microsoft Excel,4.5
1180,Research & Development,Research Scientist,Speaking,4.12
1180,Research & Development,Research Scientist,Critical Thinking,4.0
1180,Research & Development,Research Scientist,Mathematics,3.62
1180,Research & Development,Research Scientist,MATLAB,3.5
1180,Research & Development,Research Scientist,ESRI ArcGIS,3.5
1180,Research & Development,Research Scientist,SAS,3.5
1180,Research & Development,Research Scientist,Microsoft Project,3.5
1182,Research & Development,Manufacturing Director,Microsoft PowerPoint,4.5
1182,Research & Development,Manufacturing Director,Microsoft Excel,4.5
1182,Research & Development,Manufacturing Director,Microsoft Office,4.5
1182,Research & Development,Manufacturing Director,Speaking,4.0
1182,Research & Development,Manufacturing Director,Reading Comprehension,3.88
1182,Research & Development,Manufacturing Director,Active Learning,3.62
1182,Research & Development,Manufacturing Director,Adobe InDesign,3.5
1182,Research & Development,Manufacturing Director,Adobe Acrobat,3.5
1184,Research & Development,Healthcare Representative,Salesforce,4.5
1184,Research & Development,Healthcare Representative,Microsoft Outlook,4.5
1184,Research & Development,Healthcare Representative,Active Listening,4.12
1184,Research & Development,Healthcare Representative,Google Workspace,3.5
1184,Research & Development,Healthcare Representative,Apache Hadoop,3.5
1184,Research & Development,Healthcare Representative,Active Learning,3.5
1184,Research & Development,Healthcare Representative,Amazon Web Services (AWS),3.5
1184,Research & Development,Healthcare Representative,Writing,3.38
1184,Research & Development,Healthcare Representative,Monitoring,3.12
1184,Research & Development,Healthcare Representative,Mathematics,2.88
1185,Research & Development,Laboratory Technician,Microsoft Excel,4.5
1185,Research & Development,Laboratory Technician,Microsoft Office,4.5
1185,Research & Development,Laboratory Technician,Reading Comprehension,3.75
1185,Research & Development,Laboratory Technician,Active Listening,3.62
1185,Research & Development,Laboratory Technician,Microsoft PowerPoint,3.5
1185,Research & Development,Laboratory Technician,Microsoft Word,3.5
1185,Research & Development,Laboratory Technician,Google Docs,3.5
1185,Research & Development,Laboratory Technician,Microsoft Outlook,3.5
1185,Research & Development,Laboratory Technician,Critical Thinking,3.25
1185,Research & Development,Laboratory Technician,Monitoring,3.0
1185,Research & Development,Laboratory Technician,Science,3.0
1185,Research & Development,Laboratory Technician,Email,3.0
1185,Research & Development,Laboratory Technician,Active Learning,3.0
1185,Research & Development,Laboratory Technician,Writing,3.0
1188,Sales,Sales Executive,Microsoft PowerPoint,4.5
1188,Sales,Sales Executive,Microsoft Outlook,4.5
1188,Sales,Sales Executive,Active Listening,4.0
1188,Sales,Sales Executive,Adobe Creative Cloud,3.5
1188,Sales,Sales Executive,Adobe InDesign,3.5
1188,Sales,Sales Executive,Adobe Acrobat,3.5
1188,Sales,Sales Executive,Adobe Photoshop,3.5
1188,Sales,Sales Executive,Writing,3.25
1190,Sales,Sales Representative,Microsoft Office,4.5
1190,Sales,Sales Representative,Active Listening,3.88
1190,Sales,Sales Representative,Speaking,3.88
1190,Sales,Sales Representative,Reading Comprehension,3.62
1190,Sales,Sales Representative,Microsoft PowerPoint,3.5
1190,Sales,Sales Representative,Microsoft Outlook,3.5
1190,Sales,Sales Representative,IBM SPSS Statistics,3.5
1190,Sales,Sales Representative,Microsoft Word,3.5
1190,Sales,Sales Representative,HubSpot,3.5
1190,Sales,Sales Representative,Microsoft Project,3.5
1190,Sales,Sales Representative,Critical Thinking,3.38
1190,Sales,Sales Representative,Active Learning,3.38
1190,Sales,Sales Representative,Writing,3.38
1190,Sales,Sales Representative,Monitoring,3.12
1190,Sales,Sales Representative,Mathematics,2.62
1191,Research & Development,Manager,Microsoft PowerPoint,4.5
1191,Research & Development,Manager,Microsoft Office,4.5
1191,Research & Development,Manager,Speaking,4.0
1191,Research & Development,Manager,Active Listening,4.0
1191,Research & Development,Manager,Critical Thinking,3.88
1191,Research & Development,Manager,Active Learning,3.62
1191,Research & Development,Manager,Google Analytics,3.5
1191,Research & Development,Manager,Adobe Acrobat,3.5
1191,Research & Development,Manager,Adobe Photoshop,3.5
1191,Research & Development,Manager,Learning Strategies,3.0
1192,Research & Development,Laboratory Technician,Microsoft Excel,4.5
1192,Research & Development,Laboratory Technician,Reading Comprehension,3.75
1192,Research & Development,Laboratory Technician,Active Listening,3.62
1192,Research & Development,Laboratory Technician,SAP,3.5
1192,Research & Development,Laboratory Technician,Microsoft Outlook,3.5
1192,Research & Development,Laboratory Technician,Critical Thinking,3.25
1192,Research & Development,Laboratory Technician,Speaking,3.12
1192,Research & Development,Laboratory Technician,Electronic Medical Record (EMR),3.0
1192,Research & Development,Laboratory Technician,Science,3.0
1192,Research & Development,Laboratory Technician,Email,3.0
1192,Research & Development,Laboratory Technician,Writing,3.0
1193,Research & Development,Research Scientist,R,4.5
1193,Research & Development,Research Scientist,Microsoft Office,4.5
1193,Research & Development,Research Scientist,Writing,4.25
1193,Research & Development,Research Scientist,Science,4.12
1193,Research & Development,Research Scientist,Speaking,4.12
1193,Research & Development,Research Scientist,Critical Thinking,4.0
1193,Research & Development,Research Scientist,Reading Comprehension,4.0
1193,Research & Development,Research Scientist,Mathematics,3.62
1193,Research & Development,Research Scientist,MATLAB,3.5
1193,Research & Development,Research Scientist,ESRI ArcGIS,3.5
1193,Research & Development,Research Scientist,SAS,3.5
1195,Research & Development,Research Scientist,Microsoft Excel,4.5
1195,Research & Development,Research Scientist,R,4.5
1195,Research & Development,Research Scientist,Microsoft Office,4.5
1195,Research & Development,Research Scientist,Science,4.12
1195,Research & Development,Research Scientist,Active Learning,4.12
1195,Research & Development,Research Scientist,Active Listening,4.0
1195,Research & Development,Research Scientist,ESRI ArcGIS,3.5
1195,Research & Development,Research Scientist,SAS,3.5
1195,Research & Development,Research Scientist,Python,3.5
1195,Research & Development,Research Scientist,Adobe Photoshop,3.5
1196,Research & Development,Manufacturing Director,SAP,4.5
1196,Research & Development,Manufacturing Director,Microsoft PowerPoint,4.5
1196,Research & Development,Manufacturing Director,Microsoft Excel,4.5
1196,Research & Development,Manufacturing Director,Microsoft Outlook,4.5
1196,Research & Development,Manufacturing Director,Speaking,4.0
1196,Research & Development,Manufacturing Director,Adobe After Effects,3.5
1196,Research & Development,Manufacturing Director,Adobe InDesign,3.5
1196,Research & Development,Manufacturing Director,Adobe Acrobat,3.5
1196,Research & Development,Manufacturing Director,Writing,3.38
1198,Research & Development,Laboratory Technician,Microsoft Office,4.5
1198,Research & Development,Laboratory Technician,Reading Comprehension,3.75
1198,Research & Development,Laboratory Technician,Active Listening,3.62
1198,Research & Development,Laboratory Technician,SAP,3.5
1198,Research & Development,Laboratory Technician,Microsoft PowerPoint,3.5
1198,Research & Development,Laboratory Technician,Google Docs,3.5
1198,Research & Development,Laboratory Technician,Microsoft Outlook,3.5
1198,Research & Development,Laboratory Technician,Critical Thinking,3.25
1198,Research & Development,Laboratory Technician,Speaking,3.12
1198,Research & Development,Laboratory Technician,Monitoring,3.0
1198,Research & Development,Laboratory Technician,Electronic Medical Record (EMR),3.0
1198,Research & Development,Laboratory Technician,Email,3.0
1198,Research & Development,Laboratory Technician,Writing,3.0
1200,Research & Development,Research Scientist,Microsoft Office,4.5
1200,Research & Development,Research Scientist,Science,4.12
1200,Research & Development,Research Scientist,Active Learning,4.12
1200,Research & Development,Research Scientist,Reading Comprehension,4.0
1200,Research & Development,Research Scientist,Active Listening,4.0
1200,Research & Development,Research Scientist,Mathematics,3.62
1200,Research & Development,Research Scientist,MATLAB,3.5
1200,Research & Development,Research Scientist,IBM SPSS Statistics,3.5
1200,Research & Development,Research Scientist,Adobe Photoshop,3.5
1201,Research & Development,Manager,Microsoft Excel,4.5
1201,Research & Development,Manager,Microsoft Office,4.5
1201,Research & Development,Manager,Monitoring,4.0
1201,Research & Development,Manager,Atlassian JIRA,3.5
1201,Research & Development,Manager,Atlassian Confluence,3.5
1201,Research & Development,Manager,Google Analytics,3.5
1201,Research & Development,Manager,Autodesk AutoCAD,3.5
1201,Research & Development,Manager,Learning Strategies,3.0
1202,Research & Development,Research Scientist,Microsoft Excel,4.5
1202,Research & Development,Research Scientist,Microsoft Office,4.5
1202,Research & Development,Research Scientist,Writing,4.25
1202,Research & Development,Research Scientist,Science,4.12
1202,Research & Development,Research Scientist,Speaking,4.12
1202,Research & Development,Research Scientist,Active Learning,4.12
1202,Research & Development,Research Scientist,Active Listening,4.0
1202,Research & Development,Research Scientist,Mathematics,3.62
1202,Research & Development,Research Scientist,MATLAB,3.5
1202,Research & Development,Research Scientist,Microsoft Project,3.5
1202,Research & Development,Research Scientist,ESRI ArcGIS,3.5
1202,Research & Development,Research Scientist,Python,3.5
1202,Research & Development,Research Scientist,Adobe Photoshop,3.5
1203,Research & Development,Research Scientist,R,4.5
1203,Research & Development,Research Scientist,Writing,4.25
1203,Research & Development,Research Scientist,Science,4.12
1203,Research & Development,Research Scientist,Speaking,4.12
1203,Research & Development,Research Scientist,Active Learning,4.12
1203,Research & Development,Research Scientist,Critical Thinking,4.0
1203,Research & Development,Research Scientist,Reading Comprehension,4.0
1203,Research & Development,Research Scientist,MATLAB,3.5
1203,Research & Development,Research Scientist,IBM SPSS Statistics,3.5
1203,Research & Development,Research Scientist,ESRI ArcGIS,3.5
1203,Research & Development,Research Scientist,SAS,3.5
1203,Research & Development,Research Scientist,Python,3.5
1203,Research & Development,Research Scientist,Microsoft Project,3.5
1204,Sales,Manager,Microsoft PowerPoint,4.5
1204,Sales,Manager,Microsoft Office,4.5
1204,Sales,Manager,Apple macOS,3.5
1204,Sales,Manager,Writing,3.5
1204,Sales,Manager,Autodesk AutoCAD,3.5
1204,Sales,Manager,Learning Strategies,3.0
1206,Research & Development,Research Scientist,Microsoft Excel,4.5
1206,Research & Development,Research Scientist,Writing,4.25
1206,Research & Development,Research Scientist,Science,4.12
1206,Research & Development,Research Scientist,Active Learning,4.12
1206,Research & Development,Research Scientist,Critical Thinking,4.0
1206,Research & Development,Research Scientist,Reading Comprehension,4.0
1206,Research & Development,Research Scientist,Mathematics,3.62
1206,Research & Development,Research Scientist,MATLAB,3.5
1206,Research & Development,Research Scientist,IBM SPSS Statistics,3.5
1206,Research & Development,Research Scientist,ESRI ArcGIS,3.5
1206,Research & Development,Research Scientist,SAS,3.5
1206,Research & Development,Research Scientist,Python,3.5
1206,Research & Development,Research Scientist,Adobe Photoshop,3.5
1206,Research & Development,Research Scientist,Microsoft Project,3.5
1207,Human Resources,Human Resources,Microsoft Excel,4.5
1207,Human Resources,Human Resources,Workday,4.5
1207,Human Resources,Human Resources,Speaking,4.12
1207,Human Resources,Human Resources,Applicant Tracking System (ATS),4.0
1207,Human Resources,Human Resources,Reading Comprehension,4.0
1207,Human Resources,Human Resources,Oracle HRIS,4.0
1207,Human Resources,Human Resources,Adobe Acrobat,3.5
1207,Human Resources,Human Resources,Cisco Webex,3.5
1207,Human Resources,Human Resources,Adobe Photoshop,3.5
1207,Human Resources,Human Resources,Learning Strategies,3.0
1210,Research & Development,Research Scientist,Microsoft Excel,4.5
1210,Research & Development,Research Scientist,R,4.5
1210,Research & Development,Research Scientist,Microsoft Office,4.5
1210,Research & Development,Research Scientist,Speaking,4.12
1210,Research & Development,Research Scientist,Critical Thinking,4.0
1210,Research & Development,Research Scientist,Reading Comprehension,4.0
1210,Research & Development,Research Scientist,Mathematics,3.62
1210,Research & Development,Research Scientist,MATLAB,3.5
1210,Research & Development,Research Scientist,SAS,3.5
1210,Research & Development,Research Scientist,Python,3.5
1210,Research & Development,Research Scientist,Adobe Photoshop,3.5
1210,Research & Development,Research Scientist,Microsoft Project,3.5
1211,Sales,Sales Executive,Microsoft PowerPoint,4.5
1211,Sales,Sales Executive,Microsoft Excel,4.5
1211,Sales,Sales Executive,Adobe InDesign,3.5
1211,Sales,Sales Executive,Adobe Illustrator,3.5
1211,Sales,Sales Executive,Writing,3.25
1211,Sales,Sales Executive,Monitoring,3.12
1211,Sales,Sales Executive,Mathematics,2.25
1212,Sales,Sales Executive,Microsoft PowerPoint,4.5
1212,Sales,Sales Executive,Microsoft Office,4.5
1212,Sales,Sales Executive,Microsoft Outlook,4.5
1212,Sales,Sales Executive,Speaking,4.0
1212,Sales,Sales Executive,Adobe InDesign,3.5
1212,Sales,Sales Executive,Adobe Acrobat,3.5
1212,Sales,Sales Executive,Adobe Illustrator,3.5
1212,Sales,Sales Executive,Reading Comprehension,3.38
1212,Sales,Sales Executive,Monitoring,3.12
1215,Research & Development,Manager,Microsoft PowerPoint,4.5
1215,Research & Development,Manager,Monitoring,4.0
1215,Research & Development,Manager,Active Listening,4.0
1215,Research & Development,Manager,Apple macOS,3.5
1215,Research & Development,Manager,Atlassian JIRA,3.5
1215,Research & Development,Manager,Atlassian Confluence,3.5
1215,Research & Development,Manager,Adobe Acrobat,3.5
1215,Research & Development,Manager,Adobe Photoshop,3.5
1215,Research & Development,Manager,Autodesk AutoCAD,3.5
1216,Research & Development,Laboratory Technician,Reading Comprehension,3.75
1216,Research & Development,Laboratory Technician,SAP,3.5
1216,Research & Development,Laboratory Technician,Microsoft PowerPoint,3.5
1216,Research & Development,Laboratory Technician,Microsoft Word,3.5
1216,Research & Development,Laboratory Technician,MEDITECH,3.5
1216,Research & Development,Laboratory Technician,Google Docs,3.5
1216,Research & Development,Laboratory Technician,Microsoft Outlook,3.5
1216,Research & Development,Laboratory Technician,Critical Thinking,3.25
1216,Research & Development,Laboratory Technician,Electronic Medical Record (EMR),3.0
1216,Research & Development,Laboratory Technician,Science,3.0
1216,Research & Development,Laboratory Technician,Email,3.0
1216,Research & Development,Laboratory Technician,Writing,3.0
1217,Research & Development,Research Director,Microsoft PowerPoint,4.5
1217,Research & Development,Research Director,Science,4.12
1217,Research & Development,Research Director,Critical Thinking,4.0
1217,Research & Development,Research Director,Reading Comprehension,4.0
1217,Research & Development,Research Director,ESRI ArcGIS,3.5
1217,Research & Development,Research Director,Microsoft Access,3.5
1218,Sales,Sales Executive,Microsoft Excel,4.5
1218,Sales,Sales Executive,Salesforce,4.5
1218,Sales,Sales Executive,Microsoft Outlook,4.5
1218,Sales,Sales Executive,Speaking,4.0
1218,Sales,Sales Executive,Adobe InDesign,3.5
1218,Sales,Sales Executive,Adobe Photoshop,3.5
1218,Sales,Sales Executive,Writing,3.25
1218,Sales,Sales Executive,Mathematics,2.25
1219,Research & Development,Laboratory Technician,Microsoft Excel,4.5
1219,Research & Development,Laboratory Technician,Microsoft Office,4.5
1219,Research & Development,Laboratory Technician,Active Listening,3.62
1219,Research & Development,Laboratory Technician,SAP,3.5
1219,Research & Development,Laboratory Technician,Microsoft PowerPoint,3.5
1219,Research & Development,Laboratory Technician,Google Docs,3.5
1219,Research & Development,Laboratory Technician,Critical Thinking,3.25
1219,Research & Development,Laboratory Technician,Speaking,3.12
1219,Research & Development,Laboratory Technician,Electronic Medical Record (EMR),3.0
1219,Research & Development,Laboratory Technician,Email,3.0
1219,Research & Development,Laboratory Technician,Active Learning,3.0
1219,Research & Development,Laboratory Technician,Writing,3.0
1220,Sales,Sales Executive,Microsoft PowerPoint,4.5
1220,Sales,Sales Executive,Salesforce,4.5
1220,Sales,Sales Executive,Microsoft Outlook,4.5
1220,Sales,Sales Executive,Active Listening,4.0
1220,Sales,Sales Executive,Adobe Creative Cloud,3.5
1220,Sales,Sales Executive,Adobe Acrobat,3.5
1220,Sales,Sales Executive,Adobe Illustrator,3.5
1220,Sales,Sales Executive,Reading Comprehension,3.38
1220,Sales,Sales Executive,Active Learning,3.12
1220,Sales,Sales Executive,Mathematics,2.25
1221,Research & Development,Laboratory Technician,Microsoft Excel,4.5
1221,Research & Development,Laboratory Technician,Active Listening,3.62
1221,Research & Development,Laboratory Technician,Microsoft Word,3.5
1221,Research & Development,Laboratory Technician,MEDITECH,3.5
1221,Research & Development,Laboratory Technician,Microsoft Outlook,3.5
1221,Research & Development,Laboratory Technician,Speaking,3.12
1221,Research & Development,Laboratory Technician,Electronic Medical Record (EMR),3.0
1221,Research & Development,Laboratory Technician,Email,3.0
1221,Research & Development,Laboratory Technician,Active Learning,3.0
1221,Research & Development,Laboratory Technician,Writing,3.0
1224,Research & Development,Laboratory Technician,Microsoft Excel,4.5
1224,Research & Development,Laboratory Technician,Microsoft Office,4.5
1224,Research & Development,Laboratory Technician,Reading Comprehension,3.75
1224,Research & Development,Laboratory Technician,Microsoft Word,3.5
1224,Research & Development,Laboratory Technician,Critical Thinking,3.25
1224,Research & Development,Laboratory Technician,Speaking,3.12
1224,Research & Development,Laboratory Technician,Monitoring,3.0
1224,Research & Development,Laboratory Technician,Electronic Medical Record (EMR),3.0
1224,Research & Development,Laboratory Technician,Science,3.0
1224,Research & Development,Laboratory Technician,Email,3.0
1224,Research & Development,Laboratory Technician,Active Learning,3.0
1224,Research & Development,Laboratory Technician,Writing,3.0
1225,Research & Development,Research Scientist,Writing,4.25
1225,Research & Development,Research Scientist,Active Learning,4.12
1225,Research & Development,Research Scientist,Active Listening,4.0
1225,Research & Development,Research Scientist,MATLAB,3.5
1225,Research & Development,Research Scientist,ESRI ArcGIS,3.5
1225,Research & Development,Research Scientist,SAS,3.5
1225,Research & Development,Research Scientist,Adobe Photoshop,3.5
1226,Sales,Sales Representative,Microsoft Excel,4.5
1226,Sales,Sales Representative,Microsoft Office,4.5
1226,Sales,Sales Representative,Salesforce,4.5
1226,Sales,Sales Representative,IBM SPSS Statistics,3.5
1226,Sales,Sales Representative,Microsoft PowerPoint,3.5
1226,Sales,Sales Representative,Apple macOS,3.5
1226,Sales,Sales Representative,Microsoft Word,3.5
1226,Sales,Sales Representative,Microsoft Project,3.5
1226,Sales,Sales Representative,Active Learning,3.38
1226,Sales,Sales Representative,Writing,3.38
1226,Sales,Sales Representative,Mathematics,2.62
1228,Research & Development,Manufacturing Director,SAP,4.5
1228,Research & Development,Manufacturing Director,Microsoft PowerPoint,4.5
1228,Research & Development,Manufacturing Director,Microsoft Excel,4.5
1228,Research & Development,Manufacturing Director,Monitoring,4.0
1228,Research & Development,Manufacturing Director,Critical Thinking,4.0
1228,Research & Development,Manufacturing Director,Speaking,4.0
1228,Research & Development,Manufacturing Director,Reading Comprehension,3.88
1228,Research & Development,Manufacturing Director,Learning Strategies,3.75
1228,Research & Development,Manufacturing Director,Adobe After Effects,3.5
1228,Research & Development,Manufacturing Director,Adobe Photoshop,3.5
1228,Research & Development,Manufacturing Director,Autodesk AutoCAD,3.5
1228,Research & Development,Manufacturing Director,Writing,3.38
1231,Human Resources,Human Resources,Microsoft Office,4.5
1231,Human Resources,Human Resources,Speaking,4.12
1231,Human Resources,Human Resources,Writing,3.88
1231,Human Resources,Human Resources,Adobe Acrobat,3.5
1231,Human Resources,Human Resources,Adobe Photoshop,3.5
1231,Human Resources,Human Resources,Active Learning,3.25
1233,Sales,Sales Executive,Microsoft PowerPoint,4.5
1233,Sales,Sales Executive,Microsoft Excel,4.5
1233,Sales,Sales Executive,Microsoft Office,4.5
1233,Sales,Sales Executive,Salesforce,4.5
1233,Sales,Sales Executive,Microsoft Outlook,4.5
1233,Sales,Sales Executive,Active Listening,4.0
1233,Sales,Sales Executive,Adobe InDesign,3.5
1233,Sales,Sales Executive,Critical Thinking,3.5
1233,Sales,Sales Executive,Adobe Acrobat,3.5
1233,Sales,Sales Executive,Adobe Photoshop,3.5
1233,Sales,Sales Executive,Adobe Illustrator,3.5
1233,Sales,Sales Executive,Reading Comprehension,3.38
1233,Sales,Sales Executive,Monitoring,3.12
1233,Sales,Sales Executive,Active Learning,3.12
1233,Sales,Sales Executive,Mathematics,2.25
1234,Research & Development,Laboratory Technician,Microsoft Office,4.5
1234,Research & Development,Laboratory Technician,SAP,3.5
1234,Research & Development,Laboratory Technician,Microsoft PowerPoint,3.5
1234,Research & Development,Laboratory Technician,Microsoft Word,3.5
1234,Research & Development,Laboratory Technician,Critical Thinking,3.25
1234,Research & Development,Laboratory Technician,Speaking,3.12
1234,Research & Development,Laboratory Technician,Monitoring,3.0
1234,Research & Development,Laboratory Technician,Electronic Medical Record (EMR),3.0
1234,Research & Development,Laboratory Technician,Science,3.0
1234,Research & Development,Laboratory Technician,Email,3.0
1234,Research & Development,Laboratory Technician,Active Learning,3.0
1235,Research & Development,Research Scientist,Microsoft Excel,4.5
1235,Research & Development,Research Scientist,Microsoft Office,4.5
1235,Research & Development,Research Scientist,Writing,4.25
1235,Research & Development,Research Scientist,Science,4.12
1235,Research & Development,Research Scientist,Speaking,4.12
1235,Research & Development,Research Scientist,Critical Thinking,4.0
1235,Research & Development,Research Scientist,Active Listening,4.0
1235,Research & Development,Research Scientist,MATLAB,3.5
1235,Research & Development,Research Scientist,Microsoft Project,3.5
1235,Research & Development,Research Scientist,IBM SPSS Statistics,3.5
1235,Research & Development,Research Scientist,ESRI ArcGIS,3.5
1235,Research & Development,Research Scientist,SAS,3.5
1235,Research & Development,Research Scientist,Python,3.5
1237,Research & Development,Manufacturing Director,Microsoft PowerPoint,4.5
1237,Research & Development,Manufacturing Director,Microsoft Outlook,4.5
1237,Research & Development,Manufacturing Director,Reading Comprehension,3.88
1237,Research & Development,Manufacturing Director,Active Listening,3.88
1237,Research & Development,Manufacturing Director,Active Learning,3.62
1237,Research & Development,Manufacturing Director,Adobe After Effects,3.5
1237,Research & Development,Manufacturing Director,Autodesk AutoCAD,3.5
1237,Research & Development,Manufacturing Director,Writing,3.38
1238,Research & Development,Research Scientist,R,4.5
1238,Research & Development,Research Scientist,Microsoft Office,4.5
1238,Research & Development,Research Scientist,Writing,4.25
1238,Research & Development,Research Scientist,Science,4.12
1238,Research & Development,Research Scientist,Speaking,4.12
1238,Research & Development,Research Scientist,Reading Comprehension,4.0
1238,Research & Development,Research Scientist,Active Listening,4.0
1238,Research & Development,Research Scientist,Mathematics,3.62
1238,Research & Development,Research Scientist,MATLAB,3.5
1238,Research & Development,Research Scientist,Microsoft Project,3.5
1238,Research & Development,Research Scientist,IBM SPSS Statistics,3.5
1238,Research & Development,Research Scientist,ESRI ArcGIS,3.5
1238,Research & Development,Research Scientist,SAS,3.5
1238,Research & Development,Research Scientist,Python,3.5
1239,Sales,Sales Executive,Microsoft PowerPoint,4.5
1239,Sales,Sales Executive,Microsoft Excel,4.5
1239,Sales,Sales Executive,Salesforce,4.5
1239,Sales,Sales Executive,Microsoft Outlook,4.5
1239,Sales,Sales Executive,Speaking,4.0
1239,Sales,Sales Executive,Active Listening,4.0
1239,Sales,Sales Executive,Adobe Creative Cloud,3.5
1239,Sales,Sales Executive,Adobe Photoshop,3.5
1239,Sales,Sales Executive,Reading Comprehension,3.38
1239,Sales,Sales Executive,Writing,3.25
1239,Sales,Sales Executive,Monitoring,3.12
1240,Sales,Sales Executive,Microsoft PowerPoint,4.5
1240,Sales,Sales Executive,Microsoft Outlook,4.5
1240,Sales,Sales Executive,Speaking,4.0
1240,Sales,Sales Executive,Active Listening,4.0
1240,Sales,Sales Executive,Adobe Creative Cloud,3.5
1240,Sales,Sales Executive,Critical Thinking,3.5
1240,Sales,Sales Executive,Adobe Acrobat,3.5
1240,Sales,Sales Executive,Reading Comprehension,3.38
1240,Sales,Sales Executive,Writing,3.25
1240,Sales,Sales Executive,Monitoring,3.12
1240,Sales,Sales Executive,Active Learning,3.12
1241,Research & Development,Research Scientist,Microsoft Excel,4.5
1241,Research & Development,Research Scientist,Microsoft Office,4.5
1241,Research & Development,Research Scientist,Writing,4.25
1241,Research & Development,Research Scientist,Science,4.12
1241,Research & Development,Research Scientist,Speaking,4.12
1241,Research & Development,Research Scientist,Active Listening,4.0
1241,Research & Development,Research Scientist,Mathematics,3.62
1241,Research & Development,Research Scientist,Microsoft Project,3.5
1241,Research & Development,Research Scientist,SAS,3.5
1241,Research & Development,Research Scientist,Adobe Photoshop,3.5
1242,Research & Development,Research Director,Monitoring,4.0
1242,Research & Development,Research Director,Critical Thinking,4.0
1242,Research & Development,Research Director,Active Learning,3.5
1242,Research & Development,Research Director,Adobe Acrobat,3.5
1242,Research & Development,Research Director,Microsoft Project,3.5
1243,Sales,Sales Executive,Microsoft PowerPoint,4.5
1243,Sales,Sales Executive,Microsoft Office,4.5
1243,Sales,Sales Executive,Microsoft Outlook,4.5
1243,Sales,Sales Executive,Active Listening,4.0
1243,Sales,Sales Executive,Adobe Creative Cloud,3.5
1243,Sales,Sales Executive,Adobe InDesign,3.5
1243,Sales,Sales Executive,Adobe Acrobat,3.5
1243,Sales,Sales Executive,Adobe Photoshop,3.5
1243,Sales,Sales Executive,Writing,3.25
1243,Sales,Sales Executive,Monitoring,3.12
1244,Research & Development,Research Scientist,R,4.5
1244,Research & Development,Research Scientist,Microsoft Office,4.5
1244,Research & Development,Research Scientist,Writing,4.25
1244,Research & Development,Research Scientist,Science,4.12
1244,Research & Development,Research Scientist,Speaking,4.12
1244,Research & Development,Research Scientist,Active Listening,4.0
1244,Research & Development,Research Scientist,Mathematics,3.62
1244,Research & Development,Research Scientist,MATLAB,3.5
1244,Research & Development,Research Scientist,IBM SPSS Statistics,3.5
1244,Research & Development,Research Scientist,SAS,3.5
1245,Research & Development,Manufacturing Director,SAP,4.5
1245,Research & Development,Manufacturing Director,Microsoft Excel,4.5
1245,Research & Development,Manufacturing Director,Microsoft Office,4.5
1245,Research & Development,Manufacturing Director,Monitoring,4.0
1245,Research & Development,Manufacturing Director,Adobe After Effects,3.5
1245,Research & Development,Manufacturing Director,Adobe InDesign,3.5
1245,Research & Development,Manufacturing Director,Adobe Acrobat,3.5
1245,Research & Development,Manufacturing Director,Autodesk AutoCAD,3.5
1246,Research & Development,Research Scientist,Microsoft Office,4.5
1246,Research & Development,Research Scientist,Science,4.12
1246,Research & Development,Research Scientist,Speaking,4.12
1246,Research & Development,Research Scientist,Active Listening,4.0
1246,Research & Development,Research Scientist,Microsoft Project,3.5
1246,Research & Development,Research Scientist,SAS,3.5
1246,Research & Development,Research Scientist,Python,3.5
1246,Research & Development,Research Scientist,Adobe Photoshop,3.5
1248,Research & Development,Research Scientist,Microsoft Excel,4.5
1248,Research & Development,Research Scientist,Microsoft Office,4.5
1248,Research & Development,Research Scientist,Science,4.12
1248,Research & Development,Research Scientist,Critical Thinking,4.0
1248,Research & Development,Research Scientist,Reading Comprehension,4.0
1248,Research & Development,Research Scientist,Active Listening,4.0
1248,Research & Development,Research Scientist,Mathematics,3.62
1248,Research & Development,Research Scientist,Microsoft Project,3.5
1248,Research & Development,Research Scientist,IBM SPSS Statistics,3.5
1248,Research & Development,Research Scientist,ESRI ArcGIS,3.5
1248,Research & Development,Research Scientist,SAS,3.5
1248,Research & Development,Research Scientist,Python,3.5
1248,Research & Development,Research Scientist,Adobe Photoshop,3.5
1249,Research & Development,Research Scientist,Microsoft Excel,4.5
1249,Research & Development,Research Scientist,Speaking,4.12
1249,Research & Development,Research Scientist,Active Learning,4.12
1249,Research & Development,Research Scientist,Critical Thinking,4.0
1249,Research & Development,Research Scientist,Active Listening,4.0
1249,Research & Development,Research Scientist,Mathematics,3.62
1249,Research & Development,Research Scientist,MATLAB,3.5
1249,Research & Development,Research Scientist,Microsoft Project,3.5
1249,Research & Development,Research Scientist,IBM SPSS Statistics,3.5
1249,Research & Development,Research Scientist,Python,3.5
1250,Research & Development,Research Director,Microsoft Office,4.5
1250,Research & Development,Research Director,Critical Thinking,4.0
1250,Research & Development,Research Director,Active Listening,4.0
1250,Research & Development,Research Director,Speaking,3.88
1250,Research & Development,Research Director,Microsoft Project,3.5
1250,Research & Development,Research Director,Active Learning,3.5
1250,Research & Development,Research Director,ESRI ArcGIS,3.5
1250,Research & Development,Research Director,Microsoft Visio,3.5
1250,Research & Development,Research Director,Adobe Acrobat,3.5
1250,Research & Development,Research Director,Microsoft Access,3.5
1251,Research & Development,Healthcare Representative,Microsoft Excel,4.5
1251,Research & Development,Healthcare Representative,Salesforce,4.5
1251,Research & Development,Healthcare Representative,Microsoft Outlook,4.5
1251,Research & Development,Healthcare Representative,Active Listening,4.12
1251,Research & Development,Healthcare Representative,Amazon Web Services (AWS),3.5
1251,Research & Development,Healthcare Representative,Linux,3.5
1251,Research & Development,Healthcare Representative,Microsoft Azure,3.5
1251,Research & Development,Healthcare Representative,Active Learning,3.5
1251,Research & Development,Healthcare Representative,Microsoft Access,3.5
1251,Research & Development,Healthcare Representative,Mathematics,2.88
1252,Research & Development,Healthcare Representative,Microsoft Excel,4.5
1252,Research & Development,Healthcare Representative,Salesforce,4.5
1252,Research & Development,Healthcare Representative,Speaking,4.25
1252,Research & Development,Healthcare Representative,Reading Comprehension,3.75
1252,Research & Development,Healthcare Representative,Google Workspace,3.5
1252,Research & Development,Healthcare Representative,Apache Hadoop,3.5
1252,Research & Development,Healthcare Representative,Microsoft Access,3.5
1252,Research & Development,Healthcare Representative,Amazon Web Services (AWS),3.5
1252,Research & Development,Healthcare Representative,Writing,3.38
1254,Sales,Sales Executive,Microsoft PowerPoint,4.5
1254,Sales,Sales Executive,Adobe Creative Cloud,3.5
1254,Sales,Sales Executive,Adobe InDesign,3.5
1254,Sales,Sales Executive,Critical Thinking,3.5
1254,Sales,Sales Executive,Adobe Acrobat,3.5
1254,Sales,Sales Executive,Adobe Photoshop,3.5
1254,Sales,Sales Executive,Reading Comprehension,3.38
1254,Sales,Sales Executive,Writing,3.25
1254,Sales,Sales Executive,Monitoring,3.12
1255,Research & Development,Research Director,Microsoft Excel,4.5
1255,Research & Development,Research Director,Monitoring,4.0
1255,Research & Development,Research Director,Active Listening,4.0
1255,Research & Development,Research Director,Speaking,3.88
1255,Research & Development,Research Director,Microsoft SharePoint,3.5
1255,Research & Development,Research Director,Microsoft Visio,3.5
1255,Research & Development,Research Director,Active Learning,3.5
1256,Research & Development,Manager,Monitoring,4.0
1256,Research & Development,Manager,Speaking,4.0
1256,Research & Development,Manager,Active Learning,3.62
1256,Research & Development,Manager,Apple macOS,3.5
1256,Research & Development,Manager,Atlassian Confluence,3.5
1256,Research & Development,Manager,Google Analytics,3.5
1256,Research & Development,Manager,Adobe Photoshop,3.5
1257,Research & Development,Research Scientist,R,4.5
1257,Research & Development,Research Scientist,Microsoft Office,4.5
1257,Research & Development,Research Scientist,Writing,4.25
1257,Research & Development,Research Scientist,Science,4.12
1257,Research & Development,Research Scientist,Active Learning,4.12
1257,Research & Development,Research Scientist,Reading Comprehension,4.0
1257,Research & Development,Research Scientist,Active Listening,4.0
1257,Research & Development,Research Scientist,MATLAB,3.5
1257,Research & Development,Research Scientist,Microsoft Project,3.5
1257,Research & Development,Research Scientist,ESRI ArcGIS,3.5
1257,Research & Development,Research Scientist,SAS,3.5
1257,Research & Development,Research Scientist,Python,3.5
1258,Research & Development,Laboratory Technician,Microsoft Excel,4.5
1258,Research & Development,Laboratory Technician,SAP,3.5
1258,Research & Development,Laboratory Technician,Microsoft PowerPoint,3.5
1258,Research & Development,Laboratory Technician,Microsoft Word,3.5
1258,Research & Development,Laboratory Technician,MEDITECH,3.5
1258,Research & Development,Laboratory Technician,Google Docs,3.5
1258,Research & Development,Laboratory Technician,Electronic Medical Record (EMR),3.0
1258,Research & Development,Laboratory Technician,Science,3.0
1259,Research & Development,Research Scientist,R,4.5
1259,Research & Development,Research Scientist,Speaking,4.12
1259,Research & Development,Research Scientist,Critical Thinking,4.0
1259,Research & Development,Research Scientist,Reading Comprehension,4.0
1259,Research & Development,Research Scientist,Active Listening,4.0
1259,Research & Development,Research Scientist,Mathematics,3.62
1259,Research & Development,Research Scientist,Microsoft Project,3.5
1259,Research & Development,Research Scientist,ESRI ArcGIS,3.5
1259,Research & Development,Research Scientist,SAS,3.5
1259,Research & Development,Research Scientist,Python,3.5
1259,Research & Development,Research Scientist,Adobe Photoshop,3.5
1260,Research & Development,Healthcare Representative,Microsoft Excel,4.5
1260,Research & Development,Healthcare Representative,Salesforce,4.5
1260,Research & Development,Healthcare Representative,Microsoft Outlook,4.5
1260,Research & Development,Healthcare Representative,Speaking,4.25
1260,Research & Development,Healthcare Representative,Reading Comprehension,3.75
1260,Research & Development,Healthcare Representative,Google Workspace,3.5
1260,Research & Development,Healthcare Representative,Linux,3.5
1260,Research & Development,Healthcare Representative,Microsoft Azure,3.5
1260,Research & Development,Healthcare Representative,Apache Hadoop,3.5
1260,Research & Development,Healthcare Representative,Microsoft Access,3.5
1260,Research & Development,Healthcare Representative,Writing,3.38
1260,Research & Development,Healthcare Representative,Monitoring,3.12
1260,Research & Development,Healthcare Representative,Mathematics,2.88
1263,Research & Development,Research Director,Microsoft Excel,4.5
1263,Research & Development,Research Director,Microsoft Office,4.5
1263,Research & Development,Research Director,Science,4.12
1263,Research & Development,Research Director,Monitoring,4.0
1263,Research & Development,Research Director,Critical Thinking,4.0
1263,Research & Development,Research Director,Speaking,3.88
1263,Research & Development,Research Director,Microsoft SharePoint,3.5
1263,Research & Development,Research Director,ESRI ArcGIS,3.5
1263,Research & Development,Research Director,Microsoft Visio,3.5
1263,Research & Development,Research Director,Active Learning,3.5
1263,Research & Development,Research Director,Microsoft Access,3.5
1263,Research & Development,Research Director,Microsoft Project,3.5
1264,Research & Development,Research Director,Microsoft PowerPoint,4.5
1264,Research & Development,Research Director,Speaking,3.88
1264,Research & Development,Research Director,Writing,3.88
1264,Research & Development,Research Director,Microsoft SharePoint,3.5
1264,Research & Development,Research Director,ESRI ArcGIS,3.5
1264,Research & Development,Research Director,Microsoft Visio,3.5
1264,Research & Development,Research Director,Microsoft Access,3.5
1264,Research & Development,Research Director,Microsoft Project,3.5
1265,Research & Development,Research Scientist,Microsoft Excel,4.5
1265,Research & Development,Research Scientist,Active Learning,4.12
1265,Research & Development,Research Scientist,Reading Comprehension,4.0
1265,Research & Development,Research Scientist,Active Listening,4.0
1265,Research & Development,Research Scientist,Microsoft Project,3.5
1265,Research & Development,Research Scientist,IBM SPSS Statistics,3.5
1265,Research & Development,Research Scientist,ESRI ArcGIS,3.5
1265,Research & Development,Research Scientist,Python,3.5
1267,Sales,Manager,Microsoft Excel,4.5
1267,Sales,Manager,Apple macOS,3.5
1267,Sales,Manager,Atlassian JIRA,3.5
1267,Sales,Manager,Google Analytics,3.5
1267,Sales,Manager,Adobe Acrobat,3.5
1268,Sales,Sales Executive,Microsoft Excel,4.5
1268,Sales,Sales Executive,Salesforce,4.5
1268,Sales,Sales Executive,Speaking,4.0
1268,Sales,Sales Executive,Adobe Creative Cloud,3.5
1268,Sales,Sales Executive,Critical Thinking,3.5
1268,Sales,Sales Executive,Reading Comprehension,3.38
1268,Sales,Sales Executive,Writing,3.25
1268,Sales,Sales Executive,Active Learning,3.12
1269,Research & Development,Research Scientist,Microsoft Excel,4.5
1269,Research & Development,Research Scientist,R,4.5
1269,Research & Development,Research Scientist,Microsoft Office,4.5
1269,Research & Development,Research Scientist,Science,4.12
1269,Research & Development,Research Scientist,Speaking,4.12
1269,Research & Development,Research Scientist,Active Learning,4.12
1269,Research & Development,Research Scientist,Critical Thinking,4.0
1269,Research & Development,Research Scientist,Reading Comprehension,4.0
1269,Research & Development,Research Scientist,MATLAB,3.5
1269,Research & Development,Research Scientist,IBM SPSS Statistics,3.5
1269,Research & Development,Research Scientist,ESRI ArcGIS,3.5
1269,Research & Development,Research Scientist,SAS,3.5
1269,Research & Development,Research Scientist,Python,3.5
1269,Research & Development,Research Scientist,Microsoft Project,3.5
1270,Research & Development,Research Scientist,R,4.5
1270,Research & Development,Research Scientist,Science,4.12
1270,Research & Development,Research Scientist,Speaking,4.12
1270,Research & Development,Research Scientist,Critical Thinking,4.0
1270,Research & Development,Research Scientist,Reading Comprehension,4.0
1270,Research & Development,Research Scientist,Active Listening,4.0
1270,Research & Development,Research Scientist,Mathematics,3.62
1270,Research & Development,Research Scientist,MATLAB,3.5
1270,Research & Development,Research Scientist,IBM SPSS Statistics,3.5
1270,Research & Development,Research Scientist,ESRI ArcGIS,3.5
1270,Research & Development,Research Scientist,SAS,3.5
1270,Research & Development,Research Scientist,Python,3.5
1273,Sales,Sales Representative,Microsoft Excel,4.5
1273,Sales,Sales Representative,Speaking,3.88
1273,Sales,Sales Representative,Active Listening,3.88
1273,Sales,Sales Representative,Reading Comprehension,3.62
1273,Sales,Sales Representative,Microsoft Project,3.5
1273,Sales,Sales Representative,Microsoft PowerPoint,3.5
1273,Sales,Sales Representative,Apple macOS,3.5
1273,Sales,Sales Representative,Microsoft Word,3.5
1273,Sales,Sales Representative,HubSpot,3.5
1273,Sales,Sales Representative,Microsoft Outlook,3.5
1273,Sales,Sales Representative,Critical Thinking,3.38
1273,Sales,Sales Representative,Active Learning,3.38
1273,Sales,Sales Representative,Monitoring,3.12
1273,Sales,Sales Representative,Mathematics,2.62
1275,Research & Development,Research Scientist,Microsoft Excel,4.5
1275,Research & Development,Research Scientist,Science,4.12
1275,Research & Development,Research Scientist,Speaking,4.12
1275,Research & Development,Research Scientist,Active Learning,4.12
1275,Research & Development,Research Scientist,Critical Thinking,4.0
1275,Research & Development,Research Scientist,Reading Comprehension,4.0
1275,Research & Development,Research Scientist,Active Listening,4.0
1275,Research & Development,Research Scientist,IBM SPSS Statistics,3.5
1275,Research & Development,Research Scientist,SAS,3.5
1275,Research & Development,Research Scientist,Python,3.5
1275,Research & Development,Research Scientist,Adobe Photoshop,3.5
1277,Sales,Manager,Microsoft Office,4.5
1277,Sales,Manager,Atlassian JIRA,3.5
1277,Sales,Manager,Atlassian Confluence,3.5
1277,Sales,Manager,Google Analytics,3.5
1277,Sales,Manager,Adobe Acrobat,3.5
1277,Sales,Manager,Writing,3.5
1277,Sales,Manager,Autodesk AutoCAD,3.5
1277,Sales,Manager,Learning Strategies,3.0
1278,Research & Development,Healthcare Representative,Microsoft Excel,4.5
1278,Research & Development,Healthcare Representative,Microsoft Office,4.5
1278,Research & Development,Healthcare Representative,Salesforce,4.5
1278,Research & Development,Healthcare Representative,Microsoft Outlook,4.5
1278,Research & Development,Healthcare Representative,Reading Comprehension,3.75
1278,Research & Development,Healthcare Representative,Google Workspace,3.5
1278,Research & Development,Healthcare Representative,Linux,3.5
1278,Research & Development,Healthcare Representative,Microsoft Azure,3.5
1278,Research & Development,Healthcare Representative,Apache Hadoop,3.5
1278,Research & Development,Healthcare Representative,Active Learning,3.5
1278,Research & Development,Healthcare Representative,Microsoft Access,3.5
1278,Research & Development,Healthcare Representative,Critical Thinking,3.38
1278,Research & Development,Healthcare Representative,Writing,3.38
1278,Research & Development,Healthcare Representative,Monitoring,3.12
1278,Research & Development,Healthcare Representative,Mathematics,2.88
1279,Research & Development,Laboratory Technician,Reading Comprehension,3.75
1279,Research & Development,Laboratory Technician,Active Listening,3.62
1279,Research & Development,Laboratory Technician,SAP,3.5
1279,Research & Development,Laboratory Technician,Microsoft Word,3.5
1279,Research & Development,Laboratory Technician,MEDITECH,3.5
1279,Research & Development,Laboratory Technician,Microsoft Outlook,3.5
1279,Research & Development,Laboratory Technician,Speaking,3.12
1279,Research & Development,Laboratory Technician,Electronic Medical Record (EMR),3.0
1279,Research & Development,Laboratory Technician,Email,3.0
1279,Research & Development,Laboratory Technician,Writing,3.0
1280,Sales,Manager,Microsoft Excel,4.5
1280,Sales,Manager,Speaking,4.0
1280,Sales,Manager,Critical Thinking,3.88
1280,Sales,Manager,Active Learning,3.62
1280,Sales,Manager,Atlassian Confluence,3.5
1280,Sales,Manager,Writing,3.5
1280,Sales,Manager,Adobe Photoshop,3.5
1280,Sales,Manager,Autodesk AutoCAD,3.5
1280,Sales,Manager,Learning Strategies,3.0
1281,Sales,Sales Executive,Microsoft Office,4.5
1281,Sales,Sales Executive,Microsoft Outlook,4.5
1281,Sales,Sales Executive,Speaking,4.0
1281,Sales,Sales Executive,Adobe Creative Cloud,3.5
1281,Sales,Sales Executive,Adobe InDesign,3.5
1281,Sales,Sales Executive,Critical Thinking,3.5
1281,Sales,Sales Executive,Adobe Photoshop,3.5
1281,Sales,Sales Executive,Adobe Illustrator,3.5
1281,Sales,Sales Executive,Writing,3.25
1281,Sales,Sales Executive,Monitoring,3.12
1281,Sales,Sales Executive,Active Learning,3.12
1281,Sales,Sales Executive,Mathematics,2.25
1282,Sales,Manager,Microsoft Office,4.5
1282,Sales,Manager,Speaking,4.0
1282,Sales,Manager,Critical Thinking,3.88
1282,Sales,Manager,Apple macOS,3.5
1282,Sales,Manager,Atlassian JIRA,3.5
1282,Sales,Manager,Learning Strategies,3.0
1283,Research & Development,Manufacturing Director,Monitoring,4.0
1283,Research & Development,Manufacturing Director,Active Listening,3.88
1283,Research & Development,Manufacturing Director,Active Learning,3.62
1283,Research & Development,Manufacturing Director,Adobe After Effects,3.5
1283,Research & Development,Manufacturing Director,Adobe Photoshop,3.5
1283,Research & Development,Manufacturing Director,Writing,3.38
1285,Research & Development,Laboratory Technician,Reading Comprehension,3.75
1285,Research & Development,Laboratory Technician,Active Listening,3.62
1285,Research & Development,Laboratory Technician,SAP,3.5
1285,Research & Development,Laboratory Technician,Microsoft PowerPoint,3.5
1285,Research & Development,Laboratory Technician,Microsoft Word,3.5
1285,Research & Development,Laboratory Technician,Google Docs,3.5
1285,Research & Development,Laboratory Technician,Microsoft Outlook,3.5
1285,Research & Development,Laboratory Technician,Critical Thinking,3.25
1285,Research & Development,Laboratory Technician,Speaking,3.12
1285,Research & Development,Laboratory Technician,Electronic Medical Record (EMR),3.0
1285,Research & Development,Laboratory Technician,Science,3.0
1285,Research & Development,Laboratory Technician,Active Learning,3.0
1286,Research & Development,Laboratory Technician,Microsoft Excel,4.5
1286,Research & Development,Laboratory Technician,Reading Comprehension,3.75
1286,Research & Development,Laboratory Technician,Active Listening,3.62
1286,Research & Development,Laboratory Technician,SAP,3.5
1286,Research & Development,Laboratory Technician,Microsoft Word,3.5
1286,Research & Development,Laboratory Technician,MEDITECH,3.5
1286,Research & Development,Laboratory Technician,Google Docs,3.5
1286,Research & Development,Laboratory Technician,Microsoft Outlook,3.5
1286,Research & Development,Laboratory Technician,Speaking,3.12
1286,Research & Development,Laboratory Technician,Monitoring,3.0
1286,Research & Development,Laboratory Technician,Electronic Medical Record (EMR),3.0
1286,Research & Development,Laboratory Technician,Science,3.0
1286,Research & Development,Laboratory Technician,Email,3.0
1286,Research & Development,Laboratory Technician,Active Learning,3.0
1286,Research & Development,Laboratory Technician,Writing,3.0
1288,Research & Development,Manager,Speaking,4.0
1288,Research & Development,Manager,Active Learning,3.62
1288,Research & Development,Manager,Apple macOS,3.5
1288,Research & Development,Manager,Atlassian Confluence,3.5
1288,Research & Development,Manager,Google Analytics,3.5
1288,Research & Development,Manager,Adobe Acrobat,3.5
1288,Research & Development,Manager,Writing,3.5
1288,Research & Development,Manager,Adobe Photoshop,3.5
1288,Research & Development,Manager,Autodesk AutoCAD,3.5
1288,Research & Development,Manager,Learning Strategies,3.0
1289,Human Resources,Human Resources,Workday,4.5
1289,Human Resources,Human Resources,Speaking,4.12
1289,Human Resources,Human Resources,Applicant Tracking System (ATS),4.0
1289,Human Resources,Human Resources,Reading Comprehension,4.0
1289,Human Resources,Human Resources,Oracle HRIS,4.0
1289,Human Resources,Human Resources,Active Listening,4.0
1289,Human Resources,Human Resources,Adobe Acrobat,3.5
1289,Human Resources,Human Resources,Cisco Webex,3.5
1289,Human Resources,Human Resources,Adobe Photoshop,3.5
1289,Human Resources,Human Resources,Active Learning,3.25
1289,Human Resources,Human Resources,Monitoring,3.0
1289,Human Resources,Human Resources,Learning Strategies,3.0
1291,Research & Development,Research Scientist,Microsoft Excel,4.5
1291,Research & Development,Research Scientist,Microsoft Office,4.5
1291,Research & Development,Research Scientist,Writing,4.25
1291,Research & Development,Research Scientist,Speaking,4.12
1291,Research & Development,Research Scientist,Active Learning,4.12
1291,Research & Development,Research Scientist,Critical Thinking,4.0
1291,Research & Development,Research Scientist,Reading Comprehension,4.0
1291,Research & Development,Research Scientist,Active Listening,4.0
1291,Research & Development,Research Scientist,Mathematics,3.62
1291,Research & Development,Research Scientist,MATLAB,3.5
1291,Research & Development,Research Scientist,Microsoft Project,3.5
1291,Research & Development,Research Scientist,IBM SPSS Statistics,3.5
1291,Research & Development,Research Scientist,ESRI ArcGIS,3.5
1291,Research & Development,Research Scientist,SAS,3.5
1291,Research & Development,Research Scientist,Python,3.5
1292,Research & Development,Research Scientist,Microsoft Office,4.5
1292,Research & Development,Research Scientist,Writing,4.25
1292,Research & Development,Research Scientist,Speaking,4.12
1292,Research & Development,Research Scientist,Reading Comprehension,4.0
1292,Research & Development,Research Scientist,Mathematics,3.62
1292,Research & Development,Research Scientist,MATLAB,3.5
1292,Research & Development,Research Scientist,ESRI ArcGIS,3.5
1292,Research & Development,Research Scientist,Python,3.5
1293,Sales,Sales Executive,Microsoft Excel,4.5
1293,Sales,Sales Executive,Microsoft Office,4.5
1293,Sales,Sales Executive,Microsoft Outlook,4.5
1293,Sales,Sales Executive,Adobe Creative Cloud,3.5
1293,Sales,Sales Executive,Critical Thinking,3.5
1293,Sales,Sales Executive,Adobe Illustrator,3.5
1293,Sales,Sales Executive,Writing,3.25
1294,Research & Development,Manufacturing Director,Microsoft Excel,4.5
1294,Research & Development,Manufacturing Director,Critical Thinking,4.0
1294,Research & Development,Manufacturing Director,Speaking,4.0
1294,Research & Development,Manufacturing Director,Reading Comprehension,3.88
1294,Research & Development,Manufacturing Director,Active Listening,3.88
1294,Research & Development,Manufacturing Director,Active Learning,3.62
1294,Research & Development,Manufacturing Director,Adobe After Effects,3.5
1294,Research & Development,Manufacturing Director,Autodesk AutoCAD,3.5
1294,Research & Development,Manufacturing Director,Writing,3.38
1295,Research & Development,Healthcare Representative,Microsoft Excel,4.5
1295,Research & Development,Healthcare Representative,Microsoft Office,4.5
1295,Research & Development,Healthcare Representative,Salesforce,4.5
1295,Research & Development,Healthcare Representative,Microsoft Outlook,4.5
1295,Research & Development,Healthcare Representative,Speaking,4.25
1295,Research & Development,Healthcare Representative,Google Workspace,3.5
1295,Research & Development,Healthcare Representative,Linux,3.5
1295,Research & Development,Healthcare Representative,Microsoft Azure,3.5
1295,Research & Development,Healthcare Representative,Apache Hadoop,3.5
1295,Research & Development,Healthcare Representative,Amazon Web Services (AWS),3.5
1295,Research & Development,Healthcare Representative,Monitoring,3.12
1295,Research & Development,Healthcare Representative,Mathematics,2.88
1296,Research & Development,Laboratory Technician,Microsoft Excel,4.5
1296,Research & Development,Laboratory Technician,Reading Comprehension,3.75
1296,Research & Development,Laboratory Technician,Active Listening,3.62
1296,Research & Development,Laboratory Technician,SAP,3.5
1296,Research & Development,Laboratory Technician,Microsoft PowerPoint,3.5
1296,Research & Development,Laboratory Technician,Google Docs,3.5
1296,Research & Development,Laboratory Technician,Microsoft Outlook,3.5
1296,Research & Development,Laboratory Technician,Critical Thinking,3.25
1296,Research & Development,Laboratory Technician,Monitoring,3.0
1296,Research & Development,Laboratory Technician,Electronic Medical Record (EMR),3.0
1296,Research & Development,Laboratory Technician,Active Learning,3.0
1296,Research & Development,Laboratory Technician,Writing,3.0
1297,Research & Development,Laboratory Technician,Microsoft Office,4.5
1297,Research & Development,Laboratory Technician,Microsoft PowerPoint,3.5
1297,Research & Development,Laboratory Technician,Google Docs,3.5
1297,Research & Development,Laboratory Technician,Microsoft Outlook,3.5
1297,Research & Development,Laboratory Technician,Critical Thinking,3.25
1297,Research & Development,Laboratory Technician,Monitoring,3.0
1297,Research & Development,Laboratory Technician,Science,3.0
1297,Research & Development,Laboratory Technician,Email,3.0
1297,Research & Development,Laboratory Technician,Writing,3.0
1298,Research & Development,Manufacturing Director,Microsoft PowerPoint,4.5
1298,Research & Development,Manufacturing Director,Microsoft Excel,4.5
1298,Research & Development,Manufacturing Director,Microsoft Outlook,4.5
1298,Research & Development,Manufacturing Director,Monitoring,4.0
1298,Research & Development,Manufacturing Director,Reading Comprehension,3.88
1298,Research & Development,Manufacturing Director,Active Listening,3.88
1298,Research & Development,Manufacturing Director,Learning Strategies,3.75
1298,Research & Development,Manufacturing Director,Active Learning,3.62
1298,Research & Development,Manufacturing Director,Adobe After Effects,3.5
1298,Research & Development,Manufacturing Director,Adobe InDesign,3.5
1298,Research & Development,Manufacturing Director,Adobe Acrobat,3.5
1299,Research & Development,Laboratory Technician,Microsoft Excel,4.5
1299,Research & Development,Laboratory Technician,Microsoft Office,4.5
1299,Research & Development,Laboratory Technician,Active Listening,3.62
1299,Research & Development,Laboratory Technician,SAP,3.5
1299,Research & Development,Laboratory Technician,Microsoft Word,3.5
1299,Research & Development,Laboratory Technician,MEDITECH,3.5
1299,Research & Development,Laboratory Technician,Google Docs,3.5
1299,Research & Development,Laboratory Technician,Critical Thinking,3.25
1299,Research & Development,Laboratory Technician,Electronic Medical Record (EMR),3.0
1299,Research & Development,Laboratory Technician,Science,3.0
1299,Research & Development,Laboratory Technician,Writing,3.0
1301,Research & Development,Research Scientist,Microsoft Excel,4.5
1301,Research & Development,Research Scientist,Science,4.12
1301,Research & Development,Research Scientist,Speaking,4.12
1301,Research & Development,Research Scientist,Active Learning,4.12
1301,Research & Development,Research Scientist,Reading Comprehension,4.0
1301,Research & Development,Research Scientist,Mathematics,3.62
1301,Research & Development,Research Scientist,MATLAB,3.5
1301,Research & Development,Research Scientist,IBM SPSS Statistics,3.5
1301,Research & Development,Research Scientist,ESRI ArcGIS,3.5
1301,Research & Development,Research Scientist,Adobe Photoshop,3.5
1301,Research & Development,Research Scientist,Microsoft Project,3.5
1303,Research & Development,Research Scientist,R,4.5
1303,Research & Development,Research Scientist,Writing,4.25
1303,Research & Development,Research Scientist,Science,4.12
1303,Research & Development,Research Scientist,Active Learning,4.12
1303,Research & Development,Research Scientist,Reading Comprehension,4.0
1303,Research & Development,Research Scientist,Active Listening,4.0
1303,Research & Development,Research Scientist,IBM SPSS Statistics,3.5
1303,Research & Development,Research Scientist,SAS,3.5
1303,Research & Development,Research Scientist,Adobe Photoshop,3.5
1304,Sales,Sales Executive,Microsoft PowerPoint,4.5
1304,Sales,Sales Executive,Microsoft Excel,4.5
1304,Sales,Sales Executive,Microsoft Outlook,4.5
1304,Sales,Sales Executive,Speaking,4.0
1304,Sales,Sales Executive,Adobe Acrobat,3.5
1304,Sales,Sales Executive,Adobe Photoshop,3.5
1304,Sales,Sales Executive,Reading Comprehension,3.38
1304,Sales,Sales Executive,Writing,3.25
1304,Sales,Sales Executive,Active Learning,3.12
1304,Sales,Sales Executive,Mathematics,2.25
1306,Research & Development,Manager,Autodesk AutoCAD,3.5
1306,Research & Development,Manager,Adobe Photoshop,3.5
1306,Research & Development,Manager,Apple macOS,3.5
1306,Research & Development,Manager,Google Analytics,3.5
1307,Research & Development,Manager,Microsoft Excel,4.5
1307,Research & Development,Manager,Atlassian Confluence,3.5
1307,Research & Development,Manager,Adobe Acrobat,3.5
1307,Research & Development,Manager,Adobe Photoshop,3.5
1307,Research & Development,Manager,Autodesk AutoCAD,3.5
1308,Research & Development,Research Scientist,Science,4.12
1308,Research & Development,Research Scientist,Active Learning,4.12
1308,Research & Development,Research Scientist,Critical Thinking,4.0
1308,Research & Development,Research Scientist,Reading Comprehension,4.0
1308,Research & Development,Research Scientist,Active Listening,4.0
1308,Research & Development,Research Scientist,MATLAB,3.5
1308,Research & Development,Research Scientist,IBM SPSS Statistics,3.5
1308,Research & Development,Research Scientist,ESRI ArcGIS,3.5
1309,Research & Development,Laboratory Technician,Microsoft Excel,4.5
1309,Research & Development,Laboratory Technician,Microsoft Office,4.5
1309,Research & Development,Laboratory Technician,Active Listening,3.62
1309,Research & Development,Laboratory Technician,SAP,3.5
1309,Research & Development,Laboratory Technician,Microsoft PowerPoint,3.5
1309,Research & Development,Laboratory Technician,Microsoft Word,3.5
1309,Research & Development,Laboratory Technician,Speaking,3.12
1309,Research & Development,Laboratory Technician,Electronic Medical Record (EMR),3.0
1309,Research & Development,Laboratory Technician,Science,3.0
1309,Research & Development,Laboratory Technician,Email,3.0
1309,Research & Development,Laboratory Technician,Active Learning,3.0
1310,Research & Development,Research Scientist,R,4.5
1310,Research & Development,Research Scientist,Writing,4.25
1310,Research & Development,Research Scientist,Critical Thinking,4.0
1310,Research & Development,Research Scientist,Reading Comprehension,4.0
1310,Research & Development,Research Scientist,Mathematics,3.62
1310,Research & Development,Research Scientist,MATLAB,3.5
1310,Research & Development,Research Scientist,ESRI ArcGIS,3.5
1310,Research & Development,Research Scientist,SAS,3.5
1310,Research & Development,Research Scientist,Microsoft Project,3.5
1311,Research & Development,Laboratory Technician,Microsoft Excel,4.5
1311,Research & Development,Laboratory Technician,Microsoft Office,4.5
1311,Research & Development,Laboratory Technician,Active Listening,3.62
1311,Research & Development,Laboratory Technician,SAP,3.5
1311,Research & Development,Laboratory Technician,MEDITECH,3.5
1311,Research & Development,Laboratory Technician,Microsoft Outlook,3.5
1311,Research & Development,Laboratory Technician,Critical Thinking,3.25
1311,Research & Development,Laboratory Technician,Science,3.0
1311,Research & Development,Laboratory Technician,Email,3.0
1311,Research & Development,Laboratory Technician,Writing,3.0
1312,Research & Development,Healthcare Representative,Microsoft Office,4.5
1312,Research & Development,Healthcare Representative,Salesforce,4.5
1312,Research & Development,Healthcare Representative,Speaking,4.25
1312,Research & Development,Healthcare Representative,Reading Comprehension,3.75
1312,Research & Development,Healthcare Representative,Google Workspace,3.5
1312,Research & Development,Healthcare Representative,Linux,3.5
1312,Research & Development,Healthcare Representative,Apache Hadoop,3.5
1312,Research & Development,Healthcare Representative,Microsoft Access,3.5
1312,Research & Development,Healthcare Representative,Critical Thinking,3.38
1312,Research & Development,Healthcare Representative,Writing,3.38
1312,Research & Development,Healthcare Representative,Mathematics,2.88
1314,Human Resources,Human Resources,Microsoft PowerPoint,4.5
1314,Human Resources,Human Resources,Workday,4.5
1314,Human Resources,Human Resources,Oracle HRIS,4.0
1314,Human Resources,Human Resources,Active Listening,4.0
1314,Human Resources,Human Resources,Writing,3.88
1314,Human Resources,Human Resources,Adobe Acrobat,3.5
1314,Human Resources,Human Resources,Cisco Webex,3.5
1314,Human Resources,Human Resources,Adobe Photoshop,3.5
1314,Human Resources,Human Resources,Active Learning,3.25
1314,Human Resources,Human Resources,Monitoring,3.0
1315,Research & Development,Laboratory Technician,Microsoft Excel,4.5
1315,Research & Development,Laboratory Technician,Microsoft Word,3.5
1315,Research & Development,Laboratory Technician,MEDITECH,3.5
1315,Research & Development,Laboratory Technician,Microsoft Outlook,3.5
1315,Research & Development,Laboratory Technician,Critical Thinking,3.25
1315,Research & Development,Laboratory Technician,Speaking,3.12
1315,Research & Development,Laboratory Technician,Monitoring,3.0
1315,Research & Development,Laboratory Technician,Science,3.0
1315,Research & Development,Laboratory Technician,Email,3.0
1315,Research & Development,Laboratory Technician,Active Learning,3.0
1315,Research & Development,Laboratory Technician,Writing,3.0
1317,Research & Development,Research Director,Microsoft Excel,4.5
1317,Research & Development,Research Director,Microsoft Office,4.5
1317,Research & Development,Research Director,Critical Thinking,4.0
1317,Research & Development,Research Director,Speaking,3.88
1317,Research & Development,Research Director,Microsoft SharePoint,3.5
1317,Research & Development,Research Director,Microsoft Visio,3.5
1317,Research & Development,Research Director,Active Learning,3.5
1318,Sales,Sales Executive,Microsoft Excel,4.5
1318,Sales,Sales Executive,Speaking,4.0
1318,Sales,Sales Executive,Adobe Creative Cloud,3.5
1318,Sales,Sales Executive,Adobe InDesign,3.5
1318,Sales,Sales Executive,Critical Thinking,3.5
1318,Sales,Sales Executive,Adobe Acrobat,3.5
1318,Sales,Sales Executive,Adobe Photoshop,3.5
1318,Sales,Sales Executive,Monitoring,3.12
1319,Sales,Sales Executive,Salesforce,4.5
1319,Sales,Sales Executive,Microsoft Outlook,4.5
1319,Sales,Sales Executive,Speaking,4.0
1319,Sales,Sales Executive,Active Listening,4.0
1319,Sales,Sales Executive,Adobe Creative Cloud,3.5
1319,Sales,Sales Executive,Adobe InDesign,3.5
1319,Sales,Sales Executive,Critical Thinking,3.5
1319,Sales,Sales Executive,Monitoring,3.12
1319,Sales,Sales Executive,Mathematics,2.25
1321,Research & Development,Manager,Microsoft Office,4.5
1321,Research & Development,Manager,Speaking,4.0
1321,Research & Development,Manager,Active Listening,4.0
1321,Research & Development,Manager,Critical Thinking,3.88
1321,Research & Development,Manager,Active Learning,3.62
1321,Research & Development,Manager,Apple macOS,3.5
1321,Research & Development,Manager,Atlassian JIRA,3.5
1321,Research & Development,Manager,Atlassian Confluence,3.5
1321,Research & Development,Manager,Google Analytics,3.5
1321,Research & Development,Manager,Adobe Acrobat,3.5
1321,Research & Development,Manager,Learning Strategies,3.0
1322,Research & Development,Manufacturing Director,SAP,4.5
1322,Research & Development,Manufacturing Director,Microsoft PowerPoint,4.5
1322,Research & Development,Manufacturing Director,Microsoft Excel,4.5
1322,Research & Development,Manufacturing Director,Microsoft Outlook,4.5
1322,Research & Development,Manufacturing Director,Monitoring,4.0
1322,Research & Development,Manufacturing Director,Critical Thinking,4.0
1322,Research & Development,Manufacturing Director,Speaking,4.0
1322,Research & Development,Manufacturing Director,Reading Comprehension,3.88
1322,Research & Development,Manufacturing Director,Active Listening,3.88
1322,Research & Development,Manufacturing Director,Learning Strategies,3.75
1322,Research & Development,Manufacturing Director,Adobe After Effects,3.5
1322,Research & Development,Manufacturing Director,Adobe InDesign,3.5
1322,Research & Development,Manufacturing Director,Adobe Acrobat,3.5
1322,Research & Development,Manufacturing Director,Autodesk AutoCAD,3.5
1322,Research & Development,Manufacturing Director,Writing,3.38
1324,Sales,Sales Executive,Microsoft PowerPoint,4.5
1324,Sales,Sales Executive,Microsoft Excel,4.5
1324,Sales,Sales Executive,Speaking,4.0
1324,Sales,Sales Executive,Adobe InDesign,3.5
1324,Sales,Sales Executive,Adobe Illustrator,3.5
1324,Sales,Sales Executive,Reading Comprehension,3.38
1324,Sales,Sales Executive,Active Learning,3.12
1324,Sales,Sales Executive,Mathematics,2.25
1329,Sales,Sales Executive,Microsoft PowerPoint,4.5
1329,Sales,Sales Executive,Microsoft Excel,4.5
1329,Sales,Sales Executive,Microsoft Office,4.5
1329,Sales,Sales Executive,Salesforce,4.5
1329,Sales,Sales Executive,Microsoft Outlook,4.5
1329,Sales,Sales Executive,Adobe Creative Cloud,3.5
1329,Sales,Sales Executive,Critical Thinking,3.5
1329,Sales,Sales Executive,Adobe Photoshop,3.5
1329,Sales,Sales Executive,Adobe Illustrator,3.5
1329,Sales,Sales Executive,Writing,3.25
1329,Sales,Sales Executive,Active Learning,3.12
1329,Sales,Sales Executive,Mathematics,2.25
1331,Sales,Sales Representative,Microsoft Excel,4.5
1331,Sales,Sales Representative,Microsoft Office,4.5
1331,Sales,Sales Representative,Active Listening,3.88
1331,Sales,Sales Representative,Microsoft Project,3.5
1331,Sales,Sales Representative,IBM SPSS Statistics,3.5
1331,Sales,Sales Representative,Microsoft Word,3.5
1331,Sales,Sales Representative,HubSpot,3.5
1331,Sales,Sales Representative,Microsoft Outlook,3.5
1331,Sales,Sales Representative,Writing,3.38
1331,Sales,Sales Representative,Monitoring,3.12
1331,Sales,Sales Representative,Mathematics,2.62
1333,Research & Development,Laboratory Technician,Microsoft Excel,4.5
1333,Research & Development,Laboratory Technician,Microsoft Office,4.5
1333,Research & Development,Laboratory Technician,Active Listening,3.62
1333,Research & Development,Laboratory Technician,SAP,3.5
1333,Research & Development,Laboratory Technician,Microsoft Word,3.5
1333,Research & Development,Laboratory Technician,Google Docs,3.5
1333,Research & Development,Laboratory Technician,Critical Thinking,3.25
1333,Research & Development,Laboratory Technician,Speaking,3.12
1333,Research & Development,Laboratory Technician,Monitoring,3.0
1333,Research & Development,Laboratory Technician,Science,3.0
1333,Research & Development,Laboratory Technician,Email,3.0
1333,Research & Development,Laboratory Technician,Active Learning,3.0
1334,Research & Development,Manager,Microsoft PowerPoint,4.5
1334,Research & Development,Manager,Microsoft Excel,4.5
1334,Research & Development,Manager,Microsoft Office,4.5
1334,Research & Development,Manager,Monitoring,4.0
1334,Research & Development,Manager,Active Listening,4.0
1334,Research & Development,Manager,Atlassian JIRA,3.5
1334,Research & Development,Manager,Atlassian Confluence,3.5
1334,Research & Development,Manager,Google Analytics,3.5
1334,Research & Development,Manager,Adobe Photoshop,3.5
1334,Research & Development,Manager,Autodesk AutoCAD,3.5
1334,Research & Development,Manager,Learning Strategies,3.0
1336,Research & Development,Manager,Monitoring,4.0
1336,Research & Development,Manager,Reading Comprehension,4.0
1336,Research & Development,Manager,Speaking,4.0
1336,Research & Development,Manager,Atlassian JIRA,3.5
1336,Research & Development,Manager,Atlassian Confluence,3.5
1336,Research & Development,Manager,Google Analytics,3.5
1338,Human Resources,Manager,Monitoring,4.0
1338,Human Resources,Manager,Reading Comprehension,4.0
1338,Human Resources,Manager,Critical Thinking,3.88
1338,Human Resources,Manager,Active Learning,3.62
1338,Human Resources,Manager,Atlassian JIRA,3.5
1338,Human Resources,Manager,Google Analytics,3.5
1338,Human Resources,Manager,Adobe Acrobat,3.5
1338,Human Resources,Manager,Writing,3.5
1338,Human Resources,Manager,Adobe Photoshop,3.5
1340,Research & Development,Research Scientist,Writing,4.25
1340,Research & Development,Research Scientist,Critical Thinking,4.0
1340,Research & Development,Research Scientist,Reading Comprehension,4.0
1340,Research & Development,Research Scientist,Active Listening,4.0
1340,Research & Development,Research Scientist,Mathematics,3.62
1340,Research & Development,Research Scientist,Microsoft Project,3.5
1340,Research & Development,Research Scientist,IBM SPSS Statistics,3.5
1340,Research & Development,Research Scientist,ESRI ArcGIS,3.5
1340,Research & Development,Research Scientist,SAS,3.5
1340,Research & Development,Research Scientist,Python,3.5
1344,Research & Development,Healthcare Representative,Microsoft Excel,4.5
1344,Research & Development,Healthcare Representative,Salesforce,4.5
1344,Research & Development,Healthcare Representative,Microsoft Outlook,4.5
1344,Research & Development,Healthcare Representative,Active Listening,4.12
1344,Research & Development,Healthcare Representative,Reading Comprehension,3.75
1344,Research & Development,Healthcare Representative,Amazon Web Services (AWS),3.5
1344,Research & Development,Healthcare Representative,Google Workspace,3.5
1344,Research & Development,Healthcare Representative,Active Learning,3.5
1344,Research & Development,Healthcare Representative,Microsoft Access,3.5
1344,Research & Development,Healthcare Representative,Critical Thinking,3.38
1344,Research & Development,Healthcare Representative,Mathematics,2.88
1346,Research & Development,Research Scientist,Microsoft Excel,4.5
1346,Research & Development,Research Scientist,R,4.5
1346,Research & Development,Research Scientist,Writing,4.25
1346,Research & Development,Research Scientist,Speaking,4.12
1346,Research & Development,Research Scientist,Reading Comprehension,4.0
1346,Research & Development,Research Scientist,Active Listening,4.0
1346,Research & Development,Research Scientist,Microsoft Project,3.5
1346,Research & Development,Research Scientist,IBM SPSS Statistics,3.5
1346,Research & Development,Research Scientist,SAS,3.5
1346,Research & Development,Research Scientist,Python,3.5
1346,Research & Development,Research Scientist,Adobe Photoshop,3.5
1349,Sales,Sales Executive,Microsoft Excel,4.5
1349,Sales,Sales Executive,Salesforce,4.5
1349,Sales,Sales Executive,Microsoft Outlook,4.5
1349,Sales,Sales Executive,Speaking,4.0
1349,Sales,Sales Executive,Active Listening,4.0
1349,Sales,Sales Executive,Adobe Creative Cloud,3.5
1349,Sales,Sales Executive,Adobe InDesign,3.5
1349,Sales,Sales Executive,Critical Thinking,3.5
1349,Sales,Sales Executive,Adobe Photoshop,3.5
1349,Sales,Sales Executive,Reading Comprehension,3.38
1349,Sales,Sales Executive,Writing,3.25
1349,Sales,Sales Executive,Active Learning,3.12
1349,Sales,Sales Executive,Mathematics,2.25
1350,Research & Development,Research Scientist,Microsoft Excel,4.5
1350,Research & Development,Research Scientist,R,4.5
1350,Research & Development,Research Scientist,Microsoft Office,4.5
1350,Research & Development,Research Scientist,Science,4.12
1350,Research & Development,Research Scientist,Speaking,4.12
1350,Research & Development,Research Scientist,Active Listening,4.0
1350,Research & Development,Research Scientist,Mathematics,3.62
1350,Research & Development,Research Scientist,MATLAB,3.5
1350,Research & Development,Research Scientist,ESRI ArcGIS,3.5
1350,Research & Development,Research Scientist,SAS,3.5
1350,Research & Development,Research Scientist,Python,3.5
1350,Research & Development,Research Scientist,Adobe Photoshop,3.5
1352,Human Resources,Manager,Microsoft PowerPoint,4.5
1352,Human Resources,Manager,Microsoft Excel,4.5
1352,Human Resources,Manager,Microsoft Office,4.5
1352,Human Resources,Manager,Monitoring,4.0
1352,Human Resources,Manager,Speaking,4.0
1352,Human Resources,Manager,Critical Thinking,3.88
1352,Human Resources,Manager,Active Learning,3.62
1352,Human Resources,Manager,Apple macOS,3.5
1352,Human Resources,Manager,Writing,3.5
1352,Human Resources,Manager,Adobe Photoshop,3.5
1352,Human Resources,Manager,Learning Strategies,3.0
1355,Sales,Sales Executive,Microsoft Excel,4.5
1355,Sales,Sales Executive,Microsoft Office,4.5
1355,Sales,Sales Executive,Salesforce,4.5
1355,Sales,Sales Executive,Microsoft Outlook,4.5
1355,Sales,Sales Executive,Speaking,4.0
1355,Sales,Sales Executive,Adobe Acrobat,3.5
1355,Sales,Sales Executive,Adobe Illustrator,3.5
1355,Sales,Sales Executive,Reading Comprehension,3.38
1355,Sales,Sales Executive,Writing,3.25
1355,Sales,Sales Executive,Monitoring,3.12
1355,Sales,Sales Executive,Active Learning,3.12
1356,Sales,Sales Executive,Microsoft Office,4.5
1356,Sales,Sales Executive,Salesforce,4.5
1356,Sales,Sales Executive,Microsoft Outlook,4.5
1356,Sales,Sales Executive,Active Listening,4.0
1356,Sales,Sales Executive,Adobe InDesign,3.5
1356,Sales,Sales Executive,Adobe Acrobat,3.5
1356,Sales,Sales Executive,Adobe Photoshop,3.5
1356,Sales,Sales Executive,Monitoring,3.12
1356,Sales,Sales Executive,Active Learning,3.12
1356,Sales,Sales Executive,Mathematics,2.25
1358,Research & Development,Laboratory Technician,Microsoft Excel,4.5
1358,Research & Development,Laboratory Technician,Active Listening,3.62
1358,Research & Development,Laboratory Technician,Microsoft PowerPoint,3.5
1358,Research & Development,Laboratory Technician,MEDITECH,3.5
1358,Research & Development,Laboratory Technician,Google Docs,3.5
1358,Research & Development,Laboratory Technician,Microsoft Outlook,3.5
1358,Research & Development,Laboratory Technician,Critical Thinking,3.25
1358,Research & Development,Laboratory Technician,Monitoring,3.0
1358,Research & Development,Laboratory Technician,Active Learning,3.0
1358,Research & Development,Laboratory Technician,Writing,3.0
1360,Research & Development,Manufacturing Director,SAP,4.5
1360,Research & Development,Manufacturing Director,Microsoft Excel,4.5
1360,Research & Development,Manufacturing Director,Active Listening,3.88
1360,Research & Development,Manufacturing Director,Adobe InDesign,3.5
1360,Research & Development,Manufacturing Director,Adobe Acrobat,3.5
1361,Research & Development,Laboratory Technician,Microsoft Office,4.5
1361,Research & Development,Laboratory Technician,SAP,3.5
1361,Research & Development,Laboratory Technician,Microsoft PowerPoint,3.5
1361,Research & Development,Laboratory Technician,Microsoft Word,3.5
1361,Research & Development,Laboratory Technician,MEDITECH,3.5
1361,Research & Development,Laboratory Technician,Google Docs,3.5
1361,Research & Development,Laboratory Technician,Microsoft Outlook,3.5
1361,Research & Development,Laboratory Technician,Science,3.0
1361,Research & Development,Laboratory Technician,Active Learning,3.0
1361,Research & Development,Laboratory Technician,Writing,3.0
1362,Sales,Sales Executive,Microsoft PowerPoint,4.5
1362,Sales,Sales Executive,Microsoft Excel,4.5
1362,Sales,Sales Executive,Microsoft Office,4.5
1362,Sales,Sales Executive,Salesforce,4.5
1362,Sales,Sales Executive,Microsoft Outlook,4.5
1362,Sales,Sales Executive,Adobe Creative Cloud,3.5
1362,Sales,Sales Executive,Adobe InDesign,3.5
1362,Sales,Sales Executive,Adobe Acrobat,3.5
1362,Sales,Sales Executive,Reading Comprehension,3.38
1362,Sales,Sales Executive,Writing,3.25
1362,Sales,Sales Executive,Monitoring,3.12
1362,Sales,Sales Executive,Mathematics,2.25
1363,Research & Development,Manufacturing Director,SAP,4.5
1363,Research & Development,Manufacturing Director,Microsoft Excel,4.5
1363,Research & Development,Manufacturing Director,Microsoft Office,4.5
1363,Research & Development,Manufacturing Director,Monitoring,4.0
1363,Research & Development,Manufacturing Director,Critical Thinking,4.0
1363,Research & Development,Manufacturing Director,Speaking,4.0
1363,Research & Development,Manufacturing Director,Reading Comprehension,3.88
1363,Research & Development,Manufacturing Director,Active Learning,3.62
1363,Research & Development,Manufacturing Director,Adobe After Effects,3.5
1363,Research & Development,Manufacturing Director,Adobe InDesign,3.5
1363,Research & Development,Manufacturing Director,Adobe Acrobat,3.5
1363,Research & Development,Manufacturing Director,Writing,3.38
1364,Sales,Sales Representative,Speaking,3.88
1364,Sales,Sales Representative,IBM SPSS Statistics,3.5
1364,Sales,Sales Representative,Microsoft PowerPoint,3.5
1364,Sales,Sales Representative,Apple macOS,3.5
1364,Sales,Sales Representative,HubSpot,3.5
1364,Sales,Sales Representative,Microsoft Outlook,3.5
1364,Sales,Sales Representative,Microsoft Project,3.5
1364,Sales,Sales Representative,Critical Thinking,3.38
1364,Sales,Sales Representative,Active Learning,3.38
1364,Sales,Sales Representative,Writing,3.38
1364,Sales,Sales Representative,Mathematics,2.62
1367,Research & Development,Manufacturing Director,SAP,4.5
1367,Research & Development,Manufacturing Director,Microsoft Excel,4.5
1367,Research & Development,Manufacturing Director,Monitoring,4.0
1367,Research & Development,Manufacturing Director,Speaking,4.0
1367,Research & Development,Manufacturing Director,Reading Comprehension,3.88
1367,Research & Development,Manufacturing Director,Learning Strategies,3.75
1367,Research & Development,Manufacturing Director,Active Learning,3.62
1367,Research & Development,Manufacturing Director,Adobe After Effects,3.5
1367,Research & Development,Manufacturing Director,Adobe InDesign,3.5
1367,Research & Development,Manufacturing Director,Adobe Acrobat,3.5
1367,Research & Development,Manufacturing Director,Adobe Photoshop,3.5
1367,Research & Development,Manufacturing Director,Autodesk AutoCAD,3.5
1367,Research & Development,Manufacturing Director,Writing,3.38
1368,Research & Development,Laboratory Technician,Microsoft Excel,4.5
1368,Research & Development,Laboratory Technician,Microsoft Office,4.5
1368,Research & Development,Laboratory Technician,Reading Comprehension,3.75
1368,Research & Development,Laboratory Technician,Active Listening,3.62
1368,Research & Development,Laboratory Technician,SAP,3.5
1368,Research & Development,Laboratory Technician,Microsoft Word,3.5
1368,Research & Development,Laboratory Technician,Microsoft Outlook,3.5
1368,Research & Development,Laboratory Technician,Critical Thinking,3.25
1368,Research & Development,Laboratory Technician,Monitoring,3.0
1368,Research & Development,Laboratory Technician,Electronic Medical Record (EMR),3.0
1368,Research & Development,Laboratory Technician,Science,3.0
1368,Research & Development,Laboratory Technician,Email,3.0
1368,Research & Development,Laboratory Technician,Active Learning,3.0
1368,Research & Development,Laboratory Technician,Writing,3.0
1369,Research & Development,Laboratory Technician,Microsoft Excel,4.5
1369,Research & Development,Laboratory Technician,Active Listening,3.62
1369,Research & Development,Laboratory Technician,SAP,3.5
1369,Research & Development,Laboratory Technician,Microsoft PowerPoint,3.5
1369,Research & Development,Laboratory Technician,Microsoft Word,3.5
1369,Research & Development,Laboratory Technician,MEDITECH,3.5
1369,Research & Development,Laboratory Technician,Google Docs,3.5
1369,Research & Development,Laboratory Technician,Critical Thinking,3.25
1369,Research & Development,Laboratory Technician,Speaking,3.12
1369,Research & Development,Laboratory Technician,Electronic Medical Record (EMR),3.0
1369,Research & Development,Laboratory Technician,Email,3.0
1369,Research & Development,Laboratory Technician,Active Learning,3.0
1369,Research & Development,Laboratory Technician,Writing,3.0
1371,Sales,Sales Executive,Microsoft PowerPoint,4.5
1371,Sales,Sales Executive,Adobe Creative Cloud,3.5
1371,Sales,Sales Executive,Adobe InDesign,3.5
1371,Sales,Sales Executive,Adobe Acrobat,3.5
1371,Sales,Sales Executive,Adobe Illustrator,3.5
1371,Sales,Sales Executive,Adobe Photoshop,3.5
1371,Sales,Sales Executive,Reading Comprehension,3.38
1371,Sales,Sales Executive,Monitoring,3.12
1371,Sales,Sales Executive,Active Learning,3.12
1372,Sales,Sales Executive,Microsoft Excel,4.5
1372,Sales,Sales Executive,Microsoft Outlook,4.5
1372,Sales,Sales Executive,Active Listening,4.0
1372,Sales,Sales Executive,Speaking,4.0
1372,Sales,Sales Executive,Adobe Creative Cloud,3.5
1372,Sales,Sales Executive,Adobe InDesign,3.5
1372,Sales,Sales Executive,Critical Thinking,3.5
1372,Sales,Sales Executive,Adobe Photoshop,3.5
1372,Sales,Sales Executive,Adobe Illustrator,3.5
1372,Sales,Sales Executive,Reading Comprehension,3.38
1372,Sales,Sales Executive,Writing,3.25
1373,Research & Development,Manufacturing Director,Microsoft Outlook,4.5
1373,Research & Development,Manufacturing Director,Speaking,4.0
1373,Research & Development,Manufacturing Director,Reading Comprehension,3.88
1373,Research & Development,Manufacturing Director,Active Listening,3.88
1373,Research & Development,Manufacturing Director,Learning Strategies,3.75
1373,Research & Development,Manufacturing Director,Adobe After Effects,3.5
1373,Research & Development,Manufacturing Director,Adobe InDesign,3.5
1373,Research & Development,Manufacturing Director,Adobe Photoshop,3.5
1373,Research & Development,Manufacturing Director,Autodesk AutoCAD,3.5
1373,Research & Development,Manufacturing Director,Writing,3.38
1374,Research & Development,Research Scientist,Microsoft Office,4.5
1374,Research & Development,Research Scientist,Writing,4.25
1374,Research & Development,Research Scientist,Speaking,4.12
1374,Research & Development,Research Scientist,Critical Thinking,4.0
1374,Research & Development,Research Scientist,Reading Comprehension,4.0
1374,Research & Development,Research Scientist,Active Listening,4.0
1374,Research & Development,Research Scientist,Mathematics,3.62
1374,Research & Development,Research Scientist,Microsoft Project,3.5
1374,Research & Development,Research Scientist,IBM SPSS Statistics,3.5
1374,Research & Development,Research Scientist,ESRI ArcGIS,3.5
1374,Research & Development,Research Scientist,SAS,3.5
1375,Research & Development,Healthcare Representative,Microsoft Office,4.5
1375,Research & Development,Healthcare Representative,Salesforce,4.5
1375,Research & Development,Healthcare Representative,Speaking,4.25
1375,Research & Development,Healthcare Representative,Active Listening,4.12
1375,Research & Development,Healthcare Representative,Linux,3.5
1375,Research & Development,Healthcare Representative,Microsoft Azure,3.5
1375,Research & Development,Healthcare Representative,Apache Hadoop,3.5
1375,Research & Development,Healthcare Representative,Microsoft Access,3.5
1375,Research & Development,Healthcare Representative,Critical Thinking,3.38
1375,Research & Development,Healthcare Representative,Writing,3.38
1375,Research & Development,Healthcare Representative,Monitoring,3.12
1375,Research & Development,Healthcare Representative,Mathematics,2.88
1377,Research & Development,Laboratory Technician,Microsoft Office,4.5
1377,Research & Development,Laboratory Technician,Reading Comprehension,3.75
1377,Research & Development,Laboratory Technician,Google Docs,3.5
1377,Research & Development,Laboratory Technician,Monitoring,3.0
1377,Research & Development,Laboratory Technician,Email,3.0
1377,Research & Development,Laboratory Technician,Active Learning,3.0
1377,Research & Development,Laboratory Technician,Writing,3.0
1379,Sales,Sales Representative,Microsoft Excel,4.5
1379,Sales,Sales Representative,Speaking,3.88
1379,Sales,Sales Representative,Active Listening,3.88
1379,Sales,Sales Representative,Reading Comprehension,3.62
1379,Sales,Sales Representative,Microsoft PowerPoint,3.5
1379,Sales,Sales Representative,Apple macOS,3.5
1379,Sales,Sales Representative,HubSpot,3.5
1379,Sales,Sales Representative,Microsoft Outlook,3.5
1379,Sales,Sales Representative,Critical Thinking,3.38
1379,Sales,Sales Representative,Writing,3.38
1379,Sales,Sales Representative,Monitoring,3.12
1380,Sales,Sales Executive,Microsoft PowerPoint,4.5
1380,Sales,Sales Executive,Microsoft Excel,4.5
1380,Sales,Sales Executive,Microsoft Office,4.5
1380,Sales,Sales Executive,Active Listening,4.0
1380,Sales,Sales Executive,Adobe Creative Cloud,3.5
1380,Sales,Sales Executive,Adobe InDesign,3.5
1380,Sales,Sales Executive,Adobe Acrobat,3.5
1380,Sales,Sales Executive,Adobe Illustrator,3.5
1380,Sales,Sales Executive,Adobe Photoshop,3.5
1380,Sales,Sales Executive,Writing,3.25
1380,Sales,Sales Executive,Mathematics,2.25
1382,Research & Development,Research Scientist,Microsoft Excel,4.5
1382,Research & Development,Research Scientist,Microsoft Office,4.5
1382,Research & Development,Research Scientist,Critical Thinking,4.0
1382,Research & Development,Research Scientist,Reading Comprehension,4.0
1382,Research & Development,Research Scientist,Active Listening,4.0
1382,Research & Development,Research Scientist,Mathematics,3.62
1382,Research & Development,Research Scientist,Microsoft Project,3.5
1382,Research & Development,Research Scientist,IBM SPSS Statistics,3.5
1382,Research & Development,Research Scientist,ESRI ArcGIS,3.5
1382,Research & Development,Research Scientist,SAS,3.5
1382,Research & Development,Research Scientist,Adobe Photoshop,3.5
1383,Research & Development,Healthcare Representative,Salesforce,4.5
1383,Research & Development,Healthcare Representative,Microsoft Outlook,4.5
1383,Research & Development,Healthcare Representative,Active Listening,4.12
1383,Research & Development,Healthcare Representative,Reading Comprehension,3.75
1383,Research & Development,Healthcare Representative,Amazon Web Services (AWS),3.5
1383,Research & Development,Healthcare Representative,Google Workspace,3.5
1383,Research & Development,Healthcare Representative,Linux,3.5
1383,Research & Development,Healthcare Representative,Microsoft Azure,3.5
1383,Research & Development,Healthcare Representative,Apache Hadoop,3.5
1383,Research & Development,Healthcare Representative,Active Learning,3.5
1383,Research & Development,Healthcare Representative,Microsoft Access,3.5
1383,Research & Development,Healthcare Representative,Writing,3.38
1383,Research & Development,Healthcare Representative,Monitoring,3.12
1383,Research & Development,Healthcare Representative,Mathematics,2.88
1387,Sales,Sales Executive,Microsoft PowerPoint,4.5
1387,Sales,Sales Executive,Microsoft Excel,4.5
1387,Sales,Sales Executive,Microsoft Outlook,4.5
1387,Sales,Sales Executive,Active Listening,4.0
1387,Sales,Sales Executive,Adobe Creative Cloud,3.5
1387,Sales,Sales Executive,Critical Thinking,3.5
1387,Sales,Sales Executive,Adobe Acrobat,3.5
1387,Sales,Sales Executive,Adobe Photoshop,3.5
1387,Sales,Sales Executive,Adobe Illustrator,3.5
1387,Sales,Sales Executive,Reading Comprehension,3.38
1387,Sales,Sales Executive,Writing,3.25
1387,Sales,Sales Executive,Monitoring,3.12
1387,Sales,Sales Executive,Active Learning,3.12
1387,Sales,Sales Executive,Mathematics,2.25
1389,Research & Development,Manufacturing Director,SAP,4.5
1389,Research & Development,Manufacturing Director,Microsoft PowerPoint,4.5
1389,Research & Development,Manufacturing Director,Microsoft Excel,4.5
1389,Research & Development,Manufacturing Director,Microsoft Office,4.5
1389,Research & Development,Manufacturing Director,Monitoring,4.0
1389,Research & Development,Manufacturing Director,Critical Thinking,4.0
1389,Research & Development,Manufacturing Director,Adobe After Effects,3.5
1389,Research & Development,Manufacturing Director,Adobe InDesign,3.5
1389,Research & Development,Manufacturing Director,Adobe Acrobat,3.5
1389,Research & Development,Manufacturing Director,Autodesk AutoCAD,3.5
1389,Research & Development,Manufacturing Director,Writing,3.38
1390,Sales,Sales Executive,Microsoft Excel,4.5
1390,Sales,Sales Executive,Microsoft Office,4.5
1390,Sales,Sales Executive,Salesforce,4.5
1390,Sales,Sales Executive,Adobe Creative Cloud,3.5
1390,Sales,Sales Executive,Adobe InDesign,3.5
1390,Sales,Sales Executive,Reading Comprehension,3.38
1390,Sales,Sales Executive,Writing,3.25
1390,Sales,Sales Executive,Mathematics,2.25
1391,Sales,Sales Executive,Microsoft PowerPoint,4.5
1391,Sales,Sales Executive,Adobe Creative Cloud,3.5
1391,Sales,Sales Executive,Adobe InDesign,3.5
1391,Sales,Sales Executive,Critical Thinking,3.5
1391,Sales,Sales Executive,Adobe Acrobat,3.5
1391,Sales,Sales Executive,Adobe Illustrator,3.5
1391,Sales,Sales Executive,Adobe Photoshop,3.5
1391,Sales,Sales Executive,Monitoring,3.12
1391,Sales,Sales Executive,Active Learning,3.12
1392,Research & Development,Research Scientist,Microsoft Excel,4.5
1392,Research & Development,Research Scientist,R,4.5
1392,Research & Development,Research Scientist,Critical Thinking,4.0
1392,Research & Development,Research Scientist,Reading Comprehension,4.0
1392,Research & Development,Research Scientist,Mathematics,3.62
1392,Research & Development,Research Scientist,Adobe Photoshop,3.5
1394,Research & Development,Research Scientist,Microsoft Excel,4.5
1394,Research & Development,Research Scientist,R,4.5
1394,Research & Development,Research Scientist,Microsoft Office,4.5
1394,Research & Development,Research Scientist,Writing,4.25
1394,Research & Development,Research Scientist,Science,4.12
1394,Research & Development,Research Scientist,Speaking,4.12
1394,Research & Development,Research Scientist,Reading Comprehension,4.0
1394,Research & Development,Research Scientist,Active Listening,4.0
1394,Research & Development,Research Scientist,Mathematics,3.62
1394,Research & Development,Research Scientist,MATLAB,3.5
1394,Research & Development,Research Scientist,IBM SPSS Statistics,3.5
1394,Research & Development,Research Scientist,Microsoft Project,3.5
1394,Research & Development,Research Scientist,ESRI ArcGIS,3.5
1394,Research & Development,Research Scientist,SAS,3.5
1394,Research & Development,Research Scientist,Python,3.5
1394,Research & Development,Research Scientist,Adobe Photoshop,3.5
1395,Sales,Sales Executive,Microsoft PowerPoint,4.5
1395,Sales,Sales Executive,Microsoft Excel,4.5
1395,Sales,Sales Executive,Microsoft Outlook,4.5
1395,Sales,Sales Executive,Active Listening,4.0
1395,Sales,Sales Executive,Speaking,4.0
1395,Sales,Sales Executive,Adobe Creative Cloud,3.5
1395,Sales,Sales Executive,Critical Thinking,3.5
1395,Sales,Sales Executive,Adobe Acrobat,3.5
1395,Sales,Sales Executive,Adobe Photoshop,3.5
1395,Sales,Sales Executive,Adobe Illustrator,3.5
1395,Sales,Sales Executive,Mathematics,2.25
1396,Sales,Sales Executive,Microsoft Office,4.5
1396,Sales,Sales Executive,Salesforce,4.5
1396,Sales,Sales Executive,Active Listening,4.0
1396,Sales,Sales Executive,Adobe InDesign,3.5
1396,Sales,Sales Executive,Adobe Acrobat,3.5
1396,Sales,Sales Executive,Adobe Illustrator,3.5
1396,Sales,Sales Executive,Adobe Photoshop,3.5
1396,Sales,Sales Executive,Writing,3.25
1396,Sales,Sales Executive,Monitoring,3.12
1396,Sales,Sales Executive,Active Learning,3.12
1397,Research & Development,Healthcare Representative,Microsoft Excel,4.5
1397,Research & Development,Healthcare Representative,Microsoft Office,4.5
1397,Research & Development,Healthcare Representative,Salesforce,4.5
1397,Research & Development,Healthcare Representative,Microsoft Outlook,4.5
1397,Research & Development,Healthcare Representative,Speaking,4.25
1397,Research & Development,Healthcare Representative,Active Listening,4.12
1397,Research & Development,Healthcare Representative,Amazon Web Services (AWS),3.5
1397,Research & Development,Healthcare Representative,Google Workspace,3.5
1397,Research & Development,Healthcare Representative,Linux,3.5
1397,Research & Development,Healthcare Representative,Microsoft Azure,3.5
1397,Research & Development,Healthcare Representative,Apache Hadoop,3.5
1397,Research & Development,Healthcare Representative,Critical Thinking,3.38
1397,Research & Development,Healthcare Representative,Mathematics,2.88
1399,Sales,Sales Executive,Microsoft Excel,4.5
1399,Sales,Sales Executive,Adobe Creative Cloud,3.5
1399,Sales,Sales Executive,Adobe InDesign,3.5
1399,Sales,Sales Executive,Adobe Acrobat,3.5
1399,Sales,Sales Executive,Monitoring,3.12
1399,Sales,Sales Executive,Active Learning,3.12
1399,Sales,Sales Executive,Mathematics,2.25
1401,Research & Development,Manufacturing Director,SAP,4.5
1401,Research & Development,Manufacturing Director,Microsoft PowerPoint,4.5
1401,Research & Development,Manufacturing Director,Microsoft Excel,4.5
1401,Research & Development,Manufacturing Director,Monitoring,4.0
1401,Research & Development,Manufacturing Director,Reading Comprehension,3.88
1401,Research & Development,Manufacturing Director,Active Listening,3.88
1401,Research & Development,Manufacturing Director,Learning Strategies,3.75
1401,Research & Development,Manufacturing Director,Adobe After Effects,3.5
1401,Research & Development,Manufacturing Director,Adobe InDesign,3.5
1401,Research & Development,Manufacturing Director,Adobe Acrobat,3.5
1401,Research & Development,Manufacturing Director,Adobe Photoshop,3.5
1401,Research & Development,Manufacturing Director,Autodesk AutoCAD,3.5
1401,Research & Development,Manufacturing Director,Writing,3.38
1402,Research & Development,Research Scientist,R,4.5
1402,Research & Development,Research Scientist,Microsoft Office,4.5
1402,Research & Development,Research Scientist,Science,4.12
1402,Research & Development,Research Scientist,Active Learning,4.12
1402,Research & Development,Research Scientist,Reading Comprehension,4.0
1402,Research & Development,Research Scientist,Mathematics,3.62
1402,Research & Development,Research Scientist,MATLAB,3.5
1402,Research & Development,Research Scientist,IBM SPSS Statistics,3.5
1402,Research & Development,Research Scientist,ESRI ArcGIS,3.5
1402,Research & Development,Research Scientist,SAS,3.5
1402,Research & Development,Research Scientist,Python,3.5
1403,Sales,Sales Executive,Microsoft PowerPoint,4.5
1403,Sales,Sales Executive,Salesforce,4.5
1403,Sales,Sales Executive,Speaking,4.0
1403,Sales,Sales Executive,Active Listening,4.0
1403,Sales,Sales Executive,Adobe Creative Cloud,3.5
1403,Sales,Sales Executive,Adobe InDesign,3.5
1403,Sales,Sales Executive,Adobe Acrobat,3.5
1403,Sales,Sales Executive,Adobe Illustrator,3.5
1403,Sales,Sales Executive,Adobe Photoshop,3.5
1403,Sales,Sales Executive,Reading Comprehension,3.38
1403,Sales,Sales Executive,Writing,3.25
1403,Sales,Sales Executive,Active Learning,3.12
1403,Sales,Sales Executive,Mathematics,2.25
1405,Research & Development,Research Scientist,Microsoft Excel,4.5
1405,Research & Development,Research Scientist,R,4.5
1405,Research & Development,Research Scientist,Microsoft Office,4.5
1405,Research & Development,Research Scientist,Science,4.12
1405,Research & Development,Research Scientist,Critical Thinking,4.0
1405,Research & Development,Research Scientist,Reading Comprehension,4.0
1405,Research & Development,Research Scientist,Active Listening,4.0
1405,Research & Development,Research Scientist,Mathematics,3.62
1405,Research & Development,Research Scientist,Microsoft Project,3.5
1405,Research & Development,Research Scientist,IBM SPSS Statistics,3.5
1405,Research & Development,Research Scientist,ESRI ArcGIS,3.5
1405,Research & Development,Research Scientist,Python,3.5
1405,Research & Development,Research Scientist,Adobe Photoshop,3.5
1407,Research & Development,Research Scientist,Microsoft Excel,4.5
1407,Research & Development,Research Scientist,R,4.5
1407,Research & Development,Research Scientist,Microsoft Office,4.5
1407,Research & Development,Research Scientist,Writing,4.25
1407,Research & Development,Research Scientist,Science,4.12
1407,Research & Development,Research Scientist,Speaking,4.12
1407,Research & Development,Research Scientist,Reading Comprehension,4.0
1407,Research & Development,Research Scientist,Active Listening,4.0
1407,Research & Development,Research Scientist,Mathematics,3.62
1407,Research & Development,Research Scientist,MATLAB,3.5
1407,Research & Development,Research Scientist,IBM SPSS Statistics,3.5
1407,Research & Development,Research Scientist,ESRI ArcGIS,3.5
1407,Research & Development,Research Scientist,Python,3.5
1407,Research & Development,Research Scientist,Adobe Photoshop,3.5
1408,Human Resources,Manager,Microsoft Excel,4.5
1408,Human Resources,Manager,Microsoft Office,4.5
1408,Human Resources,Manager,Monitoring,4.0
1408,Human Resources,Manager,Reading Comprehension,4.0
1408,Human Resources,Manager,Active Learning,3.62
1408,Human Resources,Manager,Adobe Acrobat,3.5
1408,Human Resources,Manager,Writing,3.5
1408,Human Resources,Manager,Adobe Photoshop,3.5
1409,Research & Development,Laboratory Technician,Reading Comprehension,3.75
1409,Research & Development,Laboratory Technician,Active Listening,3.62
1409,Research & Development,Laboratory Technician,SAP,3.5
1409,Research & Development,Laboratory Technician,Microsoft PowerPoint,3.5
1409,Research & Development,Laboratory Technician,Microsoft Word,3.5
1409,Research & Development,Laboratory Technician,MEDITECH,3.5
1409,Research & Development,Laboratory Technician,Google Docs,3.5
1409,Research & Development,Laboratory Technician,Microsoft Outlook,3.5
1409,Research & Development,Laboratory Technician,Monitoring,3.0
1409,Research & Development,Laboratory Technician,Electronic Medical Record (EMR),3.0
1409,Research & Development,Laboratory Technician,Science,3.0
1409,Research & Development,Laboratory Technician,Email,3.0
1409,Research & Development,Laboratory Technician,Active Learning,3.0
1411,Research & Development,Laboratory Technician,Microsoft Office,4.5
1411,Research & Development,Laboratory Technician,Microsoft PowerPoint,3.5
1411,Research & Development,Laboratory Technician,Microsoft Word,3.5
1411,Research & Development,Laboratory Technician,MEDITECH,3.5
1411,Research & Development,Laboratory Technician,Microsoft Outlook,3.5
1411,Research & Development,Laboratory Technician,Speaking,3.12
1411,Research & Development,Laboratory Technician,Electronic Medical Record (EMR),3.0
1411,Research & Development,Laboratory Technician,Science,3.0
1411,Research & Development,Laboratory Technician,Email,3.0
1411,Research & Development,Laboratory Technician,Active Learning,3.0
1412,Research & Development,Manufacturing Director,Microsoft PowerPoint,4.5
1412,Research & Development,Manufacturing Director,Microsoft Office,4.5
1412,Research & Development,Manufacturing Director,Microsoft Outlook,4.5
1412,Research & Development,Manufacturing Director,Monitoring,4.0
1412,Research & Development,Manufacturing Director,Critical Thinking,4.0
1412,Research & Development,Manufacturing Director,Speaking,4.0
1412,Research & Development,Manufacturing Director,Reading Comprehension,3.88
1412,Research & Development,Manufacturing Director,Active Listening,3.88
1412,Research & Development,Manufacturing Director,Learning Strategies,3.75
1412,Research & Development,Manufacturing Director,Active Learning,3.62
1412,Research & Development,Manufacturing Director,Adobe InDesign,3.5
1412,Research & Development,Manufacturing Director,Adobe Photoshop,3.5
1412,Research & Development,Manufacturing Director,Writing,3.38
1415,Research & Development,Laboratory Technician,Microsoft Excel,4.5
1415,Research & Development,Laboratory Technician,Active Listening,3.62
1415,Research & Development,Laboratory Technician,SAP,3.5
1415,Research & Development,Laboratory Technician,Microsoft PowerPoint,3.5
1415,Research & Development,Laboratory Technician,Microsoft Word,3.5
1415,Research & Development,Laboratory Technician,MEDITECH,3.5
1415,Research & Development,Laboratory Technician,Google Docs,3.5
1415,Research & Development,Laboratory Technician,Microsoft Outlook,3.5
1415,Research & Development,Laboratory Technician,Critical Thinking,3.25
1415,Research & Development,Laboratory Technician,Electronic Medical Record (EMR),3.0
1415,Research & Development,Laboratory Technician,Science,3.0
1415,Research & Development,Laboratory Technician,Email,3.0
1417,Research & Development,Laboratory Technician,Microsoft Excel,4.5
1417,Research & Development,Laboratory Technician,Microsoft Office,4.5
1417,Research & Development,Laboratory Technician,Reading Comprehension,3.75
1417,Research & Development,Laboratory Technician,Active Listening,3.62
1417,Research & Development,Laboratory Technician,Microsoft PowerPoint,3.5
1417,Research & Development,Laboratory Technician,Microsoft Word,3.5
1417,Research & Development,Laboratory Technician,MEDITECH,3.5
1417,Research & Development,Laboratory Technician,Google Docs,3.5
1417,Research & Development,Laboratory Technician,Speaking,3.12
1417,Research & Development,Laboratory Technician,Monitoring,3.0
1417,Research & Development,Laboratory Technician,Electronic Medical Record (EMR),3.0
1417,Research & Development,Laboratory Technician,Science,3.0
1417,Research & Development,Laboratory Technician,Active Learning,3.0
1417,Research & Development,Laboratory Technician,Writing,3.0
1419,Human Resources,Human Resources,Microsoft PowerPoint,4.5
1419,Human Resources,Human Resources,Microsoft Excel,4.5
1419,Human Resources,Human Resources,Microsoft Office,4.5
1419,Human Resources,Human Resources,Oracle HRIS,4.0
1419,Human Resources,Human Resources,Active Listening,4.0
1419,Human Resources,Human Resources,Writing,3.88
1419,Human Resources,Human Resources,Adobe Acrobat,3.5
1419,Human Resources,Human Resources,Learning Strategies,3.0
1420,Research & Development,Laboratory Technician,Active Listening,3.62
1420,Research & Development,Laboratory Technician,SAP,3.5
1420,Research & Development,Laboratory Technician,Microsoft Outlook,3.5
1420,Research & Development,Laboratory Technician,Critical Thinking,3.25
1420,Research & Development,Laboratory Technician,Active Learning,3.0
1421,Research & Development,Healthcare Representative,Microsoft Excel,4.5
1421,Research & Development,Healthcare Representative,Microsoft Office,4.5
1421,Research & Development,Healthcare Representative,Salesforce,4.5
1421,Research & Development,Healthcare Representative,Microsoft Outlook,4.5
1421,Research & Development,Healthcare Representative,Speaking,4.25
1421,Research & Development,Healthcare Representative,Active Listening,4.12
1421,Research & Development,Healthcare Representative,Reading Comprehension,3.75
1421,Research & Development,Healthcare Representative,Microsoft Azure,3.5
1421,Research & Development,Healthcare Representative,Apache Hadoop,3.5
1421,Research & Development,Healthcare Representative,Active Learning,3.5
1421,Research & Development,Healthcare Representative,Microsoft Access,3.5
1421,Research & Development,Healthcare Representative,Critical Thinking,3.38
1421,Research & Development,Healthcare Representative,Writing,3.38
1422,Research & Development,Research Director,Microsoft PowerPoint,4.5
1422,Research & Development,Research Director,Microsoft Excel,4.5
1422,Research & Development,Research Director,Monitoring,4.0
1422,Research & Development,Research Director,Active Listening,4.0
1422,Research & Development,Research Director,Writing,3.88
1422,Research & Development,Research Director,Microsoft SharePoint,3.5
1422,Research & Development,Research Director,ESRI ArcGIS,3.5
1422,Research & Development,Research Director,Microsoft Visio,3.5
1423,Research & Development,Research Director,Critical Thinking,4.0
1423,Research & Development,Research Director,Active Listening,4.0
1423,Research & Development,Research Director,Microsoft SharePoint,3.5
1423,Research & Development,Research Director,ESRI ArcGIS,3.5
1423,Research & Development,Research Director,Microsoft Visio,3.5
1423,Research & Development,Research Director,Microsoft Access,3.5
1424,Research & Development,Research Director,Microsoft Excel,4.5
1424,Research & Development,Research Director,Reading Comprehension,4.0
1424,Research & Development,Research Director,IBM SPSS Statistics,3.5
1424,Research & Development,Research Director,Active Learning,3.5
1424,Research & Development,Research Director,Microsoft Visio,3.5
1424,Research & Development,Research Director,Adobe Acrobat,3.5
1424,Research & Development,Research Director,Microsoft Project,3.5
1425,Sales,Sales Executive,Adobe InDesign,3.5
1425,Sales,Sales Executive,Adobe Acrobat,3.5
1425,Sales,Sales Executive,Adobe Illustrator,3.5
1425,Sales,Sales Executive,Reading Comprehension,3.38
1425,Sales,Sales Executive,Monitoring,3.12
1425,Sales,Sales Executive,Mathematics,2.25
1427,Sales,Sales Representative,Microsoft Excel,4.5
1427,Sales,Sales Representative,Reading Comprehension,3.62
1427,Sales,Sales Representative,Microsoft PowerPoint,3.5
1427,Sales,Sales Representative,Apple macOS,3.5
1427,Sales,Sales Representative,Microsoft Word,3.5
1427,Sales,Sales Representative,Microsoft Outlook,3.5
1427,Sales,Sales Representative,Microsoft Project,3.5
1427,Sales,Sales Representative,Active Learning,3.38
1427,Sales,Sales Representative,Writing,3.38
1427,Sales,Sales Representative,Monitoring,3.12
1427,Sales,Sales Representative,Mathematics,2.62
1428,Sales,Sales Executive,Microsoft Outlook,4.5
1428,Sales,Sales Executive,Active Listening,4.0
1428,Sales,Sales Executive,Adobe Creative Cloud,3.5
1428,Sales,Sales Executive,Adobe Acrobat,3.5
1428,Sales,Sales Executive,Writing,3.25
1428,Sales,Sales Executive,Monitoring,3.12
1428,Sales,Sales Executive,Mathematics,2.25
1430,Research & Development,Research Director,Science,4.12
1430,Research & Development,Research Director,Reading Comprehension,4.0
1430,Research & Development,Research Director,Active Listening,4.0
1430,Research & Development,Research Director,Speaking,3.88
1430,Research & Development,Research Director,IBM SPSS Statistics,3.5
1430,Research & Development,Research Director,Microsoft Visio,3.5
1430,Research & Development,Research Director,Active Learning,3.5
1430,Research & Development,Research Director,Microsoft Access,3.5
1431,Research & Development,Research Scientist,Science,4.12
1431,Research & Development,Research Scientist,Speaking,4.12
1431,Research & Development,Research Scientist,Active Learning,4.12
1431,Research & Development,Research Scientist,Reading Comprehension,4.0
1431,Research & Development,Research Scientist,Active Listening,4.0
1431,Research & Development,Research Scientist,MATLAB,3.5
1431,Research & Development,Research Scientist,Microsoft Project,3.5
1431,Research & Development,Research Scientist,IBM SPSS Statistics,3.5
1431,Research & Development,Research Scientist,ESRI ArcGIS,3.5
1431,Research & Development,Research Scientist,SAS,3.5
1433,Research & Development,Research Scientist,Science,4.12
1433,Research & Development,Research Scientist,Critical Thinking,4.0
1433,Research & Development,Research Scientist,Mathematics,3.62
1433,Research & Development,Research Scientist,IBM SPSS Statistics,3.5
1433,Research & Development,Research Scientist,ESRI ArcGIS,3.5
1433,Research & Development,Research Scientist,SAS,3.5
1433,Research & Development,Research Scientist,Adobe Photoshop,3.5
1433,Research & Development,Research Scientist,Microsoft Project,3.5
1434,Research & Development,Laboratory Technician,Microsoft Excel,4.5
1434,Research & Development,Laboratory Technician,Microsoft Office,4.5
1434,Research & Development,Laboratory Technician,Reading Comprehension,3.75
1434,Research & Development,Laboratory Technician,Active Listening,3.62
1434,Research & Development,Laboratory Technician,SAP,3.5
1434,Research & Development,Laboratory Technician,MEDITECH,3.5
1434,Research & Development,Laboratory Technician,Google Docs,3.5
1434,Research & Development,Laboratory Technician,Microsoft Outlook,3.5
1434,Research & Development,Laboratory Technician,Speaking,3.12
1434,Research & Development,Laboratory Technician,Monitoring,3.0
1434,Research & Development,Laboratory Technician,Science,3.0
1434,Research & Development,Laboratory Technician,Email,3.0
1434,Research & Development,Laboratory Technician,Active Learning,3.0
1435,Research & Development,Laboratory Technician,Microsoft Excel,4.5
1435,Research & Development,Laboratory Technician,Reading Comprehension,3.75
1435,Research & Development,Laboratory Technician,Active Listening,3.62
1435,Research & Development,Laboratory Technician,SAP,3.5
1435,Research & Development,Laboratory Technician,Microsoft PowerPoint,3.5
1435,Research & Development,Laboratory Technician,Microsoft Word,3.5
1435,Research & Development,Laboratory Technician,Microsoft Outlook,3.5
1435,Research & Development,Laboratory Technician,Monitoring,3.0
1435,Research & Development,Laboratory Technician,Electronic Medical Record (EMR),3.0
1435,Research & Development,Laboratory Technician,Science,3.0
1435,Research & Development,Laboratory Technician,Email,3.0
1436,Sales,Sales Executive,Microsoft Office,4.5
1436,Sales,Sales Executive,Salesforce,4.5
1436,Sales,Sales Executive,Speaking,4.0
1436,Sales,Sales Executive,Adobe InDesign,3.5
1436,Sales,Sales Executive,Adobe Acrobat,3.5
1436,Sales,Sales Executive,Adobe Photoshop,3.5
1436,Sales,Sales Executive,Monitoring,3.12
1436,Sales,Sales Executive,Mathematics,2.25
1438,Research & Development,Research Scientist,Microsoft Excel,4.5
1438,Research & Development,Research Scientist,R,4.5
1438,Research & Development,Research Scientist,Writing,4.25
1438,Research & Development,Research Scientist,Speaking,4.12
1438,Research & Development,Research Scientist,Critical Thinking,4.0
1438,Research & Development,Research Scientist,Mathematics,3.62
1438,Research & Development,Research Scientist,MATLAB,3.5
1438,Research & Development,Research Scientist,ESRI ArcGIS,3.5
1438,Research & Development,Research Scientist,SAS,3.5
1438,Research & Development,Research Scientist,Python,3.5
1438,Research & Development,Research Scientist,Adobe Photoshop,3.5
1438,Research & Development,Research Scientist,Microsoft Project,3.5
1439,Sales,Sales Representative,Microsoft Excel,4.5
1439,Sales,Sales Representative,Salesforce,4.5
1439,Sales,Sales Representative,Microsoft Office,4.5
1439,Sales,Sales Representative,Active Listening,3.88
1439,Sales,Sales Representative,Speaking,3.88
1439,Sales,Sales Representative,Apple macOS,3.5
1439,Sales,Sales Representative,Microsoft PowerPoint,3.5
1439,Sales,Sales Representative,Microsoft Outlook,3.5
1439,Sales,Sales Representative,IBM SPSS Statistics,3.5
1439,Sales,Sales Representative,Microsoft Word,3.5
1439,Sales,Sales Representative,HubSpot,3.5
1439,Sales,Sales Representative,Microsoft Project,3.5
1439,Sales,Sales Representative,Critical Thinking,3.38
1439,Sales,Sales Representative,Writing,3.38
1439,Sales,Sales Representative,Mathematics,2.62
1440,Research & Development,Laboratory Technician,Microsoft Excel,4.5
1440,Research & Development,Laboratory Technician,Reading Comprehension,3.75
1440,Research & Development,Laboratory Technician,SAP,3.5
1440,Research & Development,Laboratory Technician,Microsoft PowerPoint,3.5
1440,Research & Development,Laboratory Technician,Microsoft Outlook,3.5
1440,Research & Development,Laboratory Technician,Critical Thinking,3.25
1440,Research & Development,Laboratory Technician,Monitoring,3.0
1440,Research & Development,Laboratory Technician,Electronic Medical Record (EMR),3.0
1440,Research & Development,Laboratory Technician,Science,3.0
1440,Research & Development,Laboratory Technician,Active Learning,3.0
1440,Research & Development,Laboratory Technician,Writing,3.0
1441,Research & Development,Research Scientist,Microsoft Excel,4.5
1441,Research & Development,Research Scientist,R,4.5
1441,Research & Development,Research Scientist,Writing,4.25
1441,Research & Development,Research Scientist,Active Learning,4.12
1441,Research & Development,Research Scientist,Critical Thinking,4.0
1441,Research & Development,Research Scientist,ESRI ArcGIS,3.5
1441,Research & Development,Research Scientist,Python,3.5
1441,Research & Development,Research Scientist,Microsoft Project,3.5
1443,Research & Development,Research Director,Microsoft Office,4.5
1443,Research & Development,Research Director,Reading Comprehension,4.0
1443,Research & Development,Research Director,Active Listening,4.0
1443,Research & Development,Research Director,Speaking,3.88
1443,Research & Development,Research Director,Active Learning,3.5
1443,Research & Development,Research Director,Microsoft Visio,3.5
1443,Research & Development,Research Director,Adobe Acrobat,3.5
1443,Research & Development,Research Director,Microsoft Access,3.5
1445,Sales,Sales Executive,Microsoft Excel,4.5
1445,Sales,Sales Executive,Microsoft Office,4.5
1445,Sales,Sales Executive,Salesforce,4.5
1445,Sales,Sales Executive,Speaking,4.0
1445,Sales,Sales Executive,Active Listening,4.0
1445,Sales,Sales Executive,Adobe Creative Cloud,3.5
1445,Sales,Sales Executive,Adobe InDesign,3.5
1445,Sales,Sales Executive,Adobe Illustrator,3.5
1445,Sales,Sales Executive,Adobe Photoshop,3.5
1445,Sales,Sales Executive,Reading Comprehension,3.38
1445,Sales,Sales Executive,Writing,3.25
1445,Sales,Sales Executive,Monitoring,3.12
1445,Sales,Sales Executive,Active Learning,3.12
1446,Sales,Sales Executive,Microsoft Office,4.5
1446,Sales,Sales Executive,Salesforce,4.5
1446,Sales,Sales Executive,Microsoft Outlook,4.5
1446,Sales,Sales Executive,Adobe Creative Cloud,3.5
1446,Sales,Sales Executive,Adobe InDesign,3.5
1446,Sales,Sales Executive,Adobe Acrobat,3.5
1446,Sales,Sales Executive,Adobe Photoshop,3.5
1446,Sales,Sales Executive,Adobe Illustrator,3.5
1446,Sales,Sales Executive,Monitoring,3.12
1446,Sales,Sales Executive,Active Learning,3.12
1446,Sales,Sales Executive,Mathematics,2.25
1447,Research & Development,Laboratory Technician,Microsoft Excel,4.5
1447,Research & Development,Laboratory Technician,Microsoft Office,4.5
1447,Research & Development,Laboratory Technician,Reading Comprehension,3.75
1447,Research & Development,Laboratory Technician,Active Listening,3.62
1447,Research & Development,Laboratory Technician,Microsoft PowerPoint,3.5
1447,Research & Development,Laboratory Technician,Microsoft Word,3.5
1447,Research & Development,Laboratory Technician,MEDITECH,3.5
1447,Research & Development,Laboratory Technician,Google Docs,3.5
1447,Research & Development,Laboratory Technician,Microsoft Outlook,3.5
1447,Research & Development,Laboratory Technician,Speaking,3.12
1447,Research & Development,Laboratory Technician,Monitoring,3.0
1447,Research & Development,Laboratory Technician,Electronic Medical Record (EMR),3.0
1447,Research & Development,Laboratory Technician,Email,3.0
1447,Research & Development,Laboratory Technician,Active Learning,3.0
1447,Research & Development,Laboratory Technician,Writing,3.0
1448,Research & Development,Research Scientist,Microsoft Excel,4.5
1448,Research & Development,Research Scientist,R,4.5
1448,Research & Development,Research Scientist,Writing,4.25
1448,Research & Development,Research Scientist,Science,4.12
1448,Research & Development,Research Scientist,Active Learning,4.12
1448,Research & Development,Research Scientist,Critical Thinking,4.0
1448,Research & Development,Research Scientist,Active Listening,4.0
1448,Research & Development,Research Scientist,Mathematics,3.62
1448,Research & Development,Research Scientist,MATLAB,3.5
1448,Research & Development,Research Scientist,Microsoft Project,3.5
1448,Research & Development,Research Scientist,ESRI ArcGIS,3.5
1448,Research & Development,Research Scientist,SAS,3.5
1448,Research & Development,Research Scientist,Python,3.5
1448,Research & Development,Research Scientist,Adobe Photoshop,3.5
1449,Research & Development,Laboratory Technician,Microsoft Excel,4.5
1449,Research & Development,Laboratory Technician,Reading Comprehension,3.75
1449,Research & Development,Laboratory Technician,Microsoft Word,3.5
1449,Research & Development,Laboratory Technician,MEDITECH,3.5
1449,Research & Development,Laboratory Technician,Google Docs,3.5
1449,Research & Development,Laboratory Technician,Critical Thinking,3.25
1449,Research & Development,Laboratory Technician,Speaking,3.12
1449,Research & Development,Laboratory Technician,Electronic Medical Record (EMR),3.0
1449,Research & Development,Laboratory Technician,Monitoring,3.0
1453,Sales,Sales Executive,Microsoft PowerPoint,4.5
1453,Sales,Sales Executive,Active Listening,4.0
1453,Sales,Sales Executive,Adobe InDesign,3.5
1453,Sales,Sales Executive,Critical Thinking,3.5
1453,Sales,Sales Executive,Adobe Illustrator,3.5
1453,Sales,Sales Executive,Adobe Photoshop,3.5
1453,Sales,Sales Executive,Reading Comprehension,3.38
1453,Sales,Sales Executive,Active Learning,3.12
1453,Sales,Sales Executive,Mathematics,2.25
1457,Sales,Sales Executive,Microsoft Outlook,4.5
1457,Sales,Sales Executive,Adobe InDesign,3.5
1457,Sales,Sales Executive,Adobe Acrobat,3.5
1457,Sales,Sales Executive,Adobe Photoshop,3.5
1457,Sales,Sales Executive,Adobe Illustrator,3.5
1457,Sales,Sales Executive,Monitoring,3.12
1457,Sales,Sales Executive,Active Learning,3.12
1458,Research & Development,Laboratory Technician,Microsoft Office,4.5
1458,Research & Development,Laboratory Technician,Reading Comprehension,3.75
1458,Research & Development,Laboratory Technician,Active Listening,3.62
1458,Research & Development,Laboratory Technician,SAP,3.5
1458,Research & Development,Laboratory Technician,Microsoft Word,3.5
1458,Research & Development,Laboratory Technician,MEDITECH,3.5
1458,Research & Development,Laboratory Technician,Google Docs,3.5
1458,Research & Development,Laboratory Technician,Speaking,3.12
1458,Research & Development,Laboratory Technician,Monitoring,3.0
1458,Research & Development,Laboratory Technician,Science,3.0
1459,Research & Development,Manufacturing Director,Microsoft PowerPoint,4.5
1459,Research & Development,Manufacturing Director,Microsoft Office,4.5
1459,Research & Development,Manufacturing Director,Reading Comprehension,3.88
1459,Research & Development,Manufacturing Director,Adobe InDesign,3.5
1459,Research & Development,Manufacturing Director,Adobe Acrobat,3.5
1459,Research & Development,Manufacturing Director,Adobe Photoshop,3.5
1459,Research & Development,Manufacturing Director,Writing,3.38
1460,Research & Development,Healthcare Representative,Microsoft Excel,4.5
1460,Research & Development,Healthcare Representative,Microsoft Office,4.5
1460,Research & Development,Healthcare Representative,Salesforce,4.5
1460,Research & Development,Healthcare Representative,Microsoft Outlook,4.5
1460,Research & Development,Healthcare Representative,Active Listening,4.12
1460,Research & Development,Healthcare Representative,Amazon Web Services (AWS),3.5
1460,Research & Development,Healthcare Representative,Linux,3.5
1460,Research & Development,Healthcare Representative,Microsoft Azure,3.5
1460,Research & Development,Healthcare Representative,Active Learning,3.5
1460,Research & Development,Healthcare Representative,Microsoft Access,3.5
1460,Research & Development,Healthcare Representative,Critical Thinking,3.38
1460,Research & Development,Healthcare Representative,Writing,3.38
1461,Human Resources,Human Resources,Microsoft PowerPoint,4.5
1461,Human Resources,Human Resources,Workday,4.5
1461,Human Resources,Human Resources,Speaking,4.12
1461,Human Resources,Human Resources,Applicant Tracking System (ATS),4.0
1461,Human Resources,Human Resources,Reading Comprehension,4.0
1461,Human Resources,Human Resources,Oracle HRIS,4.0
1461,Human Resources,Human Resources,Active Listening,4.0
1461,Human Resources,Human Resources,Critical Thinking,3.88
1461,Human Resources,Human Resources,Adobe Acrobat,3.5
1461,Human Resources,Human Resources,Cisco Webex,3.5
1461,Human Resources,Human Resources,Monitoring,3.0
1461,Human Resources,Human Resources,Learning Strategies,3.0
1464,Research & Development,Laboratory Technician,Reading Comprehension,3.75
1464,Research & Development,Laboratory Technician,SAP,3.5
1464,Research & Development,Laboratory Technician,Microsoft Word,3.5
1464,Research & Development,Laboratory Technician,MEDITECH,3.5
1464,Research & Development,Laboratory Technician,Google Docs,3.5
1464,Research & Development,Laboratory Technician,Speaking,3.12
1464,Research & Development,Laboratory Technician,Electronic Medical Record (EMR),3.0
1464,Research & Development,Laboratory Technician,Monitoring,3.0
1464,Research & Development,Laboratory Technician,Email,3.0
1464,Research & Development,Laboratory Technician,Active Learning,3.0
1464,Research & Development,Laboratory Technician,Writing,3.0
1465,Research & Development,Manufacturing Director,Microsoft PowerPoint,4.5
1465,Research & Development,Manufacturing Director,Microsoft Excel,4.5
1465,Research & Development,Manufacturing Director,Microsoft Outlook,4.5
1465,Research & Development,Manufacturing Director,Critical Thinking,4.0
1465,Research & Development,Manufacturing Director,Reading Comprehension,3.88
1465,Research & Development,Manufacturing Director,Active Learning,3.62
1465,Research & Development,Manufacturing Director,Adobe After Effects,3.5
1465,Research & Development,Manufacturing Director,Adobe InDesign,3.5
1465,Research & Development,Manufacturing Director,Adobe Photoshop,3.5
1465,Research & Development,Manufacturing Director,Autodesk AutoCAD,3.5
1465,Research & Development,Manufacturing Director,Writing,3.38
1466,Sales,Sales Executive,Microsoft Office,4.5
1466,Sales,Sales Executive,Salesforce,4.5
1466,Sales,Sales Executive,Speaking,4.0
1466,Sales,Sales Executive,Adobe Creative Cloud,3.5
1466,Sales,Sales Executive,Adobe InDesign,3.5
1466,Sales,Sales Executive,Critical Thinking,3.5
1466,Sales,Sales Executive,Adobe Acrobat,3.5
1466,Sales,Sales Executive,Adobe Illustrator,3.5
1466,Sales,Sales Executive,Adobe Photoshop,3.5
1466,Sales,Sales Executive,Writing,3.25
1466,Sales,Sales Executive,Mathematics,2.25
1467,Human Resources,Human Resources,Workday,4.5
1467,Human Resources,Human Resources,Microsoft Office,4.5
1467,Human Resources,Human Resources,Microsoft Outlook,4.5
1467,Human Resources,Human Resources,Speaking,4.12
1467,Human Resources,Human Resources,Active Listening,4.0
1467,Human Resources,Human Resources,Critical Thinking,3.88
1467,Human Resources,Human Resources,Adobe Acrobat,3.5
1467,Human Resources,Human Resources,Cisco Webex,3.5
1467,Human Resources,Human Resources,Adobe Photoshop,3.5
1467,Human Resources,Human Resources,Active Learning,3.25
1467,Human Resources,Human Resources,Monitoring,3.0
1467,Human Resources,Human Resources,Learning Strategies,3.0
1468,Research & Development,Research Director,Critical Thinking,4.0
1468,Research & Development,Research Director,Speaking,3.88
1468,Research & Development,Research Director,IBM SPSS Statistics,3.5
1468,Research & Development,Research Director,Microsoft SharePoint,3.5
1468,Research & Development,Research Director,ESRI ArcGIS,3.5
1468,Research & Development,Research Director,Microsoft Visio,3.5
1468,Research & Development,Research Director,Microsoft Project,3.5
1469,Sales,Sales Executive,Microsoft PowerPoint,4.5
1469,Sales,Sales Executive,Microsoft Excel,4.5
1469,Sales,Sales Executive,Salesforce,4.5
1469,Sales,Sales Executive,Active Listening,4.0
1469,Sales,Sales Executive,Adobe InDesign,3.5
1469,Sales,Sales Executive,Critical Thinking,3.5
1469,Sales,Sales Executive,Adobe Acrobat,3.5
1469,Sales,Sales Executive,Adobe Photoshop,3.5
1469,Sales,Sales Executive,Reading Comprehension,3.38
1469,Sales,Sales Executive,Monitoring,3.12
1471,Research & Development,Laboratory Technician,Reading Comprehension,3.75
1471,Research & Development,Laboratory Technician,Active Listening,3.62
1471,Research & Development,Laboratory Technician,SAP,3.5
1471,Research & Development,Laboratory Technician,MEDITECH,3.5
1471,Research & Development,Laboratory Technician,Google Docs,3.5
1471,Research & Development,Laboratory Technician,Critical Thinking,3.25
1471,Research & Development,Laboratory Technician,Monitoring,3.0
1471,Research & Development,Laboratory Technician,Electronic Medical Record (EMR),3.0
1471,Research & Development,Laboratory Technician,Science,3.0
1471,Research & Development,Laboratory Technician,Active Learning,3.0
1471,Research & Development,Laboratory Technician,Writing,3.0
1472,Research & Development,Research Director,Microsoft PowerPoint,4.5
1472,Research & Development,Research Director,Microsoft Office,4.5
1472,Research & Development,Research Director,Science,4.12
1472,Research & Development,Research Director,Critical Thinking,4.0
1472,Research & Development,Research Director,Active Listening,4.0
1472,Research & Development,Research Director,Speaking,3.88
1472,Research & Development,Research Director,Writing,3.88
1472,Research & Development,Research Director,Microsoft Project,3.5
1472,Research & Development,Research Director,IBM SPSS Statistics,3.5
1472,Research & Development,Research Director,Active Learning,3.5
1472,Research & Development,Research Director,Microsoft SharePoint,3.5
1472,Research & Development,Research Director,Adobe Acrobat,3.5
1472,Research & Development,Research Director,Microsoft Access,3.5
1473,Research & Development,Healthcare Representative,Microsoft Outlook,4.5
1473,Research & Development,Healthcare Representative,Microsoft Azure,3.5
1473,Research & Development,Healthcare Representative,Linux,3.5
1473,Research & Development,Healthcare Representative,Apache Hadoop,3.5
1473,Research & Development,Healthcare Representative,Active Learning,3.5
1473,Research & Development,Healthcare Representative,Microsoft Access,3.5
1473,Research & Development,Healthcare Representative,Critical Thinking,3.38
1473,Research & Development,Healthcare Representative,Writing,3.38
1473,Research & Development,Healthcare Representative,Mathematics,2.88
1474,Research & Development,Research Scientist,Microsoft Excel,4.5
1474,Research & Development,Research Scientist,Microsoft Office,4.5
1474,Research & Development,Research Scientist,Science,4.12
1474,Research & Development,Research Scientist,Critical Thinking,4.0
1474,Research & Development,Research Scientist,IBM SPSS Statistics,3.5
1474,Research & Development,Research Scientist,SAS,3.5
1474,Research & Development,Research Scientist,Python,3.5
1474,Research & Development,Research Scientist,Adobe Photoshop,3.5
1475,Research & Development,Research Scientist,Microsoft Office,4.5
1475,Research & Development,Research Scientist,Science,4.12
1475,Research & Development,Research Scientist,Speaking,4.12
1475,Research & Development,Research Scientist,Active Learning,4.12
1475,Research & Development,Research Scientist,IBM SPSS Statistics,3.5
1475,Research & Development,Research Scientist,ESRI ArcGIS,3.5
1475,Research & Development,Research Scientist,SAS,3.5
1475,Research & Development,Research Scientist,Python,3.5
1475,Research & Development,Research Scientist,Adobe Photoshop,3.5
1475,Research & Development,Research Scientist,Microsoft Project,3.5
1477,Sales,Sales Executive,Microsoft PowerPoint,4.5
1477,Sales,Sales Executive,Microsoft Excel,4.5
1477,Sales,Sales Executive,Microsoft Office,4.5
1477,Sales,Sales Executive,Salesforce,4.5
1477,Sales,Sales Executive,Microsoft Outlook,4.5
1477,Sales,Sales Executive,Active Listening,4.0
1477,Sales,Sales Executive,Adobe Creative Cloud,3.5
1477,Sales,Sales Executive,Adobe InDesign,3.5
1477,Sales,Sales Executive,Critical Thinking,3.5
1477,Sales,Sales Executive,Adobe Acrobat,3.5
1477,Sales,Sales Executive,Adobe Photoshop,3.5
1477,Sales,Sales Executive,Adobe Illustrator,3.5
1477,Sales,Sales Executive,Writing,3.25
1477,Sales,Sales Executive,Mathematics,2.25
1478,Sales,Sales Executive,Microsoft Excel,4.5
1478,Sales,Sales Executive,Microsoft Outlook,4.5
1478,Sales,Sales Executive,Active Listening,4.0
1478,Sales,Sales Executive,Adobe Creative Cloud,3.5
1478,Sales,Sales Executive,Adobe InDesign,3.5
1478,Sales,Sales Executive,Critical Thinking,3.5
1478,Sales,Sales Executive,Adobe Acrobat,3.5
1478,Sales,Sales Executive,Adobe Photoshop,3.5
1478,Sales,Sales Executive,Adobe Illustrator,3.5
1478,Sales,Sales Executive,Reading Comprehension,3.38
1478,Sales,Sales Executive,Writing,3.25
1478,Sales,Sales Executive,Monitoring,3.12
1479,Sales,Sales Executive,Microsoft PowerPoint,4.5
1479,Sales,Sales Executive,Microsoft Excel,4.5
1479,Sales,Sales Executive,Microsoft Office,4.5
1479,Sales,Sales Executive,Microsoft Outlook,4.5
1479,Sales,Sales Executive,Active Listening,4.0
1479,Sales,Sales Executive,Adobe Creative Cloud,3.5
1479,Sales,Sales Executive,Adobe Acrobat,3.5
1479,Sales,Sales Executive,Adobe Illustrator,3.5
1479,Sales,Sales Executive,Reading Comprehension,3.38
1479,Sales,Sales Executive,Writing,3.25
1479,Sales,Sales Executive,Monitoring,3.12
1480,Research & Development,Laboratory Technician,Reading Comprehension,3.75
1480,Research & Development,Laboratory Technician,Active Listening,3.62
1480,Research & Development,Laboratory Technician,SAP,3.5
1480,Research & Development,Laboratory Technician,Microsoft Word,3.5
1480,Research & Development,Laboratory Technician,MEDITECH,3.5
1480,Research & Development,Laboratory Technician,Google Docs,3.5
1480,Research & Development,Laboratory Technician,Microsoft Outlook,3.5
1480,Research & Development,Laboratory Technician,Speaking,3.12
1480,Research & Development,Laboratory Technician,Monitoring,3.0
1480,Research & Development,Laboratory Technician,Electronic Medical Record (EMR),3.0
1480,Research & Development,Laboratory Technician,Science,3.0
1480,Research & Development,Laboratory Technician,Email,3.0
1480,Research & Development,Laboratory Technician,Active Learning,3.0
1480,Research & Development,Laboratory Technician,Writing,3.0
1481,Sales,Sales Executive,Microsoft PowerPoint,4.5
1481,Sales,Sales Executive,Microsoft Excel,4.5
1481,Sales,Sales Executive,Salesforce,4.5
1481,Sales,Sales Executive,Microsoft Outlook,4.5
1481,Sales,Sales Executive,Adobe InDesign,3.5
1481,Sales,Sales Executive,Adobe Acrobat,3.5
1481,Sales,Sales Executive,Adobe Illustrator,3.5
1481,Sales,Sales Executive,Writing,3.25
1481,Sales,Sales Executive,Monitoring,3.12
1481,Sales,Sales Executive,Mathematics,2.25
1482,Research & Development,Research Scientist,Microsoft Office,4.5
1482,Research & Development,Research Scientist,Writing,4.25
1482,Research & Development,Research Scientist,Speaking,4.12
1482,Research & Development,Research Scientist,Critical Thinking,4.0
1482,Research & Development,Research Scientist,Reading Comprehension,4.0
1482,Research & Development,Research Scientist,Active Listening,4.0
1482,Research & Development,Research Scientist,Mathematics,3.62
1482,Research & Development,Research Scientist,Microsoft Project,3.5
1482,Research & Development,Research Scientist,ESRI ArcGIS,3.5
1482,Research & Development,Research Scientist,SAS,3.5
1482,Research & Development,Research Scientist,Python,3.5
1482,Research & Development,Research Scientist,Adobe Photoshop,3.5
1483,Research & Development,Research Scientist,Microsoft Excel,4.5
1483,Research & Development,Research Scientist,R,4.5
1483,Research & Development,Research Scientist,Writing,4.25
1483,Research & Development,Research Scientist,Science,4.12
1483,Research & Development,Research Scientist,Active Learning,4.12
1483,Research & Development,Research Scientist,Critical Thinking,4.0
1483,Research & Development,Research Scientist,Reading Comprehension,4.0
1483,Research & Development,Research Scientist,IBM SPSS Statistics,3.5
1483,Research & Development,Research Scientist,ESRI ArcGIS,3.5
1483,Research & Development,Research Scientist,SAS,3.5
1483,Research & Development,Research Scientist,Python,3.5
1483,Research & Development,Research Scientist,Adobe Photoshop,3.5
1484,Research & Development,Healthcare Representative,Microsoft Excel,4.5
1484,Research & Development,Healthcare Representative,Google Workspace,3.5
1484,Research & Development,Healthcare Representative,Linux,3.5
1484,Research & Development,Healthcare Representative,Apache Hadoop,3.5
1484,Research & Development,Healthcare Representative,Active Learning,3.5
1484,Research & Development,Healthcare Representative,Critical Thinking,3.38
1485,Research & Development,Research Director,Microsoft Office,4.5
1485,Research & Development,Research Director,Science,4.12
1485,Research & Development,Research Director,Critical Thinking,4.0
1485,Research & Development,Research Director,Active Listening,4.0
1485,Research & Development,Research Director,Speaking,3.88
1485,Research & Development,Research Director,Microsoft Project,3.5
1485,Research & Development,Research Director,Active Learning,3.5
1485,Research & Development,Research Director,ESRI ArcGIS,3.5
1485,Research & Development,Research Director,Microsoft Visio,3.5
1485,Research & Development,Research Director,Adobe Acrobat,3.5
1485,Research & Development,Research Director,Microsoft Access,3.5
1486,Sales,Sales Representative,Speaking,3.88
1486,Sales,Sales Representative,Reading Comprehension,3.62
1486,Sales,Sales Representative,IBM SPSS Statistics,3.5
1486,Sales,Sales Representative,Microsoft PowerPoint,3.5
1486,Sales,Sales Representative,Apple macOS,3.5
1486,Sales,Sales Representative,Microsoft Word,3.5
1486,Sales,Sales Representative,Microsoft Project,3.5
1486,Sales,Sales Representative,Critical Thinking,3.38
1486,Sales,Sales Representative,Active Learning,3.38
1486,Sales,Sales Representative,Writing,3.38
1486,Sales,Sales Representative,Monitoring,3.12
1486,Sales,Sales Representative,Mathematics,2.62
1487,Sales,Sales Executive,Microsoft Excel,4.5
1487,Sales,Sales Executive,Salesforce,4.5
1487,Sales,Sales Executive,Speaking,4.0
1487,Sales,Sales Executive,Active Listening,4.0
1487,Sales,Sales Executive,Adobe InDesign,3.5
1487,Sales,Sales Executive,Critical Thinking,3.5
1487,Sales,Sales Executive,Adobe Acrobat,3.5
1487,Sales,Sales Executive,Adobe Illustrator,3.5
1487,Sales,Sales Executive,Adobe Photoshop,3.5
1487,Sales,Sales Executive,Reading Comprehension,3.38
1487,Sales,Sales Executive,Writing,3.25
1487,Sales,Sales Executive,Monitoring,3.12
1489,Sales,Sales Executive,Microsoft PowerPoint,4.5
1489,Sales,Sales Executive,Microsoft Excel,4.5
1489,Sales,Sales Executive,Microsoft Office,4.5
1489,Sales,Sales Executive,Salesforce,4.5
1489,Sales,Sales Executive,Microsoft Outlook,4.5
1489,Sales,Sales Executive,Speaking,4.0
1489,Sales,Sales Executive,Adobe Creative Cloud,3.5
1489,Sales,Sales Executive,Adobe InDesign,3.5
1489,Sales,Sales Executive,Critical Thinking,3.5
1489,Sales,Sales Executive,Adobe Illustrator,3.5
1489,Sales,Sales Executive,Monitoring,3.12
1489,Sales,Sales Executive,Active Learning,3.12
1489,Sales,Sales Executive,Mathematics,2.25
1492,Sales,Sales Representative,Salesforce,4.5
1492,Sales,Sales Representative,Speaking,3.88
1492,Sales,Sales Representative,Active Listening,3.88
1492,Sales,Sales Representative,Reading Comprehension,3.62
1492,Sales,Sales Representative,Microsoft Project,3.5
1492,Sales,Sales Representative,Apple macOS,3.5
1492,Sales,Sales Representative,HubSpot,3.5
1492,Sales,Sales Representative,Critical Thinking,3.38
1492,Sales,Sales Representative,Active Learning,3.38
1492,Sales,Sales Representative,Writing,3.38
1492,Sales,Sales Representative,Monitoring,3.12
1492,Sales,Sales Representative,Mathematics,2.62
1494,Research & Development,Laboratory Technician,Microsoft Excel,4.5
1494,Research & Development,Laboratory Technician,Reading Comprehension,3.75
1494,Research & Development,Laboratory Technician,Active Listening,3.62
1494,Research & Development,Laboratory Technician,SAP,3.5
1494,Research & Development,Laboratory Technician,MEDITECH,3.5
1494,Research & Development,Laboratory Technician,Google Docs,3.5
1494,Research & Development,Laboratory Technician,Microsoft Outlook,3.5
1494,Research & Development,Laboratory Technician,Speaking,3.12
1494,Research & Development,Laboratory Technician,Monitoring,3.0
1494,Research & Development,Laboratory Technician,Email,3.0
1494,Research & Development,Laboratory Technician,Active Learning,3.0
1494,Research & Development,Laboratory Technician,Writing,3.0
1495,Sales,Sales Representative,Microsoft Excel,4.5
1495,Sales,Sales Representative,Microsoft Office,4.5
1495,Sales,Sales Representative,Salesforce,4.5
1495,Sales,Sales Representative,Speaking,3.88
1495,Sales,Sales Representative,Reading Comprehension,3.62
1495,Sales,Sales Representative,Microsoft PowerPoint,3.5
1495,Sales,Sales Representative,Apple macOS,3.5
1495,Sales,Sales Representative,Microsoft Word,3.5
1495,Sales,Sales Representative,HubSpot,3.5
1495,Sales,Sales Representative,Critical Thinking,3.38
1495,Sales,Sales Representative,Writing,3.38
1495,Sales,Sales Representative,Monitoring,3.12
1495,Sales,Sales Representative,Mathematics,2.62
1496,Research & Development,Manufacturing Director,Microsoft Office,4.5
1496,Research & Development,Manufacturing Director,Monitoring,4.0
1496,Research & Development,Manufacturing Director,Reading Comprehension,3.88
1496,Research & Development,Manufacturing Director,Active Listening,3.88
1496,Research & Development,Manufacturing Director,Adobe After Effects,3.5
1496,Research & Development,Manufacturing Director,Adobe InDesign,3.5
1496,Research & Development,Manufacturing Director,Adobe Acrobat,3.5
1496,Research & Development,Manufacturing Director,Adobe Photoshop,3.5
1496,Research & Development,Manufacturing Director,Autodesk AutoCAD,3.5
1497,Sales,Sales Executive,Salesforce,4.5
1497,Sales,Sales Executive,Speaking,4.0
1497,Sales,Sales Executive,Adobe Creative Cloud,3.5
1497,Sales,Sales Executive,Adobe InDesign,3.5
1497,Sales,Sales Executive,Adobe Illustrator,3.5
1497,Sales,Sales Executive,Adobe Photoshop,3.5
1497,Sales,Sales Executive,Writing,3.25
1497,Sales,Sales Executive,Monitoring,3.12
1497,Sales,Sales Executive,Mathematics,2.25
1499,Human Resources,Human Resources,Microsoft PowerPoint,4.5
1499,Human Resources,Human Resources,Microsoft Excel,4.5
1499,Human Resources,Human Resources,Workday,4.5
1499,Human Resources,Human Resources,Microsoft Office,4.5
1499,Human Resources,Human Resources,Microsoft Outlook,4.5
1499,Human Resources,Human Resources,Applicant Tracking System (ATS),4.0
1499,Human Resources,Human Resources,Critical Thinking,3.88
1499,Human Resources,Human Resources,Writing,3.88
1499,Human Resources,Human Resources,Adobe Acrobat,3.5
1499,Human Resources,Human Resources,Cisco Webex,3.5
1499,Human Resources,Human Resources,Adobe Photoshop,3.5
1499,Human Resources,Human Resources,Active Learning,3.25
1499,Human Resources,Human Resources,Monitoring,3.0
1499,Human Resources,Human Resources,Learning Strategies,3.0
1501,Research & Development,Healthcare Representative,Microsoft Excel,4.5
1501,Research & Development,Healthcare Representative,Microsoft Outlook,4.5
1501,Research & Development,Healthcare Representative,Speaking,4.25
1501,Research & Development,Healthcare Representative,Active Listening,4.12
1501,Research & Development,Healthcare Representative,Amazon Web Services (AWS),3.5
1501,Research & Development,Healthcare Representative,Google Workspace,3.5
1501,Research & Development,Healthcare Representative,Microsoft Azure,3.5
1501,Research & Development,Healthcare Representative,Active Learning,3.5
1501,Research & Development,Healthcare Representative,Microsoft Access,3.5
1501,Research & Development,Healthcare Representative,Critical Thinking,3.38
1501,Research & Development,Healthcare Representative,Writing,3.38
1501,Research & Development,Healthcare Representative,Monitoring,3.12
1501,Research & Development,Healthcare Representative,Mathematics,2.88
1502,Research & Development,Laboratory Technician,Microsoft Excel,4.5
1502,Research & Development,Laboratory Technician,SAP,3.5
1502,Research & Development,Laboratory Technician,MEDITECH,3.5
1502,Research & Development,Laboratory Technician,Speaking,3.12
1502,Research & Development,Laboratory Technician,Electronic Medical Record (EMR),3.0
1502,Research & Development,Laboratory Technician,Science,3.0
1502,Research & Development,Laboratory Technician,Email,3.0
1503,Sales,Sales Executive,Microsoft PowerPoint,4.5
1503,Sales,Sales Executive,Microsoft Excel,4.5
1503,Sales,Sales Executive,Adobe InDesign,3.5
1503,Sales,Sales Executive,Adobe Acrobat,3.5
1503,Sales,Sales Executive,Adobe Photoshop,3.5
1503,Sales,Sales Executive,Reading Comprehension,3.38
1503,Sales,Sales Executive,Writing,3.25
1503,Sales,Sales Executive,Monitoring,3.12
1503,Sales,Sales Executive,Active Learning,3.12
1503,Sales,Sales Executive,Mathematics,2.25
1504,Research & Development,Laboratory Technician,Microsoft Excel,4.5
1504,Research & Development,Laboratory Technician,Microsoft Office,4.5
1504,Research & Development,Laboratory Technician,Reading Comprehension,3.75
1504,Research & Development,Laboratory Technician,Active Listening,3.62
1504,Research & Development,Laboratory Technician,SAP,3.5
1504,Research & Development,Laboratory Technician,Microsoft PowerPoint,3.5
1504,Research & Development,Laboratory Technician,Microsoft Word,3.5
1504,Research & Development,Laboratory Technician,MEDITECH,3.5
1504,Research & Development,Laboratory Technician,Google Docs,3.5
1504,Research & Development,Laboratory Technician,Microsoft Outlook,3.5
1504,Research & Development,Laboratory Technician,Critical Thinking,3.25
1504,Research & Development,Laboratory Technician,Speaking,3.12
1504,Research & Development,Laboratory Technician,Monitoring,3.0
1504,Research & Development,Laboratory Technician,Science,3.0
1504,Research & Development,Laboratory Technician,Active Learning,3.0
1504,Research & Development,Laboratory Technician,Writing,3.0
1506,Research & Development,Research Scientist,Microsoft Office,4.5
1506,Research & Development,Research Scientist,Writing,4.25
1506,Research & Development,Research Scientist,Active Learning,4.12
1506,Research & Development,Research Scientist,Critical Thinking,4.0
1506,Research & Development,Research Scientist,Reading Comprehension,4.0
1506,Research & Development,Research Scientist,Active Listening,4.0
1506,Research & Development,Research Scientist,Mathematics,3.62
1506,Research & Development,Research Scientist,Microsoft Project,3.5
1506,Research & Development,Research Scientist,IBM SPSS Statistics,3.5
1506,Research & Development,Research Scientist,SAS,3.5
1506,Research & Development,Research Scientist,Python,3.5
1507,Sales,Sales Executive,Microsoft PowerPoint,4.5
1507,Sales,Sales Executive,Microsoft Excel,4.5
1507,Sales,Sales Executive,Microsoft Outlook,4.5
1507,Sales,Sales Executive,Active Listening,4.0
1507,Sales,Sales Executive,Adobe InDesign,3.5
1507,Sales,Sales Executive,Adobe Acrobat,3.5
1507,Sales,Sales Executive,Adobe Photoshop,3.5
1507,Sales,Sales Executive,Adobe Illustrator,3.5
1507,Sales,Sales Executive,Reading Comprehension,3.38
1507,Sales,Sales Executive,Active Learning,3.12
1507,Sales,Sales Executive,Mathematics,2.25
1509,Research & Development,Laboratory Technician,Microsoft Excel,4.5
1509,Research & Development,Laboratory Technician,Reading Comprehension,3.75
1509,Research & Development,Laboratory Technician,Active Listening,3.62
1509,Research & Development,Laboratory Technician,SAP,3.5
1509,Research & Development,Laboratory Technician,Microsoft PowerPoint,3.5
1509,Research & Development,Laboratory Technician,Microsoft Word,3.5
1509,Research & Development,Laboratory Technician,Microsoft Outlook,3.5
1509,Research & Development,Laboratory Technician,Speaking,3.12
1509,Research & Development,Laboratory Technician,Science,3.0
1509,Research & Development,Laboratory Technician,Email,3.0
1509,Research & Development,Laboratory Technician,Writing,3.0
1513,Research & Development,Laboratory Technician,Microsoft Office,4.5
1513,Research & Development,Laboratory Technician,SAP,3.5
1513,Research & Development,Laboratory Technician,Microsoft Word,3.5
1513,Research & Development,Laboratory Technician,Google Docs,3.5
1513,Research & Development,Laboratory Technician,Microsoft Outlook,3.5
1513,Research & Development,Laboratory Technician,Critical Thinking,3.25
1513,Research & Development,Laboratory Technician,Speaking,3.12
1513,Research & Development,Laboratory Technician,Monitoring,3.0
1513,Research & Development,Laboratory Technician,Electronic Medical Record (EMR),3.0
1513,Research & Development,Laboratory Technician,Science,3.0
1513,Research & Development,Laboratory Technician,Email,3.0
1514,Research & Development,Manufacturing Director,SAP,4.5
1514,Research & Development,Manufacturing Director,Microsoft PowerPoint,4.5
1514,Research & Development,Manufacturing Director,Microsoft Excel,4.5
1514,Research & Development,Manufacturing Director,Microsoft Office,4.5
1514,Research & Development,Manufacturing Director,Microsoft Outlook,4.5
1514,Research & Development,Manufacturing Director,Monitoring,4.0
1514,Research & Development,Manufacturing Director,Critical Thinking,4.0
1514,Research & Development,Manufacturing Director,Speaking,4.0
1514,Research & Development,Manufacturing Director,Active Listening,3.88
1514,Research & Development,Manufacturing Director,Learning Strategies,3.75
1514,Research & Development,Manufacturing Director,Active Learning,3.62
1514,Research & Development,Manufacturing Director,Adobe After Effects,3.5
1514,Research & Development,Manufacturing Director,Adobe InDesign,3.5
1514,Research & Development,Manufacturing Director,Adobe Acrobat,3.5
1515,Research & Development,Healthcare Representative,Microsoft Excel,4.5
1515,Research & Development,Healthcare Representative,Microsoft Office,4.5
1515,Research & Development,Healthcare Representative,Salesforce,4.5
1515,Research & Development,Healthcare Representative,Google Workspace,3.5
1515,Research & Development,Healthcare Representative,Microsoft Azure,3.5
1515,Research & Development,Healthcare Representative,Apache Hadoop,3.5
1515,Research & Development,Healthcare Representative,Active Learning,3.5
1515,Research & Development,Healthcare Representative,Writing,3.38
1515,Research & Development,Healthcare Representative,Mathematics,2.88
1516,Research & Development,Manager,Microsoft Office,4.5
1516,Research & Development,Manager,Monitoring,4.0
1516,Research & Development,Manager,Critical Thinking,3.88
1516,Research & Development,Manager,Active Learning,3.62
1516,Research & Development,Manager,Atlassian JIRA,3.5
1516,Research & Development,Manager,Atlassian Confluence,3.5
1516,Research & Development,Manager,Google Analytics,3.5
1516,Research & Development,Manager,Adobe Acrobat,3.5
1516,Research & Development,Manager,Writing,3.5
1516,Research & Development,Manager,Learning Strategies,3.0
1520,Research & Development,Manager,Speaking,4.0
1520,Research & Development,Manager,Critical Thinking,3.88
1520,Research & Development,Manager,Atlassian JIRA,3.5
1520,Research & Development,Manager,Atlassian Confluence,3.5
1520,Research & Development,Manager,Google Analytics,3.5
1520,Research & Development,Manager,Writing,3.5
1520,Research & Development,Manager,Autodesk AutoCAD,3.5
1520,Research & Development,Manager,Learning Strategies,3.0
1522,Research & Development,Research Scientist,R,4.5
1522,Research & Development,Research Scientist,Writing,4.25
1522,Research & Development,Research Scientist,Speaking,4.12
1522,Research & Development,Research Scientist,Critical Thinking,4.0
1522,Research & Development,Research Scientist,Reading Comprehension,4.0
1522,Research & Development,Research Scientist,IBM SPSS Statistics,3.5
1522,Research & Development,Research Scientist,SAS,3.5
1522,Research & Development,Research Scientist,Python,3.5
1522,Research & Development,Research Scientist,Adobe Photoshop,3.5
1522,Research & Development,Research Scientist,Microsoft Project,3.5
1523,Research & Development,Research Director,Microsoft Office,4.5
1523,Research & Development,Research Director,Active Listening,4.0
1523,Research & Development,Research Director,Writing,3.88
1523,Research & Development,Research Director,IBM SPSS Statistics,3.5
1523,Research & Development,Research Director,Microsoft SharePoint,3.5
1523,Research & Development,Research Director,ESRI ArcGIS,3.5
1523,Research & Development,Research Director,Microsoft Visio,3.5
1523,Research & Development,Research Director,Microsoft Access,3.5
1525,Research & Development,Manufacturing Director,Microsoft Office,4.5
1525,Research & Development,Manufacturing Director,Microsoft Outlook,4.5
1525,Research & Development,Manufacturing Director,Monitoring,4.0
1525,Research & Development,Manufacturing Director,Reading Comprehension,3.88
1525,Research & Development,Manufacturing Director,Adobe After Effects,3.5
1525,Research & Development,Manufacturing Director,Autodesk AutoCAD,3.5
1525,Research & Development,Manufacturing Director,Writing,3.38
1527,Sales,Manager,Active Listening,4.0
1527,Sales,Manager,Active Learning,3.62
1527,Sales,Manager,Apple macOS,3.5
1527,Sales,Manager,Atlassian JIRA,3.5
1527,Sales,Manager,Google Analytics,3.5
1527,Sales,Manager,Adobe Acrobat,3.5
1527,Sales,Manager,Writing,3.5
1527,Sales,Manager,Autodesk AutoCAD,3.5
1529,Research & Development,Healthcare Representative,Microsoft Office,4.5
1529,Research & Development,Healthcare Representative,Salesforce,4.5
1529,Research & Development,Healthcare Representative,Microsoft Outlook,4.5
1529,Research & Development,Healthcare Representative,Speaking,4.25
1529,Research & Development,Healthcare Representative,Active Listening,4.12
1529,Research & Development,Healthcare Representative,Google Workspace,3.5
1529,Research & Development,Healthcare Representative,Apache Hadoop,3.5
1529,Research & Development,Healthcare Representative,Microsoft Access,3.5
1529,Research & Development,Healthcare Representative,Amazon Web Services (AWS),3.5
1529,Research & Development,Healthcare Representative,Writing,3.38
1533,Research & Development,Laboratory Technician,Microsoft Excel,4.5
1533,Research & Development,Laboratory Technician,Microsoft Office,4.5
1533,Research & Development,Laboratory Technician,Active Listening,3.62
1533,Research & Development,Laboratory Technician,Microsoft Word,3.5
1533,Research & Development,Laboratory Technician,Microsoft PowerPoint,3.5
1533,Research & Development,Laboratory Technician,MEDITECH,3.5
1533,Research & Development,Laboratory Technician,Speaking,3.12
1533,Research & Development,Laboratory Technician,Email,3.0
1533,Research & Development,Laboratory Technician,Writing,3.0
1534,Research & Development,Laboratory Technician,Microsoft Excel,4.5
1534,Research & Development,Laboratory Technician,Active Listening,3.62
1534,Research & Development,Laboratory Technician,SAP,3.5
1534,Research & Development,Laboratory Technician,Microsoft Word,3.5
1534,Research & Development,Laboratory Technician,MEDITECH,3.5
1534,Research & Development,Laboratory Technician,Google Docs,3.5
1534,Research & Development,Laboratory Technician,Speaking,3.12
1534,Research & Development,Laboratory Technician,Monitoring,3.0
1534,Research & Development,Laboratory Technician,Email,3.0
1534,Research & Development,Laboratory Technician,Active Learning,3.0
1535,Sales,Sales Executive,Microsoft PowerPoint,4.5
1535,Sales,Sales Executive,Microsoft Excel,4.5
1535,Sales,Sales Executive,Salesforce,4.5
1535,Sales,Sales Executive,Adobe InDesign,3.5
1535,Sales,Sales Executive,Critical Thinking,3.5
1535,Sales,Sales Executive,Adobe Photoshop,3.5
1535,Sales,Sales Executive,Reading Comprehension,3.38
1535,Sales,Sales Executive,Writing,3.25
1535,Sales,Sales Executive,Monitoring,3.12
1535,Sales,Sales Executive,Mathematics,2.25
1537,Research & Development,Research Scientist,Microsoft Excel,4.5
1537,Research & Development,Research Scientist,R,4.5
1537,Research & Development,Research Scientist,Microsoft Office,4.5
1537,Research & Development,Research Scientist,Writing,4.25
1537,Research & Development,Research Scientist,Science,4.12
1537,Research & Development,Research Scientist,Speaking,4.12
1537,Research & Development,Research Scientist,Active Learning,4.12
1537,Research & Development,Research Scientist,Mathematics,3.62
1537,Research & Development,Research Scientist,ESRI ArcGIS,3.5
1537,Research & Development,Research Scientist,SAS,3.5
1537,Research & Development,Research Scientist,Adobe Photoshop,3.5
1537,Research & Development,Research Scientist,Microsoft Project,3.5
1539,Research & Development,Research Director,Microsoft Excel,4.5
1539,Research & Development,Research Director,Critical Thinking,4.0
1539,Research & Development,Research Director,Speaking,3.88
1539,Research & Development,Research Director,Active Learning,3.5
1541,Sales,Sales Representative,Microsoft Excel,4.5
1541,Sales,Sales Representative,Salesforce,4.5
1541,Sales,Sales Representative,Speaking,3.88
1541,Sales,Sales Representative,Active Listening,3.88
1541,Sales,Sales Representative,Reading Comprehension,3.62
1541,Sales,Sales Representative,Microsoft Project,3.5
1541,Sales,Sales Representative,IBM SPSS Statistics,3.5
1541,Sales,Sales Representative,Apple macOS,3.5
1541,Sales,Sales Representative,Microsoft Word,3.5
1541,Sales,Sales Representative,Microsoft Outlook,3.5
1541,Sales,Sales Representative,Critical Thinking,3.38
1541,Sales,Sales Representative,Active Learning,3.38
1541,Sales,Sales Representative,Writing,3.38
1541,Sales,Sales Representative,Mathematics,2.62
1542,Research & Development,Laboratory Technician,Microsoft Office,4.5
1542,Research & Development,Laboratory Technician,Reading Comprehension,3.75
1542,Research & Development,Laboratory Technician,Active Listening,3.62
1542,Research & Development,Laboratory Technician,Microsoft PowerPoint,3.5
1542,Research & Development,Laboratory Technician,Microsoft Word,3.5
1542,Research & Development,Laboratory Technician,Google Docs,3.5
1542,Research & Development,Laboratory Technician,Critical Thinking,3.25
1542,Research & Development,Laboratory Technician,Monitoring,3.0
1542,Research & Development,Laboratory Technician,Electronic Medical Record (EMR),3.0
1542,Research & Development,Laboratory Technician,Science,3.0
1542,Research & Development,Laboratory Technician,Email,3.0
1542,Research & Development,Laboratory Technician,Active Learning,3.0
1542,Research & Development,Laboratory Technician,Writing,3.0
1543,Research & Development,Research Scientist,Microsoft Excel,4.5
1543,Research & Development,Research Scientist,Science,4.12
1543,Research & Development,Research Scientist,Active Learning,4.12
1543,Research & Development,Research Scientist,Critical Thinking,4.0
1543,Research & Development,Research Scientist,Active Listening,4.0
1543,Research & Development,Research Scientist,MATLAB,3.5
1543,Research & Development,Research Scientist,Microsoft Project,3.5
1543,Research & Development,Research Scientist,IBM SPSS Statistics,3.5
1543,Research & Development,Research Scientist,Python,3.5
1543,Research & Development,Research Scientist,Adobe Photoshop,3.5
1544,Research & Development,Healthcare Representative,Microsoft Excel,4.5
1544,Research & Development,Healthcare Representative,Salesforce,4.5
1544,Research & Development,Healthcare Representative,Speaking,4.25
1544,Research & Development,Healthcare Representative,Reading Comprehension,3.75
1544,Research & Development,Healthcare Representative,Linux,3.5
1544,Research & Development,Healthcare Representative,Microsoft Azure,3.5
1544,Research & Development,Healthcare Representative,Apache Hadoop,3.5
1544,Research & Development,Healthcare Representative,Active Learning,3.5
1544,Research & Development,Healthcare Representative,Microsoft Access,3.5
1544,Research & Development,Healthcare Representative,Critical Thinking,3.38
1544,Research & Development,Healthcare Representative,Monitoring,3.12
1544,Research & Development,Healthcare Representative,Mathematics,2.88
1545,Research & Development,Manufacturing Director,Microsoft PowerPoint,4.5
1545,Research & Development,Manufacturing Director,Microsoft Office,4.5
1545,Research & Development,Manufacturing Director,Microsoft Outlook,4.5
1545,Research & Development,Manufacturing Director,Monitoring,4.0
1545,Research & Development,Manufacturing Director,Reading Comprehension,3.88
1545,Research & Development,Manufacturing Director,Active Learning,3.62
1545,Research & Development,Manufacturing Director,Adobe InDesign,3.5
1545,Research & Development,Manufacturing Director,Adobe Acrobat,3.5
1545,Research & Development,Manufacturing Director,Adobe Photoshop,3.5
1545,Research & Development,Manufacturing Director,Writing,3.38
1546,Research & Development,Research Scientist,Microsoft Office,4.5
1546,Research & Development,Research Scientist,Writing,4.25
1546,Research & Development,Research Scientist,Science,4.12
1546,Research & Development,Research Scientist,Active Learning,4.12
1546,Research & Development,Research Scientist,Mathematics,3.62
1546,Research & Development,Research Scientist,MATLAB,3.5
1546,Research & Development,Research Scientist,ESRI ArcGIS,3.5
1546,Research & Development,Research Scientist,SAS,3.5
1546,Research & Development,Research Scientist,Python,3.5
1546,Research & Development,Research Scientist,Adobe Photoshop,3.5
1547,Research & Development,Healthcare Representative,Microsoft Office,4.5
1547,Research & Development,Healthcare Representative,Salesforce,4.5
1547,Research & Development,Healthcare Representative,Microsoft Outlook,4.5
1547,Research & Development,Healthcare Representative,Speaking,4.25
1547,Research & Development,Healthcare Representative,Active Listening,4.12
1547,Research & Development,Healthcare Representative,Google Workspace,3.5
1547,Research & Development,Healthcare Representative,Linux,3.5
1547,Research & Development,Healthcare Representative,Microsoft Azure,3.5
1547,Research & Development,Healthcare Representative,Microsoft Access,3.5
1547,Research & Development,Healthcare Representative,Critical Thinking,3.38
1547,Research & Development,Healthcare Representative,Writing,3.38
1547,Research & Development,Healthcare Representative,Mathematics,2.88
1548,Sales,Sales Executive,Microsoft Excel,4.5
1548,Sales,Sales Executive,Microsoft Office,4.5
1548,Sales,Sales Executive,Active Listening,4.0
1548,Sales,Sales Executive,Adobe Creative Cloud,3.5
1548,Sales,Sales Executive,Adobe Acrobat,3.5
1548,Sales,Sales Executive,Adobe Illustrator,3.5
1548,Sales,Sales Executive,Adobe Photoshop,3.5
1548,Sales,Sales Executive,Monitoring,3.12
1548,Sales,Sales Executive,Active Learning,3.12
1549,Research & Development,Laboratory Technician,Microsoft Excel,4.5
1549,Research & Development,Laboratory Technician,Microsoft Office,4.5
1549,Research & Development,Laboratory Technician,SAP,3.5
1549,Research & Development,Laboratory Technician,Microsoft Word,3.5
1549,Research & Development,Laboratory Technician,MEDITECH,3.5
1549,Research & Development,Laboratory Technician,Google Docs,3.5
1549,Research & Development,Laboratory Technician,Microsoft Outlook,3.5
1549,Research & Development,Laboratory Technician,Speaking,3.12
1549,Research & Development,Laboratory Technician,Monitoring,3.0
1549,Research & Development,Laboratory Technician,Email,3.0
1549,Research & Development,Laboratory Technician,Writing,3.0
1550,Human Resources,Manager,Microsoft Office,4.5
1550,Human Resources,Manager,Monitoring,4.0
1550,Human Resources,Manager,Reading Comprehension,4.0
1550,Human Resources,Manager,Active Listening,4.0
1550,Human Resources,Manager,Apple macOS,3.5
1550,Human Resources,Manager,Atlassian JIRA,3.5
1550,Human Resources,Manager,Atlassian Confluence,3.5
1550,Human Resources,Manager,Google Analytics,3.5
1550,Human Resources,Manager,Autodesk AutoCAD,3.5
1550,Human Resources,Manager,Learning Strategies,3.0
1551,Research & Development,Laboratory Technician,Reading Comprehension,3.75
1551,Research & Development,Laboratory Technician,SAP,3.5
1551,Research & Development,Laboratory Technician,Microsoft Word,3.5
1551,Research & Development,Laboratory Technician,MEDITECH,3.5
1551,Research & Development,Laboratory Technician,Google Docs,3.5
1551,Research & Development,Laboratory Technician,Critical Thinking,3.25
1551,Research & Development,Laboratory Technician,Speaking,3.12
1551,Research & Development,Laboratory Technician,Monitoring,3.0
1551,Research & Development,Laboratory Technician,Electronic Medical Record (EMR),3.0
1551,Research & Development,Laboratory Technician,Science,3.0
1551,Research & Development,Laboratory Technician,Email,3.0
1551,Research & Development,Laboratory Technician,Active Learning,3.0
1551,Research & Development,Laboratory Technician,Writing,3.0
1552,Research & Development,Healthcare Representative,Microsoft Excel,4.5
1552,Research & Development,Healthcare Representative,Salesforce,4.5
1552,Research & Development,Healthcare Representative,Reading Comprehension,3.75
1552,Research & Development,Healthcare Representative,Google Workspace,3.5
1552,Research & Development,Healthcare Representative,Linux,3.5
1552,Research & Development,Healthcare Representative,Microsoft Azure,3.5
1552,Research & Development,Healthcare Representative,Apache Hadoop,3.5
1552,Research & Development,Healthcare Representative,Active Learning,3.5
1552,Research & Development,Healthcare Representative,Amazon Web Services (AWS),3.5
1552,Research & Development,Healthcare Representative,Critical Thinking,3.38
1552,Research & Development,Healthcare Representative,Writing,3.38
1552,Research & Development,Healthcare Representative,Monitoring,3.12
1553,Research & Development,Healthcare Representative,Microsoft Office,4.5
1553,Research & Development,Healthcare Representative,Microsoft Outlook,4.5
1553,Research & Development,Healthcare Representative,Speaking,4.25
1553,Research & Development,Healthcare Representative,Active Listening,4.12
1553,Research & Development,Healthcare Representative,Reading Comprehension,3.75
1553,Research & Development,Healthcare Representative,Amazon Web Services (AWS),3.5
1553,Research & Development,Healthcare Representative,Google Workspace,3.5
1553,Research & Development,Healthcare Representative,Linux,3.5
1553,Research & Development,Healthcare Representative,Microsoft Azure,3.5
1553,Research & Development,Healthcare Representative,Apache Hadoop,3.5
1553,Research & Development,Healthcare Representative,Microsoft Access,3.5
1553,Research & Development,Healthcare Representative,Critical Thinking,3.38
1553,Research & Development,Healthcare Representative,Writing,3.38
1553,Research & Development,Healthcare Representative,Monitoring,3.12
1553,Research & Development,Healthcare Representative,Mathematics,2.88
1554,Sales,Sales Representative,Active Listening,3.88
1554,Sales,Sales Representative,Microsoft Project,3.5
1554,Sales,Sales Representative,IBM SPSS Statistics,3.5
1554,Sales,Sales Representative,Microsoft PowerPoint,3.5
1554,Sales,Sales Representative,Apple macOS,3.5
1554,Sales,Sales Representative,HubSpot,3.5
1554,Sales,Sales Representative,Microsoft Outlook,3.5
1554,Sales,Sales Representative,Active Learning,3.38
1554,Sales,Sales Representative,Writing,3.38
1554,Sales,Sales Representative,Monitoring,3.12
1555,Research & Development,Research Scientist,Microsoft Office,4.5
1555,Research & Development,Research Scientist,Writing,4.25
1555,Research & Development,Research Scientist,Speaking,4.12
1555,Research & Development,Research Scientist,Active Learning,4.12
1555,Research & Development,Research Scientist,Critical Thinking,4.0
1555,Research & Development,Research Scientist,MATLAB,3.5
1555,Research & Development,Research Scientist,IBM SPSS Statistics,3.5
1555,Research & Development,Research Scientist,ESRI ArcGIS,3.5
1555,Research & Development,Research Scientist,Python,3.5
1556,Sales,Sales Representative,Microsoft Office,4.5
1556,Sales,Sales Representative,Reading Comprehension,3.62
1556,Sales,Sales Representative,IBM SPSS Statistics,3.5
1556,Sales,Sales Representative,Apple macOS,3.5
1556,Sales,Sales Representative,Microsoft Word,3.5
1556,Sales,Sales Representative,Microsoft Outlook,3.5
1556,Sales,Sales Representative,Microsoft Project,3.5
1556,Sales,Sales Representative,Critical Thinking,3.38
1556,Sales,Sales Representative,Monitoring,3.12
1556,Sales,Sales Representative,Mathematics,2.62
1557,Sales,Sales Executive,Microsoft PowerPoint,4.5
1557,Sales,Sales Executive,Microsoft Excel,4.5
1557,Sales,Sales Executive,Microsoft Office,4.5
1557,Sales,Sales Executive,Microsoft Outlook,4.5
1557,Sales,Sales Executive,Speaking,4.0
1557,Sales,Sales Executive,Adobe Creative Cloud,3.5
1557,Sales,Sales Executive,Critical Thinking,3.5
1557,Sales,Sales Executive,Adobe Photoshop,3.5
1557,Sales,Sales Executive,Adobe Illustrator,3.5
1557,Sales,Sales Executive,Reading Comprehension,3.38
1557,Sales,Sales Executive,Active Learning,3.12
1557,Sales,Sales Executive,Mathematics,2.25
1558,Research & Development,Research Scientist,Microsoft Office,4.5
1558,Research & Development,Research Scientist,Writing,4.25
1558,Research & Development,Research Scientist,Speaking,4.12
1558,Research & Development,Research Scientist,Active Learning,4.12
1558,Research & Development,Research Scientist,Critical Thinking,4.0
1558,Research & Development,Research Scientist,Reading Comprehension,4.0
1558,Research & Development,Research Scientist,Active Listening,4.0
1558,Research & Development,Research Scientist,Mathematics,3.62
1558,Research & Development,Research Scientist,ESRI ArcGIS,3.5
1558,Research & Development,Research Scientist,Python,3.5
1558,Research & Development,Research Scientist,Adobe Photoshop,3.5
1560,Sales,Sales Executive,Speaking,4.0
1560,Sales,Sales Executive,Adobe InDesign,3.5
1560,Sales,Sales Executive,Reading Comprehension,3.38
1560,Sales,Sales Executive,Writing,3.25
1560,Sales,Sales Executive,Active Learning,3.12
1560,Sales,Sales Executive,Mathematics,2.25
1562,Sales,Sales Executive,Salesforce,4.5
1562,Sales,Sales Executive,Adobe InDesign,3.5
1562,Sales,Sales Executive,Adobe Acrobat,3.5
1562,Sales,Sales Executive,Adobe Photoshop,3.5
1562,Sales,Sales Executive,Reading Comprehension,3.38
1563,Human Resources,Human Resources,Microsoft Excel,4.5
1563,Human Resources,Human Resources,Workday,4.5
1563,Human Resources,Human Resources,Speaking,4.12
1563,Human Resources,Human Resources,Applicant Tracking System (ATS),4.0
1563,Human Resources,Human Resources,Active Listening,4.0
1563,Human Resources,Human Resources,Adobe Acrobat,3.5
1563,Human Resources,Human Resources,Cisco Webex,3.5
1563,Human Resources,Human Resources,Adobe Photoshop,3.5
1563,Human Resources,Human Resources,Active Learning,3.25
1563,Human Resources,Human Resources,Monitoring,3.0
1564,Research & Development,Laboratory Technician,Microsoft Excel,4.5
1564,Research & Development,Laboratory Technician,Microsoft Office,4.5
1564,Research & Development,Laboratory Technician,Reading Comprehension,3.75
1564,Research & Development,Laboratory Technician,Active Listening,3.62
1564,Research & Development,Laboratory Technician,SAP,3.5
1564,Research & Development,Laboratory Technician,Microsoft PowerPoint,3.5
1564,Research & Development,Laboratory Technician,Google Docs,3.5
1564,Research & Development,Laboratory Technician,Microsoft Outlook,3.5
1564,Research & Development,Laboratory Technician,Microsoft Word,3.5
1564,Research & Development,Laboratory Technician,MEDITECH,3.5
1564,Research & Development,Laboratory Technician,Critical Thinking,3.25
1564,Research & Development,Laboratory Technician,Science,3.0
1564,Research & Development,Laboratory Technician,Monitoring,3.0
1564,Research & Development,Laboratory Technician,Electronic Medical Record (EMR),3.0
1564,Research & Development,Laboratory Technician,Email,3.0
1564,Research & Development,Laboratory Technician,Active Learning,3.0
1564,Research & Development,Laboratory Technician,Writing,3.0
1568,Sales,Sales Executive,Microsoft Office,4.5
1568,Sales,Sales Executive,Salesforce,4.5
1568,Sales,Sales Executive,Microsoft Outlook,4.5
1568,Sales,Sales Executive,Speaking,4.0
1568,Sales,Sales Executive,Adobe Creative Cloud,3.5
1568,Sales,Sales Executive,Adobe InDesign,3.5
1568,Sales,Sales Executive,Critical Thinking,3.5
1568,Sales,Sales Executive,Adobe Acrobat,3.5
1568,Sales,Sales Executive,Adobe Photoshop,3.5
1568,Sales,Sales Executive,Adobe Illustrator,3.5
1568,Sales,Sales Executive,Reading Comprehension,3.38
1568,Sales,Sales Executive,Writing,3.25
1568,Sales,Sales Executive,Mathematics,2.25
1569,Research & Development,Laboratory Technician,Microsoft Excel,4.5
1569,Research & Development,Laboratory Technician,Microsoft Office,4.5
1569,Research & Development,Laboratory Technician,Active Listening,3.62
1569,Research & Development,Laboratory Technician,SAP,3.5
1569,Research & Development,Laboratory Technician,Microsoft PowerPoint,3.5
1569,Research & Development,Laboratory Technician,Microsoft Word,3.5
1569,Research & Development,Laboratory Technician,MEDITECH,3.5
1569,Research & Development,Laboratory Technician,Google Docs,3.5
1569,Research & Development,Laboratory Technician,Microsoft Outlook,3.5
1569,Research & Development,Laboratory Technician,Science,3.0
1569,Research & Development,Laboratory Technician,Email,3.0
1569,Research & Development,Laboratory Technician,Active Learning,3.0
1569,Research & Development,Laboratory Technician,Writing,3.0
1572,Research & Development,Manufacturing Director,Microsoft PowerPoint,4.5
1572,Research & Development,Manufacturing Director,Monitoring,4.0
1572,Research & Development,Manufacturing Director,Adobe InDesign,3.5
1572,Research & Development,Manufacturing Director,Adobe Acrobat,3.5
1572,Research & Development,Manufacturing Director,Autodesk AutoCAD,3.5
1572,Research & Development,Manufacturing Director,Writing,3.38
1573,Research & Development,Manufacturing Director,Microsoft Excel,4.5
1573,Research & Development,Manufacturing Director,Microsoft Office,4.5
1573,Research & Development,Manufacturing Director,Critical Thinking,4.0
1573,Research & Development,Manufacturing Director,Speaking,4.0
1573,Research & Development,Manufacturing Director,Reading Comprehension,3.88
1573,Research & Development,Manufacturing Director,Active Listening,3.88
1573,Research & Development,Manufacturing Director,Learning Strategies,3.75
1573,Research & Development,Manufacturing Director,Active Learning,3.62
1573,Research & Development,Manufacturing Director,Adobe After Effects,3.5
1573,Research & Development,Manufacturing Director,Adobe InDesign,3.5
1573,Research & Development,Manufacturing Director,Adobe Acrobat,3.5
1573,Research & Development,Manufacturing Director,Autodesk AutoCAD,3.5
1573,Research & Development,Manufacturing Director,Writing,3.38
1574,Research & Development,Research Scientist,R,4.5
1574,Research & Development,Research Scientist,Microsoft Office,4.5
1574,Research & Development,Research Scientist,Science,4.12
1574,Research & Development,Research Scientist,Active Learning,4.12
1574,Research & Development,Research Scientist,Critical Thinking,4.0
1574,Research & Development,Research Scientist,Reading Comprehension,4.0
1574,Research & Development,Research Scientist,IBM SPSS Statistics,3.5
1574,Research & Development,Research Scientist,ESRI ArcGIS,3.5
1574,Research & Development,Research Scientist,SAS,3.5
1576,Research & Development,Research Scientist,R,4.5
1576,Research & Development,Research Scientist,Microsoft Office,4.5
1576,Research & Development,Research Scientist,Writing,4.25
1576,Research & Development,Research Scientist,Science,4.12
1576,Research & Development,Research Scientist,Active Learning,4.12
1576,Research & Development,Research Scientist,Critical Thinking,4.0
1576,Research & Development,Research Scientist,Mathematics,3.62
1576,Research & Development,Research Scientist,ESRI ArcGIS,3.5
1576,Research & Development,Research Scientist,SAS,3.5
1576,Research & Development,Research Scientist,Python,3.5
1576,Research & Development,Research Scientist,Microsoft Project,3.5
1577,Research & Development,Research Scientist,Microsoft Excel,4.5
1577,Research & Development,Research Scientist,Microsoft Office,4.5
1577,Research & Development,Research Scientist,Writing,4.25
1577,Research & Development,Research Scientist,Speaking,4.12
1577,Research & Development,Research Scientist,Critical Thinking,4.0
1577,Research & Development,Research Scientist,Active Listening,4.0
1577,Research & Development,Research Scientist,Mathematics,3.62
1577,Research & Development,Research Scientist,MATLAB,3.5
1577,Research & Development,Research Scientist,Microsoft Project,3.5
1577,Research & Development,Research Scientist,IBM SPSS Statistics,3.5
1577,Research & Development,Research Scientist,ESRI ArcGIS,3.5
1577,Research & Development,Research Scientist,SAS,3.5
1577,Research & Development,Research Scientist,Python,3.5
1578,Sales,Manager,Microsoft PowerPoint,4.5
1578,Sales,Manager,Critical Thinking,3.88
1578,Sales,Manager,Apple macOS,3.5
1578,Sales,Manager,Google Analytics,3.5
1578,Sales,Manager,Atlassian Confluence,3.5
1578,Sales,Manager,Writing,3.5
1578,Sales,Manager,Autodesk AutoCAD,3.5
1578,Sales,Manager,Learning Strategies,3.0
1580,Research & Development,Research Scientist,R,4.5
1580,Research & Development,Research Scientist,Speaking,4.12
1580,Research & Development,Research Scientist,Critical Thinking,4.0
1580,Research & Development,Research Scientist,Reading Comprehension,4.0
1580,Research & Development,Research Scientist,Active Listening,4.0
1580,Research & Development,Research Scientist,Mathematics,3.62
1580,Research & Development,Research Scientist,MATLAB,3.5
1580,Research & Development,Research Scientist,Microsoft Project,3.5
1580,Research & Development,Research Scientist,IBM SPSS Statistics,3.5
1580,Research & Development,Research Scientist,ESRI ArcGIS,3.5
1581,Research & Development,Research Scientist,R,4.5
1581,Research & Development,Research Scientist,Microsoft Office,4.5
1581,Research & Development,Research Scientist,Writing,4.25
1581,Research & Development,Research Scientist,Science,4.12
1581,Research & Development,Research Scientist,Speaking,4.12
1581,Research & Development,Research Scientist,Active Learning,4.12
1581,Research & Development,Research Scientist,Critical Thinking,4.0
1581,Research & Development,Research Scientist,Reading Comprehension,4.0
1581,Research & Development,Research Scientist,Mathematics,3.62
1581,Research & Development,Research Scientist,MATLAB,3.5
1581,Research & Development,Research Scientist,IBM SPSS Statistics,3.5
1581,Research & Development,Research Scientist,SAS,3.5
1581,Research & Development,Research Scientist,Python,3.5
1581,Research & Development,Research Scientist,Adobe Photoshop,3.5
1582,Sales,Sales Executive,Microsoft PowerPoint,4.5
1582,Sales,Sales Executive,Microsoft Excel,4.5
1582,Sales,Sales Executive,Microsoft Office,4.5
1582,Sales,Sales Executive,Salesforce,4.5
1582,Sales,Sales Executive,Microsoft Outlook,4.5
1582,Sales,Sales Executive,Speaking,4.0
1582,Sales,Sales Executive,Adobe Creative Cloud,3.5
1582,Sales,Sales Executive,Adobe InDesign,3.5
1582,Sales,Sales Executive,Critical Thinking,3.5
1582,Sales,Sales Executive,Adobe Acrobat,3.5
1582,Sales,Sales Executive,Adobe Illustrator,3.5
1582,Sales,Sales Executive,Active Learning,3.12
1583,Sales,Sales Executive,Microsoft PowerPoint,4.5
1583,Sales,Sales Executive,Microsoft Outlook,4.5
1583,Sales,Sales Executive,Critical Thinking,3.5
1583,Sales,Sales Executive,Adobe Acrobat,3.5
1583,Sales,Sales Executive,Adobe Photoshop,3.5
1583,Sales,Sales Executive,Writing,3.25
1583,Sales,Sales Executive,Active Learning,3.12
1583,Sales,Sales Executive,Mathematics,2.25
1585,Sales,Sales Executive,Adobe InDesign,3.5
1585,Sales,Sales Executive,Adobe Illustrator,3.5
1585,Sales,Sales Executive,Monitoring,3.12
1586,Research & Development,Laboratory Technician,Microsoft Excel,4.5
1586,Research & Development,Laboratory Technician,Reading Comprehension,3.75
1586,Research & Development,Laboratory Technician,Active Listening,3.62
1586,Research & Development,Laboratory Technician,SAP,3.5
1586,Research & Development,Laboratory Technician,Microsoft PowerPoint,3.5
1586,Research & Development,Laboratory Technician,Google Docs,3.5
1586,Research & Development,Laboratory Technician,Microsoft Outlook,3.5
1586,Research & Development,Laboratory Technician,Microsoft Word,3.5
1586,Research & Development,Laboratory Technician,MEDITECH,3.5
1586,Research & Development,Laboratory Technician,Critical Thinking,3.25
1586,Research & Development,Laboratory Technician,Speaking,3.12
1586,Research & Development,Laboratory Technician,Science,3.0
1586,Research & Development,Laboratory Technician,Monitoring,3.0
1586,Research & Development,Laboratory Technician,Electronic Medical Record (EMR),3.0
1586,Research & Development,Laboratory Technician,Active Learning,3.0
1586,Research & Development,Laboratory Technician,Writing,3.0
1587,Research & Development,Healthcare Representative,Microsoft Excel,4.5
1587,Research & Development,Healthcare Representative,Salesforce,4.5
1587,Research & Development,Healthcare Representative,Reading Comprehension,3.75
1587,Research & Development,Healthcare Representative,Google Workspace,3.5
1587,Research & Development,Healthcare Representative,Linux,3.5
1587,Research & Development,Healthcare Representative,Apache Hadoop,3.5
1587,Research & Development,Healthcare Representative,Active Learning,3.5
1587,Research & Development,Healthcare Representative,Microsoft Access,3.5
1587,Research & Development,Healthcare Representative,Amazon Web Services (AWS),3.5
1587,Research & Development,Healthcare Representative,Critical Thinking,3.38
1587,Research & Development,Healthcare Representative,Monitoring,3.12
1587,Research & Development,Healthcare Representative,Mathematics,2.88
1588,Sales,Sales Executive,Microsoft PowerPoint,4.5
1588,Sales,Sales Executive,Adobe InDesign,3.5
1588,Sales,Sales Executive,Critical Thinking,3.5
1588,Sales,Sales Executive,Adobe Acrobat,3.5
1588,Sales,Sales Executive,Adobe Illustrator,3.5
1588,Sales,Sales Executive,Adobe Photoshop,3.5
1588,Sales,Sales Executive,Mathematics,2.25
1590,Research & Development,Healthcare Representative,Microsoft Excel,4.5
1590,Research & Development,Healthcare Representative,Salesforce,4.5
1590,Research & Development,Healthcare Representative,Microsoft Outlook,4.5
1590,Research & Development,Healthcare Representative,Microsoft Office,4.5
1590,Research & Development,Healthcare Representative,Speaking,4.25
1590,Research & Development,Healthcare Representative,Reading Comprehension,3.75
1590,Research & Development,Healthcare Representative,Google Workspace,3.5
1590,Research & Development,Healthcare Representative,Linux,3.5
1590,Research & Development,Healthcare Representative,Amazon Web Services (AWS),3.5
1590,Research & Development,Healthcare Representative,Microsoft Azure,3.5
1590,Research & Development,Healthcare Representative,Apache Hadoop,3.5
1590,Research & Development,Healthcare Representative,Active Learning,3.5
1590,Research & Development,Healthcare Representative,Microsoft Access,3.5
1590,Research & Development,Healthcare Representative,Critical Thinking,3.38
1590,Research & Development,Healthcare Representative,Writing,3.38
1590,Research & Development,Healthcare Representative,Monitoring,3.12
1591,Sales,Manager,Reading Comprehension,4.0
1591,Sales,Manager,Speaking,4.0
1591,Sales,Manager,Active Listening,4.0
1591,Sales,Manager,Critical Thinking,3.88
1591,Sales,Manager,Adobe Photoshop,3.5
1591,Sales,Manager,Autodesk AutoCAD,3.5
1592,Research & Development,Research Scientist,R,4.5
1592,Research & Development,Research Scientist,Microsoft Office,4.5
1592,Research & Development,Research Scientist,Science,4.12
1592,Research & Development,Research Scientist,Speaking,4.12
1592,Research & Development,Research Scientist,Critical Thinking,4.0
1592,Research & Development,Research Scientist,Reading Comprehension,4.0
1592,Research & Development,Research Scientist,Active Listening,4.0
1592,Research & Development,Research Scientist,Mathematics,3.62
1592,Research & Development,Research Scientist,MATLAB,3.5
1592,Research & Development,Research Scientist,IBM SPSS Statistics,3.5
1592,Research & Development,Research Scientist,Microsoft Project,3.5
1592,Research & Development,Research Scientist,ESRI ArcGIS,3.5
1592,Research & Development,Research Scientist,SAS,3.5
1592,Research & Development,Research Scientist,Python,3.5
1592,Research & Development,Research Scientist,Adobe Photoshop,3.5
1594,Research & Development,Laboratory Technician,Microsoft Office,4.5
1594,Research & Development,Laboratory Technician,Reading Comprehension,3.75
1594,Research & Development,Laboratory Technician,Microsoft Word,3.5
1594,Research & Development,Laboratory Technician,MEDITECH,3.5
1594,Research & Development,Laboratory Technician,Google Docs,3.5
1594,Research & Development,Laboratory Technician,Microsoft Outlook,3.5
1594,Research & Development,Laboratory Technician,Speaking,3.12
1594,Research & Development,Laboratory Technician,Monitoring,3.0
1594,Research & Development,Laboratory Technician,Email,3.0
1594,Research & Development,Laboratory Technician,Active Learning,3.0
1594,Research & Development,Laboratory Technician,Writing,3.0
1595,Research & Development,Manager,Microsoft Office,4.5
1595,Research & Development,Manager,Critical Thinking,3.88
1595,Research & Development,Manager,Active Learning,3.62
1595,Research & Development,Manager,Apple macOS,3.5
1595,Research & Development,Manager,Google Analytics,3.5
1595,Research & Development,Manager,Adobe Acrobat,3.5
1595,Research & Development,Manager,Autodesk AutoCAD,3.5
1595,Research & Development,Manager,Learning Strategies,3.0
1596,Research & Development,Laboratory Technician,Microsoft Excel,4.5
1596,Research & Development,Laboratory Technician,Reading Comprehension,3.75
1596,Research & Development,Laboratory Technician,SAP,3.5
1596,Research & Development,Laboratory Technician,MEDITECH,3.5
1596,Research & Development,Laboratory Technician,Microsoft Outlook,3.5
1596,Research & Development,Laboratory Technician,Critical Thinking,3.25
1596,Research & Development,Laboratory Technician,Email,3.0
1596,Research & Development,Laboratory Technician,Active Learning,3.0
1596,Research & Development,Laboratory Technician,Writing,3.0
1597,Research & Development,Healthcare Representative,Microsoft Excel,4.5
1597,Research & Development,Healthcare Representative,Microsoft Office,4.5
1597,Research & Development,Healthcare Representative,Speaking,4.25
1597,Research & Development,Healthcare Representative,Reading Comprehension,3.75
1597,Research & Development,Healthcare Representative,Microsoft Azure,3.5
1597,Research & Development,Healthcare Representative,Linux,3.5
1597,Research & Development,Healthcare Representative,Apache Hadoop,3.5
1597,Research & Development,Healthcare Representative,Active Learning,3.5
1597,Research & Development,Healthcare Representative,Microsoft Access,3.5
1597,Research & Development,Healthcare Representative,Amazon Web Services (AWS),3.5
1597,Research & Development,Healthcare Representative,Writing,3.38
1597,Research & Development,Healthcare Representative,Mathematics,2.88
1598,Sales,Sales Executive,Microsoft PowerPoint,4.5
1598,Sales,Sales Executive,Salesforce,4.5
1598,Sales,Sales Executive,Microsoft Outlook,4.5
1598,Sales,Sales Executive,Microsoft Office,4.5
1598,Sales,Sales Executive,Active Listening,4.0
1598,Sales,Sales Executive,Speaking,4.0
1598,Sales,Sales Executive,Adobe InDesign,3.5
1598,Sales,Sales Executive,Critical Thinking,3.5
1598,Sales,Sales Executive,Adobe Acrobat,3.5
1598,Sales,Sales Executive,Adobe Photoshop,3.5
1598,Sales,Sales Executive,Adobe Creative Cloud,3.5
1598,Sales,Sales Executive,Reading Comprehension,3.38
1598,Sales,Sales Executive,Writing,3.25
1598,Sales,Sales Executive,Active Learning,3.12
1598,Sales,Sales Executive,Mathematics,2.25
1599,Research & Development,Laboratory Technician,Microsoft Excel,4.5
1599,Research & Development,Laboratory Technician,Reading Comprehension,3.75
1599,Research & Development,Laboratory Technician,SAP,3.5
1599,Research & Development,Laboratory Technician,Microsoft Word,3.5
1599,Research & Development,Laboratory Technician,MEDITECH,3.5
1599,Research & Development,Laboratory Technician,Google Docs,3.5
1599,Research & Development,Laboratory Technician,Microsoft Outlook,3.5
1599,Research & Development,Laboratory Technician,Speaking,3.12
1599,Research & Development,Laboratory Technician,Monitoring,3.0
1599,Research & Development,Laboratory Technician,Electronic Medical Record (EMR),3.0
1599,Research & Development,Laboratory Technician,Science,3.0
1599,Research & Development,Laboratory Technician,Email,3.0
1599,Research & Development,Laboratory Technician,Active Learning,3.0
1601,Research & Development,Laboratory Technician,Microsoft Office,4.5
1601,Research & Development,Laboratory Technician,Active Listening,3.62
1601,Research & Development,Laboratory Technician,SAP,3.5
1601,Research & Development,Laboratory Technician,Microsoft PowerPoint,3.5
1601,Research & Development,Laboratory Technician,Google Docs,3.5
1601,Research & Development,Laboratory Technician,Microsoft Outlook,3.5
1601,Research & Development,Laboratory Technician,Critical Thinking,3.25
1601,Research & Development,Laboratory Technician,Speaking,3.12
1601,Research & Development,Laboratory Technician,Monitoring,3.0
1601,Research & Development,Laboratory Technician,Electronic Medical Record (EMR),3.0
1601,Research & Development,Laboratory Technician,Science,3.0
1601,Research & Development,Laboratory Technician,Email,3.0
1601,Research & Development,Laboratory Technician,Writing,3.0
1602,Sales,Manager,Microsoft PowerPoint,4.5
1602,Sales,Manager,Active Listening,4.0
1602,Sales,Manager,Atlassian JIRA,3.5
1602,Sales,Manager,Adobe Acrobat,3.5
1602,Sales,Manager,Adobe Photoshop,3.5
1602,Sales,Manager,Autodesk AutoCAD,3.5
1604,Research & Development,Laboratory Technician,Microsoft Excel,4.5
1604,Research & Development,Laboratory Technician,Microsoft Office,4.5
1604,Research & Development,Laboratory Technician,Reading Comprehension,3.75
1604,Research & Development,Laboratory Technician,Active Listening,3.62
1604,Research & Development,Laboratory Technician,SAP,3.5
1604,Research & Development,Laboratory Technician,Microsoft Word,3.5
1604,Research & Development,Laboratory Technician,MEDITECH,3.5
1604,Research & Development,Laboratory Technician,Google Docs,3.5
1604,Research & Development,Laboratory Technician,Microsoft Outlook,3.5
1604,Research & Development,Laboratory Technician,Critical Thinking,3.25
1604,Research & Development,Laboratory Technician,Monitoring,3.0
1604,Research & Development,Laboratory Technician,Electronic Medical Record (EMR),3.0
1604,Research & Development,Laboratory Technician,Science,3.0
1604,Research & Development,Laboratory Technician,Writing,3.0
1605,Research & Development,Research Scientist,Microsoft Excel,4.5
1605,Research & Development,Research Scientist,Microsoft Office,4.5
1605,Research & Development,Research Scientist,Science,4.12
1605,Research & Development,Research Scientist,Active Learning,4.12
1605,Research & Development,Research Scientist,Critical Thinking,4.0
1605,Research & Development,Research Scientist,Active Listening,4.0
1605,Research & Development,Research Scientist,Mathematics,3.62
1605,Research & Development,Research Scientist,IBM SPSS Statistics,3.5
1605,Research & Development,Research Scientist,SAS,3.5
1605,Research & Development,Research Scientist,Python,3.5
1606,Research & Development,Healthcare Representative,Microsoft Azure,3.5
1606,Research & Development,Healthcare Representative,Linux,3.5
1606,Research & Development,Healthcare Representative,Critical Thinking,3.38
1607,Research & Development,Research Scientist,Microsoft Excel,4.5
1607,Research & Development,Research Scientist,R,4.5
1607,Research & Development,Research Scientist,Microsoft Office,4.5
1607,Research & Development,Research Scientist,Writing,4.25
1607,Research & Development,Research Scientist,Science,4.12
1607,Research & Development,Research Scientist,Active Learning,4.12
1607,Research & Development,Research Scientist,Reading Comprehension,4.0
1607,Research & Development,Research Scientist,Active Listening,4.0
1607,Research & Development,Research Scientist,Mathematics,3.62
1607,Research & Development,Research Scientist,MATLAB,3.5
1607,Research & Development,Research Scientist,Microsoft Project,3.5
1607,Research & Development,Research Scientist,SAS,3.5
1607,Research & Development,Research Scientist,Python,3.5
1608,Research & Development,Research Director,Science,4.12
1608,Research & Development,Research Director,Monitoring,4.0
1608,Research & Development,Research Director,Critical Thinking,4.0
1608,Research & Development,Research Director,IBM SPSS Statistics,3.5
1608,Research & Development,Research Director,Active Learning,3.5
1608,Research & Development,Research Director,Microsoft SharePoint,3.5
1608,Research & Development,Research Director,Adobe Acrobat,3.5
1608,Research & Development,Research Director,Microsoft Access,3.5
1609,Research & Development,Research Scientist,Microsoft Excel,4.5
1609,Research & Development,Research Scientist,R,4.5
1609,Research & Development,Research Scientist,Writing,4.25
1609,Research & Development,Research Scientist,Speaking,4.12
1609,Research & Development,Research Scientist,ESRI ArcGIS,3.5
1609,Research & Development,Research Scientist,SAS,3.5
1609,Research & Development,Research Scientist,Python,3.5
1609,Research & Development,Research Scientist,Adobe Photoshop,3.5
1609,Research & Development,Research Scientist,Microsoft Project,3.5
1611,Research & Development,Laboratory Technician,Microsoft Excel,4.5
1611,Research & Development,Laboratory Technician,Microsoft Office,4.5
1611,Research & Development,Laboratory Technician,Microsoft PowerPoint,3.5
1611,Research & Development,Laboratory Technician,MEDITECH,3.5
1611,Research & Development,Laboratory Technician,Speaking,3.12
1611,Research & Development,Laboratory Technician,Monitoring,3.0
1611,Research & Development,Laboratory Technician,Email,3.0
1611,Research & Development,Laboratory Technician,Active Learning,3.0
1611,Research & Development,Laboratory Technician,Writing,3.0
1612,Sales,Sales Executive,Microsoft Office,4.5
1612,Sales,Sales Executive,Microsoft Outlook,4.5
1612,Sales,Sales Executive,Adobe Creative Cloud,3.5
1612,Sales,Sales Executive,Critical Thinking,3.5
1612,Sales,Sales Executive,Adobe Acrobat,3.5
1612,Sales,Sales Executive,Adobe Photoshop,3.5
1612,Sales,Sales Executive,Adobe Illustrator,3.5
1612,Sales,Sales Executive,Reading Comprehension,3.38
1612,Sales,Sales Executive,Writing,3.25
1612,Sales,Sales Executive,Monitoring,3.12
1612,Sales,Sales Executive,Mathematics,2.25
1613,Sales,Sales Executive,Microsoft PowerPoint,4.5
1613,Sales,Sales Executive,Microsoft Excel,4.5
1613,Sales,Sales Executive,Microsoft Office,4.5
1613,Sales,Sales Executive,Salesforce,4.5
1613,Sales,Sales Executive,Adobe InDesign,3.5
1613,Sales,Sales Executive,Critical Thinking,3.5
1613,Sales,Sales Executive,Adobe Acrobat,3.5
1613,Sales,Sales Executive,Adobe Illustrator,3.5
1613,Sales,Sales Executive,Adobe Photoshop,3.5
1613,Sales,Sales Executive,Reading Comprehension,3.38
1613,Sales,Sales Executive,Writing,3.25
1613,Sales,Sales Executive,Monitoring,3.12
1613,Sales,Sales Executive,Active Learning,3.12
1614,Research & Development,Manufacturing Director,SAP,4.5
1614,Research & Development,Manufacturing Director,Microsoft PowerPoint,4.5
1614,Research & Development,Manufacturing Director,Microsoft Excel,4.5
1614,Research & Development,Manufacturing Director,Microsoft Office,4.5
1614,Research & Development,Manufacturing Director,Monitoring,4.0
1614,Research & Development,Manufacturing Director,Reading Comprehension,3.88
1614,Research & Development,Manufacturing Director,Active Listening,3.88
1614,Research & Development,Manufacturing Director,Active Learning,3.62
1614,Research & Development,Manufacturing Director,Adobe Photoshop,3.5
1614,Research & Development,Manufacturing Director,Autodesk AutoCAD,3.5
1614,Research & Development,Manufacturing Director,Writing,3.38
1615,Research & Development,Manufacturing Director,SAP,4.5
1615,Research & Development,Manufacturing Director,Microsoft PowerPoint,4.5
1615,Research & Development,Manufacturing Director,Microsoft Outlook,4.5
1615,Research & Development,Manufacturing Director,Monitoring,4.0
1615,Research & Development,Manufacturing Director,Speaking,4.0
1615,Research & Development,Manufacturing Director,Reading Comprehension,3.88
1615,Research & Development,Manufacturing Director,Active Listening,3.88
1615,Research & Development,Manufacturing Director,Active Learning,3.62
1615,Research & Development,Manufacturing Director,Adobe After Effects,3.5
1615,Research & Development,Manufacturing Director,Adobe InDesign,3.5
1615,Research & Development,Manufacturing Director,Adobe Photoshop,3.5
1617,Research & Development,Laboratory Technician,Microsoft Office,4.5
1617,Research & Development,Laboratory Technician,Reading Comprehension,3.75
1617,Research & Development,Laboratory Technician,Microsoft Word,3.5
1617,Research & Development,Laboratory Technician,Google Docs,3.5
1617,Research & Development,Laboratory Technician,Microsoft Outlook,3.5
1617,Research & Development,Laboratory Technician,Speaking,3.12
1617,Research & Development,Laboratory Technician,Electronic Medical Record (EMR),3.0
1617,Research & Development,Laboratory Technician,Science,3.0
1617,Research & Development,Laboratory Technician,Email,3.0
1618,Research & Development,Manufacturing Director,SAP,4.5
1618,Research & Development,Manufacturing Director,Microsoft Office,4.5
1618,Research & Development,Manufacturing Director,Monitoring,4.0
1618,Research & Development,Manufacturing Director,Speaking,4.0
1618,Research & Development,Manufacturing Director,Reading Comprehension,3.88
1618,Research & Development,Manufacturing Director,Learning Strategies,3.75
1618,Research & Development,Manufacturing Director,Adobe After Effects,3.5
1618,Research & Development,Manufacturing Director,Adobe InDesign,3.5
1618,Research & Development,Manufacturing Director,Adobe Acrobat,3.5
1619,Research & Development,Laboratory Technician,Microsoft Excel,4.5
1619,Research & Development,Laboratory Technician,Microsoft Office,4.5
1619,Research & Development,Laboratory Technician,Active Listening,3.62
1619,Research & Development,Laboratory Technician,SAP,3.5
1619,Research & Development,Laboratory Technician,MEDITECH,3.5
1619,Research & Development,Laboratory Technician,Critical Thinking,3.25
1619,Research & Development,Laboratory Technician,Speaking,3.12
1619,Research & Development,Laboratory Technician,Electronic Medical Record (EMR),3.0
1619,Research & Development,Laboratory Technician,Science,3.0
1619,Research & Development,Laboratory Technician,Email,3.0
1619,Research & Development,Laboratory Technician,Active Learning,3.0
1619,Research & Development,Laboratory Technician,Writing,3.0
1621,Research & Development,Research Scientist,Microsoft Office,4.5
1621,Research & Development,Research Scientist,Writing,4.25
1621,Research & Development,Research Scientist,Speaking,4.12
1621,Research & Development,Research Scientist,Reading Comprehension,4.0
1621,Research & Development,Research Scientist,MATLAB,3.5
1621,Research & Development,Research Scientist,IBM SPSS Statistics,3.5
1621,Research & Development,Research Scientist,Adobe Photoshop,3.5
1622,Research & Development,Manufacturing Director,SAP,4.5
1622,Research & Development,Manufacturing Director,Microsoft PowerPoint,4.5
1622,Research & Development,Manufacturing Director,Microsoft Excel,4.5
1622,Research & Development,Manufacturing Director,Microsoft Office,4.5
1622,Research & Development,Manufacturing Director,Speaking,4.0
1622,Research & Development,Manufacturing Director,Reading Comprehension,3.88
1622,Research & Development,Manufacturing Director,Active Listening,3.88
1622,Research & Development,Manufacturing Director,Active Learning,3.62
1622,Research & Development,Manufacturing Director,Adobe Photoshop,3.5
1622,Research & Development,Manufacturing Director,Autodesk AutoCAD,3.5
1622,Research & Development,Manufacturing Director,Writing,3.38
1623,Research & Development,Research Scientist,R,4.5
1623,Research & Development,Research Scientist,Microsoft Office,4.5
1623,Research & Development,Research Scientist,Writing,4.25
1623,Research & Development,Research Scientist,Speaking,4.12
1623,Research & Development,Research Scientist,Active Learning,4.12
1623,Research & Development,Research Scientist,Critical Thinking,4.0
1623,Research & Development,Research Scientist,Reading Comprehension,4.0
1623,Research & Development,Research Scientist,Mathematics,3.62
1623,Research & Development,Research Scientist,MATLAB,3.5
1623,Research & Development,Research Scientist,ESRI ArcGIS,3.5
1623,Research & Development,Research Scientist,Python,3.5
1623,Research & Development,Research Scientist,Adobe Photoshop,3.5
1623,Research & Development,Research Scientist,Microsoft Project,3.5
1624,Sales,Sales Representative,Microsoft Excel,4.5
1624,Sales,Sales Representative,Microsoft Office,4.5
1624,Sales,Sales Representative,Speaking,3.88
1624,Sales,Sales Representative,Active Listening,3.88
1624,Sales,Sales Representative,Reading Comprehension,3.62
1624,Sales,Sales Representative,Microsoft Project,3.5
1624,Sales,Sales Representative,IBM SPSS Statistics,3.5
1624,Sales,Sales Representative,Microsoft PowerPoint,3.5
1624,Sales,Sales Representative,Microsoft Outlook,3.5
1624,Sales,Sales Representative,Active Learning,3.38
1624,Sales,Sales Representative,Writing,3.38
1624,Sales,Sales Representative,Mathematics,2.62
1625,Human Resources,Manager,Reading Comprehension,4.0
1625,Human Resources,Manager,Critical Thinking,3.88
1625,Human Resources,Manager,Google Analytics,3.5
1625,Human Resources,Manager,Adobe Photoshop,3.5
1625,Human Resources,Manager,Learning Strategies,3.0
1627,Research & Development,Laboratory Technician,Microsoft Excel,4.5
1627,Research & Development,Laboratory Technician,Reading Comprehension,3.75
1627,Research & Development,Laboratory Technician,Active Listening,3.62
1627,Research & Development,Laboratory Technician,Google Docs,3.5
1627,Research & Development,Laboratory Technician,Microsoft Outlook,3.5
1627,Research & Development,Laboratory Technician,Speaking,3.12
1627,Research & Development,Laboratory Technician,Monitoring,3.0
1627,Research & Development,Laboratory Technician,Science,3.0
1627,Research & Development,Laboratory Technician,Writing,3.0
1628,Research & Development,Manufacturing Director,SAP,4.5
1628,Research & Development,Manufacturing Director,Microsoft PowerPoint,4.5
1628,Research & Development,Manufacturing Director,Microsoft Excel,4.5
1628,Research & Development,Manufacturing Director,Reading Comprehension,3.88
1628,Research & Development,Manufacturing Director,Active Listening,3.88
1628,Research & Development,Manufacturing Director,Learning Strategies,3.75
1628,Research & Development,Manufacturing Director,Active Learning,3.62
1628,Research & Development,Manufacturing Director,Adobe After Effects,3.5
1628,Research & Development,Manufacturing Director,Adobe InDesign,3.5
1628,Research & Development,Manufacturing Director,Adobe Acrobat,3.5
1628,Research & Development,Manufacturing Director,Writing,3.38
1630,Research & Development,Healthcare Representative,Microsoft Excel,4.5
1630,Research & Development,Healthcare Representative,Salesforce,4.5
1630,Research & Development,Healthcare Representative,Speaking,4.25
1630,Research & Development,Healthcare Representative,Google Workspace,3.5
1630,Research & Development,Healthcare Representative,Microsoft Azure,3.5
1630,Research & Development,Healthcare Representative,Apache Hadoop,3.5
1630,Research & Development,Healthcare Representative,Microsoft Access,3.5
1630,Research & Development,Healthcare Representative,Amazon Web Services (AWS),3.5
1630,Research & Development,Healthcare Representative,Writing,3.38
1630,Research & Development,Healthcare Representative,Monitoring,3.12
1630,Research & Development,Healthcare Representative,Mathematics,2.88
1631,Research & Development,Manufacturing Director,SAP,4.5
1631,Research & Development,Manufacturing Director,Microsoft Outlook,4.5
1631,Research & Development,Manufacturing Director,Monitoring,4.0
1631,Research & Development,Manufacturing Director,Learning Strategies,3.75
1631,Research & Development,Manufacturing Director,Active Learning,3.62
1631,Research & Development,Manufacturing Director,Adobe InDesign,3.5
1631,Research & Development,Manufacturing Director,Adobe Acrobat,3.5
1631,Research & Development,Manufacturing Director,Autodesk AutoCAD,3.5
1631,Research & Development,Manufacturing Director,Writing,3.38
1633,Research & Development,Manufacturing Director,Microsoft Office,4.5
1633,Research & Development,Manufacturing Director,Monitoring,4.0
1633,Research & Development,Manufacturing Director,Critical Thinking,4.0
1633,Research & Development,Manufacturing Director,Active Listening,3.88
1633,Research & Development,Manufacturing Director,Learning Strategies,3.75
1633,Research & Development,Manufacturing Director,Adobe After Effects,3.5
1633,Research & Development,Manufacturing Director,Adobe InDesign,3.5
1633,Research & Development,Manufacturing Director,Adobe Acrobat,3.5
1633,Research & Development,Manufacturing Director,Adobe Photoshop,3.5
1633,Research & Development,Manufacturing Director,Autodesk AutoCAD,3.5
1633,Research & Development,Manufacturing Director,Writing,3.38
1635,Research & Development,Manufacturing Director,SAP,4.5
1635,Research & Development,Manufacturing Director,Microsoft PowerPoint,4.5
1635,Research & Development,Manufacturing Director,Microsoft Outlook,4.5
1635,Research & Development,Manufacturing Director,Speaking,4.0
1635,Research & Development,Manufacturing Director,Reading Comprehension,3.88
1635,Research & Development,Manufacturing Director,Active Learning,3.62
1635,Research & Development,Manufacturing Director,Adobe InDesign,3.5
1635,Research & Development,Manufacturing Director,Adobe Acrobat,3.5
1638,Research & Development,Manufacturing Director,SAP,4.5
1638,Research & Development,Manufacturing Director,Microsoft Office,4.5
1638,Research & Development,Manufacturing Director,Monitoring,4.0
1638,Research & Development,Manufacturing Director,Critical Thinking,4.0
1638,Research & Development,Manufacturing Director,Active Listening,3.88
1638,Research & Development,Manufacturing Director,Learning Strategies,3.75
1638,Research & Development,Manufacturing Director,Active Learning,3.62
1638,Research & Development,Manufacturing Director,Adobe After Effects,3.5
1638,Research & Development,Manufacturing Director,Adobe InDesign,3.5
1638,Research & Development,Manufacturing Director,Adobe Acrobat,3.5
1638,Research & Development,Manufacturing Director,Adobe Photoshop,3.5
1638,Research & Development,Manufacturing Director,Autodesk AutoCAD,3.5
1638,Research & Development,Manufacturing Director,Writing,3.38
1639,Sales,Sales Executive,Active Listening,4.0
1639,Sales,Sales Executive,Adobe Creative Cloud,3.5
1639,Sales,Sales Executive,Adobe InDesign,3.5
1639,Sales,Sales Executive,Adobe Acrobat,3.5
1639,Sales,Sales Executive,Reading Comprehension,3.38
1639,Sales,Sales Executive,Writing,3.25
1639,Sales,Sales Executive,Mathematics,2.25
1640,Research & Development,Research Scientist,Writing,4.25
1640,Research & Development,Research Scientist,Speaking,4.12
1640,Research & Development,Research Scientist,Critical Thinking,4.0
1640,Research & Development,Research Scientist,Active Listening,4.0
1640,Research & Development,Research Scientist,Mathematics,3.62
1640,Research & Development,Research Scientist,Microsoft Project,3.5
1640,Research & Development,Research Scientist,IBM SPSS Statistics,3.5
1640,Research & Development,Research Scientist,ESRI ArcGIS,3.5
1640,Research & Development,Research Scientist,SAS,3.5
1640,Research & Development,Research Scientist,Python,3.5
1641,Research & Development,Manufacturing Director,Microsoft PowerPoint,4.5
1641,Research & Development,Manufacturing Director,Microsoft Excel,4.5
1641,Research & Development,Manufacturing Director,Monitoring,4.0
1641,Research & Development,Manufacturing Director,Reading Comprehension,3.88
1641,Research & Development,Manufacturing Director,Active Listening,3.88
1641,Research & Development,Manufacturing Director,Adobe After Effects,3.5
1641,Research & Development,Manufacturing Director,Adobe InDesign,3.5
1641,Research & Development,Manufacturing Director,Adobe Acrobat,3.5
1641,Research & Development,Manufacturing Director,Autodesk AutoCAD,3.5
1641,Research & Development,Manufacturing Director,Writing,3.38
1642,Human Resources,Human Resources,Workday,4.5
1642,Human Resources,Human Resources,Speaking,4.12
1642,Human Resources,Human Resources,Applicant Tracking System (ATS),4.0
1642,Human Resources,Human Resources,Adobe Acrobat,3.5
1642,Human Resources,Human Resources,Cisco Webex,3.5
1642,Human Resources,Human Resources,Adobe Photoshop,3.5
1644,Research & Development,Manager,Microsoft Excel,4.5
1644,Research & Development,Manager,Speaking,4.0
1644,Research & Development,Manager,Critical Thinking,3.88
1644,Research & Development,Manager,Active Learning,3.62
1644,Research & Development,Manager,Apple macOS,3.5
1644,Research & Development,Manager,Atlassian JIRA,3.5
1644,Research & Development,Manager,Adobe Photoshop,3.5
1644,Research & Development,Manager,Learning Strategies,3.0
1645,Sales,Sales Executive,Microsoft Office,4.5
1645,Sales,Sales Executive,Speaking,4.0
1645,Sales,Sales Executive,Active Listening,4.0
1645,Sales,Sales Executive,Adobe Creative Cloud,3.5
1645,Sales,Sales Executive,Critical Thinking,3.5
1645,Sales,Sales Executive,Adobe Acrobat,3.5
1645,Sales,Sales Executive,Adobe Illustrator,3.5
1645,Sales,Sales Executive,Monitoring,3.12
1645,Sales,Sales Executive,Mathematics,2.25
1646,Research & Development,Research Scientist,Microsoft Excel,4.5
1646,Research & Development,Research Scientist,R,4.5
1646,Research & Development,Research Scientist,Microsoft Office,4.5
1646,Research & Development,Research Scientist,Writing,4.25
1646,Research & Development,Research Scientist,Active Learning,4.12
1646,Research & Development,Research Scientist,Critical Thinking,4.0
1646,Research & Development,Research Scientist,Reading Comprehension,4.0
1646,Research & Development,Research Scientist,Active Listening,4.0
1646,Research & Development,Research Scientist,MATLAB,3.5
1646,Research & Development,Research Scientist,Microsoft Project,3.5
1646,Research & Development,Research Scientist,ESRI ArcGIS,3.5
1646,Research & Development,Research Scientist,Python,3.5
1646,Research & Development,Research Scientist,Adobe Photoshop,3.5
1647,Research & Development,Research Scientist,Microsoft Excel,4.5
1647,Research & Development,Research Scientist,Science,4.12
1647,Research & Development,Research Scientist,Active Learning,4.12
1647,Research & Development,Research Scientist,Critical Thinking,4.0
1647,Research & Development,Research Scientist,Reading Comprehension,4.0
1647,Research & Development,Research Scientist,Mathematics,3.62
1647,Research & Development,Research Scientist,MATLAB,3.5
1647,Research & Development,Research Scientist,IBM SPSS Statistics,3.5
1647,Research & Development,Research Scientist,ESRI ArcGIS,3.5
1647,Research & Development,Research Scientist,SAS,3.5
1647,Research & Development,Research Scientist,Python,3.5
1647,Research & Development,Research Scientist,Adobe Photoshop,3.5
1647,Research & Development,Research Scientist,Microsoft Project,3.5
1648,Research & Development,Research Scientist,Microsoft Excel,4.5
1648,Research & Development,Research Scientist,R,4.5
1648,Research & Development,Research Scientist,Microsoft Office,4.5
1648,Research & Development,Research Scientist,Writing,4.25
1648,Research & Development,Research Scientist,Science,4.12
1648,Research & Development,Research Scientist,Speaking,4.12
1648,Research & Development,Research Scientist,Active Learning,4.12
1648,Research & Development,Research Scientist,ESRI ArcGIS,3.5
1648,Research & Development,Research Scientist,Python,3.5
1648,Research & Development,Research Scientist,Adobe Photoshop,3.5
1648,Research & Development,Research Scientist,Microsoft Project,3.5
1649,Research & Development,Laboratory Technician,Microsoft Excel,4.5
1649,Research & Development,Laboratory Technician,Microsoft Office,4.5
1649,Research & Development,Laboratory Technician,Active Listening,3.62
1649,Research & Development,Laboratory Technician,Microsoft PowerPoint,3.5
1649,Research & Development,Laboratory Technician,MEDITECH,3.5
1649,Research & Development,Laboratory Technician,Microsoft Outlook,3.5
1649,Research & Development,Laboratory Technician,Speaking,3.12
1649,Research & Development,Laboratory Technician,Monitoring,3.0
1649,Research & Development,Laboratory Technician,Electronic Medical Record (EMR),3.0
1649,Research & Development,Laboratory Technician,Email,3.0
1649,Research & Development,Laboratory Technician,Active Learning,3.0
1650,Sales,Sales Executive,Microsoft PowerPoint,4.5
1650,Sales,Sales Executive,Microsoft Excel,4.5
1650,Sales,Sales Executive,Microsoft Office,4.5
1650,Sales,Sales Executive,Salesforce,4.5
1650,Sales,Sales Executive,Active Listening,4.0
1650,Sales,Sales Executive,Adobe Creative Cloud,3.5
1650,Sales,Sales Executive,Adobe InDesign,3.5
1650,Sales,Sales Executive,Adobe Photoshop,3.5
1650,Sales,Sales Executive,Monitoring,3.12
1650,Sales,Sales Executive,Mathematics,2.25
1651,Research & Development,Healthcare Representative,Microsoft Excel,4.5
1651,Research & Development,Healthcare Representative,Microsoft Office,4.5
1651,Research & Development,Healthcare Representative,Apache Hadoop,3.5
1651,Research & Development,Healthcare Representative,Active Learning,3.5
1651,Research & Development,Healthcare Representative,Writing,3.38
1651,Research & Development,Healthcare Representative,Monitoring,3.12
1651,Research & Development,Healthcare Representative,Mathematics,2.88
1653,Research & Development,Manufacturing Director,SAP,4.5
1653,Research & Development,Manufacturing Director,Microsoft Excel,4.5
1653,Research & Development,Manufacturing Director,Microsoft Office,4.5
1653,Research & Development,Manufacturing Director,Microsoft Outlook,4.5
1653,Research & Development,Manufacturing Director,Critical Thinking,4.0
1653,Research & Development,Manufacturing Director,Speaking,4.0
1653,Research & Development,Manufacturing Director,Active Listening,3.88
1653,Research & Development,Manufacturing Director,Active Learning,3.62
1653,Research & Development,Manufacturing Director,Adobe After Effects,3.5
1653,Research & Development,Manufacturing Director,Autodesk AutoCAD,3.5
1653,Research & Development,Manufacturing Director,Writing,3.38
1654,Research & Development,Manufacturing Director,SAP,4.5
1654,Research & Development,Manufacturing Director,Microsoft PowerPoint,4.5
1654,Research & Development,Manufacturing Director,Microsoft Excel,4.5
1654,Research & Development,Manufacturing Director,Microsoft Office,4.5
1654,Research & Development,Manufacturing Director,Microsoft Outlook,4.5
1654,Research & Development,Manufacturing Director,Critical Thinking,4.0
1654,Research & Development,Manufacturing Director,Speaking,4.0
1654,Research & Development,Manufacturing Director,Reading Comprehension,3.88
1654,Research & Development,Manufacturing Director,Active Listening,3.88
1654,Research & Development,Manufacturing Director,Learning Strategies,3.75
1654,Research & Development,Manufacturing Director,Active Learning,3.62
1654,Research & Development,Manufacturing Director,Adobe Acrobat,3.5
1655,Research & Development,Research Director,Microsoft Excel,4.5
1655,Research & Development,Research Director,Monitoring,4.0
1655,Research & Development,Research Director,Reading Comprehension,4.0
1655,Research & Development,Research Director,Active Listening,4.0
1655,Research & Development,Research Director,Speaking,3.88
1655,Research & Development,Research Director,Writing,3.88
1655,Research & Development,Research Director,Microsoft Project,3.5
1655,Research & Development,Research Director,Microsoft SharePoint,3.5
1655,Research & Development,Research Director,ESRI ArcGIS,3.5
1655,Research & Development,Research Director,Adobe Acrobat,3.5
1655,Research & Development,Research Director,Microsoft Access,3.5
1656,Research & Development,Research Director,Microsoft PowerPoint,4.5
1656,Research & Development,Research Director,Science,4.12
1656,Research & Development,Research Director,Reading Comprehension,4.0
1656,Research & Development,Research Director,IBM SPSS Statistics,3.5
1656,Research & Development,Research Director,ESRI ArcGIS,3.5
1656,Research & Development,Research Director,Adobe Acrobat,3.5
1656,Research & Development,Research Director,Microsoft Access,3.5
1656,Research & Development,Research Director,Microsoft Project,3.5
1657,Sales,Sales Representative,Microsoft Excel,4.5
1657,Sales,Sales Representative,Microsoft Office,4.5
1657,Sales,Sales Representative,Salesforce,4.5
1657,Sales,Sales Representative,Speaking,3.88
1657,Sales,Sales Representative,Active Listening,3.88
1657,Sales,Sales Representative,Reading Comprehension,3.62
1657,Sales,Sales Representative,IBM SPSS Statistics,3.5
1657,Sales,Sales Representative,Microsoft PowerPoint,3.5
1657,Sales,Sales Representative,Apple macOS,3.5
1657,Sales,Sales Representative,HubSpot,3.5
1657,Sales,Sales Representative,Microsoft Outlook,3.5
1657,Sales,Sales Representative,Critical Thinking,3.38
1657,Sales,Sales Representative,Active Learning,3.38
1657,Sales,Sales Representative,Writing,3.38
1657,Sales,Sales Representative,Monitoring,3.12
1657,Sales,Sales Representative,Mathematics,2.62
1658,Research & Development,Research Scientist,R,4.5
1658,Research & Development,Research Scientist,Microsoft Office,4.5
1658,Research & Development,Research Scientist,Writing,4.25
1658,Research & Development,Research Scientist,Active Learning,4.12
1658,Research & Development,Research Scientist,Critical Thinking,4.0
1658,Research & Development,Research Scientist,Reading Comprehension,4.0
1658,Research & Development,Research Scientist,Active Listening,4.0
1658,Research & Development,Research Scientist,MATLAB,3.5
1658,Research & Development,Research Scientist,Microsoft Project,3.5
1658,Research & Development,Research Scientist,IBM SPSS Statistics,3.5
1658,Research & Development,Research Scientist,ESRI ArcGIS,3.5
1658,Research & Development,Research Scientist,SAS,3.5
1658,Research & Development,Research Scientist,Python,3.5
1658,Research & Development,Research Scientist,Adobe Photoshop,3.5
1659,Research & Development,Laboratory Technician,Active Listening,3.62
1659,Research & Development,Laboratory Technician,SAP,3.5
1659,Research & Development,Laboratory Technician,Microsoft PowerPoint,3.5
1659,Research & Development,Laboratory Technician,Microsoft Word,3.5
1659,Research & Development,Laboratory Technician,MEDITECH,3.5
1659,Research & Development,Laboratory Technician,Microsoft Outlook,3.5
1659,Research & Development,Laboratory Technician,Speaking,3.12
1659,Research & Development,Laboratory Technician,Monitoring,3.0
1659,Research & Development,Laboratory Technician,Science,3.0
1659,Research & Development,Laboratory Technician,Email,3.0
1659,Research & Development,Laboratory Technician,Writing,3.0
1661,Research & Development,Healthcare Representative,Microsoft Excel,4.5
1661,Research & Development,Healthcare Representative,Salesforce,4.5
1661,Research & Development,Healthcare Representative,Reading Comprehension,3.75
1661,Research & Development,Healthcare Representative,Google Workspace,3.5
1661,Research & Development,Healthcare Representative,Microsoft Azure,3.5
1661,Research & Development,Healthcare Representative,Microsoft Access,3.5
1661,Research & Development,Healthcare Representative,Critical Thinking,3.38
1661,Research & Development,Healthcare Representative,Writing,3.38
1661,Research & Development,Healthcare Representative,Monitoring,3.12
1661,Research & Development,Healthcare Representative,Mathematics,2.88
1662,Research & Development,Manufacturing Director,SAP,4.5
1662,Research & Development,Manufacturing Director,Microsoft Outlook,4.5
1662,Research & Development,Manufacturing Director,Monitoring,4.0
1662,Research & Development,Manufacturing Director,Active Listening,3.88
1662,Research & Development,Manufacturing Director,Learning Strategies,3.75
1662,Research & Development,Manufacturing Director,Active Learning,3.62
1662,Research & Development,Manufacturing Director,Adobe After Effects,3.5
1662,Research & Development,Manufacturing Director,Adobe InDesign,3.5
1662,Research & Development,Manufacturing Director,Adobe Photoshop,3.5
1662,Research & Development,Manufacturing Director,Writing,3.38
1664,Research & Development,Healthcare Representative,Microsoft Excel,4.5
1664,Research & Development,Healthcare Representative,Microsoft Office,4.5
1664,Research & Development,Healthcare Representative,Microsoft Outlook,4.5
1664,Research & Development,Healthcare Representative,Active Listening,4.12
1664,Research & Development,Healthcare Representative,Reading Comprehension,3.75
1664,Research & Development,Healthcare Representative,Amazon Web Services (AWS),3.5
1664,Research & Development,Healthcare Representative,Google Workspace,3.5
1664,Research & Development,Healthcare Representative,Apache Hadoop,3.5
1664,Research & Development,Healthcare Representative,Active Learning,3.5
1664,Research & Development,Healthcare Representative,Microsoft Access,3.5
1664,Research & Development,Healthcare Representative,Critical Thinking,3.38
1664,Research & Development,Healthcare Representative,Mathematics,2.88
1665,Research & Development,Manager,Apple macOS,3.5
1665,Research & Development,Manager,Atlassian JIRA,3.5
1665,Research & Development,Manager,Atlassian Confluence,3.5
1665,Research & Development,Manager,Adobe Acrobat,3.5
1665,Research & Development,Manager,Writing,3.5
1665,Research & Development,Manager,Autodesk AutoCAD,3.5
1665,Research & Development,Manager,Learning Strategies,3.0
1666,Research & Development,Research Director,Microsoft Excel,4.5
1666,Research & Development,Research Director,Science,4.12
1666,Research & Development,Research Director,Monitoring,4.0
1666,Research & Development,Research Director,Critical Thinking,4.0
1666,Research & Development,Research Director,Reading Comprehension,4.0
1666,Research & Development,Research Director,Active Listening,4.0
1666,Research & Development,Research Director,Speaking,3.88
1666,Research & Development,Research Director,Writing,3.88
1666,Research & Development,Research Director,Microsoft Project,3.5
1666,Research & Development,Research Director,IBM SPSS Statistics,3.5
1666,Research & Development,Research Director,Microsoft SharePoint,3.5
1666,Research & Development,Research Director,Microsoft Visio,3.5
1666,Research & Development,Research Director,Microsoft Access,3.5
1667,Sales,Sales Executive,Salesforce,4.5
1667,Sales,Sales Executive,Microsoft Outlook,4.5
1667,Sales,Sales Executive,Adobe InDesign,3.5
1667,Sales,Sales Executive,Adobe Acrobat,3.5
1667,Sales,Sales Executive,Adobe Photoshop,3.5
1667,Sales,Sales Executive,Adobe Illustrator,3.5
1667,Sales,Sales Executive,Writing,3.25
1667,Sales,Sales Executive,Monitoring,3.12
1668,Research & Development,Research Scientist,Microsoft Excel,4.5
1668,Research & Development,Research Scientist,Writing,4.25
1668,Research & Development,Research Scientist,Active Learning,4.12
1668,Research & Development,Research Scientist,Critical Thinking,4.0
1668,Research & Development,Research Scientist,Reading Comprehension,4.0
1668,Research & Development,Research Scientist,Active Listening,4.0
1668,Research & Development,Research Scientist,Microsoft Project,3.5
1668,Research & Development,Research Scientist,IBM SPSS Statistics,3.5
1668,Research & Development,Research Scientist,ESRI ArcGIS,3.5
1669,Sales,Sales Executive,Microsoft Excel,4.5
1669,Sales,Sales Executive,Microsoft Office,4.5
1669,Sales,Sales Executive,Salesforce,4.5
1669,Sales,Sales Executive,Microsoft Outlook,4.5
1669,Sales,Sales Executive,Active Listening,4.0
1669,Sales,Sales Executive,Adobe Creative Cloud,3.5
1669,Sales,Sales Executive,Critical Thinking,3.5
1669,Sales,Sales Executive,Adobe Acrobat,3.5
1669,Sales,Sales Executive,Adobe Photoshop,3.5
1669,Sales,Sales Executive,Adobe Illustrator,3.5
1669,Sales,Sales Executive,Writing,3.25
1669,Sales,Sales Executive,Monitoring,3.12
1669,Sales,Sales Executive,Mathematics,2.25
1670,Sales,Sales Executive,Salesforce,4.5
1670,Sales,Sales Executive,Microsoft Outlook,4.5
1670,Sales,Sales Executive,Speaking,4.0
1670,Sales,Sales Executive,Adobe InDesign,3.5
1670,Sales,Sales Executive,Adobe Acrobat,3.5
1670,Sales,Sales Executive,Adobe Photoshop,3.5
1670,Sales,Sales Executive,Reading Comprehension,3.38
1670,Sales,Sales Executive,Writing,3.25
1670,Sales,Sales Executive,Mathematics,2.25
1671,Research & Development,Research Scientist,R,4.5
1671,Research & Development,Research Scientist,Science,4.12
1671,Research & Development,Research Scientist,Speaking,4.12
1671,Research & Development,Research Scientist,Active Learning,4.12
1671,Research & Development,Research Scientist,Critical Thinking,4.0
1671,Research & Development,Research Scientist,Active Listening,4.0
1671,Research & Development,Research Scientist,Mathematics,3.62
1671,Research & Development,Research Scientist,MATLAB,3.5
1671,Research & Development,Research Scientist,IBM SPSS Statistics,3.5
1671,Research & Development,Research Scientist,ESRI ArcGIS,3.5
1671,Research & Development,Research Scientist,Adobe Photoshop,3.5
1673,Sales,Sales Executive,Microsoft PowerPoint,4.5
1673,Sales,Sales Executive,Microsoft Office,4.5
1673,Sales,Sales Executive,Speaking,4.0
1673,Sales,Sales Executive,Adobe Creative Cloud,3.5
1673,Sales,Sales Executive,Adobe InDesign,3.5
1673,Sales,Sales Executive,Adobe Acrobat,3.5
1673,Sales,Sales Executive,Monitoring,3.12
1673,Sales,Sales Executive,Active Learning,3.12
1674,Research & Development,Laboratory Technician,Microsoft Office,4.5
1674,Research & Development,Laboratory Technician,Active Listening,3.62
1674,Research & Development,Laboratory Technician,SAP,3.5
1674,Research & Development,Laboratory Technician,Microsoft PowerPoint,3.5
1674,Research & Development,Laboratory Technician,Microsoft Word,3.5
1674,Research & Development,Laboratory Technician,Google Docs,3.5
1674,Research & Development,Laboratory Technician,Microsoft Outlook,3.5
1674,Research & Development,Laboratory Technician,Monitoring,3.0
1674,Research & Development,Laboratory Technician,Electronic Medical Record (EMR),3.0
1674,Research & Development,Laboratory Technician,Science,3.0
1674,Research & Development,Laboratory Technician,Email,3.0
1674,Research & Development,Laboratory Technician,Active Learning,3.0
1674,Research & Development,Laboratory Technician,Writing,3.0
1675,Research & Development,Laboratory Technician,Microsoft Excel,4.5
1675,Research & Development,Laboratory Technician,Reading Comprehension,3.75
1675,Research & Development,Laboratory Technician,Google Docs,3.5
1675,Research & Development,Laboratory Technician,Microsoft Outlook,3.5
1675,Research & Development,Laboratory Technician,Monitoring,3.0
1675,Research & Development,Laboratory Technician,Electronic Medical Record (EMR),3.0
1675,Research & Development,Laboratory Technician,Science,3.0
1675,Research & Development,Laboratory Technician,Email,3.0
1675,Research & Development,Laboratory Technician,Writing,3.0
1676,Sales,Manager,Microsoft Office,4.5
1676,Sales,Manager,Atlassian JIRA,3.5
1676,Sales,Manager,Google Analytics,3.5
1676,Sales,Manager,Adobe Acrobat,3.5
1676,Sales,Manager,Writing,3.5
1676,Sales,Manager,Autodesk AutoCAD,3.5
1676,Sales,Manager,Learning Strategies,3.0
1677,Research & Development,Manager,Microsoft Excel,4.5
1677,Research & Development,Manager,Microsoft Office,4.5
1677,Research & Development,Manager,Monitoring,4.0
1677,Research & Development,Manager,Active Learning,3.62
1677,Research & Development,Manager,Apple macOS,3.5
1677,Research & Development,Manager,Atlassian JIRA,3.5
1677,Research & Development,Manager,Adobe Acrobat,3.5
1677,Research & Development,Manager,Writing,3.5
1677,Research & Development,Manager,Adobe Photoshop,3.5
1677,Research & Development,Manager,Learning Strategies,3.0
1678,Sales,Sales Executive,Microsoft PowerPoint,4.5
1678,Sales,Sales Executive,Salesforce,4.5
1678,Sales,Sales Executive,Active Listening,4.0
1678,Sales,Sales Executive,Adobe Creative Cloud,3.5
1678,Sales,Sales Executive,Adobe InDesign,3.5
1678,Sales,Sales Executive,Critical Thinking,3.5
1678,Sales,Sales Executive,Reading Comprehension,3.38
1678,Sales,Sales Executive,Writing,3.25
1678,Sales,Sales Executive,Active Learning,3.12
1678,Sales,Sales Executive,Mathematics,2.25
1680,Sales,Sales Representative,Microsoft Office,4.5
1680,Sales,Sales Representative,Salesforce,4.5
1680,Sales,Sales Representative,Speaking,3.88
1680,Sales,Sales Representative,Reading Comprehension,3.62
1680,Sales,Sales Representative,IBM SPSS Statistics,3.5
1680,Sales,Sales Representative,Microsoft PowerPoint,3.5
1680,Sales,Sales Representative,HubSpot,3.5
1680,Sales,Sales Representative,Microsoft Outlook,3.5
1680,Sales,Sales Representative,Critical Thinking,3.38
1680,Sales,Sales Representative,Active Learning,3.38
1680,Sales,Sales Representative,Writing,3.38
1680,Sales,Sales Representative,Monitoring,3.12
1681,Sales,Sales Executive,Microsoft Office,4.5
1681,Sales,Sales Executive,Salesforce,4.5
1681,Sales,Sales Executive,Active Listening,4.0
1681,Sales,Sales Executive,Adobe Creative Cloud,3.5
1681,Sales,Sales Executive,Adobe InDesign,3.5
1681,Sales,Sales Executive,Critical Thinking,3.5
1681,Sales,Sales Executive,Adobe Illustrator,3.5
1681,Sales,Sales Executive,Adobe Photoshop,3.5
1681,Sales,Sales Executive,Reading Comprehension,3.38
1681,Sales,Sales Executive,Writing,3.25
1681,Sales,Sales Executive,Monitoring,3.12
1681,Sales,Sales Executive,Active Learning,3.12
1681,Sales,Sales Executive,Mathematics,2.25
1682,Research & Development,Healthcare Representative,Microsoft Excel,4.5
1682,Research & Development,Healthcare Representative,Salesforce,4.5
1682,Research & Development,Healthcare Representative,Reading Comprehension,3.75
1682,Research & Development,Healthcare Representative,Linux,3.5
1682,Research & Development,Healthcare Representative,Microsoft Azure,3.5
1682,Research & Development,Healthcare Representative,Apache Hadoop,3.5
1682,Research & Development,Healthcare Representative,Active Learning,3.5
1682,Research & Development,Healthcare Representative,Microsoft Access,3.5
1682,Research & Development,Healthcare Representative,Amazon Web Services (AWS),3.5
1682,Research & Development,Healthcare Representative,Critical Thinking,3.38
1682,Research & Development,Healthcare Representative,Writing,3.38
1682,Research & Development,Healthcare Representative,Monitoring,3.12
1682,Research & Development,Healthcare Representative,Mathematics,2.88
1683,Human Resources,Human Resources,Microsoft PowerPoint,4.5
1683,Human Resources,Human Resources,Microsoft Excel,4.5
1683,Human Resources,Human Resources,Workday,4.5
1683,Human Resources,Human Resources,Microsoft Office,4.5
1683,Human Resources,Human Resources,Applicant Tracking System (ATS),4.0
1683,Human Resources,Human Resources,Reading Comprehension,4.0
1683,Human Resources,Human Resources,Active Listening,4.0
1683,Human Resources,Human Resources,Writing,3.88
1683,Human Resources,Human Resources,Adobe Acrobat,3.5
1683,Human Resources,Human Resources,Cisco Webex,3.5
1683,Human Resources,Human Resources,Adobe Photoshop,3.5
1683,Human Resources,Human Resources,Monitoring,3.0
1684,Research & Development,Laboratory Technician,Microsoft Excel,4.5
1684,Research & Development,Laboratory Technician,Microsoft Office,4.5
1684,Research & Development,Laboratory Technician,Reading Comprehension,3.75
1684,Research & Development,Laboratory Technician,Active Listening,3.62
1684,Research & Development,Laboratory Technician,SAP,3.5
1684,Research & Development,Laboratory Technician,Microsoft PowerPoint,3.5
1684,Research & Development,Laboratory Technician,Microsoft Word,3.5
1684,Research & Development,Laboratory Technician,Google Docs,3.5
1684,Research & Development,Laboratory Technician,Speaking,3.12
1684,Research & Development,Laboratory Technician,Monitoring,3.0
1684,Research & Development,Laboratory Technician,Electronic Medical Record (EMR),3.0
1684,Research & Development,Laboratory Technician,Email,3.0
1684,Research & Development,Laboratory Technician,Active Learning,3.0
1684,Research & Development,Laboratory Technician,Writing,3.0
1687,Research & Development,Laboratory Technician,Microsoft Office,4.5
1687,Research & Development,Laboratory Technician,Active Listening,3.62
1687,Research & Development,Laboratory Technician,SAP,3.5
1687,Research & Development,Laboratory Technician,Microsoft PowerPoint,3.5
1687,Research & Development,Laboratory Technician,Microsoft Word,3.5
1687,Research & Development,Laboratory Technician,MEDITECH,3.5
1687,Research & Development,Laboratory Technician,Microsoft Outlook,3.5
1687,Research & Development,Laboratory Technician,Electronic Medical Record (EMR),3.0
1687,Research & Development,Laboratory Technician,Science,3.0
1687,Research & Development,Laboratory Technician,Email,3.0
1687,Research & Development,Laboratory Technician,Active Learning,3.0
1687,Research & Development,Laboratory Technician,Writing,3.0
1689,Research & Development,Healthcare Representative,Microsoft Office,4.5
1689,Research & Development,Healthcare Representative,Speaking,4.25
1689,Research & Development,Healthcare Representative,Active Listening,4.12
1689,Research & Development,Healthcare Representative,Microsoft Azure,3.5
1689,Research & Development,Healthcare Representative,Linux,3.5
1689,Research & Development,Healthcare Representative,Apache Hadoop,3.5
1689,Research & Development,Healthcare Representative,Active Learning,3.5
1689,Research & Development,Healthcare Representative,Microsoft Access,3.5
1689,Research & Development,Healthcare Representative,Writing,3.38
1689,Research & Development,Healthcare Representative,Monitoring,3.12
1689,Research & Development,Healthcare Representative,Mathematics,2.88
1691,Sales,Sales Representative,Salesforce,4.5
1691,Sales,Sales Representative,Active Listening,3.88
1691,Sales,Sales Representative,IBM SPSS Statistics,3.5
1691,Sales,Sales Representative,Microsoft Word,3.5
1691,Sales,Sales Representative,Microsoft Outlook,3.5
1691,Sales,Sales Representative,Critical Thinking,3.38
1691,Sales,Sales Representative,Active Learning,3.38
1691,Sales,Sales Representative,Writing,3.38
1692,Research & Development,Laboratory Technician,Microsoft Office,4.5
1692,Research & Development,Laboratory Technician,Active Listening,3.62
1692,Research & Development,Laboratory Technician,Monitoring,3.0
1692,Research & Development,Laboratory Technician,Electronic Medical Record (EMR),3.0
1692,Research & Development,Laboratory Technician,Science,3.0
1692,Research & Development,Laboratory Technician,Active Learning,3.0
1693,Research & Development,Laboratory Technician,SAP,3.5
1693,Research & Development,Laboratory Technician,Microsoft PowerPoint,3.5
1693,Research & Development,Laboratory Technician,MEDITECH,3.5
1693,Research & Development,Laboratory Technician,Microsoft Outlook,3.5
1693,Research & Development,Laboratory Technician,Critical Thinking,3.25
1693,Research & Development,Laboratory Technician,Speaking,3.12
1693,Research & Development,Laboratory Technician,Electronic Medical Record (EMR),3.0
1693,Research & Development,Laboratory Technician,Email,3.0
1694,Research & Development,Research Scientist,Microsoft Excel,4.5
1694,Research & Development,Research Scientist,R,4.5
1694,Research & Development,Research Scientist,Microsoft Office,4.5
1694,Research & Development,Research Scientist,Writing,4.25
1694,Research & Development,Research Scientist,Speaking,4.12
1694,Research & Development,Research Scientist,Active Learning,4.12
1694,Research & Development,Research Scientist,Critical Thinking,4.0
1694,Research & Development,Research Scientist,Reading Comprehension,4.0
1694,Research & Development,Research Scientist,Mathematics,3.62
1694,Research & Development,Research Scientist,SAS,3.5
1694,Research & Development,Research Scientist,Python,3.5
1694,Research & Development,Research Scientist,Adobe Photoshop,3.5
1694,Research & Development,Research Scientist,MATLAB,3.5
1694,Research & Development,Research Scientist,IBM SPSS Statistics,3.5
1694,Research & Development,Research Scientist,ESRI ArcGIS,3.5
1696,Research & Development,Laboratory Technician,Reading Comprehension,3.75
1696,Research & Development,Laboratory Technician,SAP,3.5
1696,Research & Development,Laboratory Technician,Microsoft PowerPoint,3.5
1696,Research & Development,Laboratory Technician,Microsoft Word,3.5
1696,Research & Development,Laboratory Technician,MEDITECH,3.5
1696,Research & Development,Laboratory Technician,Microsoft Outlook,3.5
1696,Research & Development,Laboratory Technician,Critical Thinking,3.25
1696,Research & Development,Laboratory Technician,Speaking,3.12
1696,Research & Development,Laboratory Technician,Electronic Medical Record (EMR),3.0
1696,Research & Development,Laboratory Technician,Science,3.0
1696,Research & Development,Laboratory Technician,Writing,3.0
1697,Research & Development,Healthcare Representative,Microsoft Excel,4.5
1697,Research & Development,Healthcare Representative,Speaking,4.25
1697,Research & Development,Healthcare Representative,Reading Comprehension,3.75
1697,Research & Development,Healthcare Representative,Microsoft Azure,3.5
1697,Research & Development,Healthcare Representative,Linux,3.5
1697,Research & Development,Healthcare Representative,Apache Hadoop,3.5
1697,Research & Development,Healthcare Representative,Active Learning,3.5
1697,Research & Development,Healthcare Representative,Microsoft Access,3.5
1697,Research & Development,Healthcare Representative,Critical Thinking,3.38
1697,Research & Development,Healthcare Representative,Writing,3.38
1697,Research & Development,Healthcare Representative,Monitoring,3.12
1697,Research & Development,Healthcare Representative,Mathematics,2.88
1698,Research & Development,Laboratory Technician,Reading Comprehension,3.75
1698,Research & Development,Laboratory Technician,Active Listening,3.62
1698,Research & Development,Laboratory Technician,SAP,3.5
1698,Research & Development,Laboratory Technician,Microsoft Word,3.5
1698,Research & Development,Laboratory Technician,Google Docs,3.5
1698,Research & Development,Laboratory Technician,Microsoft Outlook,3.5
1698,Research & Development,Laboratory Technician,Speaking,3.12
1698,Research & Development,Laboratory Technician,Monitoring,3.0
1698,Research & Development,Laboratory Technician,Electronic Medical Record (EMR),3.0
1700,Sales,Sales Executive,Microsoft Office,4.5
1700,Sales,Sales Executive,Microsoft Outlook,4.5
1700,Sales,Sales Executive,Active Listening,4.0
1700,Sales,Sales Executive,Speaking,4.0
1700,Sales,Sales Executive,Adobe InDesign,3.5
1700,Sales,Sales Executive,Critical Thinking,3.5
1700,Sales,Sales Executive,Adobe Photoshop,3.5
1700,Sales,Sales Executive,Adobe Illustrator,3.5
1700,Sales,Sales Executive,Monitoring,3.12
1701,Research & Development,Research Scientist,R,4.5
1701,Research & Development,Research Scientist,Microsoft Office,4.5
1701,Research & Development,Research Scientist,Writing,4.25
1701,Research & Development,Research Scientist,Science,4.12
1701,Research & Development,Research Scientist,Speaking,4.12
1701,Research & Development,Research Scientist,Active Learning,4.12
1701,Research & Development,Research Scientist,Critical Thinking,4.0
1701,Research & Development,Research Scientist,Reading Comprehension,4.0
1701,Research & Development,Research Scientist,Mathematics,3.62
1701,Research & Development,Research Scientist,MATLAB,3.5
1701,Research & Development,Research Scientist,IBM SPSS Statistics,3.5
1701,Research & Development,Research Scientist,SAS,3.5
1701,Research & Development,Research Scientist,Python,3.5
1701,Research & Development,Research Scientist,Microsoft Project,3.5
1702,Sales,Sales Representative,Microsoft Excel,4.5
1702,Sales,Sales Representative,Microsoft Office,4.5
1702,Sales,Sales Representative,Salesforce,4.5
1702,Sales,Sales Representative,Speaking,3.88
1702,Sales,Sales Representative,Active Listening,3.88
1702,Sales,Sales Representative,Microsoft Project,3.5
1702,Sales,Sales Representative,IBM SPSS Statistics,3.5
1702,Sales,Sales Representative,Apple macOS,3.5
1702,Sales,Sales Representative,Microsoft Word,3.5
1702,Sales,Sales Representative,HubSpot,3.5
1702,Sales,Sales Representative,Microsoft Outlook,3.5
1702,Sales,Sales Representative,Critical Thinking,3.38
1702,Sales,Sales Representative,Monitoring,3.12
1702,Sales,Sales Representative,Mathematics,2.62
1703,Research & Development,Healthcare Representative,Microsoft Excel,4.5
1703,Research & Development,Healthcare Representative,Salesforce,4.5
1703,Research & Development,Healthcare Representative,Microsoft Outlook,4.5
1703,Research & Development,Healthcare Representative,Active Listening,4.12
1703,Research & Development,Healthcare Representative,Amazon Web Services (AWS),3.5
1703,Research & Development,Healthcare Representative,Google Workspace,3.5
1703,Research & Development,Healthcare Representative,Linux,3.5
1703,Research & Development,Healthcare Representative,Microsoft Access,3.5
1703,Research & Development,Healthcare Representative,Mathematics,2.88
1704,Research & Development,Research Scientist,Microsoft Excel,4.5
1704,Research & Development,Research Scientist,R,4.5
1704,Research & Development,Research Scientist,Microsoft Office,4.5
1704,Research & Development,Research Scientist,Science,4.12
1704,Research & Development,Research Scientist,Speaking,4.12
1704,Research & Development,Research Scientist,Critical Thinking,4.0
1704,Research & Development,Research Scientist,Reading Comprehension,4.0
1704,Research & Development,Research Scientist,Mathematics,3.62
1704,Research & Development,Research Scientist,IBM SPSS Statistics,3.5
1704,Research & Development,Research Scientist,ESRI ArcGIS,3.5
1704,Research & Development,Research Scientist,SAS,3.5
1704,Research & Development,Research Scientist,Adobe Photoshop,3.5
1706,Sales,Sales Executive,Microsoft Excel,4.5
1706,Sales,Sales Executive,Microsoft Office,4.5
1706,Sales,Sales Executive,Speaking,4.0
1706,Sales,Sales Executive,Adobe Creative Cloud,3.5
1706,Sales,Sales Executive,Critical Thinking,3.5
1706,Sales,Sales Executive,Adobe Acrobat,3.5
1706,Sales,Sales Executive,Adobe Illustrator,3.5
1706,Sales,Sales Executive,Active Learning,3.12
1706,Sales,Sales Executive,Mathematics,2.25
1707,Research & Development,Research Scientist,Speaking,4.12
1707,Research & Development,Research Scientist,Active Learning,4.12
1707,Research & Development,Research Scientist,Critical Thinking,4.0
1707,Research & Development,Research Scientist,Reading Comprehension,4.0
1707,Research & Development,Research Scientist,Mathematics,3.62
1707,Research & Development,Research Scientist,MATLAB,3.5
1707,Research & Development,Research Scientist,IBM SPSS Statistics,3.5
1707,Research & Development,Research Scientist,SAS,3.5
1707,Research & Development,Research Scientist,Python,3.5
1707,Research & Development,Research Scientist,Adobe Photoshop,3.5
1707,Research & Development,Research Scientist,Microsoft Project,3.5
1708,Sales,Sales Executive,Microsoft Outlook,4.5
1708,Sales,Sales Executive,Adobe Creative Cloud,3.5
1708,Sales,Sales Executive,Adobe InDesign,3.5
1708,Sales,Sales Executive,Adobe Acrobat,3.5
1708,Sales,Sales Executive,Adobe Photoshop,3.5
1708,Sales,Sales Executive,Adobe Illustrator,3.5
1708,Sales,Sales Executive,Mathematics,2.25
1709,Research & Development,Laboratory Technician,Microsoft Excel,4.5
1709,Research & Development,Laboratory Technician,Microsoft Office,4.5
1709,Research & Development,Laboratory Technician,Microsoft PowerPoint,3.5
1709,Research & Development,Laboratory Technician,Microsoft Outlook,3.5
1709,Research & Development,Laboratory Technician,Monitoring,3.0
1709,Research & Development,Laboratory Technician,Electronic Medical Record (EMR),3.0
1709,Research & Development,Laboratory Technician,Science,3.0
1709,Research & Development,Laboratory Technician,Active Learning,3.0
1710,Sales,Sales Representative,Microsoft Excel,4.5
1710,Sales,Sales Representative,Microsoft Office,4.5
1710,Sales,Sales Representative,Speaking,3.88
1710,Sales,Sales Representative,Reading Comprehension,3.62
1710,Sales,Sales Representative,IBM SPSS Statistics,3.5
1710,Sales,Sales Representative,Apple macOS,3.5
1710,Sales,Sales Representative,Microsoft Word,3.5
1710,Sales,Sales Representative,HubSpot,3.5
1710,Sales,Sales Representative,Microsoft Project,3.5
1710,Sales,Sales Representative,Mathematics,2.62
1712,Research & Development,Healthcare Representative,Microsoft Excel,4.5
1712,Research & Development,Healthcare Representative,Microsoft Office,4.5
1712,Research & Development,Healthcare Representative,Active Listening,4.12
1712,Research & Development,Healthcare Representative,Reading Comprehension,3.75
1712,Research & Development,Healthcare Representative,Google Workspace,3.5
1712,Research & Development,Healthcare Representative,Linux,3.5
1712,Research & Development,Healthcare Representative,Microsoft Azure,3.5
1712,Research & Development,Healthcare Representative,Apache Hadoop,3.5
1712,Research & Development,Healthcare Representative,Active Learning,3.5
1712,Research & Development,Healthcare Representative,Amazon Web Services (AWS),3.5
1712,Research & Development,Healthcare Representative,Monitoring,3.12
1714,Human Resources,Human Resources,Microsoft Excel,4.5
1714,Human Resources,Human Resources,Microsoft Office,4.5
1714,Human Resources,Human Resources,Speaking,4.12
1714,Human Resources,Human Resources,Applicant Tracking System (ATS),4.0
1714,Human Resources,Human Resources,Reading Comprehension,4.0
1714,Human Resources,Human Resources,Oracle HRIS,4.0
1714,Human Resources,Human Resources,Writing,3.88
1714,Human Resources,Human Resources,Critical Thinking,3.88
1714,Human Resources,Human Resources,Adobe Acrobat,3.5
1714,Human Resources,Human Resources,Adobe Photoshop,3.5
1714,Human Resources,Human Resources,Active Learning,3.25
1714,Human Resources,Human Resources,Learning Strategies,3.0
1716,Sales,Sales Executive,Microsoft PowerPoint,4.5
1716,Sales,Sales Executive,Microsoft Office,4.5
1716,Sales,Sales Executive,Salesforce,4.5
1716,Sales,Sales Executive,Microsoft Outlook,4.5
1716,Sales,Sales Executive,Speaking,4.0
1716,Sales,Sales Executive,Critical Thinking,3.5
1716,Sales,Sales Executive,Adobe Acrobat,3.5
1716,Sales,Sales Executive,Adobe Photoshop,3.5
1716,Sales,Sales Executive,Adobe Illustrator,3.5
1716,Sales,Sales Executive,Reading Comprehension,3.38
1716,Sales,Sales Executive,Active Learning,3.12
1716,Sales,Sales Executive,Mathematics,2.25
1718,Research & Development,Laboratory Technician,Microsoft Excel,4.5
1718,Research & Development,Laboratory Technician,Reading Comprehension,3.75
1718,Research & Development,Laboratory Technician,Active Listening,3.62
1718,Research & Development,Laboratory Technician,Microsoft PowerPoint,3.5
1718,Research & Development,Laboratory Technician,Google Docs,3.5
1718,Research & Development,Laboratory Technician,Microsoft Outlook,3.5
1718,Research & Development,Laboratory Technician,Speaking,3.12
1718,Research & Development,Laboratory Technician,Monitoring,3.0
1718,Research & Development,Laboratory Technician,Active Learning,3.0
1719,Research & Development,Research Director,Microsoft Office,4.5
1719,Research & Development,Research Director,Monitoring,4.0
1719,Research & Development,Research Director,IBM SPSS Statistics,3.5
1719,Research & Development,Research Director,Microsoft SharePoint,3.5
1719,Research & Development,Research Director,Microsoft Visio,3.5
1719,Research & Development,Research Director,Active Learning,3.5
1719,Research & Development,Research Director,Microsoft Access,3.5
1719,Research & Development,Research Director,Microsoft Project,3.5
1720,Research & Development,Research Scientist,Microsoft Office,4.5
1720,Research & Development,Research Scientist,Speaking,4.12
1720,Research & Development,Research Scientist,Reading Comprehension,4.0
1720,Research & Development,Research Scientist,Active Listening,4.0
1720,Research & Development,Research Scientist,Mathematics,3.62
1720,Research & Development,Research Scientist,MATLAB,3.5
1720,Research & Development,Research Scientist,IBM SPSS Statistics,3.5
1720,Research & Development,Research Scientist,Microsoft Project,3.5
1720,Research & Development,Research Scientist,SAS,3.5
1720,Research & Development,Research Scientist,Python,3.5
1720,Research & Development,Research Scientist,Adobe Photoshop,3.5
1721,Research & Development,Laboratory Technician,Microsoft Excel,4.5
1721,Research & Development,Laboratory Technician,Active Listening,3.62
1721,Research & Development,Laboratory Technician,MEDITECH,3.5
1721,Research & Development,Laboratory Technician,Microsoft Outlook,3.5
1721,Research & Development,Laboratory Technician,Speaking,3.12
1721,Research & Development,Laboratory Technician,Monitoring,3.0
1721,Research & Development,Laboratory Technician,Science,3.0
1721,Research & Development,Laboratory Technician,Writing,3.0
1722,Human Resources,Human Resources,Microsoft Office,4.5
1722,Human Resources,Human Resources,Applicant Tracking System (ATS),4.0
1722,Human Resources,Human Resources,Oracle HRIS,4.0
1722,Human Resources,Human Resources,Critical Thinking,3.88
1722,Human Resources,Human Resources,Adobe Acrobat,3.5
1722,Human Resources,Human Resources,Adobe Photoshop,3.5
1722,Human Resources,Human Resources,Monitoring,3.0
1722,Human Resources,Human Resources,Learning Strategies,3.0
1724,Research & Development,Manufacturing Director,Microsoft Excel,4.5
1724,Research & Development,Manufacturing Director,Microsoft Office,4.5
1724,Research & Development,Manufacturing Director,Monitoring,4.0
1724,Research & Development,Manufacturing Director,Reading Comprehension,3.88
1724,Research & Development,Manufacturing Director,Active Listening,3.88
1724,Research & Development,Manufacturing Director,Learning Strategies,3.75
1724,Research & Development,Manufacturing Director,Active Learning,3.62
1724,Research & Development,Manufacturing Director,Adobe After Effects,3.5
1724,Research & Development,Manufacturing Director,Adobe InDesign,3.5
1724,Research & Development,Manufacturing Director,Adobe Acrobat,3.5
1724,Research & Development,Manufacturing Director,Adobe Photoshop,3.5
1724,Research & Development,Manufacturing Director,Autodesk AutoCAD,3.5
1724,Research & Development,Manufacturing Director,Writing,3.38
1725,Research & Development,Laboratory Technician,Microsoft Excel,4.5
1725,Research & Development,Laboratory Technician,Active Listening,3.62
1725,Research & Development,Laboratory Technician,SAP,3.5
1725,Research & Development,Laboratory Technician,MEDITECH,3.5
1725,Research & Development,Laboratory Technician,Google Docs,3.5
1725,Research & Development,Laboratory Technician,Microsoft Outlook,3.5
1725,Research & Development,Laboratory Technician,Critical Thinking,3.25
1725,Research & Development,Laboratory Technician,Speaking,3.12
1725,Research & Development,Laboratory Technician,Monitoring,3.0
1725,Research & Development,Laboratory Technician,Electronic Medical Record (EMR),3.0
1725,Research & Development,Laboratory Technician,Email,3.0
1725,Research & Development,Laboratory Technician,Active Learning,3.0
1725,Research & Development,Laboratory Technician,Writing,3.0
1727,Research & Development,Healthcare Representative,Microsoft Excel,4.5
1727,Research & Development,Healthcare Representative,Microsoft Office,4.5
1727,Research & Development,Healthcare Representative,Microsoft Azure,3.5
1727,Research & Development,Healthcare Representative,Apache Hadoop,3.5
1727,Research & Development,Healthcare Representative,Active Learning,3.5
1727,Research & Development,Healthcare Representative,Microsoft Access,3.5
1728,Research & Development,Manufacturing Director,SAP,4.5
1728,Research & Development,Manufacturing Director,Microsoft Office,4.5
1728,Research & Development,Manufacturing Director,Monitoring,4.0
1728,Research & Development,Manufacturing Director,Speaking,4.0
1728,Research & Development,Manufacturing Director,Learning Strategies,3.75
1728,Research & Development,Manufacturing Director,Active Learning,3.62
1728,Research & Development,Manufacturing Director,Adobe InDesign,3.5
1728,Research & Development,Manufacturing Director,Adobe Acrobat,3.5
1728,Research & Development,Manufacturing Director,Adobe Photoshop,3.5
1728,Research & Development,Manufacturing Director,Writing,3.38
1729,Research & Development,Research Scientist,Microsoft Excel,4.5
1729,Research & Development,Research Scientist,R,4.5
1729,Research & Development,Research Scientist,Science,4.12
1729,Research & Development,Research Scientist,Speaking,4.12
1729,Research & Development,Research Scientist,Active Learning,4.12
1729,Research & Development,Research Scientist,Critical Thinking,4.0
1729,Research & Development,Research Scientist,Reading Comprehension,4.0
1729,Research & Development,Research Scientist,Active Listening,4.0
1729,Research & Development,Research Scientist,Mathematics,3.62
1729,Research & Development,Research Scientist,MATLAB,3.5
1729,Research & Development,Research Scientist,Microsoft Project,3.5
1729,Research & Development,Research Scientist,IBM SPSS Statistics,3.5
1729,Research & Development,Research Scientist,ESRI ArcGIS,3.5
1729,Research & Development,Research Scientist,Python,3.5
1731,Sales,Sales Executive,Microsoft PowerPoint,4.5
1731,Sales,Sales Executive,Microsoft Excel,4.5
1731,Sales,Sales Executive,Microsoft Office,4.5
1731,Sales,Sales Executive,Salesforce,4.5
1731,Sales,Sales Executive,Microsoft Outlook,4.5
1731,Sales,Sales Executive,Adobe Creative Cloud,3.5
1731,Sales,Sales Executive,Adobe Illustrator,3.5
1731,Sales,Sales Executive,Reading Comprehension,3.38
1731,Sales,Sales Executive,Active Learning,3.12
1731,Sales,Sales Executive,Mathematics,2.25
1732,Sales,Sales Executive,Microsoft PowerPoint,4.5
1732,Sales,Sales Executive,Microsoft Office,4.5
1732,Sales,Sales Executive,Adobe InDesign,3.5
1732,Sales,Sales Executive,Adobe Acrobat,3.5
1732,Sales,Sales Executive,Monitoring,3.12
1732,Sales,Sales Executive,Active Learning,3.12
1733,Sales,Sales Executive,Microsoft PowerPoint,4.5
1733,Sales,Sales Executive,Salesforce,4.5
1733,Sales,Sales Executive,Speaking,4.0
1733,Sales,Sales Executive,Adobe Acrobat,3.5
1733,Sales,Sales Executive,Adobe Illustrator,3.5
1733,Sales,Sales Executive,Adobe Photoshop,3.5
1733,Sales,Sales Executive,Reading Comprehension,3.38
1733,Sales,Sales Executive,Monitoring,3.12
1733,Sales,Sales Executive,Active Learning,3.12
1733,Sales,Sales Executive,Mathematics,2.25
1734,Sales,Sales Executive,Microsoft PowerPoint,4.5
1734,Sales,Sales Executive,Salesforce,4.5
1734,Sales,Sales Executive,Speaking,4.0
1734,Sales,Sales Executive,Active Listening,4.0
1734,Sales,Sales Executive,Adobe InDesign,3.5
1734,Sales,Sales Executive,Critical Thinking,3.5
1734,Sales,Sales Executive,Adobe Illustrator,3.5
1734,Sales,Sales Executive,Mathematics,2.25
1735,Research & Development,Laboratory Technician,Reading Comprehension,3.75
1735,Research & Development,Laboratory Technician,SAP,3.5
1735,Research & Development,Laboratory Technician,Microsoft PowerPoint,3.5
1735,Research & Development,Laboratory Technician,Microsoft Word,3.5
1735,Research & Development,Laboratory Technician,MEDITECH,3.5
1735,Research & Development,Laboratory Technician,Microsoft Outlook,3.5
1735,Research & Development,Laboratory Technician,Critical Thinking,3.25
1735,Research & Development,Laboratory Technician,Speaking,3.12
1735,Research & Development,Laboratory Technician,Monitoring,3.0
1735,Research & Development,Laboratory Technician,Science,3.0
1735,Research & Development,Laboratory Technician,Email,3.0
1735,Research & Development,Laboratory Technician,Active Learning,3.0
1736,Research & Development,Manufacturing Director,SAP,4.5
1736,Research & Development,Manufacturing Director,Microsoft PowerPoint,4.5
1736,Research & Development,Manufacturing Director,Microsoft Office,4.5
1736,Research & Development,Manufacturing Director,Monitoring,4.0
1736,Research & Development,Manufacturing Director,Critical Thinking,4.0
1736,Research & Development,Manufacturing Director,Speaking,4.0
1736,Research & Development,Manufacturing Director,Reading Comprehension,3.88
1736,Research & Development,Manufacturing Director,Learning Strategies,3.75
1736,Research & Development,Manufacturing Director,Active Learning,3.62
1736,Research & Development,Manufacturing Director,Adobe After Effects,3.5
1736,Research & Development,Manufacturing Director,Adobe Acrobat,3.5
1736,Research & Development,Manufacturing Director,Writing,3.38
1737,Research & Development,Laboratory Technician,Microsoft Word,3.5
1737,Research & Development,Laboratory Technician,MEDITECH,3.5
1737,Research & Development,Laboratory Technician,Google Docs,3.5
1737,Research & Development,Laboratory Technician,Microsoft Outlook,3.5
1737,Research & Development,Laboratory Technician,Speaking,3.12
1737,Research & Development,Laboratory Technician,Electronic Medical Record (EMR),3.0
1737,Research & Development,Laboratory Technician,Science,3.0
1737,Research & Development,Laboratory Technician,Email,3.0
1737,Research & Development,Laboratory Technician,Active Learning,3.0
1737,Research & Development,Laboratory Technician,Writing,3.0
1739,Sales,Sales Executive,Active Listening,4.0
1739,Sales,Sales Executive,Critical Thinking,3.5
1739,Sales,Sales Executive,Adobe Acrobat,3.5
1739,Sales,Sales Executive,Adobe Illustrator,3.5
1739,Sales,Sales Executive,Adobe Photoshop,3.5
1739,Sales,Sales Executive,Writing,3.25
1740,Sales,Manager,Microsoft Office,4.5
1740,Sales,Manager,Reading Comprehension,4.0
1740,Sales,Manager,Active Listening,4.0
1740,Sales,Manager,Active Learning,3.62
1740,Sales,Manager,Apple macOS,3.5
1740,Sales,Manager,Atlassian JIRA,3.5
1740,Sales,Manager,Atlassian Confluence,3.5
1740,Sales,Manager,Google Analytics,3.5
1740,Sales,Manager,Adobe Acrobat,3.5
1740,Sales,Manager,Writing,3.5
1740,Sales,Manager,Learning Strategies,3.0
1744,Human Resources,Human Resources,Microsoft Excel,4.5
1744,Human Resources,Human Resources,Workday,4.5
1744,Human Resources,Human Resources,Applicant Tracking System (ATS),4.0
1744,Human Resources,Human Resources,Reading Comprehension,4.0
1744,Human Resources,Human Resources,Oracle HRIS,4.0
1744,Human Resources,Human Resources,Writing,3.88
1744,Human Resources,Human Resources,Critical Thinking,3.88
1744,Human Resources,Human Resources,Adobe Acrobat,3.5
1744,Human Resources,Human Resources,Cisco Webex,3.5
1744,Human Resources,Human Resources,Active Learning,3.25
1744,Human Resources,Human Resources,Learning Strategies,3.0
1745,Research & Development,Research Scientist,Writing,4.25
1745,Research & Development,Research Scientist,Science,4.12
1745,Research & Development,Research Scientist,Critical Thinking,4.0
1745,Research & Development,Research Scientist,Active Listening,4.0
1745,Research & Development,Research Scientist,Microsoft Project,3.5
1745,Research & Development,Research Scientist,Python,3.5
1745,Research & Development,Research Scientist,Adobe Photoshop,3.5
1746,Human Resources,Human Resources,Microsoft Office,4.5
1746,Human Resources,Human Resources,Speaking,4.12
1746,Human Resources,Human Resources,Cisco Webex,3.5
1746,Human Resources,Human Resources,Adobe Photoshop,3.5
1746,Human Resources,Human Resources,Active Learning,3.25
1746,Human Resources,Human Resources,Monitoring,3.0
1747,Human Resources,Human Resources,Microsoft PowerPoint,4.5
1747,Human Resources,Human Resources,Microsoft Excel,4.5
1747,Human Resources,Human Resources,Speaking,4.12
1747,Human Resources,Human Resources,Oracle HRIS,4.0
1747,Human Resources,Human Resources,Active Listening,4.0
1747,Human Resources,Human Resources,Writing,3.88
1747,Human Resources,Human Resources,Critical Thinking,3.88
1747,Human Resources,Human Resources,Adobe Acrobat,3.5
1747,Human Resources,Human Resources,Cisco Webex,3.5
1747,Human Resources,Human Resources,Monitoring,3.0
1747,Human Resources,Human Resources,Learning Strategies,3.0
1749,Sales,Sales Executive,Microsoft PowerPoint,4.5
1749,Sales,Sales Executive,Microsoft Excel,4.5
1749,Sales,Sales Executive,Microsoft Outlook,4.5
1749,Sales,Sales Executive,Adobe Creative Cloud,3.5
1749,Sales,Sales Executive,Critical Thinking,3.5
1749,Sales,Sales Executive,Adobe Acrobat,3.5
1749,Sales,Sales Executive,Adobe Photoshop,3.5
1749,Sales,Sales Executive,Adobe Illustrator,3.5
1749,Sales,Sales Executive,Writing,3.25
1749,Sales,Sales Executive,Active Learning,3.12
1749,Sales,Sales Executive,Mathematics,2.25
1751,Research & Development,Research Scientist,Microsoft Excel,4.5
1751,Research & Development,Research Scientist,R,4.5
1751,Research & Development,Research Scientist,Writing,4.25
1751,Research & Development,Research Scientist,Science,4.12
1751,Research & Development,Research Scientist,Active Learning,4.12
1751,Research & Development,Research Scientist,Reading Comprehension,4.0
1751,Research & Development,Research Scientist,MATLAB,3.5
1751,Research & Development,Research Scientist,IBM SPSS Statistics,3.5
1751,Research & Development,Research Scientist,SAS,3.5
1751,Research & Development,Research Scientist,Python,3.5
1751,Research & Development,Research Scientist,Microsoft Project,3.5
1752,Sales,Sales Representative,Microsoft Excel,4.5
1752,Sales,Sales Representative,Microsoft Office,4.5
1752,Sales,Sales Representative,Salesforce,4.5
1752,Sales,Sales Representative,Speaking,3.88
1752,Sales,Sales Representative,Active Listening,3.88
1752,Sales,Sales Representative,Reading Comprehension,3.62
1752,Sales,Sales Representative,IBM SPSS Statistics,3.5
1752,Sales,Sales Representative,Apple macOS,3.5
1752,Sales,Sales Representative,Microsoft Outlook,3.5
1752,Sales,Sales Representative,Critical Thinking,3.38
1752,Sales,Sales Representative,Active Learning,3.38
1752,Sales,Sales Representative,Writing,3.38
1752,Sales,Sales Representative,Monitoring,3.12
1752,Sales,Sales Representative,Mathematics,2.62
1753,Research & Development,Healthcare Representative,Microsoft Office,4.5
1753,Research & Development,Healthcare Representative,Salesforce,4.5
1753,Research & Development,Healthcare Representative,Speaking,4.25
1753,Research & Development,Healthcare Representative,Active Listening,4.12
1753,Research & Development,Healthcare Representative,Reading Comprehension,3.75
1753,Research & Development,Healthcare Representative,Google Workspace,3.5
1753,Research & Development,Healthcare Representative,Microsoft Azure,3.5
1753,Research & Development,Healthcare Representative,Apache Hadoop,3.5
1753,Research & Development,Healthcare Representative,Microsoft Access,3.5
1753,Research & Development,Healthcare Representative,Amazon Web Services (AWS),3.5
1753,Research & Development,Healthcare Representative,Critical Thinking,3.38
1753,Research & Development,Healthcare Representative,Writing,3.38
1753,Research & Development,Healthcare Representative,Monitoring,3.12
1753,Research & Development,Healthcare Representative,Mathematics,2.88
1754,Sales,Sales Executive,Salesforce,4.5
1754,Sales,Sales Executive,Speaking,4.0
1754,Sales,Sales Executive,Adobe Creative Cloud,3.5
1754,Sales,Sales Executive,Adobe InDesign,3.5
1754,Sales,Sales Executive,Critical Thinking,3.5
1754,Sales,Sales Executive,Adobe Acrobat,3.5
1754,Sales,Sales Executive,Adobe Illustrator,3.5
1754,Sales,Sales Executive,Adobe Photoshop,3.5
1754,Sales,Sales Executive,Reading Comprehension,3.38
1754,Sales,Sales Executive,Writing,3.25
1754,Sales,Sales Executive,Monitoring,3.12
1754,Sales,Sales Executive,Active Learning,3.12
1754,Sales,Sales Executive,Mathematics,2.25
1755,Research & Development,Research Scientist,Microsoft Excel,4.5
1755,Research & Development,Research Scientist,R,4.5
1755,Research & Development,Research Scientist,Microsoft Office,4.5
1755,Research & Development,Research Scientist,Writing,4.25
1755,Research & Development,Research Scientist,Speaking,4.12
1755,Research & Development,Research Scientist,Active Learning,4.12
1755,Research & Development,Research Scientist,Critical Thinking,4.0
1755,Research & Development,Research Scientist,Active Listening,4.0
1755,Research & Development,Research Scientist,MATLAB,3.5
1755,Research & Development,Research Scientist,Microsoft Project,3.5
1755,Research & Development,Research Scientist,IBM SPSS Statistics,3.5
1755,Research & Development,Research Scientist,ESRI ArcGIS,3.5
1755,Research & Development,Research Scientist,SAS,3.5
1755,Research & Development,Research Scientist,Python,3.5
1756,Sales,Sales Executive,Microsoft Excel,4.5
1756,Sales,Sales Executive,Salesforce,4.5
1756,Sales,Sales Executive,Microsoft Outlook,4.5
1756,Sales,Sales Executive,Active Listening,4.0
1756,Sales,Sales Executive,Adobe Creative Cloud,3.5
1756,Sales,Sales Executive,Adobe InDesign,3.5
1756,Sales,Sales Executive,Adobe Acrobat,3.5
1756,Sales,Sales Executive,Adobe Illustrator,3.5
1756,Sales,Sales Executive,Monitoring,3.12
1757,Sales,Sales Executive,Microsoft PowerPoint,4.5
1757,Sales,Sales Executive,Microsoft Outlook,4.5
1757,Sales,Sales Executive,Active Listening,4.0
1757,Sales,Sales Executive,Adobe Creative Cloud,3.5
1757,Sales,Sales Executive,Critical Thinking,3.5
1757,Sales,Sales Executive,Adobe Acrobat,3.5
1757,Sales,Sales Executive,Adobe Photoshop,3.5
1757,Sales,Sales Executive,Adobe Illustrator,3.5
1757,Sales,Sales Executive,Reading Comprehension,3.38
1757,Sales,Sales Executive,Writing,3.25
1757,Sales,Sales Executive,Active Learning,3.12
1757,Sales,Sales Executive,Mathematics,2.25
1758,Sales,Sales Executive,Microsoft Excel,4.5
1758,Sales,Sales Executive,Microsoft Office,4.5
1758,Sales,Sales Executive,Adobe InDesign,3.5
1758,Sales,Sales Executive,Adobe Acrobat,3.5
1758,Sales,Sales Executive,Adobe Illustrator,3.5
1758,Sales,Sales Executive,Adobe Photoshop,3.5
1758,Sales,Sales Executive,Reading Comprehension,3.38
1758,Sales,Sales Executive,Monitoring,3.12
1758,Sales,Sales Executive,Mathematics,2.25
1760,Research & Development,Laboratory Technician,Microsoft Excel,4.5
1760,Research & Development,Laboratory Technician,Microsoft Office,4.5
1760,Research & Development,Laboratory Technician,Reading Comprehension,3.75
1760,Research & Development,Laboratory Technician,SAP,3.5
1760,Research & Development,Laboratory Technician,MEDITECH,3.5
1760,Research & Development,Laboratory Technician,Google Docs,3.5
1760,Research & Development,Laboratory Technician,Critical Thinking,3.25
1760,Research & Development,Laboratory Technician,Monitoring,3.0
1760,Research & Development,Laboratory Technician,Science,3.0
1760,Research & Development,Laboratory Technician,Email,3.0
1760,Research & Development,Laboratory Technician,Active Learning,3.0
1760,Research & Development,Laboratory Technician,Writing,3.0
1761,Sales,Sales Executive,Microsoft PowerPoint,4.5
1761,Sales,Sales Executive,Speaking,4.0
1761,Sales,Sales Executive,Adobe Creative Cloud,3.5
1761,Sales,Sales Executive,Adobe InDesign,3.5
1761,Sales,Sales Executive,Adobe Illustrator,3.5
1761,Sales,Sales Executive,Adobe Photoshop,3.5
1761,Sales,Sales Executive,Writing,3.25
1761,Sales,Sales Executive,Mathematics,2.25
1762,Research & Development,Research Scientist,R,4.5
1762,Research & Development,Research Scientist,Microsoft Office,4.5
1762,Research & Development,Research Scientist,Writing,4.25
1762,Research & Development,Research Scientist,Science,4.12
1762,Research & Development,Research Scientist,Active Learning,4.12
1762,Research & Development,Research Scientist,Reading Comprehension,4.0
1762,Research & Development,Research Scientist,Mathematics,3.62
1762,Research & Development,Research Scientist,IBM SPSS Statistics,3.5
1762,Research & Development,Research Scientist,ESRI ArcGIS,3.5
1762,Research & Development,Research Scientist,Python,3.5
1762,Research & Development,Research Scientist,Microsoft Project,3.5
1763,Research & Development,Healthcare Representative,Microsoft Excel,4.5
1763,Research & Development,Healthcare Representative,Microsoft Outlook,4.5
1763,Research & Development,Healthcare Representative,Speaking,4.25
1763,Research & Development,Healthcare Representative,Google Workspace,3.5
1763,Research & Development,Healthcare Representative,Linux,3.5
1763,Research & Development,Healthcare Representative,Microsoft Azure,3.5
1763,Research & Development,Healthcare Representative,Apache Hadoop,3.5
1763,Research & Development,Healthcare Representative,Active Learning,3.5
1763,Research & Development,Healthcare Representative,Microsoft Access,3.5
1763,Research & Development,Healthcare Representative,Amazon Web Services (AWS),3.5
1763,Research & Development,Healthcare Representative,Writing,3.38
1763,Research & Development,Healthcare Representative,Mathematics,2.88
1764,Research & Development,Research Scientist,Microsoft Office,4.5
1764,Research & Development,Research Scientist,Science,4.12
1764,Research & Development,Research Scientist,Speaking,4.12
1764,Research & Development,Research Scientist,Critical Thinking,4.0
1764,Research & Development,Research Scientist,Mathematics,3.62
1764,Research & Development,Research Scientist,MATLAB,3.5
1764,Research & Development,Research Scientist,IBM SPSS Statistics,3.5
1764,Research & Development,Research Scientist,ESRI ArcGIS,3.5
1764,Research & Development,Research Scientist,SAS,3.5
1764,Research & Development,Research Scientist,Python,3.5
1764,Research & Development,Research Scientist,Microsoft Project,3.5
1766,Research & Development,Healthcare Representative,Microsoft Excel,4.5
1766,Research & Development,Healthcare Representative,Salesforce,4.5
1766,Research & Development,Healthcare Representative,Speaking,4.25
1766,Research & Development,Healthcare Representative,Reading Comprehension,3.75
1766,Research & Development,Healthcare Representative,Google Workspace,3.5
1766,Research & Development,Healthcare Representative,Linux,3.5
1766,Research & Development,Healthcare Representative,Microsoft Azure,3.5
1766,Research & Development,Healthcare Representative,Active Learning,3.5
1766,Research & Development,Healthcare Representative,Writing,3.38
1766,Research & Development,Healthcare Representative,Monitoring,3.12
1766,Research & Development,Healthcare Representative,Mathematics,2.88
1767,Research & Development,Research Scientist,Microsoft Excel,4.5
1767,Research & Development,Research Scientist,Science,4.12
1767,Research & Development,Research Scientist,Critical Thinking,4.0
1767,Research & Development,Research Scientist,Reading Comprehension,4.0
1767,Research & Development,Research Scientist,Active Listening,4.0
1767,Research & Development,Research Scientist,MATLAB,3.5
1767,Research & Development,Research Scientist,Microsoft Project,3.5
1767,Research & Development,Research Scientist,IBM SPSS Statistics,3.5
1767,Research & Development,Research Scientist,ESRI ArcGIS,3.5
1767,Research & Development,Research Scientist,SAS,3.5
1767,Research & Development,Research Scientist,Python,3.5
1768,Research & Development,Laboratory Technician,Microsoft Excel,4.5
1768,Research & Development,Laboratory Technician,Active Listening,3.62
1768,Research & Development,Laboratory Technician,Microsoft PowerPoint,3.5
1768,Research & Development,Laboratory Technician,MEDITECH,3.5
1768,Research & Development,Laboratory Technician,Google Docs,3.5
1768,Research & Development,Laboratory Technician,Microsoft Outlook,3.5
1768,Research & Development,Laboratory Technician,Critical Thinking,3.25
1768,Research & Development,Laboratory Technician,Monitoring,3.0
1768,Research & Development,Laboratory Technician,Electronic Medical Record (EMR),3.0
1768,Research & Development,Laboratory Technician,Email,3.0
1768,Research & Development,Laboratory Technician,Active Learning,3.0
1768,Research & Development,Laboratory Technician,Writing,3.0
1770,Research & Development,Research Director,Science,4.12
1770,Research & Development,Research Director,Critical Thinking,4.0
1770,Research & Development,Research Director,Speaking,3.88
1770,Research & Development,Research Director,Writing,3.88
1770,Research & Development,Research Director,Active Learning,3.5
1770,Research & Development,Research Director,Microsoft Project,3.5
1771,Research & Development,Research Scientist,Microsoft Excel,4.5
1771,Research & Development,Research Scientist,R,4.5
1771,Research & Development,Research Scientist,Microsoft Office,4.5
1771,Research & Development,Research Scientist,Active Learning,4.12
1771,Research & Development,Research Scientist,Critical Thinking,4.0
1771,Research & Development,Research Scientist,Reading Comprehension,4.0
1771,Research & Development,Research Scientist,Active Listening,4.0
1771,Research & Development,Research Scientist,IBM SPSS Statistics,3.5
1771,Research & Development,Research Scientist,SAS,3.5
1771,Research & Development,Research Scientist,Python,3.5
1772,Research & Development,Laboratory Technician,Reading Comprehension,3.75
1772,Research & Development,Laboratory Technician,Microsoft PowerPoint,3.5
1772,Research & Development,Laboratory Technician,Microsoft Word,3.5
1772,Research & Development,Laboratory Technician,MEDITECH,3.5
1772,Research & Development,Laboratory Technician,Microsoft Outlook,3.5
1772,Research & Development,Laboratory Technician,Critical Thinking,3.25
1772,Research & Development,Laboratory Technician,Speaking,3.12
1772,Research & Development,Laboratory Technician,Electronic Medical Record (EMR),3.0
1772,Research & Development,Laboratory Technician,Active Learning,3.0
1772,Research & Development,Laboratory Technician,Writing,3.0
1774,Sales,Sales Executive,Microsoft PowerPoint,4.5
1774,Sales,Sales Executive,Microsoft Excel,4.5
1774,Sales,Sales Executive,Microsoft Office,4.5
1774,Sales,Sales Executive,Speaking,4.0
1774,Sales,Sales Executive,Active Listening,4.0
1774,Sales,Sales Executive,Adobe Creative Cloud,3.5
1774,Sales,Sales Executive,Adobe InDesign,3.5
1774,Sales,Sales Executive,Critical Thinking,3.5
1774,Sales,Sales Executive,Adobe Acrobat,3.5
1774,Sales,Sales Executive,Reading Comprehension,3.38
1774,Sales,Sales Executive,Monitoring,3.12
1775,Research & Development,Manufacturing Director,Microsoft Office,4.5
1775,Research & Development,Manufacturing Director,Monitoring,4.0
1775,Research & Development,Manufacturing Director,Reading Comprehension,3.88
1775,Research & Development,Manufacturing Director,Active Learning,3.62
1775,Research & Development,Manufacturing Director,Adobe After Effects,3.5
1775,Research & Development,Manufacturing Director,Adobe InDesign,3.5
1775,Research & Development,Manufacturing Director,Adobe Acrobat,3.5
1775,Research & Development,Manufacturing Director,Writing,3.38
1778,Human Resources,Human Resources,Speaking,4.12
1778,Human Resources,Human Resources,Applicant Tracking System (ATS),4.0
1778,Human Resources,Human Resources,Reading Comprehension,4.0
1778,Human Resources,Human Resources,Oracle HRIS,4.0
1778,Human Resources,Human Resources,Active Listening,4.0
1778,Human Resources,Human Resources,Critical Thinking,3.88
1778,Human Resources,Human Resources,Cisco Webex,3.5
1778,Human Resources,Human Resources,Adobe Photoshop,3.5
1778,Human Resources,Human Resources,Learning Strategies,3.0
1779,Sales,Sales Executive,Microsoft PowerPoint,4.5
1779,Sales,Sales Executive,Microsoft Excel,4.5
1779,Sales,Sales Executive,Speaking,4.0
1779,Sales,Sales Executive,Active Listening,4.0
1779,Sales,Sales Executive,Adobe Creative Cloud,3.5
1779,Sales,Sales Executive,Adobe InDesign,3.5
1779,Sales,Sales Executive,Adobe Acrobat,3.5
1779,Sales,Sales Executive,Adobe Photoshop,3.5
1779,Sales,Sales Executive,Reading Comprehension,3.38
1779,Sales,Sales Executive,Writing,3.25
1779,Sales,Sales Executive,Active Learning,3.12
1779,Sales,Sales Executive,Mathematics,2.25
1780,Sales,Sales Representative,Microsoft Excel,4.5
1780,Sales,Sales Representative,Speaking,3.88
1780,Sales,Sales Representative,Active Listening,3.88
1780,Sales,Sales Representative,Reading Comprehension,3.62
1780,Sales,Sales Representative,Microsoft Project,3.5
1780,Sales,Sales Representative,IBM SPSS Statistics,3.5
1780,Sales,Sales Representative,Microsoft PowerPoint,3.5
1780,Sales,Sales Representative,Apple macOS,3.5
1780,Sales,Sales Representative,HubSpot,3.5
1780,Sales,Sales Representative,Microsoft Outlook,3.5
1780,Sales,Sales Representative,Critical Thinking,3.38
1780,Sales,Sales Representative,Writing,3.38
1780,Sales,Sales Representative,Monitoring,3.12
1782,Research & Development,Laboratory Technician,Microsoft Excel,4.5
1782,Research & Development,Laboratory Technician,SAP,3.5
1782,Research & Development,Laboratory Technician,Microsoft PowerPoint,3.5
1782,Research & Development,Laboratory Technician,Microsoft Word,3.5
1782,Research & Development,Laboratory Technician,MEDITECH,3.5
1782,Research & Development,Laboratory Technician,Microsoft Outlook,3.5
1782,Research & Development,Laboratory Technician,Critical Thinking,3.25
1782,Research & Development,Laboratory Technician,Speaking,3.12
1782,Research & Development,Laboratory Technician,Science,3.0
1782,Research & Development,Laboratory Technician,Email,3.0
1782,Research & Development,Laboratory Technician,Active Learning,3.0
1783,Research & Development,Laboratory Technician,Microsoft Excel,4.5
1783,Research & Development,Laboratory Technician,Microsoft Office,4.5
1783,Research & Development,Laboratory Technician,Active Listening,3.62
1783,Research & Development,Laboratory Technician,SAP,3.5
1783,Research & Development,Laboratory Technician,Microsoft Word,3.5
1783,Research & Development,Laboratory Technician,MEDITECH,3.5
1783,Research & Development,Laboratory Technician,Google Docs,3.5
1783,Research & Development,Laboratory Technician,Microsoft Outlook,3.5
1783,Research & Development,Laboratory Technician,Critical Thinking,3.25
1783,Research & Development,Laboratory Technician,Speaking,3.12
1783,Research & Development,Laboratory Technician,Electronic Medical Record (EMR),3.0
1783,Research & Development,Laboratory Technician,Writing,3.0
1784,Sales,Sales Executive,Microsoft Excel,4.5
1784,Sales,Sales Executive,Microsoft Office,4.5
1784,Sales,Sales Executive,Microsoft Outlook,4.5
1784,Sales,Sales Executive,Active Listening,4.0
1784,Sales,Sales Executive,Adobe Creative Cloud,3.5
1784,Sales,Sales Executive,Adobe InDesign,3.5
1784,Sales,Sales Executive,Critical Thinking,3.5
1784,Sales,Sales Executive,Adobe Acrobat,3.5
1784,Sales,Sales Executive,Adobe Photoshop,3.5
1784,Sales,Sales Executive,Active Learning,3.12
1784,Sales,Sales Executive,Mathematics,2.25
1786,Research & Development,Manager,Microsoft PowerPoint,4.5
1786,Research & Development,Manager,Monitoring,4.0
1786,Research & Development,Manager,Reading Comprehension,4.0
1786,Research & Development,Manager,Active Learning,3.62
1786,Research & Development,Manager,Atlassian JIRA,3.5
1786,Research & Development,Manager,Atlassian Confluence,3.5
1786,Research & Development,Manager,Google Analytics,3.5
1786,Research & Development,Manager,Adobe Acrobat,3.5
1786,Research & Development,Manager,Adobe Photoshop,3.5
1787,Sales,Sales Executive,Microsoft Excel,4.5
1787,Sales,Sales Executive,Microsoft Office,4.5
1787,Sales,Sales Executive,Salesforce,4.5
1787,Sales,Sales Executive,Microsoft Outlook,4.5
1787,Sales,Sales Executive,Speaking,4.0
1787,Sales,Sales Executive,Adobe InDesign,3.5
1787,Sales,Sales Executive,Critical Thinking,3.5
1787,Sales,Sales Executive,Adobe Photoshop,3.5
1787,Sales,Sales Executive,Adobe Illustrator,3.5
1787,Sales,Sales Executive,Reading Comprehension,3.38
1787,Sales,Sales Executive,Active Learning,3.12
1789,Research & Development,Research Director,Monitoring,4.0
1789,Research & Development,Research Director,Critical Thinking,4.0
1789,Research & Development,Research Director,Speaking,3.88
1789,Research & Development,Research Director,Writing,3.88
1789,Research & Development,Research Director,Microsoft SharePoint,3.5
1789,Research & Development,Research Director,Microsoft Visio,3.5
1789,Research & Development,Research Director,Adobe Acrobat,3.5
1790,Research & Development,Healthcare Representative,Salesforce,4.5
1790,Research & Development,Healthcare Representative,Microsoft Outlook,4.5
1790,Research & Development,Healthcare Representative,Active Listening,4.12
1790,Research & Development,Healthcare Representative,Linux,3.5
1790,Research & Development,Healthcare Representative,Microsoft Azure,3.5
1790,Research & Development,Healthcare Representative,Apache Hadoop,3.5
1790,Research & Development,Healthcare Representative,Active Learning,3.5
1790,Research & Development,Healthcare Representative,Amazon Web Services (AWS),3.5
1790,Research & Development,Healthcare Representative,Mathematics,2.88
1792,Research & Development,Research Scientist,Microsoft Excel,4.5
1792,Research & Development,Research Scientist,R,4.5
1792,Research & Development,Research Scientist,Microsoft Office,4.5
1792,Research & Development,Research Scientist,Writing,4.25
1792,Research & Development,Research Scientist,Science,4.12
1792,Research & Development,Research Scientist,Speaking,4.12
1792,Research & Development,Research Scientist,Active Learning,4.12
1792,Research & Development,Research Scientist,Critical Thinking,4.0
1792,Research & Development,Research Scientist,Reading Comprehension,4.0
1792,Research & Development,Research Scientist,Active Listening,4.0
1792,Research & Development,Research Scientist,Mathematics,3.62
1792,Research & Development,Research Scientist,IBM SPSS Statistics,3.5
1792,Research & Development,Research Scientist,ESRI ArcGIS,3.5
1792,Research & Development,Research Scientist,SAS,3.5
1792,Research & Development,Research Scientist,Adobe Photoshop,3.5
1794,Human Resources,Human Resources,Microsoft Excel,4.5
1794,Human Resources,Human Resources,Workday,4.5
1794,Human Resources,Human Resources,Microsoft Office,4.5
1794,Human Resources,Human Resources,Applicant Tracking System (ATS),4.0
1794,Human Resources,Human Resources,Reading Comprehension,4.0
1794,Human Resources,Human Resources,Active Listening,4.0
1794,Human Resources,Human Resources,Critical Thinking,3.88
1794,Human Resources,Human Resources,Writing,3.88
1794,Human Resources,Human Resources,Adobe Acrobat,3.5
1794,Human Resources,Human Resources,Adobe Photoshop,3.5
1797,Sales,Sales Executive,Microsoft PowerPoint,4.5
1797,Sales,Sales Executive,Salesforce,4.5
1797,Sales,Sales Executive,Speaking,4.0
1797,Sales,Sales Executive,Adobe Creative Cloud,3.5
1797,Sales,Sales Executive,Critical Thinking,3.5
1797,Sales,Sales Executive,Adobe Illustrator,3.5
1797,Sales,Sales Executive,Adobe Photoshop,3.5
1797,Sales,Sales Executive,Reading Comprehension,3.38
1797,Sales,Sales Executive,Writing,3.25
1797,Sales,Sales Executive,Monitoring,3.12
1798,Research & Development,Research Scientist,Microsoft Excel,4.5
1798,Research & Development,Research Scientist,R,4.5
1798,Research & Development,Research Scientist,Microsoft Office,4.5
1798,Research & Development,Research Scientist,Writing,4.25
1798,Research & Development,Research Scientist,Science,4.12
1798,Research & Development,Research Scientist,Active Learning,4.12
1798,Research & Development,Research Scientist,Critical Thinking,4.0
1798,Research & Development,Research Scientist,Reading Comprehension,4.0
1798,Research & Development,Research Scientist,Active Listening,4.0
1798,Research & Development,Research Scientist,Mathematics,3.62
1798,Research & Development,Research Scientist,IBM SPSS Statistics,3.5
1798,Research & Development,Research Scientist,SAS,3.5
1798,Research & Development,Research Scientist,Adobe Photoshop,3.5
1799,Research & Development,Research Scientist,Microsoft Excel,4.5
1799,Research & Development,Research Scientist,Microsoft Office,4.5
1799,Research & Development,Research Scientist,Speaking,4.12
1799,Research & Development,Research Scientist,Active Learning,4.12
1799,Research & Development,Research Scientist,Critical Thinking,4.0
1799,Research & Development,Research Scientist,Mathematics,3.62
1799,Research & Development,Research Scientist,MATLAB,3.5
1799,Research & Development,Research Scientist,IBM SPSS Statistics,3.5
1799,Research & Development,Research Scientist,ESRI ArcGIS,3.5
1799,Research & Development,Research Scientist,SAS,3.5
1799,Research & Development,Research Scientist,Python,3.5
1799,Research & Development,Research Scientist,Adobe Photoshop,3.5
1800,Research & Development,Research Director,Microsoft PowerPoint,4.5
1800,Research & Development,Research Director,Microsoft Office,4.5
1800,Research & Development,Research Director,Science,4.12
1800,Research & Development,Research Director,Critical Thinking,4.0
1800,Research & Development,Research Director,Reading Comprehension,4.0
1800,Research & Development,Research Director,Speaking,3.88
1800,Research & Development,Research Director,Active Learning,3.5
1800,Research & Development,Research Director,Microsoft SharePoint,3.5
1800,Research & Development,Research Director,Adobe Acrobat,3.5
1801,Sales,Sales Executive,Microsoft Excel,4.5
1801,Sales,Sales Executive,Microsoft Office,4.5
1801,Sales,Sales Executive,Adobe Creative Cloud,3.5
1801,Sales,Sales Executive,Adobe InDesign,3.5
1801,Sales,Sales Executive,Critical Thinking,3.5
1801,Sales,Sales Executive,Mathematics,2.25
1802,Research & Development,Laboratory Technician,Microsoft Excel,4.5
1802,Research & Development,Laboratory Technician,Active Listening,3.62
1802,Research & Development,Laboratory Technician,SAP,3.5
1802,Research & Development,Laboratory Technician,Microsoft PowerPoint,3.5
1802,Research & Development,Laboratory Technician,Microsoft Word,3.5
1802,Research & Development,Laboratory Technician,Google Docs,3.5
1802,Research & Development,Laboratory Technician,Microsoft Outlook,3.5
1802,Research & Development,Laboratory Technician,Critical Thinking,3.25
1802,Research & Development,Laboratory Technician,Speaking,3.12
1802,Research & Development,Laboratory Technician,Monitoring,3.0
1802,Research & Development,Laboratory Technician,Electronic Medical Record (EMR),3.0
1802,Research & Development,Laboratory Technician,Email,3.0
1802,Research & Development,Laboratory Technician,Active Learning,3.0
1802,Research & Development,Laboratory Technician,Writing,3.0
1803,Research & Development,Healthcare Representative,Microsoft Office,4.5
1803,Research & Development,Healthcare Representative,Speaking,4.25
1803,Research & Development,Healthcare Representative,Google Workspace,3.5
1803,Research & Development,Healthcare Representative,Microsoft Azure,3.5
1803,Research & Development,Healthcare Representative,Apache Hadoop,3.5
1803,Research & Development,Healthcare Representative,Microsoft Access,3.5
1803,Research & Development,Healthcare Representative,Writing,3.38
1803,Research & Development,Healthcare Representative,Mathematics,2.88
1804,Research & Development,Manufacturing Director,SAP,4.5
1804,Research & Development,Manufacturing Director,Microsoft PowerPoint,4.5
1804,Research & Development,Manufacturing Director,Microsoft Outlook,4.5
1804,Research & Development,Manufacturing Director,Critical Thinking,4.0
1804,Research & Development,Manufacturing Director,Speaking,4.0
1804,Research & Development,Manufacturing Director,Learning Strategies,3.75
1804,Research & Development,Manufacturing Director,Adobe After Effects,3.5
1804,Research & Development,Manufacturing Director,Adobe Acrobat,3.5
1804,Research & Development,Manufacturing Director,Autodesk AutoCAD,3.5
1804,Research & Development,Manufacturing Director,Writing,3.38
1805,Human Resources,Human Resources,Microsoft PowerPoint,4.5
1805,Human Resources,Human Resources,Microsoft Excel,4.5
1805,Human Resources,Human Resources,Microsoft Office,4.5
1805,Human Resources,Human Resources,Speaking,4.12
1805,Human Resources,Human Resources,Applicant Tracking System (ATS),4.0
1805,Human Resources,Human Resources,Oracle HRIS,4.0
1805,Human Resources,Human Resources,Critical Thinking,3.88
1805,Human Resources,Human Resources,Adobe Acrobat,3.5
1805,Human Resources,Human Resources,Cisco Webex,3.5
1805,Human Resources,Human Resources,Adobe Photoshop,3.5
1805,Human Resources,Human Resources,Monitoring,3.0
1805,Human Resources,Human Resources,Learning Strategies,3.0
1807,Research & Development,Laboratory Technician,Reading Comprehension,3.75
1807,Research & Development,Laboratory Technician,SAP,3.5
1807,Research & Development,Laboratory Technician,Microsoft PowerPoint,3.5
1807,Research & Development,Laboratory Technician,MEDITECH,3.5
1807,Research & Development,Laboratory Technician,Google Docs,3.5
1807,Research & Development,Laboratory Technician,Microsoft Outlook,3.5
1807,Research & Development,Laboratory Technician,Critical Thinking,3.25
1807,Research & Development,Laboratory Technician,Speaking,3.12
1807,Research & Development,Laboratory Technician,Electronic Medical Record (EMR),3.0
1807,Research & Development,Laboratory Technician,Science,3.0
1807,Research & Development,Laboratory Technician,Email,3.0
1807,Research & Development,Laboratory Technician,Active Learning,3.0
1809,Research & Development,Manufacturing Director,Microsoft PowerPoint,4.5
1809,Research & Development,Manufacturing Director,Microsoft Office,4.5
1809,Research & Development,Manufacturing Director,Microsoft Outlook,4.5
1809,Research & Development,Manufacturing Director,Reading Comprehension,3.88
1809,Research & Development,Manufacturing Director,Learning Strategies,3.75
1809,Research & Development,Manufacturing Director,Active Learning,3.62
1809,Research & Development,Manufacturing Director,Adobe After Effects,3.5
1809,Research & Development,Manufacturing Director,Adobe InDesign,3.5
1809,Research & Development,Manufacturing Director,Autodesk AutoCAD,3.5
1812,Sales,Sales Executive,Microsoft Excel,4.5
1812,Sales,Sales Executive,Salesforce,4.5
1812,Sales,Sales Executive,Microsoft Outlook,4.5
1812,Sales,Sales Executive,Speaking,4.0
1812,Sales,Sales Executive,Active Listening,4.0
1812,Sales,Sales Executive,Adobe Creative Cloud,3.5
1812,Sales,Sales Executive,Adobe InDesign,3.5
1812,Sales,Sales Executive,Critical Thinking,3.5
1812,Sales,Sales Executive,Reading Comprehension,3.38
1812,Sales,Sales Executive,Monitoring,3.12
1813,Research & Development,Research Scientist,R,4.5
1813,Research & Development,Research Scientist,Microsoft Office,4.5
1813,Research & Development,Research Scientist,Writing,4.25
1813,Research & Development,Research Scientist,Science,4.12
1813,Research & Development,Research Scientist,Speaking,4.12
1813,Research & Development,Research Scientist,Critical Thinking,4.0
1813,Research & Development,Research Scientist,Reading Comprehension,4.0
1813,Research & Development,Research Scientist,Active Listening,4.0
1813,Research & Development,Research Scientist,MATLAB,3.5
1813,Research & Development,Research Scientist,IBM SPSS Statistics,3.5
1813,Research & Development,Research Scientist,ESRI ArcGIS,3.5
1813,Research & Development,Research Scientist,SAS,3.5
1813,Research & Development,Research Scientist,Adobe Photoshop,3.5
1814,Research & Development,Healthcare Representative,Microsoft Outlook,4.5
1814,Research & Development,Healthcare Representative,Speaking,4.25
1814,Research & Development,Healthcare Representative,Active Listening,4.12
1814,Research & Development,Healthcare Representative,Linux,3.5
1814,Research & Development,Healthcare Representative,Active Learning,3.5
1814,Research & Development,Healthcare Representative,Microsoft Access,3.5
1814,Research & Development,Healthcare Representative,Critical Thinking,3.38
1814,Research & Development,Healthcare Representative,Writing,3.38
1814,Research & Development,Healthcare Representative,Monitoring,3.12
1814,Research & Development,Healthcare Representative,Mathematics,2.88
1815,Sales,Sales Executive,Microsoft Excel,4.5
1815,Sales,Sales Executive,Active Listening,4.0
1815,Sales,Sales Executive,Adobe Creative Cloud,3.5
1815,Sales,Sales Executive,Adobe InDesign,3.5
1815,Sales,Sales Executive,Adobe Illustrator,3.5
1815,Sales,Sales Executive,Mathematics,2.25
1816,Research & Development,Manufacturing Director,SAP,4.5
1816,Research & Development,Manufacturing Director,Monitoring,4.0
1816,Research & Development,Manufacturing Director,Speaking,4.0
1816,Research & Development,Manufacturing Director,Reading Comprehension,3.88
1816,Research & Development,Manufacturing Director,Active Learning,3.62
1816,Research & Development,Manufacturing Director,Adobe After Effects,3.5
1816,Research & Development,Manufacturing Director,Writing,3.38
1818,Human Resources,Human Resources,Microsoft PowerPoint,4.5
1818,Human Resources,Human Resources,Microsoft Excel,4.5
1818,Human Resources,Human Resources,Workday,4.5
1818,Human Resources,Human Resources,Microsoft Outlook,4.5
1818,Human Resources,Human Resources,Speaking,4.12
1818,Human Resources,Human Resources,Applicant Tracking System (ATS),4.0
1818,Human Resources,Human Resources,Active Listening,4.0
1818,Human Resources,Human Resources,Critical Thinking,3.88
1818,Human Resources,Human Resources,Writing,3.88
1818,Human Resources,Human Resources,Adobe Acrobat,3.5
1818,Human Resources,Human Resources,Cisco Webex,3.5
1818,Human Resources,Human Resources,Adobe Photoshop,3.5
1818,Human Resources,Human Resources,Learning Strategies,3.0
1821,Research & Development,Healthcare Representative,Microsoft Excel,4.5
1821,Research & Development,Healthcare Representative,Microsoft Outlook,4.5
1821,Research & Development,Healthcare Representative,Speaking,4.25
1821,Research & Development,Healthcare Representative,Active Listening,4.12
1821,Research & Development,Healthcare Representative,Reading Comprehension,3.75
1821,Research & Development,Healthcare Representative,Amazon Web Services (AWS),3.5
1821,Research & Development,Healthcare Representative,Google Workspace,3.5
1821,Research & Development,Healthcare Representative,Linux,3.5
1821,Research & Development,Healthcare Representative,Microsoft Azure,3.5
1821,Research & Development,Healthcare Representative,Apache Hadoop,3.5
1821,Research & Development,Healthcare Representative,Active Learning,3.5
1821,Research & Development,Healthcare Representative,Writing,3.38
1822,Research & Development,Healthcare Representative,Speaking,4.25
1822,Research & Development,Healthcare Representative,Active Listening,4.12
1822,Research & Development,Healthcare Representative,Google Workspace,3.5
1822,Research & Development,Healthcare Representative,Linux,3.5
1822,Research & Development,Healthcare Representative,Apache Hadoop,3.5
1822,Research & Development,Healthcare Representative,Active Learning,3.5
1822,Research & Development,Healthcare Representative,Microsoft Access,3.5
1822,Research & Development,Healthcare Representative,Amazon Web Services (AWS),3.5
1822,Research & Development,Healthcare Representative,Critical Thinking,3.38
1822,Research & Development,Healthcare Representative,Monitoring,3.12
1822,Research & Development,Healthcare Representative,Mathematics,2.88
1823,Sales,Sales Executive,Microsoft Office,4.5
1823,Sales,Sales Executive,Speaking,4.0
1823,Sales,Sales Executive,Adobe Creative Cloud,3.5
1823,Sales,Sales Executive,Critical Thinking,3.5
1823,Sales,Sales Executive,Adobe Acrobat,3.5
1823,Sales,Sales Executive,Adobe Illustrator,3.5
1823,Sales,Sales Executive,Adobe Photoshop,3.5
1823,Sales,Sales Executive,Reading Comprehension,3.38
1823,Sales,Sales Executive,Writing,3.25
1823,Sales,Sales Executive,Monitoring,3.12
1823,Sales,Sales Executive,Mathematics,2.25
1824,Sales,Manager,Microsoft Excel,4.5
1824,Sales,Manager,Microsoft Office,4.5
1824,Sales,Manager,Speaking,4.0
1824,Sales,Manager,Active Listening,4.0
1824,Sales,Manager,Atlassian Confluence,3.5
1824,Sales,Manager,Google Analytics,3.5
1824,Sales,Manager,Adobe Acrobat,3.5
1824,Sales,Manager,Writing,3.5
1824,Sales,Manager,Adobe Photoshop,3.5
1824,Sales,Manager,Learning Strategies,3.0
1826,Research & Development,Laboratory Technician,Microsoft Excel,4.5
1826,Research & Development,Laboratory Technician,Microsoft Office,4.5
1826,Research & Development,Laboratory Technician,Reading Comprehension,3.75
1826,Research & Development,Laboratory Technician,Active Listening,3.62
1826,Research & Development,Laboratory Technician,SAP,3.5
1826,Research & Development,Laboratory Technician,Microsoft Word,3.5
1826,Research & Development,Laboratory Technician,MEDITECH,3.5
1826,Research & Development,Laboratory Technician,Google Docs,3.5
1826,Research & Development,Laboratory Technician,Microsoft Outlook,3.5
1826,Research & Development,Laboratory Technician,Critical Thinking,3.25
1826,Research & Development,Laboratory Technician,Monitoring,3.0
1826,Research & Development,Laboratory Technician,Electronic Medical Record (EMR),3.0
1826,Research & Development,Laboratory Technician,Active Learning,3.0
1827,Research & Development,Manufacturing Director,SAP,4.5
1827,Research & Development,Manufacturing Director,Microsoft PowerPoint,4.5
1827,Research & Development,Manufacturing Director,Microsoft Office,4.5
1827,Research & Development,Manufacturing Director,Speaking,4.0
1827,Research & Development,Manufacturing Director,Active Listening,3.88
1827,Research & Development,Manufacturing Director,Learning Strategies,3.75
1827,Research & Development,Manufacturing Director,Adobe InDesign,3.5
1827,Research & Development,Manufacturing Director,Adobe Acrobat,3.5
1827,Research & Development,Manufacturing Director,Autodesk AutoCAD,3.5
1829,Research & Development,Healthcare Representative,Microsoft Excel,4.5
1829,Research & Development,Healthcare Representative,Microsoft Outlook,4.5
1829,Research & Development,Healthcare Representative,Reading Comprehension,3.75
1829,Research & Development,Healthcare Representative,Google Workspace,3.5
1829,Research & Development,Healthcare Representative,Linux,3.5
1829,Research & Development,Healthcare Representative,Active Learning,3.5
1829,Research & Development,Healthcare Representative,Amazon Web Services (AWS),3.5
1829,Research & Development,Healthcare Representative,Critical Thinking,3.38
1829,Research & Development,Healthcare Representative,Writing,3.38
1829,Research & Development,Healthcare Representative,Monitoring,3.12
1829,Research & Development,Healthcare Representative,Mathematics,2.88
1830,Research & Development,Research Scientist,R,4.5
1830,Research & Development,Research Scientist,Critical Thinking,4.0
1830,Research & Development,Research Scientist,Reading Comprehension,4.0
1830,Research & Development,Research Scientist,Active Listening,4.0
1830,Research & Development,Research Scientist,Mathematics,3.62
1830,Research & Development,Research Scientist,MATLAB,3.5
1830,Research & Development,Research Scientist,Microsoft Project,3.5
1830,Research & Development,Research Scientist,Python,3.5
1830,Research & Development,Research Scientist,Adobe Photoshop,3.5
1833,Sales,Sales Executive,Microsoft PowerPoint,4.5
1833,Sales,Sales Executive,Microsoft Excel,4.5
1833,Sales,Sales Executive,Speaking,4.0
1833,Sales,Sales Executive,Active Listening,4.0
1833,Sales,Sales Executive,Adobe Acrobat,3.5
1833,Sales,Sales Executive,Adobe Photoshop,3.5
1833,Sales,Sales Executive,Monitoring,3.12
1833,Sales,Sales Executive,Active Learning,3.12
1833,Sales,Sales Executive,Mathematics,2.25
1834,Research & Development,Research Scientist,Microsoft Office,4.5
1834,Research & Development,Research Scientist,Science,4.12
1834,Research & Development,Research Scientist,Critical Thinking,4.0
1834,Research & Development,Research Scientist,Active Listening,4.0
1834,Research & Development,Research Scientist,Mathematics,3.62
1834,Research & Development,Research Scientist,MATLAB,3.5
1834,Research & Development,Research Scientist,Microsoft Project,3.5
1834,Research & Development,Research Scientist,ESRI ArcGIS,3.5
1834,Research & Development,Research Scientist,Python,3.5
1835,Sales,Sales Representative,Microsoft Office,4.5
1835,Sales,Sales Representative,Salesforce,4.5
1835,Sales,Sales Representative,Speaking,3.88
1835,Sales,Sales Representative,Reading Comprehension,3.62
1835,Sales,Sales Representative,IBM SPSS Statistics,3.5
1835,Sales,Sales Representative,Apple macOS,3.5
1835,Sales,Sales Representative,Microsoft Word,3.5
1835,Sales,Sales Representative,Microsoft Outlook,3.5
1835,Sales,Sales Representative,Writing,3.38
1835,Sales,Sales Representative,Monitoring,3.12
1836,Sales,Sales Executive,Microsoft PowerPoint,4.5
1836,Sales,Sales Executive,Microsoft Excel,4.5
1836,Sales,Sales Executive,Salesforce,4.5
1836,Sales,Sales Executive,Microsoft Outlook,4.5
1836,Sales,Sales Executive,Active Listening,4.0
1836,Sales,Sales Executive,Speaking,4.0
1836,Sales,Sales Executive,Adobe InDesign,3.5
1836,Sales,Sales Executive,Critical Thinking,3.5
1836,Sales,Sales Executive,Adobe Acrobat,3.5
1836,Sales,Sales Executive,Adobe Illustrator,3.5
1836,Sales,Sales Executive,Adobe Photoshop,3.5
1836,Sales,Sales Executive,Adobe Creative Cloud,3.5
1836,Sales,Sales Executive,Reading Comprehension,3.38
1836,Sales,Sales Executive,Monitoring,3.12
1836,Sales,Sales Executive,Mathematics,2.25
1837,Research & Development,Research Director,Speaking,3.88
1837,Research & Development,Research Director,Microsoft Visio,3.5
1837,Research & Development,Research Director,IBM SPSS Statistics,3.5
1837,Research & Development,Research Director,Microsoft SharePoint,3.5
1839,Research & Development,Research Scientist,R,4.5
1839,Research & Development,Research Scientist,Microsoft Office,4.5
1839,Research & Development,Research Scientist,Speaking,4.12
1839,Research & Development,Research Scientist,Active Learning,4.12
1839,Research & Development,Research Scientist,Active Listening,4.0
1839,Research & Development,Research Scientist,Microsoft Project,3.5
1839,Research & Development,Research Scientist,ESRI ArcGIS,3.5
1839,Research & Development,Research Scientist,Python,3.5
1839,Research & Development,Research Scientist,Adobe Photoshop,3.5
1842,Human Resources,Human Resources,Microsoft Excel,4.5
1842,Human Resources,Human Resources,Microsoft Outlook,4.5
1842,Human Resources,Human Resources,Reading Comprehension,4.0
1842,Human Resources,Human Resources,Active Listening,4.0
1842,Human Resources,Human Resources,Writing,3.88
1842,Human Resources,Human Resources,Adobe Photoshop,3.5
1842,Human Resources,Human Resources,Active Learning,3.25
1842,Human Resources,Human Resources,Monitoring,3.0
1842,Human Resources,Human Resources,Learning Strategies,3.0
1844,Human Resources,Human Resources,Microsoft PowerPoint,4.5
1844,Human Resources,Human Resources,Microsoft Excel,4.5
1844,Human Resources,Human Resources,Microsoft Office,4.5
1844,Human Resources,Human Resources,Speaking,4.12
1844,Human Resources,Human Resources,Reading Comprehension,4.0
1844,Human Resources,Human Resources,Oracle HRIS,4.0
1844,Human Resources,Human Resources,Active Listening,4.0
1844,Human Resources,Human Resources,Critical Thinking,3.88
1844,Human Resources,Human Resources,Adobe Acrobat,3.5
1844,Human Resources,Human Resources,Cisco Webex,3.5
1844,Human Resources,Human Resources,Adobe Photoshop,3.5
1844,Human Resources,Human Resources,Active Learning,3.25
1844,Human Resources,Human Resources,Monitoring,3.0
1844,Human Resources,Human Resources,Learning Strategies,3.0
1845,Sales,Sales Executive,Microsoft PowerPoint,4.5
1845,Sales,Sales Executive,Microsoft Excel,4.5
1845,Sales,Sales Executive,Speaking,4.0
1845,Sales,Sales Executive,Adobe Creative Cloud,3.5
1845,Sales,Sales Executive,Adobe InDesign,3.5
1845,Sales,Sales Executive,Adobe Acrobat,3.5
1845,Sales,Sales Executive,Adobe Illustrator,3.5
1845,Sales,Sales Executive,Writing,3.25
1845,Sales,Sales Executive,Monitoring,3.12
1845,Sales,Sales Executive,Active Learning,3.12
1845,Sales,Sales Executive,Mathematics,2.25
1847,Research & Development,Research Scientist,Microsoft Office,4.5
1847,Research & Development,Research Scientist,Speaking,4.12
1847,Research & Development,Research Scientist,Critical Thinking,4.0
1847,Research & Development,Research Scientist,Reading Comprehension,4.0
1847,Research & Development,Research Scientist,Active Listening,4.0
1847,Research & Development,Research Scientist,Mathematics,3.62
1847,Research & Development,Research Scientist,IBM SPSS Statistics,3.5
1847,Research & Development,Research Scientist,Microsoft Project,3.5
1847,Research & Development,Research Scientist,Python,3.5
1847,Research & Development,Research Scientist,Adobe Photoshop,3.5
1849,Sales,Sales Executive,Microsoft Excel,4.5
1849,Sales,Sales Executive,Salesforce,4.5
1849,Sales,Sales Executive,Microsoft Outlook,4.5
1849,Sales,Sales Executive,Adobe InDesign,3.5
1849,Sales,Sales Executive,Adobe Illustrator,3.5
1849,Sales,Sales Executive,Writing,3.25
1849,Sales,Sales Executive,Monitoring,3.12
1849,Sales,Sales Executive,Mathematics,2.25
1850,Research & Development,Laboratory Technician,Microsoft Excel,4.5
1850,Research & Development,Laboratory Technician,Microsoft Office,4.5
1850,Research & Development,Laboratory Technician,Reading Comprehension,3.75
1850,Research & Development,Laboratory Technician,Active Listening,3.62
1850,Research & Development,Laboratory Technician,SAP,3.5
1850,Research & Development,Laboratory Technician,Microsoft PowerPoint,3.5
1850,Research & Development,Laboratory Technician,Speaking,3.12
1850,Research & Development,Laboratory Technician,Electronic Medical Record (EMR),3.0
1850,Research & Development,Laboratory Technician,Science,3.0
1850,Research & Development,Laboratory Technician,Email,3.0
1850,Research & Development,Laboratory Technician,Writing,3.0
1852,Research & Development,Laboratory Technician,Microsoft Excel,4.5
1852,Research & Development,Laboratory Technician,Microsoft Office,4.5
1852,Research & Development,Laboratory Technician,Active Listening,3.62
1852,Research & Development,Laboratory Technician,SAP,3.5
1852,Research & Development,Laboratory Technician,Microsoft Word,3.5
1852,Research & Development,Laboratory Technician,Google Docs,3.5
1852,Research & Development,Laboratory Technician,Microsoft Outlook,3.5
1852,Research & Development,Laboratory Technician,Critical Thinking,3.25
1852,Research & Development,Laboratory Technician,Speaking,3.12
1852,Research & Development,Laboratory Technician,Monitoring,3.0
1852,Research & Development,Laboratory Technician,Active Learning,3.0
1852,Research & Development,Laboratory Technician,Writing,3.0
1853,Sales,Sales Executive,Microsoft PowerPoint,4.5
1853,Sales,Sales Executive,Microsoft Excel,4.5
1853,Sales,Sales Executive,Salesforce,4.5
1853,Sales,Sales Executive,Microsoft Outlook,4.5
1853,Sales,Sales Executive,Active Listening,4.0
1853,Sales,Sales Executive,Adobe Creative Cloud,3.5
1853,Sales,Sales Executive,Adobe InDesign,3.5
1853,Sales,Sales Executive,Adobe Illustrator,3.5
1853,Sales,Sales Executive,Monitoring,3.12
1853,Sales,Sales Executive,Mathematics,2.25
1854,Research & Development,Research Scientist,Microsoft Excel,4.5
1854,Research & Development,Research Scientist,R,4.5
1854,Research & Development,Research Scientist,Writing,4.25
1854,Research & Development,Research Scientist,Active Learning,4.12
1854,Research & Development,Research Scientist,Active Listening,4.0
1854,Research & Development,Research Scientist,Mathematics,3.62
1854,Research & Development,Research Scientist,MATLAB,3.5
1854,Research & Development,Research Scientist,SAS,3.5
1854,Research & Development,Research Scientist,Python,3.5
1854,Research & Development,Research Scientist,Adobe Photoshop,3.5
1856,Research & Development,Laboratory Technician,Microsoft Excel,4.5
1856,Research & Development,Laboratory Technician,Microsoft Office,4.5
1856,Research & Development,Laboratory Technician,SAP,3.5
1856,Research & Development,Laboratory Technician,Microsoft Word,3.5
1856,Research & Development,Laboratory Technician,MEDITECH,3.5
1856,Research & Development,Laboratory Technician,Speaking,3.12
1856,Research & Development,Laboratory Technician,Monitoring,3.0
1856,Research & Development,Laboratory Technician,Email,3.0
1856,Research & Development,Laboratory Technician,Active Learning,3.0
1857,Research & Development,Manufacturing Director,SAP,4.5
1857,Research & Development,Manufacturing Director,Microsoft Office,4.5
1857,Research & Development,Manufacturing Director,Microsoft Outlook,4.5
1857,Research & Development,Manufacturing Director,Monitoring,4.0
1857,Research & Development,Manufacturing Director,Active Listening,3.88
1857,Research & Development,Manufacturing Director,Learning Strategies,3.75
1857,Research & Development,Manufacturing Director,Active Learning,3.62
1857,Research & Development,Manufacturing Director,Adobe Photoshop,3.5
1857,Research & Development,Manufacturing Director,Writing,3.38
1858,Human Resources,Human Resources,Microsoft PowerPoint,4.5
1858,Human Resources,Human Resources,Microsoft Excel,4.5
1858,Human Resources,Human Resources,Microsoft Office,4.5
1858,Human Resources,Human Resources,Microsoft Outlook,4.5
1858,Human Resources,Human Resources,Speaking,4.12
1858,Human Resources,Human Resources,Applicant Tracking System (ATS),4.0
1858,Human Resources,Human Resources,Oracle HRIS,4.0
1858,Human Resources,Human Resources,Writing,3.88
1858,Human Resources,Human Resources,Critical Thinking,3.88
1858,Human Resources,Human Resources,Active Learning,3.25
1858,Human Resources,Human Resources,Monitoring,3.0
1858,Human Resources,Human Resources,Learning Strategies,3.0
1859,Research & Development,Healthcare Representative,Microsoft Excel,4.5
1859,Research & Development,Healthcare Representative,Microsoft Office,4.5
1859,Research & Development,Healthcare Representative,Speaking,4.25
1859,Research & Development,Healthcare Representative,Active Listening,4.12
1859,Research & Development,Healthcare Representative,Reading Comprehension,3.75
1859,Research & Development,Healthcare Representative,Amazon Web Services (AWS),3.5
1859,Research & Development,Healthcare Representative,Google Workspace,3.5
1859,Research & Development,Healthcare Representative,Linux,3.5
1859,Research & Development,Healthcare Representative,Apache Hadoop,3.5
1859,Research & Development,Healthcare Representative,Active Learning,3.5
1859,Research & Development,Healthcare Representative,Microsoft Access,3.5
1859,Research & Development,Healthcare Representative,Critical Thinking,3.38
1859,Research & Development,Healthcare Representative,Writing,3.38
1859,Research & Development,Healthcare Representative,Monitoring,3.12
1860,Research & Development,Laboratory Technician,Microsoft Excel,4.5
1860,Research & Development,Laboratory Technician,Reading Comprehension,3.75
1860,Research & Development,Laboratory Technician,SAP,3.5
1860,Research & Development,Laboratory Technician,Microsoft Word,3.5
1860,Research & Development,Laboratory Technician,MEDITECH,3.5
1860,Research & Development,Laboratory Technician,Google Docs,3.5
1860,Research & Development,Laboratory Technician,Microsoft Outlook,3.5
1860,Research & Development,Laboratory Technician,Speaking,3.12
1860,Research & Development,Laboratory Technician,Email,3.0
1860,Research & Development,Laboratory Technician,Writing,3.0
1862,Sales,Sales Executive,Microsoft Office,4.5
1862,Sales,Sales Executive,Salesforce,4.5
1862,Sales,Sales Executive,Adobe Creative Cloud,3.5
1862,Sales,Sales Executive,Critical Thinking,3.5
1862,Sales,Sales Executive,Adobe Acrobat,3.5
1862,Sales,Sales Executive,Adobe Illustrator,3.5
1862,Sales,Sales Executive,Adobe Photoshop,3.5
1862,Sales,Sales Executive,Writing,3.25
1862,Sales,Sales Executive,Monitoring,3.12
1863,Sales,Sales Executive,Adobe InDesign,3.5
1863,Sales,Sales Executive,Adobe Illustrator,3.5
1863,Sales,Sales Executive,Adobe Creative Cloud,3.5
1863,Sales,Sales Executive,Mathematics,2.25
1864,Sales,Sales Representative,Speaking,3.88
1864,Sales,Sales Representative,Active Listening,3.88
1864,Sales,Sales Representative,Reading Comprehension,3.62
1864,Sales,Sales Representative,Microsoft Project,3.5
1864,Sales,Sales Representative,IBM SPSS Statistics,3.5
1864,Sales,Sales Representative,Microsoft PowerPoint,3.5
1864,Sales,Sales Representative,Apple macOS,3.5
1864,Sales,Sales Representative,Microsoft Word,3.5
1864,Sales,Sales Representative,Microsoft Outlook,3.5
1864,Sales,Sales Representative,Critical Thinking,3.38
1864,Sales,Sales Representative,Active Learning,3.38
1864,Sales,Sales Representative,Monitoring,3.12
1864,Sales,Sales Representative,Mathematics,2.62
1865,Human Resources,Human Resources,Microsoft PowerPoint,4.5
1865,Human Resources,Human Resources,Microsoft Excel,4.5
1865,Human Resources,Human Resources,Workday,4.5
1865,Human Resources,Human Resources,Microsoft Outlook,4.5
1865,Human Resources,Human Resources,Microsoft Office,4.5
1865,Human Resources,Human Resources,Speaking,4.12
1865,Human Resources,Human Resources,Oracle HRIS,4.0
1865,Human Resources,Human Resources,Active Listening,4.0
1865,Human Resources,Human Resources,Applicant Tracking System (ATS),4.0
1865,Human Resources,Human Resources,Reading Comprehension,4.0
1865,Human Resources,Human Resources,Writing,3.88
1865,Human Resources,Human Resources,Adobe Acrobat,3.5
1865,Human Resources,Human Resources,Adobe Photoshop,3.5
1865,Human Resources,Human Resources,Active Learning,3.25
1865,Human Resources,Human Resources,Learning Strategies,3.0
1866,Research & Development,Manager,Microsoft Excel,4.5
1866,Research & Development,Manager,Atlassian JIRA,3.5
1866,Research & Development,Manager,Atlassian Confluence,3.5
1866,Research & Development,Manager,Adobe Acrobat,3.5
1866,Research & Development,Manager,Writing,3.5
1866,Research & Development,Manager,Adobe Photoshop,3.5
1866,Research & Development,Manager,Autodesk AutoCAD,3.5
1866,Research & Development,Manager,Learning Strategies,3.0
1867,Research & Development,Research Director,Monitoring,4.0
1867,Research & Development,Research Director,Writing,3.88
1867,Research & Development,Research Director,IBM SPSS Statistics,3.5
1867,Research & Development,Research Director,Active Learning,3.5
1867,Research & Development,Research Director,ESRI ArcGIS,3.5
1867,Research & Development,Research Director,Adobe Acrobat,3.5
1867,Research & Development,Research Director,Microsoft Access,3.5
1867,Research & Development,Research Director,Microsoft Project,3.5
1868,Research & Development,Research Scientist,R,4.5
1868,Research & Development,Research Scientist,Writing,4.25
1868,Research & Development,Research Scientist,Science,4.12
1868,Research & Development,Research Scientist,Reading Comprehension,4.0
1868,Research & Development,Research Scientist,IBM SPSS Statistics,3.5
1868,Research & Development,Research Scientist,ESRI ArcGIS,3.5
1868,Research & Development,Research Scientist,Python,3.5
1868,Research & Development,Research Scientist,Adobe Photoshop,3.5
1868,Research & Development,Research Scientist,Microsoft Project,3.5
1869,Sales,Sales Executive,Microsoft Excel,4.5
1869,Sales,Sales Executive,Microsoft Outlook,4.5
1869,Sales,Sales Executive,Active Listening,4.0
1869,Sales,Sales Executive,Adobe InDesign,3.5
1869,Sales,Sales Executive,Critical Thinking,3.5
1869,Sales,Sales Executive,Adobe Photoshop,3.5
1869,Sales,Sales Executive,Mathematics,2.25
1870,Research & Development,Research Scientist,R,4.5
1870,Research & Development,Research Scientist,Writing,4.25
1870,Research & Development,Research Scientist,Science,4.12
1870,Research & Development,Research Scientist,Speaking,4.12
1870,Research & Development,Research Scientist,Active Learning,4.12
1870,Research & Development,Research Scientist,Critical Thinking,4.0
1870,Research & Development,Research Scientist,Reading Comprehension,4.0
1870,Research & Development,Research Scientist,Active Listening,4.0
1870,Research & Development,Research Scientist,Mathematics,3.62
1870,Research & Development,Research Scientist,MATLAB,3.5
1870,Research & Development,Research Scientist,SAS,3.5
1870,Research & Development,Research Scientist,Python,3.5
1871,Research & Development,Research Scientist,Microsoft Excel,4.5
1871,Research & Development,Research Scientist,R,4.5
1871,Research & Development,Research Scientist,Microsoft Office,4.5
1871,Research & Development,Research Scientist,Science,4.12
1871,Research & Development,Research Scientist,Speaking,4.12
1871,Research & Development,Research Scientist,Critical Thinking,4.0
1871,Research & Development,Research Scientist,Reading Comprehension,4.0
1871,Research & Development,Research Scientist,Active Listening,4.0
1871,Research & Development,Research Scientist,MATLAB,3.5
1871,Research & Development,Research Scientist,Microsoft Project,3.5
1871,Research & Development,Research Scientist,IBM SPSS Statistics,3.5
1871,Research & Development,Research Scientist,Python,3.5
1873,Research & Development,Research Scientist,Microsoft Excel,4.5
1873,Research & Development,Research Scientist,R,4.5
1873,Research & Development,Research Scientist,Microsoft Office,4.5
1873,Research & Development,Research Scientist,Writing,4.25
1873,Research & Development,Research Scientist,Science,4.12
1873,Research & Development,Research Scientist,Active Learning,4.12
1873,Research & Development,Research Scientist,Critical Thinking,4.0
1873,Research & Development,Research Scientist,Reading Comprehension,4.0
1873,Research & Development,Research Scientist,Mathematics,3.62
1875,Sales,Sales Representative,Microsoft Excel,4.5
1875,Sales,Sales Representative,Microsoft Office,4.5
1875,Sales,Sales Representative,Salesforce,4.5
1875,Sales,Sales Representative,Speaking,3.88
1875,Sales,Sales Representative,Active Listening,3.88
1875,Sales,Sales Representative,Microsoft Project,3.5
1875,Sales,Sales Representative,Microsoft PowerPoint,3.5
1875,Sales,Sales Representative,Apple macOS,3.5
1875,Sales,Sales Representative,HubSpot,3.5
1875,Sales,Sales Representative,Microsoft Outlook,3.5
1875,Sales,Sales Representative,Active Learning,3.38
1875,Sales,Sales Representative,Monitoring,3.12
1875,Sales,Sales Representative,Mathematics,2.62
1876,Sales,Sales Representative,Microsoft Office,4.5
1876,Sales,Sales Representative,Speaking,3.88
1876,Sales,Sales Representative,IBM SPSS Statistics,3.5
1876,Sales,Sales Representative,Microsoft PowerPoint,3.5
1876,Sales,Sales Representative,Microsoft Word,3.5
1876,Sales,Sales Representative,Microsoft Outlook,3.5
1876,Sales,Sales Representative,Microsoft Project,3.5
1876,Sales,Sales Representative,Critical Thinking,3.38
1876,Sales,Sales Representative,Active Learning,3.38
1876,Sales,Sales Representative,Writing,3.38
1876,Sales,Sales Representative,Monitoring,3.12
1878,Research & Development,Research Scientist,R,4.5
1878,Research & Development,Research Scientist,Microsoft Office,4.5
1878,Research & Development,Research Scientist,Writing,4.25
1878,Research & Development,Research Scientist,Science,4.12
1878,Research & Development,Research Scientist,Speaking,4.12
1878,Research & Development,Research Scientist,Critical Thinking,4.0
1878,Research & Development,Research Scientist,Reading Comprehension,4.0
1878,Research & Development,Research Scientist,Active Listening,4.0
1878,Research & Development,Research Scientist,Mathematics,3.62
1878,Research & Development,Research Scientist,IBM SPSS Statistics,3.5
1878,Research & Development,Research Scientist,Microsoft Project,3.5
1878,Research & Development,Research Scientist,ESRI ArcGIS,3.5
1878,Research & Development,Research Scientist,SAS,3.5
1878,Research & Development,Research Scientist,Python,3.5
1878,Research & Development,Research Scientist,Adobe Photoshop,3.5
1880,Sales,Sales Executive,Microsoft PowerPoint,4.5
1880,Sales,Sales Executive,Microsoft Office,4.5
1880,Sales,Sales Executive,Microsoft Outlook,4.5
1880,Sales,Sales Executive,Adobe Illustrator,3.5
1880,Sales,Sales Executive,Reading Comprehension,3.38
1880,Sales,Sales Executive,Monitoring,3.12
1880,Sales,Sales Executive,Active Learning,3.12
1881,Research & Development,Laboratory Technician,Microsoft Excel,4.5
1881,Research & Development,Laboratory Technician,Microsoft PowerPoint,3.5
1881,Research & Development,Laboratory Technician,Microsoft Word,3.5
1881,Research & Development,Laboratory Technician,MEDITECH,3.5
1881,Research & Development,Laboratory Technician,Monitoring,3.0
1881,Research & Development,Laboratory Technician,Electronic Medical Record (EMR),3.0
1881,Research & Development,Laboratory Technician,Active Learning,3.0
1881,Research & Development,Laboratory Technician,Writing,3.0
1882,Sales,Sales Executive,Microsoft PowerPoint,4.5
1882,Sales,Sales Executive,Salesforce,4.5
1882,Sales,Sales Executive,Microsoft Outlook,4.5
1882,Sales,Sales Executive,Microsoft Office,4.5
1882,Sales,Sales Executive,Active Listening,4.0
1882,Sales,Sales Executive,Speaking,4.0
1882,Sales,Sales Executive,Adobe InDesign,3.5
1882,Sales,Sales Executive,Critical Thinking,3.5
1882,Sales,Sales Executive,Adobe Acrobat,3.5
1882,Sales,Sales Executive,Adobe Illustrator,3.5
1882,Sales,Sales Executive,Adobe Creative Cloud,3.5
1882,Sales,Sales Executive,Reading Comprehension,3.38
1882,Sales,Sales Executive,Writing,3.25
1882,Sales,Sales Executive,Monitoring,3.12
1882,Sales,Sales Executive,Active Learning,3.12
1883,Research & Development,Laboratory Technician,Microsoft Excel,4.5
1883,Research & Development,Laboratory Technician,Reading Comprehension,3.75
1883,Research & Development,Laboratory Technician,Active Listening,3.62
1883,Research & Development,Laboratory Technician,Microsoft PowerPoint,3.5
1883,Research & Development,Laboratory Technician,Microsoft Word,3.5
1883,Research & Development,Laboratory Technician,Google Docs,3.5
1883,Research & Development,Laboratory Technician,Microsoft Outlook,3.5
1883,Research & Development,Laboratory Technician,Critical Thinking,3.25
1883,Research & Development,Laboratory Technician,Speaking,3.12
1883,Research & Development,Laboratory Technician,Electronic Medical Record (EMR),3.0
1883,Research & Development,Laboratory Technician,Science,3.0
1883,Research & Development,Laboratory Technician,Active Learning,3.0
1883,Research & Development,Laboratory Technician,Writing,3.0
1885,Research & Development,Research Scientist,Microsoft Excel,4.5
1885,Research & Development,Research Scientist,Science,4.12
1885,Research & Development,Research Scientist,Speaking,4.12
1885,Research & Development,Research Scientist,Active Learning,4.12
1885,Research & Development,Research Scientist,Critical Thinking,4.0
1885,Research & Development,Research Scientist,Reading Comprehension,4.0
1885,Research & Development,Research Scientist,Active Listening,4.0
1885,Research & Development,Research Scientist,Mathematics,3.62
1885,Research & Development,Research Scientist,Microsoft Project,3.5
1885,Research & Development,Research Scientist,IBM SPSS Statistics,3.5
1885,Research & Development,Research Scientist,SAS,3.5
1885,Research & Development,Research Scientist,Python,3.5
1886,Research & Development,Manufacturing Director,SAP,4.5
1886,Research & Development,Manufacturing Director,Microsoft PowerPoint,4.5
1886,Research & Development,Manufacturing Director,Microsoft Excel,4.5
1886,Research & Development,Manufacturing Director,Monitoring,4.0
1886,Research & Development,Manufacturing Director,Critical Thinking,4.0
1886,Research & Development,Manufacturing Director,Speaking,4.0
1886,Research & Development,Manufacturing Director,Reading Comprehension,3.88
1886,Research & Development,Manufacturing Director,Active Listening,3.88
1886,Research & Development,Manufacturing Director,Active Learning,3.62
1886,Research & Development,Manufacturing Director,Adobe Acrobat,3.5
1886,Research & Development,Manufacturing Director,Adobe Photoshop,3.5
1886,Research & Development,Manufacturing Director,Autodesk AutoCAD,3.5
1886,Research & Development,Manufacturing Director,Writing,3.38
1888,Research & Development,Manufacturing Director,SAP,4.5
1888,Research & Development,Manufacturing Director,Microsoft PowerPoint,4.5
1888,Research & Development,Manufacturing Director,Microsoft Excel,4.5
1888,Research & Development,Manufacturing Director,Microsoft Office,4.5
1888,Research & Development,Manufacturing Director,Monitoring,4.0
1888,Research & Development,Manufacturing Director,Critical Thinking,4.0
1888,Research & Development,Manufacturing Director,Active Listening,3.88
1888,Research & Development,Manufacturing Director,Adobe InDesign,3.5
1888,Research & Development,Manufacturing Director,Adobe Acrobat,3.5
1888,Research & Development,Manufacturing Director,Adobe Photoshop,3.5
1890,Human Resources,Human Resources,Microsoft PowerPoint,4.5
1890,Human Resources,Human Resources,Microsoft Office,4.5
1890,Human Resources,Human Resources,Microsoft Outlook,4.5
1890,Human Resources,Human Resources,Applicant Tracking System (ATS),4.0
1890,Human Resources,Human Resources,Reading Comprehension,4.0
1890,Human Resources,Human Resources,Oracle HRIS,4.0
1890,Human Resources,Human Resources,Active Listening,4.0
1890,Human Resources,Human Resources,Writing,3.88
1890,Human Resources,Human Resources,Monitoring,3.0
1890,Human Resources,Human Resources,Learning Strategies,3.0
1892,Research & Development,Manager,Microsoft Excel,4.5
1892,Research & Development,Manager,Microsoft Office,4.5
1892,Research & Development,Manager,Active Listening,4.0
1892,Research & Development,Manager,Active Learning,3.62
1892,Research & Development,Manager,Atlassian Confluence,3.5
1892,Research & Development,Manager,Google Analytics,3.5
1892,Research & Development,Manager,Adobe Acrobat,3.5
1892,Research & Development,Manager,Learning Strategies,3.0
1893,Research & Development,Research Scientist,Microsoft Excel,4.5
1893,Research & Development,Research Scientist,R,4.5
1893,Research & Development,Research Scientist,Microsoft Office,4.5
1893,Research & Development,Research Scientist,Writing,4.25
1893,Research & Development,Research Scientist,Active Learning,4.12
1893,Research & Development,Research Scientist,Critical Thinking,4.0
1893,Research & Development,Research Scientist,Active Listening,4.0
1893,Research & Development,Research Scientist,Reading Comprehension,4.0
1893,Research & Development,Research Scientist,Mathematics,3.62
1893,Research & Development,Research Scientist,SAS,3.5
1893,Research & Development,Research Scientist,Python,3.5
1893,Research & Development,Research Scientist,Adobe Photoshop,3.5
1893,Research & Development,Research Scientist,MATLAB,3.5
1893,Research & Development,Research Scientist,IBM SPSS Statistics,3.5
1893,Research & Development,Research Scientist,ESRI ArcGIS,3.5
1898,Sales,Sales Executive,Microsoft PowerPoint,4.5
1898,Sales,Sales Executive,Salesforce,4.5
1898,Sales,Sales Executive,Microsoft Outlook,4.5
1898,Sales,Sales Executive,Speaking,4.0
1898,Sales,Sales Executive,Adobe Creative Cloud,3.5
1898,Sales,Sales Executive,Adobe Acrobat,3.5
1898,Sales,Sales Executive,Adobe Photoshop,3.5
1898,Sales,Sales Executive,Adobe Illustrator,3.5
1898,Sales,Sales Executive,Reading Comprehension,3.38
1898,Sales,Sales Executive,Mathematics,2.25
1900,Research & Development,Manager,Active Listening,4.0
1900,Research & Development,Manager,Critical Thinking,3.88
1900,Research & Development,Manager,Atlassian JIRA,3.5
1900,Research & Development,Manager,Atlassian Confluence,3.5
1900,Research & Development,Manager,Adobe Acrobat,3.5
1900,Research & Development,Manager,Learning Strategies,3.0
1903,Research & Development,Healthcare Representative,Salesforce,4.5
1903,Research & Development,Healthcare Representative,Speaking,4.25
1903,Research & Development,Healthcare Representative,Reading Comprehension,3.75
1903,Research & Development,Healthcare Representative,Microsoft Azure,3.5
1903,Research & Development,Healthcare Representative,Active Learning,3.5
1903,Research & Development,Healthcare Representative,Microsoft Access,3.5
1903,Research & Development,Healthcare Representative,Amazon Web Services (AWS),3.5
1903,Research & Development,Healthcare Representative,Critical Thinking,3.38
1903,Research & Development,Healthcare Representative,Writing,3.38
1903,Research & Development,Healthcare Representative,Mathematics,2.88
1905,Research & Development,Research Scientist,Microsoft Excel,4.5
1905,Research & Development,Research Scientist,R,4.5
1905,Research & Development,Research Scientist,Writing,4.25
1905,Research & Development,Research Scientist,Speaking,4.12
1905,Research & Development,Research Scientist,Active Learning,4.12
1905,Research & Development,Research Scientist,Critical Thinking,4.0
1905,Research & Development,Research Scientist,Reading Comprehension,4.0
1905,Research & Development,Research Scientist,MATLAB,3.5
1905,Research & Development,Research Scientist,SAS,3.5
1905,Research & Development,Research Scientist,Python,3.5
1905,Research & Development,Research Scientist,Adobe Photoshop,3.5
1907,Research & Development,Laboratory Technician,Reading Comprehension,3.75
1907,Research & Development,Laboratory Technician,Active Listening,3.62
1907,Research & Development,Laboratory Technician,SAP,3.5
1907,Research & Development,Laboratory Technician,Microsoft PowerPoint,3.5
1907,Research & Development,Laboratory Technician,MEDITECH,3.5
1907,Research & Development,Laboratory Technician,Google Docs,3.5
1907,Research & Development,Laboratory Technician,Microsoft Outlook,3.5
1907,Research & Development,Laboratory Technician,Critical Thinking,3.25
1907,Research & Development,Laboratory Technician,Speaking,3.12
1907,Research & Development,Laboratory Technician,Monitoring,3.0
1907,Research & Development,Laboratory Technician,Electronic Medical Record (EMR),3.0
1907,Research & Development,Laboratory Technician,Science,3.0
1907,Research & Development,Laboratory Technician,Email,3.0
1907,Research & Development,Laboratory Technician,Active Learning,3.0
1908,Sales,Sales Executive,Microsoft PowerPoint,4.5
1908,Sales,Sales Executive,Microsoft Excel,4.5
1908,Sales,Sales Executive,Microsoft Office,4.5
1908,Sales,Sales Executive,Microsoft Outlook,4.5
1908,Sales,Sales Executive,Active Listening,4.0
1908,Sales,Sales Executive,Adobe InDesign,3.5
1908,Sales,Sales Executive,Critical Thinking,3.5
1908,Sales,Sales Executive,Adobe Acrobat,3.5
1908,Sales,Sales Executive,Adobe Photoshop,3.5
1908,Sales,Sales Executive,Adobe Illustrator,3.5
1908,Sales,Sales Executive,Reading Comprehension,3.38
1908,Sales,Sales Executive,Writing,3.25
1908,Sales,Sales Executive,Monitoring,3.12
1908,Sales,Sales Executive,Active Learning,3.12
1908,Sales,Sales Executive,Mathematics,2.25
1909,Sales,Sales Executive,Microsoft PowerPoint,4.5
1909,Sales,Sales Executive,Microsoft Excel,4.5
1909,Sales,Sales Executive,Salesforce,4.5
1909,Sales,Sales Executive,Active Listening,4.0
1909,Sales,Sales Executive,Adobe InDesign,3.5
1909,Sales,Sales Executive,Adobe Photoshop,3.5
1909,Sales,Sales Executive,Writing,3.25
1909,Sales,Sales Executive,Monitoring,3.12
1909,Sales,Sales Executive,Active Learning,3.12
1909,Sales,Sales Executive,Mathematics,2.25
1911,Research & Development,Research Director,Microsoft PowerPoint,4.5
1911,Research & Development,Research Director,Microsoft Excel,4.5
1911,Research & Development,Research Director,Science,4.12
1911,Research & Development,Research Director,Monitoring,4.0
1911,Research & Development,Research Director,Active Listening,4.0
1911,Research & Development,Research Director,Microsoft Project,3.5
1911,Research & Development,Research Director,IBM SPSS Statistics,3.5
1911,Research & Development,Research Director,ESRI ArcGIS,3.5
1911,Research & Development,Research Director,Microsoft Visio,3.5
1911,Research & Development,Research Director,Active Learning,3.5
1912,Sales,Sales Executive,Microsoft Excel,4.5
1912,Sales,Sales Executive,Microsoft Office,4.5
1912,Sales,Sales Executive,Salesforce,4.5
1912,Sales,Sales Executive,Microsoft Outlook,4.5
1912,Sales,Sales Executive,Active Listening,4.0
1912,Sales,Sales Executive,Adobe Creative Cloud,3.5
1912,Sales,Sales Executive,Adobe InDesign,3.5
1912,Sales,Sales Executive,Critical Thinking,3.5
1912,Sales,Sales Executive,Adobe Acrobat,3.5
1912,Sales,Sales Executive,Adobe Photoshop,3.5
1912,Sales,Sales Executive,Adobe Illustrator,3.5
1912,Sales,Sales Executive,Reading Comprehension,3.38
1912,Sales,Sales Executive,Monitoring,3.12
1912,Sales,Sales Executive,Active Learning,3.12
1912,Sales,Sales Executive,Mathematics,2.25
1915,Sales,Sales Executive,Microsoft PowerPoint,4.5
1915,Sales,Sales Executive,Microsoft Excel,4.5
1915,Sales,Sales Executive,Microsoft Office,4.5
1915,Sales,Sales Executive,Salesforce,4.5
1915,Sales,Sales Executive,Microsoft Outlook,4.5
1915,Sales,Sales Executive,Active Listening,4.0
1915,Sales,Sales Executive,Speaking,4.0
1915,Sales,Sales Executive,Adobe Creative Cloud,3.5
1915,Sales,Sales Executive,Adobe InDesign,3.5
1915,Sales,Sales Executive,Critical Thinking,3.5
1915,Sales,Sales Executive,Adobe Acrobat,3.5
1915,Sales,Sales Executive,Adobe Illustrator,3.5
1915,Sales,Sales Executive,Reading Comprehension,3.38
1915,Sales,Sales Executive,Writing,3.25
1915,Sales,Sales Executive,Monitoring,3.12
1916,Research & Development,Laboratory Technician,Microsoft Excel,4.5
1916,Research & Development,Laboratory Technician,Reading Comprehension,3.75
1916,Research & Development,Laboratory Technician,Active Listening,3.62
1916,Research & Development,Laboratory Technician,SAP,3.5
1916,Research & Development,Laboratory Technician,Microsoft PowerPoint,3.5
1916,Research & Development,Laboratory Technician,Microsoft Word,3.5
1916,Research & Development,Laboratory Technician,Google Docs,3.5
1916,Research & Development,Laboratory Technician,Critical Thinking,3.25
1916,Research & Development,Laboratory Technician,Speaking,3.12
1916,Research & Development,Laboratory Technician,Electronic Medical Record (EMR),3.0
1918,Research & Development,Laboratory Technician,Microsoft Excel,4.5
1918,Research & Development,Laboratory Technician,Microsoft Office,4.5
1918,Research & Development,Laboratory Technician,Active Listening,3.62
1918,Research & Development,Laboratory Technician,Microsoft PowerPoint,3.5
1918,Research & Development,Laboratory Technician,Microsoft Word,3.5
1918,Research & Development,Laboratory Technician,MEDITECH,3.5
1918,Research & Development,Laboratory Technician,Google Docs,3.5
1918,Research & Development,Laboratory Technician,Microsoft Outlook,3.5
1918,Research & Development,Laboratory Technician,Electronic Medical Record (EMR),3.0
1918,Research & Development,Laboratory Technician,Email,3.0
1918,Research & Development,Laboratory Technician,Active Learning,3.0
1922,Research & Development,Healthcare Representative,Microsoft Excel,4.5
1922,Research & Development,Healthcare Representative,Microsoft Office,4.5
1922,Research & Development,Healthcare Representative,Salesforce,4.5
1922,Research & Development,Healthcare Representative,Reading Comprehension,3.75
1922,Research & Development,Healthcare Representative,Google Workspace,3.5
1922,Research & Development,Healthcare Representative,Apache Hadoop,3.5
1922,Research & Development,Healthcare Representative,Microsoft Access,3.5
1922,Research & Development,Healthcare Representative,Critical Thinking,3.38
1922,Research & Development,Healthcare Representative,Mathematics,2.88
1924,Sales,Sales Executive,Microsoft PowerPoint,4.5
1924,Sales,Sales Executive,Microsoft Office,4.5
1924,Sales,Sales Executive,Microsoft Outlook,4.5
1924,Sales,Sales Executive,Adobe Creative Cloud,3.5
1924,Sales,Sales Executive,Critical Thinking,3.5
1924,Sales,Sales Executive,Adobe Acrobat,3.5
1924,Sales,Sales Executive,Adobe Photoshop,3.5
1924,Sales,Sales Executive,Adobe Illustrator,3.5
1924,Sales,Sales Executive,Reading Comprehension,3.38
1924,Sales,Sales Executive,Monitoring,3.12
1924,Sales,Sales Executive,Active Learning,3.12
1927,Sales,Sales Executive,Microsoft PowerPoint,4.5
1927,Sales,Sales Executive,Microsoft Office,4.5
1927,Sales,Sales Executive,Salesforce,4.5
1927,Sales,Sales Executive,Speaking,4.0
1927,Sales,Sales Executive,Adobe InDesign,3.5
1927,Sales,Sales Executive,Adobe Acrobat,3.5
1927,Sales,Sales Executive,Adobe Photoshop,3.5
1927,Sales,Sales Executive,Writing,3.25
1927,Sales,Sales Executive,Active Learning,3.12
1927,Sales,Sales Executive,Mathematics,2.25
1928,Sales,Sales Representative,Speaking,3.88
1928,Sales,Sales Representative,Active Listening,3.88
1928,Sales,Sales Representative,Reading Comprehension,3.62
1928,Sales,Sales Representative,Microsoft Project,3.5
1928,Sales,Sales Representative,IBM SPSS Statistics,3.5
1928,Sales,Sales Representative,Apple macOS,3.5
1928,Sales,Sales Representative,HubSpot,3.5
1928,Sales,Sales Representative,Active Learning,3.38
1928,Sales,Sales Representative,Writing,3.38
1928,Sales,Sales Representative,Mathematics,2.62
1929,Sales,Sales Executive,Microsoft PowerPoint,4.5
1929,Sales,Sales Executive,Microsoft Outlook,4.5
1929,Sales,Sales Executive,Speaking,4.0
1929,Sales,Sales Executive,Active Listening,4.0
1929,Sales,Sales Executive,Adobe Creative Cloud,3.5
1929,Sales,Sales Executive,Adobe InDesign,3.5
1929,Sales,Sales Executive,Critical Thinking,3.5
1929,Sales,Sales Executive,Adobe Acrobat,3.5
1929,Sales,Sales Executive,Writing,3.25
1929,Sales,Sales Executive,Active Learning,3.12
1929,Sales,Sales Executive,Mathematics,2.25
1931,Research & Development,Research Scientist,Microsoft Excel,4.5
1931,Research & Development,Research Scientist,Science,4.12
1931,Research & Development,Research Scientist,Critical Thinking,4.0
1931,Research & Development,Research Scientist,Active Listening,4.0
1931,Research & Development,Research Scientist,Mathematics,3.62
1931,Research & Development,Research Scientist,IBM SPSS Statistics,3.5
1931,Research & Development,Research Scientist,SAS,3.5
1931,Research & Development,Research Scientist,Python,3.5
1931,Research & Development,Research Scientist,Adobe Photoshop,3.5
1932,Research & Development,Research Scientist,Microsoft Excel,4.5
1932,Research & Development,Research Scientist,Microsoft Office,4.5
1932,Research & Development,Research Scientist,Science,4.12
1932,Research & Development,Research Scientist,Speaking,4.12
1932,Research & Development,Research Scientist,Active Learning,4.12
1932,Research & Development,Research Scientist,Critical Thinking,4.0
1932,Research & Development,Research Scientist,Reading Comprehension,4.0
1932,Research & Development,Research Scientist,Mathematics,3.62
1932,Research & Development,Research Scientist,IBM SPSS Statistics,3.5
1932,Research & Development,Research Scientist,ESRI ArcGIS,3.5
1932,Research & Development,Research Scientist,SAS,3.5
1932,Research & Development,Research Scientist,Python,3.5
1932,Research & Development,Research Scientist,Adobe Photoshop,3.5
1933,Sales,Sales Executive,Microsoft PowerPoint,4.5
1933,Sales,Sales Executive,Microsoft Excel,4.5
1933,Sales,Sales Executive,Microsoft Office,4.5
1933,Sales,Sales Executive,Microsoft Outlook,4.5
1933,Sales,Sales Executive,Speaking,4.0
1933,Sales,Sales Executive,Adobe Creative Cloud,3.5
1933,Sales,Sales Executive,Adobe InDesign,3.5
1933,Sales,Sales Executive,Adobe Acrobat,3.5
1933,Sales,Sales Executive,Adobe Photoshop,3.5
1933,Sales,Sales Executive,Adobe Illustrator,3.5
1933,Sales,Sales Executive,Monitoring,3.12
1933,Sales,Sales Executive,Active Learning,3.12
1933,Sales,Sales Executive,Mathematics,2.25
1934,Research & Development,Research Scientist,R,4.5
1934,Research & Development,Research Scientist,Writing,4.25
1934,Research & Development,Research Scientist,Speaking,4.12
1934,Research & Development,Research Scientist,Active Learning,4.12
1934,Research & Development,Research Scientist,Critical Thinking,4.0
1934,Research & Development,Research Scientist,Reading Comprehension,4.0
1934,Research & Development,Research Scientist,Mathematics,3.62
1934,Research & Development,Research Scientist,IBM SPSS Statistics,3.5
1934,Research & Development,Research Scientist,SAS,3.5
1934,Research & Development,Research Scientist,Python,3.5
1935,Sales,Sales Executive,Microsoft PowerPoint,4.5
1935,Sales,Sales Executive,Microsoft Excel,4.5
1935,Sales,Sales Executive,Microsoft Outlook,4.5
1935,Sales,Sales Executive,Speaking,4.0
1935,Sales,Sales Executive,Adobe InDesign,3.5
1935,Sales,Sales Executive,Critical Thinking,3.5
1935,Sales,Sales Executive,Adobe Acrobat,3.5
1935,Sales,Sales Executive,Adobe Photoshop,3.5
1935,Sales,Sales Executive,Writing,3.25
1935,Sales,Sales Executive,Monitoring,3.12
1935,Sales,Sales Executive,Active Learning,3.12
1935,Sales,Sales Executive,Mathematics,2.25
1936,Research & Development,Manufacturing Director,SAP,4.5
1936,Research & Development,Manufacturing Director,Microsoft PowerPoint,4.5
1936,Research & Development,Manufacturing Director,Microsoft Office,4.5
1936,Research & Development,Manufacturing Director,Monitoring,4.0
1936,Research & Development,Manufacturing Director,Reading Comprehension,3.88
1936,Research & Development,Manufacturing Director,Active Listening,3.88
1936,Research & Development,Manufacturing Director,Adobe After Effects,3.5
1936,Research & Development,Manufacturing Director,Adobe InDesign,3.5
1936,Research & Development,Manufacturing Director,Adobe Acrobat,3.5
1936,Research & Development,Manufacturing Director,Adobe Photoshop,3.5
1936,Research & Development,Manufacturing Director,Autodesk AutoCAD,3.5
1937,Research & Development,Research Scientist,R,4.5
1937,Research & Development,Research Scientist,Microsoft Office,4.5
1937,Research & Development,Research Scientist,Writing,4.25
1937,Research & Development,Research Scientist,Science,4.12
1937,Research & Development,Research Scientist,Active Learning,4.12
1937,Research & Development,Research Scientist,Critical Thinking,4.0
1937,Research & Development,Research Scientist,MATLAB,3.5
1937,Research & Development,Research Scientist,IBM SPSS Statistics,3.5
1937,Research & Development,Research Scientist,SAS,3.5
1937,Research & Development,Research Scientist,Adobe Photoshop,3.5
1938,Sales,Manager,Microsoft PowerPoint,4.5
1938,Sales,Manager,Microsoft Excel,4.5
1938,Sales,Manager,Microsoft Office,4.5
1938,Sales,Manager,Monitoring,4.0
1938,Sales,Manager,Active Listening,4.0
1938,Sales,Manager,Critical Thinking,3.88
1938,Sales,Manager,Active Learning,3.62
1938,Sales,Manager,Atlassian JIRA,3.5
1938,Sales,Manager,Writing,3.5
1938,Sales,Manager,Autodesk AutoCAD,3.5
1938,Sales,Manager,Learning Strategies,3.0
1939,Research & Development,Research Scientist,Writing,4.25
1939,Research & Development,Research Scientist,Speaking,4.12
1939,Research & Development,Research Scientist,Active Learning,4.12
1939,Research & Development,Research Scientist,MATLAB,3.5
1939,Research & Development,Research Scientist,IBM SPSS Statistics,3.5
1939,Research & Development,Research Scientist,Python,3.5
1939,Research & Development,Research Scientist,Adobe Photoshop,3.5
1939,Research & Development,Research Scientist,Microsoft Project,3.5
1940,Research & Development,Research Scientist,R,4.5
1940,Research & Development,Research Scientist,Microsoft Office,4.5
1940,Research & Development,Research Scientist,Speaking,4.12
1940,Research & Development,Research Scientist,Critical Thinking,4.0
1940,Research & Development,Research Scientist,Reading Comprehension,4.0
1940,Research & Development,Research Scientist,Mathematics,3.62
1940,Research & Development,Research Scientist,MATLAB,3.5
1940,Research & Development,Research Scientist,IBM SPSS Statistics,3.5
1940,Research & Development,Research Scientist,SAS,3.5
1940,Research & Development,Research Scientist,Python,3.5
1940,Research & Development,Research Scientist,Adobe Photoshop,3.5
1940,Research & Development,Research Scientist,Microsoft Project,3.5
1941,Research & Development,Research Director,Microsoft Excel,4.5
1941,Research & Development,Research Director,Microsoft Office,4.5
1941,Research & Development,Research Director,Speaking,3.88
1941,Research & Development,Research Director,IBM SPSS Statistics,3.5
1941,Research & Development,Research Director,Microsoft SharePoint,3.5
1941,Research & Development,Research Director,Adobe Acrobat,3.5
1941,Research & Development,Research Director,Microsoft Project,3.5
1943,Sales,Sales Executive,Microsoft PowerPoint,4.5
1943,Sales,Sales Executive,Microsoft Excel,4.5
1943,Sales,Sales Executive,Salesforce,4.5
1943,Sales,Sales Executive,Microsoft Outlook,4.5
1943,Sales,Sales Executive,Adobe InDesign,3.5
1943,Sales,Sales Executive,Critical Thinking,3.5
1943,Sales,Sales Executive,Adobe Acrobat,3.5
1943,Sales,Sales Executive,Reading Comprehension,3.38
1943,Sales,Sales Executive,Writing,3.25
1943,Sales,Sales Executive,Monitoring,3.12
1943,Sales,Sales Executive,Active Learning,3.12
1944,Human Resources,Human Resources,Microsoft PowerPoint,4.5
1944,Human Resources,Human Resources,Microsoft Excel,4.5
1944,Human Resources,Human Resources,Microsoft Office,4.5
1944,Human Resources,Human Resources,Reading Comprehension,4.0
1944,Human Resources,Human Resources,Oracle HRIS,4.0
1944,Human Resources,Human Resources,Active Listening,4.0
1944,Human Resources,Human Resources,Adobe Acrobat,3.5
1944,Human Resources,Human Resources,Cisco Webex,3.5
1944,Human Resources,Human Resources,Monitoring,3.0
1944,Human Resources,Human Resources,Learning Strategies,3.0
1945,Sales,Sales Executive,Microsoft Excel,4.5
1945,Sales,Sales Executive,Microsoft Office,4.5
1945,Sales,Sales Executive,Microsoft Outlook,4.5
1945,Sales,Sales Executive,Speaking,4.0
1945,Sales,Sales Executive,Adobe Creative Cloud,3.5
1945,Sales,Sales Executive,Adobe InDesign,3.5
1945,Sales,Sales Executive,Adobe Acrobat,3.5
1945,Sales,Sales Executive,Adobe Illustrator,3.5
1945,Sales,Sales Executive,Monitoring,3.12
1945,Sales,Sales Executive,Mathematics,2.25
1947,Research & Development,Research Scientist,Microsoft Excel,4.5
1947,Research & Development,Research Scientist,R,4.5
1947,Research & Development,Research Scientist,Microsoft Office,4.5
1947,Research & Development,Research Scientist,Writing,4.25
1947,Research & Development,Research Scientist,Speaking,4.12
1947,Research & Development,Research Scientist,Active Learning,4.12
1947,Research & Development,Research Scientist,Critical Thinking,4.0
1947,Research & Development,Research Scientist,Reading Comprehension,4.0
1947,Research & Development,Research Scientist,Mathematics,3.62
1947,Research & Development,Research Scientist,IBM SPSS Statistics,3.5
1947,Research & Development,Research Scientist,ESRI ArcGIS,3.5
1947,Research & Development,Research Scientist,Python,3.5
1947,Research & Development,Research Scientist,Adobe Photoshop,3.5
1948,Research & Development,Research Scientist,Microsoft Excel,4.5
1948,Research & Development,Research Scientist,R,4.5
1948,Research & Development,Research Scientist,Microsoft Office,4.5
1948,Research & Development,Research Scientist,Speaking,4.12
1948,Research & Development,Research Scientist,Active Learning,4.12
1948,Research & Development,Research Scientist,Reading Comprehension,4.0
1948,Research & Development,Research Scientist,Mathematics,3.62
1948,Research & Development,Research Scientist,IBM SPSS Statistics,3.5
1948,Research & Development,Research Scientist,ESRI ArcGIS,3.5
1948,Research & Development,Research Scientist,SAS,3.5
1948,Research & Development,Research Scientist,Python,3.5
1948,Research & Development,Research Scientist,Adobe Photoshop,3.5
1948,Research & Development,Research Scientist,Microsoft Project,3.5
1949,Research & Development,Laboratory Technician,Active Listening,3.62
1949,Research & Development,Laboratory Technician,SAP,3.5
1949,Research & Development,Laboratory Technician,MEDITECH,3.5
1949,Research & Development,Laboratory Technician,Critical Thinking,3.25
1949,Research & Development,Laboratory Technician,Speaking,3.12
1949,Research & Development,Laboratory Technician,Electronic Medical Record (EMR),3.0
1949,Research & Development,Laboratory Technician,Science,3.0
1949,Research & Development,Laboratory Technician,Email,3.0
1949,Research & Development,Laboratory Technician,Active Learning,3.0
1949,Research & Development,Laboratory Technician,Writing,3.0
1950,Sales,Sales Executive,Microsoft Excel,4.5
1950,Sales,Sales Executive,Microsoft Outlook,4.5
1950,Sales,Sales Executive,Active Listening,4.0
1950,Sales,Sales Executive,Adobe InDesign,3.5
1950,Sales,Sales Executive,Critical Thinking,3.5
1950,Sales,Sales Executive,Adobe Acrobat,3.5
1950,Sales,Sales Executive,Adobe Illustrator,3.5
1950,Sales,Sales Executive,Reading Comprehension,3.38
1950,Sales,Sales Executive,Active Learning,3.12
1950,Sales,Sales Executive,Mathematics,2.25
1951,Sales,Sales Executive,Microsoft PowerPoint,4.5
1951,Sales,Sales Executive,Salesforce,4.5
1951,Sales,Sales Executive,Active Listening,4.0
1951,Sales,Sales Executive,Adobe Creative Cloud,3.5
1951,Sales,Sales Executive,Adobe InDesign,3.5
1951,Sales,Sales Executive,Critical Thinking,3.5
1951,Sales,Sales Executive,Adobe Acrobat,3.5
1951,Sales,Sales Executive,Adobe Illustrator,3.5
1951,Sales,Sales Executive,Adobe Photoshop,3.5
1951,Sales,Sales Executive,Monitoring,3.12
1951,Sales,Sales Executive,Active Learning,3.12
1951,Sales,Sales Executive,Mathematics,2.25
1952,Research & Development,Laboratory Technician,Active Listening,3.62
1952,Research & Development,Laboratory Technician,SAP,3.5
1952,Research & Development,Laboratory Technician,Microsoft PowerPoint,3.5
1952,Research & Development,Laboratory Technician,MEDITECH,3.5
1952,Research & Development,Laboratory Technician,Microsoft Outlook,3.5
1952,Research & Development,Laboratory Technician,Monitoring,3.0
1952,Research & Development,Laboratory Technician,Science,3.0
1952,Research & Development,Laboratory Technician,Email,3.0
1952,Research & Development,Laboratory Technician,Active Learning,3.0
1952,Research & Development,Laboratory Technician,Writing,3.0
1954,Research & Development,Healthcare Representative,Microsoft Excel,4.5
1954,Research & Development,Healthcare Representative,Salesforce,4.5
1954,Research & Development,Healthcare Representative,Speaking,4.25
1954,Research & Development,Healthcare Representative,Active Listening,4.12
1954,Research & Development,Healthcare Representative,Reading Comprehension,3.75
1954,Research & Development,Healthcare Representative,Microsoft Azure,3.5
1954,Research & Development,Healthcare Representative,Active Learning,3.5
1954,Research & Development,Healthcare Representative,Critical Thinking,3.38
1954,Research & Development,Healthcare Representative,Writing,3.38
1954,Research & Development,Healthcare Representative,Monitoring,3.12
1955,Research & Development,Healthcare Representative,Microsoft Office,4.5
1955,Research & Development,Healthcare Representative,Speaking,4.25
1955,Research & Development,Healthcare Representative,Google Workspace,3.5
1955,Research & Development,Healthcare Representative,Linux,3.5
1955,Research & Development,Healthcare Representative,Apache Hadoop,3.5
1955,Research & Development,Healthcare Representative,Microsoft Access,3.5
1955,Research & Development,Healthcare Representative,Amazon Web Services (AWS),3.5
1955,Research & Development,Healthcare Representative,Critical Thinking,3.38
1956,Research & Development,Research Scientist,R,4.5
1956,Research & Development,Research Scientist,Microsoft Office,4.5
1956,Research & Development,Research Scientist,Writing,4.25
1956,Research & Development,Research Scientist,Science,4.12
1956,Research & Development,Research Scientist,Critical Thinking,4.0
1956,Research & Development,Research Scientist,Reading Comprehension,4.0
1956,Research & Development,Research Scientist,Active Listening,4.0
1956,Research & Development,Research Scientist,Mathematics,3.62
1956,Research & Development,Research Scientist,MATLAB,3.5
1956,Research & Development,Research Scientist,IBM SPSS Statistics,3.5
1956,Research & Development,Research Scientist,ESRI ArcGIS,3.5
1956,Research & Development,Research Scientist,SAS,3.5
1956,Research & Development,Research Scientist,Python,3.5
1960,Research & Development,Laboratory Technician,Reading Comprehension,3.75
1960,Research & Development,Laboratory Technician,SAP,3.5
1960,Research & Development,Laboratory Technician,Microsoft PowerPoint,3.5
1960,Research & Development,Laboratory Technician,Microsoft Word,3.5
1960,Research & Development,Laboratory Technician,Google Docs,3.5
1960,Research & Development,Laboratory Technician,Microsoft Outlook,3.5
1960,Research & Development,Laboratory Technician,Critical Thinking,3.25
1960,Research & Development,Laboratory Technician,Speaking,3.12
1960,Research & Development,Laboratory Technician,Monitoring,3.0
1960,Research & Development,Laboratory Technician,Electronic Medical Record (EMR),3.0
1960,Research & Development,Laboratory Technician,Science,3.0
1960,Research & Development,Laboratory Technician,Email,3.0
1960,Research & Development,Laboratory Technician,Active Learning,3.0
1960,Research & Development,Laboratory Technician,Writing,3.0
1961,Sales,Sales Representative,Microsoft Office,4.5
1961,Sales,Sales Representative,Active Listening,3.88
1961,Sales,Sales Representative,Reading Comprehension,3.62
1961,Sales,Sales Representative,Microsoft Project,3.5
1961,Sales,Sales Representative,IBM SPSS Statistics,3.5
1961,Sales,Sales Representative,Apple macOS,3.5
1961,Sales,Sales Representative,Microsoft Word,3.5
1961,Sales,Sales Representative,HubSpot,3.5
1961,Sales,Sales Representative,Microsoft Outlook,3.5
1961,Sales,Sales Representative,Monitoring,3.12
1962,Sales,Sales Executive,Microsoft Office,4.5
1962,Sales,Sales Executive,Salesforce,4.5
1962,Sales,Sales Executive,Active Listening,4.0
1962,Sales,Sales Executive,Adobe Creative Cloud,3.5
1962,Sales,Sales Executive,Adobe InDesign,3.5
1962,Sales,Sales Executive,Critical Thinking,3.5
1962,Sales,Sales Executive,Adobe Acrobat,3.5
1962,Sales,Sales Executive,Adobe Photoshop,3.5
1962,Sales,Sales Executive,Reading Comprehension,3.38
1962,Sales,Sales Executive,Writing,3.25
1962,Sales,Sales Executive,Active Learning,3.12
1962,Sales,Sales Executive,Mathematics,2.25
1965,Sales,Sales Executive,Microsoft Office,4.5
1965,Sales,Sales Executive,Salesforce,4.5
1965,Sales,Sales Executive,Adobe Creative Cloud,3.5
1965,Sales,Sales Executive,Critical Thinking,3.5
1965,Sales,Sales Executive,Adobe Acrobat,3.5
1965,Sales,Sales Executive,Reading Comprehension,3.38
1965,Sales,Sales Executive,Active Learning,3.12
1966,Research & Development,Manufacturing Director,Microsoft PowerPoint,4.5
1966,Research & Development,Manufacturing Director,Microsoft Outlook,4.5
1966,Research & Development,Manufacturing Director,Critical Thinking,4.0
1966,Research & Development,Manufacturing Director,Active Listening,3.88
1966,Research & Development,Manufacturing Director,Learning Strategies,3.75
1966,Research & Development,Manufacturing Director,Adobe Acrobat,3.5
1966,Research & Development,Manufacturing Director,Autodesk AutoCAD,3.5
1967,Sales,Sales Executive,Microsoft PowerPoint,4.5
1967,Sales,Sales Executive,Microsoft Excel,4.5
1967,Sales,Sales Executive,Speaking,4.0
1967,Sales,Sales Executive,Active Listening,4.0
1967,Sales,Sales Executive,Adobe InDesign,3.5
1967,Sales,Sales Executive,Critical Thinking,3.5
1967,Sales,Sales Executive,Adobe Illustrator,3.5
1967,Sales,Sales Executive,Adobe Photoshop,3.5
1967,Sales,Sales Executive,Reading Comprehension,3.38
1967,Sales,Sales Executive,Writing,3.25
1967,Sales,Sales Executive,Monitoring,3.12
1968,Sales,Sales Executive,Microsoft PowerPoint,4.5
1968,Sales,Sales Executive,Microsoft Excel,4.5
1968,Sales,Sales Executive,Salesforce,4.5
1968,Sales,Sales Executive,Speaking,4.0
1968,Sales,Sales Executive,Adobe Creative Cloud,3.5
1968,Sales,Sales Executive,Adobe InDesign,3.5
1968,Sales,Sales Executive,Adobe Photoshop,3.5
1968,Sales,Sales Executive,Reading Comprehension,3.38
1968,Sales,Sales Executive,Writing,3.25
1968,Sales,Sales Executive,Active Learning,3.12
1969,Research & Development,Research Scientist,Microsoft Excel,4.5
1969,Research & Development,Research Scientist,Microsoft Office,4.5
1969,Research & Development,Research Scientist,Science,4.12
1969,Research & Development,Research Scientist,Speaking,4.12
1969,Research & Development,Research Scientist,Reading Comprehension,4.0
1969,Research & Development,Research Scientist,Active Listening,4.0
1969,Research & Development,Research Scientist,Mathematics,3.62
1969,Research & Development,Research Scientist,IBM SPSS Statistics,3.5
1969,Research & Development,Research Scientist,Microsoft Project,3.5
1969,Research & Development,Research Scientist,ESRI ArcGIS,3.5
1969,Research & Development,Research Scientist,SAS,3.5
1969,Research & Development,Research Scientist,Python,3.5
1969,Research & Development,Research Scientist,Adobe Photoshop,3.5
1970,Research & Development,Healthcare Representative,Microsoft Excel,4.5
1970,Research & Development,Healthcare Representative,Microsoft Office,4.5
1970,Research & Development,Healthcare Representative,Salesforce,4.5
1970,Research & Development,Healthcare Representative,Reading Comprehension,3.75
1970,Research & Development,Healthcare Representative,Linux,3.5
1970,Research & Development,Healthcare Representative,Microsoft Azure,3.5
1970,Research & Development,Healthcare Representative,Active Learning,3.5
1970,Research & Development,Healthcare Representative,Amazon Web Services (AWS),3.5
1970,Research & Development,Healthcare Representative,Critical Thinking,3.38
1970,Research & Development,Healthcare Representative,Writing,3.38
1970,Research & Development,Healthcare Representative,Monitoring,3.12
1970,Research & Development,Healthcare Representative,Mathematics,2.88
1971,Research & Development,Healthcare Representative,Microsoft Office,4.5
1971,Research & Development,Healthcare Representative,Salesforce,4.5
1971,Research & Development,Healthcare Representative,Active Listening,4.12
1971,Research & Development,Healthcare Representative,Reading Comprehension,3.75
1971,Research & Development,Healthcare Representative,Microsoft Access,3.5
1971,Research & Development,Healthcare Representative,Amazon Web Services (AWS),3.5
1971,Research & Development,Healthcare Representative,Writing,3.38
1971,Research & Development,Healthcare Representative,Monitoring,3.12
1971,Research & Development,Healthcare Representative,Mathematics,2.88
1972,Human Resources,Human Resources,Microsoft PowerPoint,4.5
1972,Human Resources,Human Resources,Microsoft Excel,4.5
1972,Human Resources,Human Resources,Microsoft Office,4.5
1972,Human Resources,Human Resources,Microsoft Outlook,4.5
1972,Human Resources,Human Resources,Applicant Tracking System (ATS),4.0
1972,Human Resources,Human Resources,Reading Comprehension,4.0
1972,Human Resources,Human Resources,Oracle HRIS,4.0
1972,Human Resources,Human Resources,Critical Thinking,3.88
1972,Human Resources,Human Resources,Adobe Acrobat,3.5
1972,Human Resources,Human Resources,Adobe Photoshop,3.5
1972,Human Resources,Human Resources,Active Learning,3.25
1972,Human Resources,Human Resources,Monitoring,3.0
1972,Human Resources,Human Resources,Learning Strategies,3.0
1973,Human Resources,Manager,Microsoft Office,4.5
1973,Human Resources,Manager,Speaking,4.0
1973,Human Resources,Manager,Atlassian JIRA,3.5
1973,Human Resources,Manager,Atlassian Confluence,3.5
1973,Human Resources,Manager,Google Analytics,3.5
1973,Human Resources,Manager,Learning Strategies,3.0
1974,Research & Development,Laboratory Technician,Microsoft Office,4.5
1974,Research & Development,Laboratory Technician,Reading Comprehension,3.75
1974,Research & Development,Laboratory Technician,Active Listening,3.62
1974,Research & Development,Laboratory Technician,Microsoft Word,3.5
1974,Research & Development,Laboratory Technician,Google Docs,3.5
1974,Research & Development,Laboratory Technician,Microsoft Outlook,3.5
1974,Research & Development,Laboratory Technician,Critical Thinking,3.25
1974,Research & Development,Laboratory Technician,Monitoring,3.0
1974,Research & Development,Laboratory Technician,Electronic Medical Record (EMR),3.0
1974,Research & Development,Laboratory Technician,Science,3.0
1974,Research & Development,Laboratory Technician,Email,3.0
1974,Research & Development,Laboratory Technician,Active Learning,3.0
1974,Research & Development,Laboratory Technician,Writing,3.0
1975,Sales,Sales Executive,Microsoft PowerPoint,4.5
1975,Sales,Sales Executive,Microsoft Excel,4.5
1975,Sales,Sales Executive,Salesforce,4.5
1975,Sales,Sales Executive,Adobe Creative Cloud,3.5
1975,Sales,Sales Executive,Critical Thinking,3.5
1975,Sales,Sales Executive,Adobe Acrobat,3.5
1975,Sales,Sales Executive,Writing,3.25
1975,Sales,Sales Executive,Monitoring,3.12
1975,Sales,Sales Executive,Mathematics,2.25
1976,Research & Development,Research Scientist,Microsoft Office,4.5
1976,Research & Development,Research Scientist,Writing,4.25
1976,Research & Development,Research Scientist,Science,4.12
1976,Research & Development,Research Scientist,Speaking,4.12
1976,Research & Development,Research Scientist,Active Learning,4.12
1976,Research & Development,Research Scientist,Critical Thinking,4.0
1976,Research & Development,Research Scientist,Active Listening,4.0
1976,Research & Development,Research Scientist,Mathematics,3.62
1976,Research & Development,Research Scientist,MATLAB,3.5
1979,Research & Development,Research Director,Microsoft Excel,4.5
1979,Research & Development,Research Director,Critical Thinking,4.0
1979,Research & Development,Research Director,Reading Comprehension,4.0
1979,Research & Development,Research Director,Speaking,3.88
1979,Research & Development,Research Director,Writing,3.88
1979,Research & Development,Research Director,IBM SPSS Statistics,3.5
1979,Research & Development,Research Director,Microsoft SharePoint,3.5
1979,Research & Development,Research Director,ESRI ArcGIS,3.5
1979,Research & Development,Research Director,Active Learning,3.5
1980,Research & Development,Manufacturing Director,SAP,4.5
1980,Research & Development,Manufacturing Director,Microsoft Excel,4.5
1980,Research & Development,Manufacturing Director,Microsoft Office,4.5
1980,Research & Development,Manufacturing Director,Critical Thinking,4.0
1980,Research & Development,Manufacturing Director,Reading Comprehension,3.88
1980,Research & Development,Manufacturing Director,Active Listening,3.88
1980,Research & Development,Manufacturing Director,Adobe InDesign,3.5
1980,Research & Development,Manufacturing Director,Autodesk AutoCAD,3.5
1980,Research & Development,Manufacturing Director,Writing,3.38
1981,Research & Development,Healthcare Representative,Microsoft Office,4.5
1981,Research & Development,Healthcare Representative,Salesforce,4.5
1981,Research & Development,Healthcare Representative,Active Listening,4.12
1981,Research & Development,Healthcare Representative,Reading Comprehension,3.75
1981,Research & Development,Healthcare Representative,Linux,3.5
1981,Research & Development,Healthcare Representative,Microsoft Azure,3.5
1981,Research & Development,Healthcare Representative,Apache Hadoop,3.5
1981,Research & Development,Healthcare Representative,Active Learning,3.5
1981,Research & Development,Healthcare Representative,Microsoft Access,3.5
1981,Research & Development,Healthcare Representative,Amazon Web Services (AWS),3.5
1981,Research & Development,Healthcare Representative,Writing,3.38
1981,Research & Development,Healthcare Representative,Monitoring,3.12
1982,Research & Development,Laboratory Technician,Microsoft Excel,4.5
1982,Research & Development,Laboratory Technician,Reading Comprehension,3.75
1982,Research & Development,Laboratory Technician,Active Listening,3.62
1982,Research & Development,Laboratory Technician,SAP,3.5
1982,Research & Development,Laboratory Technician,Microsoft PowerPoint,3.5
1982,Research & Development,Laboratory Technician,Microsoft Word,3.5
1982,Research & Development,Laboratory Technician,MEDITECH,3.5
1982,Research & Development,Laboratory Technician,Microsoft Outlook,3.5
1982,Research & Development,Laboratory Technician,Electronic Medical Record (EMR),3.0
1982,Research & Development,Laboratory Technician,Science,3.0
1982,Research & Development,Laboratory Technician,Email,3.0
1982,Research & Development,Laboratory Technician,Writing,3.0
1985,Research & Development,Laboratory Technician,Microsoft Excel,4.5
1985,Research & Development,Laboratory Technician,Microsoft Office,4.5
1985,Research & Development,Laboratory Technician,Active Listening,3.62
1985,Research & Development,Laboratory Technician,Microsoft PowerPoint,3.5
1985,Research & Development,Laboratory Technician,Microsoft Word,3.5
1985,Research & Development,Laboratory Technician,Microsoft Outlook,3.5
1985,Research & Development,Laboratory Technician,Monitoring,3.0
1985,Research & Development,Laboratory Technician,Email,3.0
1985,Research & Development,Laboratory Technician,Active Learning,3.0
1985,Research & Development,Laboratory Technician,Writing,3.0
1986,Sales,Sales Executive,Microsoft Excel,4.5
1986,Sales,Sales Executive,Microsoft Office,4.5
1986,Sales,Sales Executive,Microsoft Outlook,4.5
1986,Sales,Sales Executive,Active Listening,4.0
1986,Sales,Sales Executive,Adobe Creative Cloud,3.5
1986,Sales,Sales Executive,Adobe InDesign,3.5
1986,Sales,Sales Executive,Critical Thinking,3.5
1986,Sales,Sales Executive,Adobe Photoshop,3.5
1986,Sales,Sales Executive,Reading Comprehension,3.38
1986,Sales,Sales Executive,Active Learning,3.12
1986,Sales,Sales Executive,Mathematics,2.25
1987,Human Resources,Human Resources,Microsoft PowerPoint,4.5
1987,Human Resources,Human Resources,Microsoft Excel,4.5
1987,Human Resources,Human Resources,Workday,4.5
1987,Human Resources,Human Resources,Microsoft Outlook,4.5
1987,Human Resources,Human Resources,Speaking,4.12
1987,Human Resources,Human Resources,Applicant Tracking System (ATS),4.0
1987,Human Resources,Human Resources,Oracle HRIS,4.0
1987,Human Resources,Human Resources,Writing,3.88
1987,Human Resources,Human Resources,Critical Thinking,3.88
1987,Human Resources,Human Resources,Adobe Acrobat,3.5
1987,Human Resources,Human Resources,Monitoring,3.0
1989,Research & Development,Laboratory Technician,Microsoft Office,4.5
1989,Research & Development,Laboratory Technician,Reading Comprehension,3.75
1989,Research & Development,Laboratory Technician,SAP,3.5
1989,Research & Development,Laboratory Technician,Microsoft PowerPoint,3.5
1989,Research & Development,Laboratory Technician,Microsoft Word,3.5
1989,Research & Development,Laboratory Technician,Microsoft Outlook,3.5
1989,Research & Development,Laboratory Technician,Critical Thinking,3.25
1989,Research & Development,Laboratory Technician,Speaking,3.12
1989,Research & Development,Laboratory Technician,Monitoring,3.0
1989,Research & Development,Laboratory Technician,Science,3.0
1989,Research & Development,Laboratory Technician,Active Learning,3.0
1989,Research & Development,Laboratory Technician,Writing,3.0
1992,Research & Development,Laboratory Technician,Microsoft Excel,4.5
1992,Research & Development,Laboratory Technician,Microsoft Office,4.5
1992,Research & Development,Laboratory Technician,Active Listening,3.62
1992,Research & Development,Laboratory Technician,SAP,3.5
1992,Research & Development,Laboratory Technician,Microsoft PowerPoint,3.5
1992,Research & Development,Laboratory Technician,Google Docs,3.5
1992,Research & Development,Laboratory Technician,Microsoft Outlook,3.5
1992,Research & Development,Laboratory Technician,Critical Thinking,3.25
1992,Research & Development,Laboratory Technician,Speaking,3.12
1992,Research & Development,Laboratory Technician,Monitoring,3.0
1992,Research & Development,Laboratory Technician,Electronic Medical Record (EMR),3.0
1992,Research & Development,Laboratory Technician,Email,3.0
1992,Research & Development,Laboratory Technician,Active Learning,3.0
1992,Research & Development,Laboratory Technician,Writing,3.0
1993,Research & Development,Healthcare Representative,Microsoft Office,4.5
1993,Research & Development,Healthcare Representative,Salesforce,4.5
1993,Research & Development,Healthcare Representative,Google Workspace,3.5
1993,Research & Development,Healthcare Representative,Microsoft Azure,3.5
1993,Research & Development,Healthcare Representative,Linux,3.5
1993,Research & Development,Healthcare Representative,Apache Hadoop,3.5
1993,Research & Development,Healthcare Representative,Microsoft Access,3.5
1993,Research & Development,Healthcare Representative,Monitoring,3.12
1994,Research & Development,Laboratory Technician,Microsoft Office,4.5
1994,Research & Development,Laboratory Technician,Reading Comprehension,3.75
1994,Research & Development,Laboratory Technician,Microsoft Word,3.5
1994,Research & Development,Laboratory Technician,MEDITECH,3.5
1994,Research & Development,Laboratory Technician,Google Docs,3.5
1994,Research & Development,Laboratory Technician,Critical Thinking,3.25
1994,Research & Development,Laboratory Technician,Electronic Medical Record (EMR),3.0
1994,Research & Development,Laboratory Technician,Monitoring,3.0
1994,Research & Development,Laboratory Technician,Science,3.0
1994,Research & Development,Laboratory Technician,Email,3.0
1994,Research & Development,Laboratory Technician,Active Learning,3.0
1995,Sales,Sales Executive,Microsoft PowerPoint,4.5
1995,Sales,Sales Executive,Microsoft Office,4.5
1995,Sales,Sales Executive,Salesforce,4.5
1995,Sales,Sales Executive,Active Listening,4.0
1995,Sales,Sales Executive,Adobe InDesign,3.5
1995,Sales,Sales Executive,Adobe Acrobat,3.5
1995,Sales,Sales Executive,Adobe Photoshop,3.5
1995,Sales,Sales Executive,Writing,3.25
1995,Sales,Sales Executive,Active Learning,3.12
1995,Sales,Sales Executive,Mathematics,2.25
1996,Sales,Sales Representative,Microsoft Excel,4.5
1996,Sales,Sales Representative,Microsoft Office,4.5
1996,Sales,Sales Representative,Active Listening,3.88
1996,Sales,Sales Representative,Reading Comprehension,3.62
1996,Sales,Sales Representative,IBM SPSS Statistics,3.5
1996,Sales,Sales Representative,Apple macOS,3.5
1996,Sales,Sales Representative,Critical Thinking,3.38
1996,Sales,Sales Representative,Active Learning,3.38
1996,Sales,Sales Representative,Writing,3.38
1996,Sales,Sales Representative,Monitoring,3.12
1996,Sales,Sales Representative,Mathematics,2.62
1997,Research & Development,Manufacturing Director,Microsoft Excel,4.5
1997,Research & Development,Manufacturing Director,Microsoft Outlook,4.5
1997,Research & Development,Manufacturing Director,Critical Thinking,4.0
1997,Research & Development,Manufacturing Director,Reading Comprehension,3.88
1997,Research & Development,Manufacturing Director,Active Listening,3.88
1997,Research & Development,Manufacturing Director,Learning Strategies,3.75
1997,Research & Development,Manufacturing Director,Active Learning,3.62
1997,Research & Development,Manufacturing Director,Adobe After Effects,3.5
1997,Research & Development,Manufacturing Director,Adobe InDesign,3.5
1997,Research & Development,Manufacturing Director,Adobe Acrobat,3.5
1997,Research & Development,Manufacturing Director,Writing,3.38
1998,Research & Development,Research Scientist,R,4.5
1998,Research & Development,Research Scientist,Writing,4.25
1998,Research & Development,Research Scientist,Science,4.12
1998,Research & Development,Research Scientist,Active Learning,4.12
1998,Research & Development,Research Scientist,Critical Thinking,4.0
1998,Research & Development,Research Scientist,Reading Comprehension,4.0
1998,Research & Development,Research Scientist,Active Listening,4.0
1998,Research & Development,Research Scientist,Mathematics,3.62
1998,Research & Development,Research Scientist,MATLAB,3.5
1998,Research & Development,Research Scientist,Microsoft Project,3.5
1998,Research & Development,Research Scientist,IBM SPSS Statistics,3.5
1998,Research & Development,Research Scientist,Adobe Photoshop,3.5
1999,Research & Development,Research Scientist,Speaking,4.12
1999,Research & Development,Research Scientist,Active Learning,4.12
1999,Research & Development,Research Scientist,Critical Thinking,4.0
1999,Research & Development,Research Scientist,Active Listening,4.0
1999,Research & Development,Research Scientist,Mathematics,3.62
1999,Research & Development,Research Scientist,IBM SPSS Statistics,3.5
1999,Research & Development,Research Scientist,ESRI ArcGIS,3.5
1999,Research & Development,Research Scientist,Python,3.5
1999,Research & Development,Research Scientist,Adobe Photoshop,3.5
2000,Research & Development,Research Director,Microsoft Excel,4.5
2000,Research & Development,Research Director,Science,4.12
2000,Research & Development,Research Director,Monitoring,4.0
2000,Research & Development,Research Director,Reading Comprehension,4.0
2000,Research & Development,Research Director,Speaking,3.88
2000,Research & Development,Research Director,Microsoft SharePoint,3.5
2000,Research & Development,Research Director,ESRI ArcGIS,3.5
2000,Research & Development,Research Director,Microsoft Visio,3.5
2000,Research & Development,Research Director,Active Learning,3.5
2000,Research & Development,Research Director,Microsoft Access,3.5
2000,Research & Development,Research Director,Microsoft Project,3.5
2003,Research & Development,Laboratory Technician,Microsoft Excel,4.5
2003,Research & Development,Laboratory Technician,Microsoft Office,4.5
2003,Research & Development,Laboratory Technician,SAP,3.5
2003,Research & Development,Laboratory Technician,MEDITECH,3.5
2003,Research & Development,Laboratory Technician,Speaking,3.12
2003,Research & Development,Laboratory Technician,Electronic Medical Record (EMR),3.0
2003,Research & Development,Laboratory Technician,Monitoring,3.0
2003,Research & Development,Laboratory Technician,Email,3.0
2003,Research & Development,Laboratory Technician,Active Learning,3.0
2003,Research & Development,Laboratory Technician,Writing,3.0
2007,Research & Development,Research Scientist,Microsoft Excel,4.5
2007,Research & Development,Research Scientist,R,4.5
2007,Research & Development,Research Scientist,Microsoft Office,4.5
2007,Research & Development,Research Scientist,Writing,4.25
2007,Research & Development,Research Scientist,Science,4.12
2007,Research & Development,Research Scientist,Speaking,4.12
2007,Research & Development,Research Scientist,Critical Thinking,4.0
2007,Research & Development,Research Scientist,Reading Comprehension,4.0
2007,Research & Development,Research Scientist,Active Listening,4.0
2007,Research & Development,Research Scientist,Mathematics,3.62
2007,Research & Development,Research Scientist,MATLAB,3.5
2007,Research & Development,Research Scientist,Microsoft Project,3.5
2007,Research & Development,Research Scientist,SAS,3.5
2007,Research & Development,Research Scientist,Python,3.5
2007,Research & Development,Research Scientist,Adobe Photoshop,3.5
2008,Research & Development,Research Scientist,R,4.5
2008,Research & Development,Research Scientist,Microsoft Office,4.5
2008,Research & Development,Research Scientist,Science,4.12
2008,Research & Development,Research Scientist,Active Learning,4.12
2008,Research & Development,Research Scientist,Critical Thinking,4.0
2008,Research & Development,Research Scientist,Reading Comprehension,4.0
2008,Research & Development,Research Scientist,Active Listening,4.0
2008,Research & Development,Research Scientist,ESRI ArcGIS,3.5
2008,Research & Development,Research Scientist,SAS,3.5
2008,Research & Development,Research Scientist,Python,3.5
2008,Research & Development,Research Scientist,Adobe Photoshop,3.5
2009,Research & Development,Healthcare Representative,Microsoft Excel,4.5
2009,Research & Development,Healthcare Representative,Salesforce,4.5
2009,Research & Development,Healthcare Representative,Reading Comprehension,3.75
2009,Research & Development,Healthcare Representative,Google Workspace,3.5
2009,Research & Development,Healthcare Representative,Linux,3.5
2009,Research & Development,Healthcare Representative,Apache Hadoop,3.5
2009,Research & Development,Healthcare Representative,Active Learning,3.5
2009,Research & Development,Healthcare Representative,Microsoft Access,3.5
2009,Research & Development,Healthcare Representative,Critical Thinking,3.38
2009,Research & Development,Healthcare Representative,Monitoring,3.12
2009,Research & Development,Healthcare Representative,Mathematics,2.88
2010,Research & Development,Laboratory Technician,Microsoft Excel,4.5
2010,Research & Development,Laboratory Technician,Reading Comprehension,3.75
2010,Research & Development,Laboratory Technician,Active Listening,3.62
2010,Research & Development,Laboratory Technician,Microsoft Word,3.5
2010,Research & Development,Laboratory Technician,MEDITECH,3.5
2010,Research & Development,Laboratory Technician,Google Docs,3.5
2010,Research & Development,Laboratory Technician,Microsoft Outlook,3.5
2010,Research & Development,Laboratory Technician,Monitoring,3.0
2010,Research & Development,Laboratory Technician,Electronic Medical Record (EMR),3.0
2012,Research & Development,Laboratory Technician,Microsoft Excel,4.5
2012,Research & Development,Laboratory Technician,Microsoft Office,4.5
2012,Research & Development,Laboratory Technician,Active Listening,3.62
2012,Research & Development,Laboratory Technician,Microsoft Word,3.5
2012,Research & Development,Laboratory Technician,Critical Thinking,3.25
2012,Research & Development,Laboratory Technician,Monitoring,3.0
2012,Research & Development,Laboratory Technician,Electronic Medical Record (EMR),3.0
2012,Research & Development,Laboratory Technician,Science,3.0
2012,Research & Development,Laboratory Technician,Email,3.0
2012,Research & Development,Laboratory Technician,Writing,3.0
2013,Sales,Sales Representative,Salesforce,4.5
2013,Sales,Sales Representative,Speaking,3.88
2013,Sales,Sales Representative,IBM SPSS Statistics,3.5
2013,Sales,Sales Representative,Microsoft PowerPoint,3.5
2013,Sales,Sales Representative,Apple macOS,3.5
2013,Sales,Sales Representative,Microsoft Word,3.5
2013,Sales,Sales Representative,HubSpot,3.5
2013,Sales,Sales Representative,Microsoft Outlook,3.5
2013,Sales,Sales Representative,Microsoft Project,3.5
2013,Sales,Sales Representative,Critical Thinking,3.38
2013,Sales,Sales Representative,Writing,3.38
2013,Sales,Sales Representative,Monitoring,3.12
2013,Sales,Sales Representative,Mathematics,2.62
2014,Research & Development,Research Scientist,Microsoft Excel,4.5
2014,Research & Development,Research Scientist,R,4.5
2014,Research & Development,Research Scientist,Microsoft Office,4.5
2014,Research & Development,Research Scientist,Writing,4.25
2014,Research & Development,Research Scientist,Critical Thinking,4.0
2014,Research & Development,Research Scientist,Reading Comprehension,4.0
2014,Research & Development,Research Scientist,Active Listening,4.0
2014,Research & Development,Research Scientist,Mathematics,3.62
2014,Research & Development,Research Scientist,Microsoft Project,3.5
2014,Research & Development,Research Scientist,ESRI ArcGIS,3.5
2014,Research & Development,Research Scientist,SAS,3.5
2014,Research & Development,Research Scientist,Python,3.5
2014,Research & Development,Research Scientist,Adobe Photoshop,3.5
2015,Research & Development,Research Director,Monitoring,4.0
2015,Research & Development,Research Director,Critical Thinking,4.0
2015,Research & Development,Research Director,Reading Comprehension,4.0
2015,Research & Development,Research Director,Active Listening,4.0
2015,Research & Development,Research Director,Speaking,3.88
2015,Research & Development,Research Director,Writing,3.88
2015,Research & Development,Research Director,Microsoft SharePoint,3.5
2015,Research & Development,Research Director,ESRI ArcGIS,3.5
2015,Research & Development,Research Director,Microsoft Visio,3.5
2015,Research & Development,Research Director,Adobe Acrobat,3.5
2015,Research & Development,Research Director,Microsoft Access,3.5
2016,Sales,Sales Executive,Microsoft PowerPoint,4.5
2016,Sales,Sales Executive,Salesforce,4.5
2016,Sales,Sales Executive,Speaking,4.0
2016,Sales,Sales Executive,Adobe InDesign,3.5
2016,Sales,Sales Executive,Critical Thinking,3.5
2016,Sales,Sales Executive,Adobe Acrobat,3.5
2016,Sales,Sales Executive,Adobe Illustrator,3.5
2016,Sales,Sales Executive,Adobe Photoshop,3.5
2016,Sales,Sales Executive,Reading Comprehension,3.38
2016,Sales,Sales Executive,Mathematics,2.25
2017,Research & Development,Research Director,Microsoft PowerPoint,4.5
2017,Research & Development,Research Director,Microsoft Office,4.5
2017,Research & Development,Research Director,Monitoring,4.0
2017,Research & Development,Research Director,Reading Comprehension,4.0
2017,Research & Development,Research Director,Speaking,3.88
2017,Research & Development,Research Director,Writing,3.88
2017,Research & Development,Research Director,IBM SPSS Statistics,3.5
2017,Research & Development,Research Director,Active Learning,3.5
2017,Research & Development,Research Director,Microsoft SharePoint,3.5
2017,Research & Development,Research Director,ESRI ArcGIS,3.5
2017,Research & Development,Research Director,Adobe Acrobat,3.5
2017,Research & Development,Research Director,Microsoft Project,3.5
2018,Sales,Sales Executive,Microsoft Excel,4.5
2018,Sales,Sales Executive,Microsoft Outlook,4.5
2018,Sales,Sales Executive,Speaking,4.0
2018,Sales,Sales Executive,Adobe InDesign,3.5
2018,Sales,Sales Executive,Critical Thinking,3.5
2018,Sales,Sales Executive,Adobe Acrobat,3.5
2018,Sales,Sales Executive,Adobe Photoshop,3.5
2018,Sales,Sales Executive,Adobe Illustrator,3.5
2018,Sales,Sales Executive,Reading Comprehension,3.38
2018,Sales,Sales Executive,Writing,3.25
2018,Sales,Sales Executive,Active Learning,3.12
2018,Sales,Sales Executive,Mathematics,2.25
2019,Sales,Sales Representative,Microsoft Excel,4.5
2019,Sales,Sales Representative,Speaking,3.88
2019,Sales,Sales Representative,IBM SPSS Statistics,3.5
2019,Sales,Sales Representative,Microsoft PowerPoint,3.5
2019,Sales,Sales Representative,Microsoft Word,3.5
2019,Sales,Sales Representative,HubSpot,3.5
2019,Sales,Sales Representative,Microsoft Project,3.5
2019,Sales,Sales Representative,Critical Thinking,3.38
2019,Sales,Sales Representative,Active Learning,3.38
2020,Research & Development,Research Scientist,Science,4.12
2020,Research & Development,Research Scientist,Active Learning,4.12
2020,Research & Development,Research Scientist,Reading Comprehension,4.0
2020,Research & Development,Research Scientist,Active Listening,4.0
2020,Research & Development,Research Scientist,Microsoft Project,3.5
2020,Research & Development,Research Scientist,IBM SPSS Statistics,3.5
2020,Research & Development,Research Scientist,ESRI ArcGIS,3.5
2020,Research & Development,Research Scientist,SAS,3.5
2020,Research & Development,Research Scientist,Python,3.5
2020,Research & Development,Research Scientist,Adobe Photoshop,3.5
2021,Sales,Sales Representative,Microsoft Excel,4.5
2021,Sales,Sales Representative,Microsoft Office,4.5
2021,Sales,Sales Representative,Salesforce,4.5
2021,Sales,Sales Representative,Speaking,3.88
2021,Sales,Sales Representative,Apple macOS,3.5
2021,Sales,Sales Representative,Microsoft Word,3.5
2021,Sales,Sales Representative,HubSpot,3.5
2021,Sales,Sales Representative,Microsoft Outlook,3.5
2021,Sales,Sales Representative,Microsoft Project,3.5
2021,Sales,Sales Representative,Critical Thinking,3.38
2021,Sales,Sales Representative,Writing,3.38
2021,Sales,Sales Representative,Monitoring,3.12
2021,Sales,Sales Representative,Mathematics,2.62
2022,Research & Development,Manager,Microsoft PowerPoint,4.5
2022,Research & Development,Manager,Monitoring,4.0
2022,Research & Development,Manager,Speaking,4.0
2022,Research & Development,Manager,Apple macOS,3.5
2022,Research & Development,Manager,Atlassian JIRA,3.5
2022,Research & Development,Manager,Atlassian Confluence,3.5
2022,Research & Development,Manager,Google Analytics,3.5
2022,Research & Development,Manager,Learning Strategies,3.0
2023,Sales,Sales Representative,Microsoft Office,4.5
2023,Sales,Sales Representative,Speaking,3.88
2023,Sales,Sales Representative,Active Listening,3.88
2023,Sales,Sales Representative,IBM SPSS Statistics,3.5
2023,Sales,Sales Representative,Microsoft PowerPoint,3.5
2023,Sales,Sales Representative,Microsoft Word,3.5
2023,Sales,Sales Representative,Microsoft Outlook,3.5
2023,Sales,Sales Representative,Writing,3.38
2023,Sales,Sales Representative,Monitoring,3.12
2023,Sales,Sales Representative,Mathematics,2.62
2024,Sales,Sales Executive,Microsoft PowerPoint,4.5
2024,Sales,Sales Executive,Microsoft Excel,4.5
2024,Sales,Sales Executive,Adobe Creative Cloud,3.5
2024,Sales,Sales Executive,Adobe InDesign,3.5
2024,Sales,Sales Executive,Critical Thinking,3.5
2024,Sales,Sales Executive,Adobe Acrobat,3.5
2024,Sales,Sales Executive,Adobe Photoshop,3.5
2024,Sales,Sales Executive,Reading Comprehension,3.38
2024,Sales,Sales Executive,Active Learning,3.12
2024,Sales,Sales Executive,Mathematics,2.25
2025,Research & Development,Manufacturing Director,Microsoft Excel,4.5
2025,Research & Development,Manufacturing Director,Microsoft Office,4.5
2025,Research & Development,Manufacturing Director,Microsoft Outlook,4.5
2025,Research & Development,Manufacturing Director,Speaking,4.0
2025,Research & Development,Manufacturing Director,Learning Strategies,3.75
2025,Research & Development,Manufacturing Director,Active Learning,3.62
2025,Research & Development,Manufacturing Director,Adobe After Effects,3.5
2025,Research & Development,Manufacturing Director,Autodesk AutoCAD,3.5
2025,Research & Development,Manufacturing Director,Writing,3.38
2026,Research & Development,Healthcare Representative,Microsoft Excel,4.5
2026,Research & Development,Healthcare Representative,Salesforce,4.5
2026,Research & Development,Healthcare Representative,Active Listening,4.12
2026,Research & Development,Healthcare Representative,Linux,3.5
2026,Research & Development,Healthcare Representative,Apache Hadoop,3.5
2026,Research & Development,Healthcare Representative,Microsoft Access,3.5
2026,Research & Development,Healthcare Representative,Critical Thinking,3.38
2026,Research & Development,Healthcare Representative,Writing,3.38
2027,Research & Development,Research Scientist,R,4.5
2027,Research & Development,Research Scientist,Microsoft Office,4.5
2027,Research & Development,Research Scientist,Writing,4.25
2027,Research & Development,Research Scientist,Speaking,4.12
2027,Research & Development,Research Scientist,Active Learning,4.12
2027,Research & Development,Research Scientist,Reading Comprehension,4.0
2027,Research & Development,Research Scientist,Active Listening,4.0
2027,Research & Development,Research Scientist,MATLAB,3.5
2027,Research & Development,Research Scientist,Microsoft Project,3.5
2027,Research & Development,Research Scientist,IBM SPSS Statistics,3.5
2027,Research & Development,Research Scientist,ESRI ArcGIS,3.5
2027,Research & Development,Research Scientist,Python,3.5
2027,Research & Development,Research Scientist,Adobe Photoshop,3.5
2031,Research & Development,Manager,Monitoring,4.0
2031,Research & Development,Manager,Atlassian JIRA,3.5
2031,Research & Development,Manager,Atlassian Confluence,3.5
2031,Research & Development,Manager,Google Analytics,3.5
2031,Research & Development,Manager,Adobe Photoshop,3.5
2031,Research & Development,Manager,Autodesk AutoCAD,3.5
2031,Research & Development,Manager,Learning Strategies,3.0
2032,Research & Development,Laboratory Technician,Microsoft Excel,4.5
2032,Research & Development,Laboratory Technician,Microsoft Office,4.5
2032,Research & Development,Laboratory Technician,Reading Comprehension,3.75
2032,Research & Development,Laboratory Technician,Active Listening,3.62
2032,Research & Development,Laboratory Technician,Microsoft Word,3.5
2032,Research & Development,Laboratory Technician,MEDITECH,3.5
2032,Research & Development,Laboratory Technician,Google Docs,3.5
2032,Research & Development,Laboratory Technician,Microsoft Outlook,3.5
2032,Research & Development,Laboratory Technician,Critical Thinking,3.25
2032,Research & Development,Laboratory Technician,Monitoring,3.0
2032,Research & Development,Laboratory Technician,Electronic Medical Record (EMR),3.0
2032,Research & Development,Laboratory Technician,Science,3.0
2032,Research & Development,Laboratory Technician,Email,3.0
2032,Research & Development,Laboratory Technician,Active Learning,3.0
2032,Research & Development,Laboratory Technician,Writing,3.0
2034,Research & Development,Manufacturing Director,SAP,4.5
2034,Research & Development,Manufacturing Director,Microsoft PowerPoint,4.5
2034,Research & Development,Manufacturing Director,Microsoft Outlook,4.5
2034,Research & Development,Manufacturing Director,Active Learning,3.62
2034,Research & Development,Manufacturing Director,Adobe After Effects,3.5
2034,Research & Development,Manufacturing Director,Adobe Photoshop,3.5
2035,Sales,Sales Executive,Microsoft Excel,4.5
2035,Sales,Sales Executive,Salesforce,4.5
2035,Sales,Sales Executive,Active Listening,4.0
2035,Sales,Sales Executive,Adobe InDesign,3.5
2035,Sales,Sales Executive,Adobe Illustrator,3.5
2035,Sales,Sales Executive,Adobe Photoshop,3.5
2035,Sales,Sales Executive,Reading Comprehension,3.38
2035,Sales,Sales Executive,Active Learning,3.12
2035,Sales,Sales Executive,Mathematics,2.25
2036,Sales,Sales Executive,Salesforce,4.5
2036,Sales,Sales Executive,Adobe Creative Cloud,3.5
2036,Sales,Sales Executive,Adobe InDesign,3.5
2036,Sales,Sales Executive,Adobe Acrobat,3.5
2036,Sales,Sales Executive,Adobe Photoshop,3.5
2036,Sales,Sales Executive,Reading Comprehension,3.38
2036,Sales,Sales Executive,Mathematics,2.25
2037,Sales,Sales Executive,Microsoft PowerPoint,4.5
2037,Sales,Sales Executive,Microsoft Excel,4.5
2037,Sales,Sales Executive,Microsoft Office,4.5
2037,Sales,Sales Executive,Salesforce,4.5
2037,Sales,Sales Executive,Microsoft Outlook,4.5
2037,Sales,Sales Executive,Adobe Creative Cloud,3.5
2037,Sales,Sales Executive,Adobe InDesign,3.5
2037,Sales,Sales Executive,Critical Thinking,3.5
2037,Sales,Sales Executive,Adobe Acrobat,3.5
2037,Sales,Sales Executive,Adobe Illustrator,3.5
2037,Sales,Sales Executive,Reading Comprehension,3.38
2037,Sales,Sales Executive,Active Learning,3.12
2038,Research & Development,Research Scientist,Microsoft Excel,4.5
2038,Research & Development,Research Scientist,Microsoft Office,4.5
2038,Research & Development,Research Scientist,Writing,4.25
2038,Research & Development,Research Scientist,Science,4.12
2038,Research & Development,Research Scientist,Speaking,4.12
2038,Research & Development,Research Scientist,Active Learning,4.12
2038,Research & Development,Research Scientist,Critical Thinking,4.0
2038,Research & Development,Research Scientist,Reading Comprehension,4.0
2038,Research & Development,Research Scientist,IBM SPSS Statistics,3.5
2038,Research & Development,Research Scientist,ESRI ArcGIS,3.5
2038,Research & Development,Research Scientist,SAS,3.5
2038,Research & Development,Research Scientist,Python,3.5
2038,Research & Development,Research Scientist,Adobe Photoshop,3.5
2038,Research & Development,Research Scientist,Microsoft Project,3.5
2040,Human Resources,Human Resources,Microsoft Excel,4.5
2040,Human Resources,Human Resources,Workday,4.5
2040,Human Resources,Human Resources,Microsoft Outlook,4.5
2040,Human Resources,Human Resources,Speaking,4.12
2040,Human Resources,Human Resources,Oracle HRIS,4.0
2040,Human Resources,Human Resources,Writing,3.88
2040,Human Resources,Human Resources,Adobe Acrobat,3.5
2040,Human Resources,Human Resources,Cisco Webex,3.5
2040,Human Resources,Human Resources,Adobe Photoshop,3.5
2040,Human Resources,Human Resources,Monitoring,3.0
2041,Sales,Sales Executive,Microsoft Excel,4.5
2041,Sales,Sales Executive,Microsoft Outlook,4.5
2041,Sales,Sales Executive,Adobe Creative Cloud,3.5
2041,Sales,Sales Executive,Critical Thinking,3.5
2041,Sales,Sales Executive,Adobe Acrobat,3.5
2041,Sales,Sales Executive,Adobe Photoshop,3.5
2041,Sales,Sales Executive,Reading Comprehension,3.38
2041,Sales,Sales Executive,Writing,3.25
2041,Sales,Sales Executive,Monitoring,3.12
2041,Sales,Sales Executive,Active Learning,3.12
2044,Sales,Sales Executive,Microsoft PowerPoint,4.5
2044,Sales,Sales Executive,Microsoft Office,4.5
2044,Sales,Sales Executive,Microsoft Outlook,4.5
2044,Sales,Sales Executive,Speaking,4.0
2044,Sales,Sales Executive,Active Listening,4.0
2044,Sales,Sales Executive,Adobe Creative Cloud,3.5
2044,Sales,Sales Executive,Adobe InDesign,3.5
2044,Sales,Sales Executive,Critical Thinking,3.5
2044,Sales,Sales Executive,Adobe Photoshop,3.5
2044,Sales,Sales Executive,Writing,3.25
2044,Sales,Sales Executive,Mathematics,2.25
2045,Sales,Sales Executive,Microsoft Excel,4.5
2045,Sales,Sales Executive,Microsoft Office,4.5
2045,Sales,Sales Executive,Speaking,4.0
2045,Sales,Sales Executive,Adobe Creative Cloud,3.5
2045,Sales,Sales Executive,Adobe InDesign,3.5
2045,Sales,Sales Executive,Adobe Acrobat,3.5
2045,Sales,Sales Executive,Adobe Photoshop,3.5
2045,Sales,Sales Executive,Reading Comprehension,3.38
2045,Sales,Sales Executive,Writing,3.25
2045,Sales,Sales Executive,Monitoring,3.12
2045,Sales,Sales Executive,Active Learning,3.12
2045,Sales,Sales Executive,Mathematics,2.25
2046,Sales,Sales Executive,Microsoft Excel,4.5
2046,Sales,Sales Executive,Microsoft Outlook,4.5
2046,Sales,Sales Executive,Speaking,4.0
2046,Sales,Sales Executive,Adobe InDesign,3.5
2046,Sales,Sales Executive,Adobe Acrobat,3.5
2046,Sales,Sales Executive,Adobe Photoshop,3.5
2046,Sales,Sales Executive,Adobe Illustrator,3.5
2046,Sales,Sales Executive,Monitoring,3.12
2046,Sales,Sales Executive,Active Learning,3.12
2048,Research & Development,Research Scientist,Writing,4.25
2048,Research & Development,Research Scientist,Speaking,4.12
2048,Research & Development,Research Scientist,Critical Thinking,4.0
2048,Research & Development,Research Scientist,Reading Comprehension,4.0
2048,Research & Development,Research Scientist,Mathematics,3.62
2048,Research & Development,Research Scientist,MATLAB,3.5
2048,Research & Development,Research Scientist,IBM SPSS Statistics,3.5
2048,Research & Development,Research Scientist,ESRI ArcGIS,3.5
2048,Research & Development,Research Scientist,SAS,3.5
2048,Research & Development,Research Scientist,Python,3.5
2049,Research & Development,Healthcare Representative,Salesforce,4.5
2049,Research & Development,Healthcare Representative,Microsoft Outlook,4.5
2049,Research & Development,Healthcare Representative,Active Listening,4.12
2049,Research & Development,Healthcare Representative,Linux,3.5
2049,Research & Development,Healthcare Representative,Microsoft Access,3.5
2049,Research & Development,Healthcare Representative,Critical Thinking,3.38
2049,Research & Development,Healthcare Representative,Monitoring,3.12
2051,Research & Development,Research Scientist,R,4.5
2051,Research & Development,Research Scientist,Science,4.12
2051,Research & Development,Research Scientist,Active Learning,4.12
2051,Research & Development,Research Scientist,Critical Thinking,4.0
2051,Research & Development,Research Scientist,Active Listening,4.0
2051,Research & Development,Research Scientist,Mathematics,3.62
2051,Research & Development,Research Scientist,MATLAB,3.5
2051,Research & Development,Research Scientist,IBM SPSS Statistics,3.5
2051,Research & Development,Research Scientist,SAS,3.5
2051,Research & Development,Research Scientist,Python,3.5
2052,Research & Development,Research Scientist,Microsoft Excel,4.5
2052,Research & Development,Research Scientist,R,4.5
2052,Research & Development,Research Scientist,Microsoft Office,4.5
2052,Research & Development,Research Scientist,Speaking,4.12
2052,Research & Development,Research Scientist,Reading Comprehension,4.0
2052,Research & Development,Research Scientist,Active Listening,4.0
2052,Research & Development,Research Scientist,Mathematics,3.62
2052,Research & Development,Research Scientist,Microsoft Project,3.5
2052,Research & Development,Research Scientist,IBM SPSS Statistics,3.5
2052,Research & Development,Research Scientist,Python,3.5
2053,Research & Development,Laboratory Technician,Microsoft Excel,4.5
2053,Research & Development,Laboratory Technician,Reading Comprehension,3.75
2053,Research & Development,Laboratory Technician,SAP,3.5
2053,Research & Development,Laboratory Technician,Microsoft PowerPoint,3.5
2053,Research & Development,Laboratory Technician,MEDITECH,3.5
2053,Research & Development,Laboratory Technician,Google Docs,3.5
2053,Research & Development,Laboratory Technician,Microsoft Outlook,3.5
2053,Research & Development,Laboratory Technician,Critical Thinking,3.25
2053,Research & Development,Laboratory Technician,Speaking,3.12
2053,Research & Development,Laboratory Technician,Electronic Medical Record (EMR),3.0
2053,Research & Development,Laboratory Technician,Science,3.0
2053,Research & Development,Laboratory Technician,Email,3.0
2053,Research & Development,Laboratory Technician,Active Learning,3.0
2054,Research & Development,Research Scientist,R,4.5
2054,Research & Development,Research Scientist,Microsoft Office,4.5
2054,Research & Development,Research Scientist,Writing,4.25
2054,Research & Development,Research Scientist,Active Learning,4.12
2054,Research & Development,Research Scientist,Mathematics,3.62
2054,Research & Development,Research Scientist,MATLAB,3.5
2054,Research & Development,Research Scientist,SAS,3.5
2054,Research & Development,Research Scientist,Python,3.5
2054,Research & Development,Research Scientist,Adobe Photoshop,3.5
2055,Sales,Sales Executive,Microsoft Excel,4.5
2055,Sales,Sales Executive,Speaking,4.0
2055,Sales,Sales Executive,Active Listening,4.0
2055,Sales,Sales Executive,Adobe InDesign,3.5
2055,Sales,Sales Executive,Adobe Acrobat,3.5
2055,Sales,Sales Executive,Adobe Illustrator,3.5
2055,Sales,Sales Executive,Reading Comprehension,3.38
2055,Sales,Sales Executive,Writing,3.25
2055,Sales,Sales Executive,Monitoring,3.12
2055,Sales,Sales Executive,Active Learning,3.12
2055,Sales,Sales Executive,Mathematics,2.25
2056,Sales,Sales Executive,Microsoft PowerPoint,4.5
2056,Sales,Sales Executive,Microsoft Office,4.5
2056,Sales,Sales Executive,Salesforce,4.5
2056,Sales,Sales Executive,Microsoft Outlook,4.5
2056,Sales,Sales Executive,Speaking,4.0
2056,Sales,Sales Executive,Adobe InDesign,3.5
2056,Sales,Sales Executive,Adobe Acrobat,3.5
2056,Sales,Sales Executive,Adobe Photoshop,3.5
2056,Sales,Sales Executive,Adobe Illustrator,3.5
2056,Sales,Sales Executive,Reading Comprehension,3.38
2056,Sales,Sales Executive,Writing,3.25
2056,Sales,Sales Executive,Monitoring,3.12
2057,Research & Development,Manufacturing Director,SAP,4.5
2057,Research & Development,Manufacturing Director,Microsoft PowerPoint,4.5
2057,Research & Development,Manufacturing Director,Microsoft Excel,4.5
2057,Research & Development,Manufacturing Director,Microsoft Office,4.5
2057,Research & Development,Manufacturing Director,Speaking,4.0
2057,Research & Development,Manufacturing Director,Reading Comprehension,3.88
2057,Research & Development,Manufacturing Director,Learning Strategies,3.75
2057,Research & Development,Manufacturing Director,Adobe After Effects,3.5
2057,Research & Development,Manufacturing Director,Adobe InDesign,3.5
2057,Research & Development,Manufacturing Director,Adobe Photoshop,3.5
2057,Research & Development,Manufacturing Director,Autodesk AutoCAD,3.5
2060,Sales,Sales Representative,Microsoft Office,4.5
2060,Sales,Sales Representative,Salesforce,4.5
2060,Sales,Sales Representative,Speaking,3.88
2060,Sales,Sales Representative,Active Listening,3.88
2060,Sales,Sales Representative,Microsoft Project,3.5
2060,Sales,Sales Representative,IBM SPSS Statistics,3.5
2060,Sales,Sales Representative,Apple macOS,3.5
2060,Sales,Sales Representative,Microsoft Word,3.5
2060,Sales,Sales Representative,HubSpot,3.5
2060,Sales,Sales Representative,Microsoft Outlook,3.5
2060,Sales,Sales Representative,Writing,3.38
2060,Sales,Sales Representative,Monitoring,3.12
2060,Sales,Sales Representative,Mathematics,2.62
2061,Research & Development,Laboratory Technician,Microsoft Excel,4.5
2061,Research & Development,Laboratory Technician,Microsoft Office,4.5
2061,Research & Development,Laboratory Technician,SAP,3.5
2061,Research & Development,Laboratory Technician,Microsoft Word,3.5
2061,Research & Development,Laboratory Technician,MEDITECH,3.5
2061,Research & Development,Laboratory Technician,Google Docs,3.5
2061,Research & Development,Laboratory Technician,Microsoft Outlook,3.5
2061,Research & Development,Laboratory Technician,Critical Thinking,3.25
2061,Research & Development,Laboratory Technician,Electronic Medical Record (EMR),3.0
2061,Research & Development,Laboratory Technician,Active Learning,3.0
2061,Research & Development,Laboratory Technician,Writing,3.0
2062,Research & Development,Healthcare Representative,Salesforce,4.5
2062,Research & Development,Healthcare Representative,Microsoft Outlook,4.5
2062,Research & Development,Healthcare Representative,Active Listening,4.12
2062,Research & Development,Healthcare Representative,Reading Comprehension,3.75
2062,Research & Development,Healthcare Representative,Amazon Web Services (AWS),3.5
2062,Research & Development,Healthcare Representative,Google Workspace,3.5
2062,Research & Development,Healthcare Representative,Microsoft Azure,3.5
2062,Research & Development,Healthcare Representative,Apache Hadoop,3.5
2062,Research & Development,Healthcare Representative,Active Learning,3.5
2062,Research & Development,Healthcare Representative,Microsoft Access,3.5
2062,Research & Development,Healthcare Representative,Critical Thinking,3.38
2062,Research & Development,Healthcare Representative,Monitoring,3.12
2062,Research & Development,Healthcare Representative,Mathematics,2.88
2064,Research & Development,Manufacturing Director,SAP,4.5
2064,Research & Development,Manufacturing Director,Microsoft Excel,4.5
2064,Research & Development,Manufacturing Director,Microsoft Office,4.5
2064,Research & Development,Manufacturing Director,Reading Comprehension,3.88
2064,Research & Development,Manufacturing Director,Active Listening,3.88
2064,Research & Development,Manufacturing Director,Learning Strategies,3.75
2064,Research & Development,Manufacturing Director,Active Learning,3.62
2064,Research & Development,Manufacturing Director,Adobe After Effects,3.5
2064,Research & Development,Manufacturing Director,Adobe InDesign,3.5
2064,Research & Development,Manufacturing Director,Adobe Photoshop,3.5
2064,Research & Development,Manufacturing Director,Autodesk AutoCAD,3.5
2065,Sales,Sales Executive,Microsoft Outlook,4.5
2065,Sales,Sales Executive,Speaking,4.0
2065,Sales,Sales Executive,Active Listening,4.0
2065,Sales,Sales Executive,Adobe Creative Cloud,3.5
2065,Sales,Sales Executive,Adobe InDesign,3.5
2065,Sales,Sales Executive,Adobe Photoshop,3.5
2065,Sales,Sales Executive,Monitoring,3.12
2065,Sales,Sales Executive,Mathematics,2.25
2068,Research & Development,Laboratory Technician,Microsoft Office,4.5
2068,Research & Development,Laboratory Technician,Reading Comprehension,3.75
2068,Research & Development,Laboratory Technician,Active Listening,3.62
2068,Research & Development,Laboratory Technician,SAP,3.5
2068,Research & Development,Laboratory Technician,Microsoft PowerPoint,3.5
2068,Research & Development,Laboratory Technician,Google Docs,3.5
2068,Research & Development,Laboratory Technician,Microsoft Outlook,3.5
2068,Research & Development,Laboratory Technician,Speaking,3.12
2068,Research & Development,Laboratory Technician,Electronic Medical Record (EMR),3.0
2068,Research & Development,Laboratory Technician,Science,3.0
2068,Research & Development,Laboratory Technician,Email,3.0
2068,Research & Development,Laboratory Technician,Active Learning,3.0
2068,Research & Development,Laboratory Technician,Writing,3.0
