EmployeeID,SkillName,SkillType,AcquiredVia,ProficiencyLevel
1,Adobe Acrobat,Software Skill,Role,3
1,Adobe InDesign,Software Skill,Role,3
1,Critical Thinking,Essential Skill,Role,3
1,Microsoft Access,Software Skill,Transferable,2
1,Microsoft Excel,Software Skill,Role,2
1,Microsoft SharePoint,Software Skill,Transferable,2
2,Active Listening,Essential Skill,Role,3
2,ESRI ArcGIS,Software Skill,Role,3
2,Linux,Software Skill,Transferable,3
2,Microsoft Excel,Software Skill,Role,3
2,Microsoft Office,Software Skill,Role,3
2,Microsoft SharePoint,Software Skill,Transferable,3
2,Reading Comprehension,Essential Skill,Role,3
2,SAS,Software Skill,Role,3
4,Active Learning,Essential Skill,Role,3
4,Critical Thinking,Essential Skill,Role,2
4,Email,Software Skill,Role,2
4,MATLAB,Software Skill,Transferable,3
4,Microsoft PowerPoint,Software Skill,Role,3
4,Monitoring,Essential Skill,Role,3
4,Salesforce,Software Skill,Transferable,3
5,Active Learning,Essential Skill,Role,3
5,Active Listening,Essential Skill,Role,4
5,Critical Thinking,Essential Skill,Role,3
5,Electronic Medical Record (EMR),Software Skill,Transferable,3
5,IBM SPSS Statistics,Software Skill,Role,3
5,Microsoft Excel,Software Skill,Role,3
5,Microsoft Project,Software Skill,Role,3
5,Science,Essential Skill,Role,4
5,Speaking,Essential Skill,Role,3
5,Writing,Essential Skill,Role,3
7,Active Learning,Essential Skill,Role,3
7,Adobe Creative Cloud,Software Skill,Transferable,2
7,Adobe Photoshop,Software Skill,Transferable,2
7,Critical Thinking,Essential Skill,Role,2
7,Electronic Medical Record (EMR),Software Skill,Role,2
7,Microsoft Excel,Software Skill,Role,2
7,Microsoft Office,Software Skill,Role,2
7,SAP,Software Skill,Role,2
8,Active Learning,Essential Skill,Role,2
8,Email,Software Skill,Role,2
8,Google Docs,Software Skill,Role,3
8,MEDITECH,Software Skill,Role,3
8,Microsoft Office,Software Skill,Role,3
8,Speaking,Essential Skill,Role,4
10,Google Docs,Software Skill,Role,4
10,Microsoft Excel,Software Skill,Role,3
10,Microsoft PowerPoint,Software Skill,Role,4
10,Reading Comprehension,Essential Skill,Role,3
10,SAP,Software Skill,Role,3
10,Science,Essential Skill,Role,3
10,Speaking,Essential Skill,Role,3
11,Active Listening,Essential Skill,Role,1
11,Critical Thinking,Essential Skill,Role,2
11,Electronic Medical Record (EMR),Software Skill,Role,1
11,Email,Software Skill,Role,3
11,Microsoft Office,Software Skill,Role,3
11,Microsoft Outlook,Software Skill,Role,2
11,Microsoft Word,Software Skill,Role,2
11,Speaking,Essential Skill,Role,1
11,Writing,Essential Skill,Role,2
12,Active Learning,Essential Skill,Role,3
12,Critical Thinking,Essential Skill,Role,3
12,Learning Strategies,Essential Skill,Role,4
12,Microsoft Office,Software Skill,Role,3
12,Monitoring,Essential Skill,Role,3
12,SAP,Software Skill,Role,4
12,Speaking,Essential Skill,Role,2
12,Writing,Essential Skill,Role,3
13,Active Learning,Essential Skill,Role,4
13,Adobe Creative Cloud,Software Skill,Transferable,3
13,Apache Hadoop,Software Skill,Role,3
13,Google Workspace,Software Skill,Role,3
13,Linux,Software Skill,Role,3
13,Microsoft Access,Software Skill,Role,3
13,Microsoft Excel,Software Skill,Role,3
13,Microsoft Outlook,Software Skill,Role,3
13,Salesforce,Software Skill,Role,4
13,Speaking,Essential Skill,Role,5
14,Adobe After Effects,Software Skill,Transferable,3
14,Adobe Photoshop,Software Skill,Transferable,3
14,Critical Thinking,Essential Skill,Role,2
14,Google Docs,Software Skill,Role,3
14,Microsoft Office,Software Skill,Role,3
14,Microsoft PowerPoint,Software Skill,Role,4
14,Microsoft Word,Software Skill,Role,3
14,Reading Comprehension,Essential Skill,Role,3
14,SAP,Software Skill,Role,3
14,Science,Essential Skill,Role,3
14,Writing,Essential Skill,Role,2
15,Critical Thinking,Essential Skill,Role,4
15,Email,Software Skill,Role,3
15,Microsoft Outlook,Software Skill,Role,3
15,Monitoring,Essential Skill,Role,3
15,Python,Software Skill,Transferable,3
15,SAS,Software Skill,Transferable,3
15,Speaking,Essential Skill,Role,4
15,Writing,Essential Skill,Role,3
16,Adobe Photoshop,Software Skill,Role,1
16,Atlassian JIRA,Software Skill,Transferable,3
16,ESRI ArcGIS,Software Skill,Role,3
16,Microsoft Office,Software Skill,Role,2
16,Microsoft Outlook,Software Skill,Transferable,3
16,Microsoft Project,Software Skill,Role,2
16,Reading Comprehension,Essential Skill,Role,2
16,Science,Essential Skill,Role,3
18,Active Listening,Essential Skill,Role,3
18,Critical Thinking,Essential Skill,Role,2
18,Email,Software Skill,Role,3
18,Linux,Software Skill,Transferable,2
18,Microsoft Excel,Software Skill,Role,2
18,Microsoft Word,Software Skill,Role,3
18,SAP,Software Skill,Role,2
19,Active Listening,Essential Skill,Role,2
19,Adobe Photoshop,Software Skill,Transferable,3
19,Microsoft Outlook,Software Skill,Role,3
19,Microsoft Word,Software Skill,Role,3
19,SAP,Software Skill,Role,3
19,Science,Essential Skill,Role,3
20,Active Listening,Essential Skill,Role,3
20,Adobe Acrobat,Software Skill,Role,3
20,Autodesk AutoCAD,Software Skill,Role,3
20,Critical Thinking,Essential Skill,Role,4
20,HubSpot,Software Skill,Transferable,5
20,Learning Strategies,Essential Skill,Role,3
20,MEDITECH,Software Skill,Transferable,4
20,Microsoft Excel,Software Skill,Role,4
20,Microsoft PowerPoint,Software Skill,Role,4
20,Monitoring,Essential Skill,Role,4
20,Speaking,Essential Skill,Role,3
20,Writing,Essential Skill,Role,3
21,Active Learning,Essential Skill,Role,3
21,Adobe Photoshop,Software Skill,Role,3
21,Applicant Tracking System (ATS),Software Skill,Transferable,3
21,ESRI ArcGIS,Software Skill,Role,3
21,IBM SPSS Statistics,Software Skill,Role,4
21,Mathematics,Essential Skill,Role,4
21,Microsoft Office,Software Skill,Role,3
21,Speaking,Essential Skill,Role,4
22,Microsoft Office,Software Skill,Role,2
22,Monitoring,Essential Skill,Role,2
22,Reading Comprehension,Essential Skill,Role,3
22,Speaking,Essential Skill,Role,3
22,Workday,Software Skill,Transferable,4
22,Writing,Essential Skill,Role,2
23,Active Learning,Essential Skill,Role,3
23,Apple macOS,Software Skill,Role,3
23,Atlassian Confluence,Software Skill,Role,5
23,Atlassian JIRA,Software Skill,Role,5
23,Critical Thinking,Essential Skill,Role,4
23,Google Analytics,Software Skill,Role,4
23,Learning Strategies,Essential Skill,Role,5
23,Microsoft Office,Software Skill,Role,5
23,Microsoft PowerPoint,Software Skill,Role,3
23,Monitoring,Essential Skill,Role,5
23,Reading Comprehension,Essential Skill,Role,4
23,Speaking,Essential Skill,Role,3
23,Writing,Essential Skill,Role,4
24,Active Learning,Essential Skill,Role,2
24,Critical Thinking,Essential Skill,Role,3
24,ESRI ArcGIS,Software Skill,Role,3
24,IBM SPSS Statistics,Software Skill,Role,3
24,Linux,Software Skill,Transferable,4
24,Microsoft Office,Software Skill,Role,3
24,Microsoft Outlook,Software Skill,Transferable,1
24,Science,Essential Skill,Role,3
24,Speaking,Essential Skill,Role,2
26,Critical Thinking,Essential Skill,Role,2
26,HubSpot,Software Skill,Transferable,3
26,Learning Strategies,Essential Skill,Role,3
26,Microsoft Office,Software Skill,Role,2
26,Reading Comprehension,Essential Skill,Role,3
26,SAP,Software Skill,Role,3
27,Active Listening,Essential Skill,Role,4
27,Apple macOS,Software Skill,Role,3
27,Microsoft Excel,Software Skill,Role,5
27,Microsoft Office,Software Skill,Role,3
27,Microsoft Visio,Software Skill,Transferable,3
27,Reading Comprehension,Essential Skill,Role,3
27,Salesforce,Software Skill,Role,3
27,Science,Essential Skill,Transferable,4
27,Writing,Essential Skill,Role,4
28,Critical Thinking,Essential Skill,Role,3
28,ESRI ArcGIS,Software Skill,Role,4
28,Email,Software Skill,Transferable,4
28,Microsoft Excel,Software Skill,Role,3
28,Microsoft Office,Software Skill,Role,4
28,Microsoft Outlook,Software Skill,Transferable,5
28,Microsoft PowerPoint,Software Skill,Role,3
28,Microsoft SharePoint,Software Skill,Role,3
28,Monitoring,Essential Skill,Role,4
28,Reading Comprehension,Essential Skill,Role,4
30,Active Learning,Essential Skill,Role,3
30,IBM SPSS Statistics,Software Skill,Role,2
30,MATLAB,Software Skill,Role,4
30,Mathematics,Essential Skill,Role,3
30,Microsoft Project,Software Skill,Role,3
30,Speaking,Essential Skill,Role,2
30,Writing,Essential Skill,Role,3
31,Active Learning,Essential Skill,Role,2
31,Active Listening,Essential Skill,Role,2
31,Autodesk AutoCAD,Software Skill,Transferable,3
31,MATLAB,Software Skill,Role,1
31,Reading Comprehension,Essential Skill,Role,1
32,Active Listening,Essential Skill,Role,5
32,Adobe Photoshop,Software Skill,Role,5
32,Critical Thinking,Essential Skill,Role,5
32,Google Docs,Software Skill,Transferable,4
32,Microsoft Excel,Software Skill,Role,5
32,Microsoft Office,Software Skill,Role,4
32,Microsoft Word,Software Skill,Transferable,4
32,Monitoring,Essential Skill,Role,4
32,Reading Comprehension,Essential Skill,Role,4
32,Speaking,Essential Skill,Role,4
32,Writing,Essential Skill,Role,3
33,Adobe Photoshop,Software Skill,Role,3
33,ESRI ArcGIS,Software Skill,Role,2
33,MATLAB,Software Skill,Role,1
33,Mathematics,Essential Skill,Role,2
33,Microsoft Office,Software Skill,Role,2
33,Microsoft Project,Software Skill,Role,4
33,Python,Software Skill,Role,2
33,R,Software Skill,Role,3
33,Reading Comprehension,Essential Skill,Role,3
33,Science,Essential Skill,Role,3
33,Writing,Essential Skill,Role,2
35,Active Learning,Essential Skill,Role,3
35,Active Listening,Essential Skill,Role,4
35,Adobe Illustrator,Software Skill,Role,5
35,Adobe Photoshop,Software Skill,Role,4
35,Mathematics,Essential Skill,Role,4
35,Microsoft Office,Software Skill,Role,4
35,Microsoft PowerPoint,Software Skill,Role,3
35,Reading Comprehension,Essential Skill,Role,3
35,Salesforce,Software Skill,Role,3
35,Speaking,Essential Skill,Role,4
35,Workday,Software Skill,Transferable,3
35,Writing,Essential Skill,Role,3
36,Active Learning,Essential Skill,Role,4
36,Active Listening,Essential Skill,Role,4
36,Amazon Web Services (AWS),Software Skill,Role,5
36,Critical Thinking,Essential Skill,Role,5
36,Mathematics,Essential Skill,Role,4
36,Microsoft Azure,Software Skill,Role,4
36,Microsoft Excel,Software Skill,Role,3
36,Microsoft Office,Software Skill,Role,4
36,Reading Comprehension,Essential Skill,Role,4
36,Salesforce,Software Skill,Role,4
36,Speaking,Essential Skill,Role,4
36,Writing,Essential Skill,Role,4
38,Active Learning,Essential Skill,Role,4
38,Active Listening,Essential Skill,Role,4
38,Adobe Acrobat,Software Skill,Role,4
38,Atlassian JIRA,Software Skill,Role,4
38,Autodesk AutoCAD,Software Skill,Role,5
38,Microsoft Excel,Software Skill,Role,4
38,Microsoft Office,Software Skill,Role,5
38,Microsoft PowerPoint,Software Skill,Role,4
38,Microsoft Word,Software Skill,Transferable,5
38,Oracle HRIS,Software Skill,Transferable,5
38,Reading Comprehension,Essential Skill,Role,4
38,Speaking,Essential Skill,Role,4
39,Learning Strategies,Essential Skill,Transferable,3
39,Microsoft Excel,Software Skill,Role,4
39,Microsoft Office,Software Skill,Role,4
39,Microsoft PowerPoint,Software Skill,Role,3
39,Microsoft Word,Software Skill,Role,4
39,R,Software Skill,Transferable,4
40,Apache Hadoop,Software Skill,Role,3
40,Critical Thinking,Essential Skill,Role,4
40,Google Workspace,Software Skill,Role,3
40,Linux,Software Skill,Role,4
40,Microsoft Azure,Software Skill,Role,3
40,Microsoft Excel,Software Skill,Role,3
40,Microsoft Office,Software Skill,Role,4
40,Microsoft Outlook,Software Skill,Role,4
40,Monitoring,Essential Skill,Role,4
40,Writing,Essential Skill,Role,3
41,Active Learning,Essential Skill,Role,4
41,Active Listening,Essential Skill,Role,2
41,Critical Thinking,Essential Skill,Role,3
41,Email,Software Skill,Role,3
41,Microsoft PowerPoint,Software Skill,Role,3
41,Monitoring,Essential Skill,Role,3
41,SAP,Software Skill,Role,3
42,Apple macOS,Software Skill,Role,4
42,Critical Thinking,Essential Skill,Role,3
42,HubSpot,Software Skill,Role,3
42,Microsoft Excel,Software Skill,Role,5
42,Microsoft Office,Software Skill,Role,4
42,Microsoft Outlook,Software Skill,Role,4
42,Microsoft Project,Software Skill,Role,4
42,Monitoring,Essential Skill,Role,3
42,Speaking,Essential Skill,Role,5
45,Active Listening,Essential Skill,Role,1
45,Critical Thinking,Essential Skill,Role,2
45,MATLAB,Software Skill,Role,3
45,Mathematics,Essential Skill,Role,3
45,Microsoft Access,Software Skill,Transferable,2
45,R,Software Skill,Role,3
45,SAS,Software Skill,Role,1
45,Salesforce,Software Skill,Transferable,3
45,Science,Essential Skill,Role,3
46,Critical Thinking,Essential Skill,Role,2
46,ESRI ArcGIS,Software Skill,Role,2
46,IBM SPSS Statistics,Software Skill,Role,3
46,Microsoft Azure,Software Skill,Transferable,2
46,Microsoft Office,Software Skill,Role,2
46,Python,Software Skill,Role,3
46,Reading Comprehension,Essential Skill,Role,3
46,SAS,Software Skill,Role,2
46,Writing,Essential Skill,Role,3
47,Active Listening,Essential Skill,Role,3
47,Critical Thinking,Essential Skill,Role,2
47,SAS,Software Skill,Transferable,2
47,Speaking,Essential Skill,Role,2
49,Adobe After Effects,Software Skill,Transferable,2
49,Apple macOS,Software Skill,Role,3
49,HubSpot,Software Skill,Role,3
49,IBM SPSS Statistics,Software Skill,Role,3
49,Mathematics,Essential Skill,Role,3
49,Microsoft Excel,Software Skill,Role,3
49,Microsoft Office,Software Skill,Role,1
49,Microsoft Outlook,Software Skill,Role,2
49,Microsoft Project,Software Skill,Role,3
49,Monitoring,Essential Skill,Role,3
49,SAP,Software Skill,Transferable,3
49,Writing,Essential Skill,Role,1
51,Active Listening,Essential Skill,Role,4
51,Microsoft Excel,Software Skill,Role,5
51,R,Software Skill,Role,2
51,Reading Comprehension,Essential Skill,Role,3
52,Active Listening,Essential Skill,Role,5
52,Adobe Acrobat,Software Skill,Role,2
52,Adobe Photoshop,Software Skill,Role,3
52,Amazon Web Services (AWS),Software Skill,Transferable,4
52,Critical Thinking,Essential Skill,Role,3
52,HubSpot,Software Skill,Transferable,2
52,Mathematics,Essential Skill,Role,3
52,Microsoft Excel,Software Skill,Role,3
52,Microsoft Outlook,Software Skill,Role,3
52,Reading Comprehension,Essential Skill,Role,3
52,Speaking,Essential Skill,Role,4
52,Writing,Essential Skill,Role,3
53,Active Learning,Essential Skill,Role,3
53,ESRI ArcGIS,Software Skill,Transferable,3
53,MEDITECH,Software Skill,Role,3
53,Python,Software Skill,Transferable,2
54,Critical Thinking,Essential Skill,Role,4
54,Email,Software Skill,Role,4
54,MEDITECH,Software Skill,Role,3
54,Microsoft Excel,Software Skill,Role,3
54,Microsoft PowerPoint,Software Skill,Role,3
54,Microsoft Word,Software Skill,Role,3
54,Reading Comprehension,Essential Skill,Role,3
54,SAP,Software Skill,Role,3
54,Science,Essential Skill,Role,3
54,Speaking,Essential Skill,Role,4
55,Adobe Acrobat,Software Skill,Transferable,2
55,Critical Thinking,Essential Skill,Role,2
55,Google Docs,Software Skill,Role,2
55,Linux,Software Skill,Transferable,2
55,Microsoft Excel,Software Skill,Role,2
55,Microsoft Office,Software Skill,Role,2
55,Microsoft Outlook,Software Skill,Role,4
55,Microsoft PowerPoint,Software Skill,Role,2
55,Reading Comprehension,Essential Skill,Role,2
55,Speaking,Essential Skill,Role,4
56,Active Listening,Essential Skill,Role,3
56,Adobe Acrobat,Software Skill,Role,4
56,Adobe Photoshop,Software Skill,Role,4
56,Mathematics,Essential Skill,Role,3
56,Microsoft Office,Software Skill,Role,4
56,Microsoft Outlook,Software Skill,Role,4
56,Microsoft PowerPoint,Software Skill,Role,3
56,Monitoring,Essential Skill,Role,2
56,Reading Comprehension,Essential Skill,Role,4
56,Writing,Essential Skill,Role,4
57,Active Listening,Essential Skill,Role,4
57,Atlassian Confluence,Software Skill,Transferable,2
57,Critical Thinking,Essential Skill,Role,3
57,Electronic Medical Record (EMR),Software Skill,Role,2
57,Email,Software Skill,Role,3
57,MEDITECH,Software Skill,Role,3
57,Microsoft Excel,Software Skill,Role,3
57,Microsoft Office,Software Skill,Role,4
57,Microsoft Outlook,Software Skill,Role,3
57,Microsoft Word,Software Skill,Role,3
57,Reading Comprehension,Essential Skill,Role,2
57,SAP,Software Skill,Role,3
57,Science,Essential Skill,Role,3
57,Speaking,Essential Skill,Role,2
57,Writing,Essential Skill,Role,3
58,Active Listening,Essential Skill,Role,4
58,Adobe Acrobat,Software Skill,Role,4
58,Amazon Web Services (AWS),Software Skill,Transferable,4
58,Critical Thinking,Essential Skill,Role,4
58,ESRI ArcGIS,Software Skill,Role,4
58,IBM SPSS Statistics,Software Skill,Role,5
58,Microsoft Access,Software Skill,Role,5
58,Microsoft Excel,Software Skill,Role,4
58,Microsoft PowerPoint,Software Skill,Role,4
58,Microsoft Word,Software Skill,Transferable,5
58,Reading Comprehension,Essential Skill,Role,4
58,Science,Essential Skill,Role,5
58,Speaking,Essential Skill,Role,4
60,Adobe Illustrator,Software Skill,Role,3
60,Adobe InDesign,Software Skill,Role,5
60,Adobe Photoshop,Software Skill,Role,3
60,Microsoft Excel,Software Skill,Role,4
60,Microsoft Outlook,Software Skill,Role,4
60,Microsoft PowerPoint,Software Skill,Role,3
61,Active Listening,Essential Skill,Role,2
61,Critical Thinking,Essential Skill,Role,2
61,Microsoft Excel,Software Skill,Role,1
61,Microsoft Office,Software Skill,Role,3
61,Oracle HRIS,Software Skill,Transferable,3
62,Active Learning,Essential Skill,Role,4
62,Adobe Acrobat,Software Skill,Role,4
62,Adobe Creative Cloud,Software Skill,Role,3
62,Adobe InDesign,Software Skill,Role,4
62,Adobe Photoshop,Software Skill,Role,5
62,Critical Thinking,Essential Skill,Role,4
62,Microsoft Excel,Software Skill,Role,4
62,Microsoft Office,Software Skill,Role,4
62,Microsoft Outlook,Software Skill,Role,3
62,Microsoft PowerPoint,Software Skill,Role,5
62,Salesforce,Software Skill,Role,4
62,Workday,Software Skill,Transferable,4
63,Active Listening,Essential Skill,Role,3
63,Google Docs,Software Skill,Role,2
63,Monitoring,Essential Skill,Role,2
63,R,Software Skill,Transferable,2
63,Speaking,Essential Skill,Role,1
63,Writing,Essential Skill,Role,3
64,Adobe Acrobat,Software Skill,Transferable,4
64,Reading Comprehension,Essential Skill,Role,4
64,Speaking,Essential Skill,Role,3
65,Active Learning,Essential Skill,Role,4
65,Active Listening,Essential Skill,Role,3
65,Apple macOS,Software Skill,Transferable,4
65,Critical Thinking,Essential Skill,Role,3
65,Google Docs,Software Skill,Role,4
65,Microsoft PowerPoint,Software Skill,Role,4
65,Microsoft Word,Software Skill,Role,4
65,Monitoring,Essential Skill,Role,2
65,Reading Comprehension,Essential Skill,Role,3
65,SAP,Software Skill,Role,4
65,Speaking,Essential Skill,Role,2
68,Active Learning,Essential Skill,Role,3
68,Active Listening,Essential Skill,Role,3
68,Adobe Photoshop,Software Skill,Role,4
68,Critical Thinking,Essential Skill,Role,4
68,Microsoft Access,Software Skill,Transferable,4
68,Microsoft Excel,Software Skill,Role,4
68,Microsoft Office,Software Skill,Role,4
68,Monitoring,Essential Skill,Role,5
68,Reading Comprehension,Essential Skill,Role,3
68,Speaking,Essential Skill,Role,3
70,Adobe Illustrator,Software Skill,Transferable,2
70,Microsoft Office,Software Skill,Role,2
70,Microsoft Outlook,Software Skill,Role,2
70,Python,Software Skill,Transferable,3
70,Salesforce,Software Skill,Role,3
70,Writing,Essential Skill,Role,4
72,Adobe Acrobat,Software Skill,Role,4
72,Adobe Creative Cloud,Software Skill,Role,3
72,Adobe Illustrator,Software Skill,Role,3
72,Adobe InDesign,Software Skill,Role,3
72,Critical Thinking,Essential Skill,Role,2
72,Mathematics,Essential Skill,Role,2
72,Microsoft Office,Software Skill,Role,3
72,Microsoft Outlook,Software Skill,Role,2
72,Microsoft PowerPoint,Software Skill,Role,2
72,SAS,Software Skill,Transferable,3
72,Salesforce,Software Skill,Role,3
73,Active Listening,Essential Skill,Role,4
73,Adobe Acrobat,Software Skill,Role,2
73,IBM SPSS Statistics,Software Skill,Role,4
73,Microsoft Azure,Software Skill,Transferable,4
73,Microsoft Excel,Software Skill,Role,4
73,Microsoft Office,Software Skill,Role,3
73,Microsoft PowerPoint,Software Skill,Role,3
73,Monitoring,Essential Skill,Role,4
73,Science,Essential Skill,Role,3
73,Writing,Essential Skill,Role,3
74,Active Learning,Essential Skill,Role,4
74,Adobe Acrobat,Software Skill,Role,4
74,Adobe Creative Cloud,Software Skill,Role,4
74,Adobe InDesign,Software Skill,Role,4
74,Apple macOS,Software Skill,Transferable,3
74,Microsoft Excel,Software Skill,Role,3
74,Microsoft Office,Software Skill,Role,3
74,Microsoft Outlook,Software Skill,Role,4
74,Monitoring,Essential Skill,Role,4
74,SAS,Software Skill,Transferable,3
74,Writing,Essential Skill,Role,3
75,Active Listening,Essential Skill,Role,2
75,Critical Thinking,Essential Skill,Role,4
75,ESRI ArcGIS,Software Skill,Transferable,3
75,Email,Software Skill,Role,3
75,Google Docs,Software Skill,Role,2
75,Microsoft Office,Software Skill,Role,2
75,Microsoft Outlook,Software Skill,Role,2
75,Microsoft Word,Software Skill,Role,3
75,Oracle HRIS,Software Skill,Transferable,3
75,Reading Comprehension,Essential Skill,Role,3
75,SAP,Software Skill,Role,2
75,Science,Essential Skill,Role,3
76,Active Learning,Essential Skill,Role,3
76,Electronic Medical Record (EMR),Software Skill,Role,4
76,Email,Software Skill,Role,4
76,MEDITECH,Software Skill,Role,3
76,Microsoft Excel,Software Skill,Role,4
76,Microsoft Outlook,Software Skill,Role,2
76,Microsoft PowerPoint,Software Skill,Role,5
76,Microsoft Word,Software Skill,Role,4
76,Reading Comprehension,Essential Skill,Role,3
76,Speaking,Essential Skill,Role,4
76,Writing,Essential Skill,Role,4
77,Amazon Web Services (AWS),Software Skill,Transferable,4
77,Microsoft Excel,Software Skill,Role,4
77,Microsoft Outlook,Software Skill,Role,3
77,SAP,Software Skill,Role,3
77,Speaking,Essential Skill,Role,2
78,Active Learning,Essential Skill,Role,3
78,Adobe After Effects,Software Skill,Role,2
78,Critical Thinking,Essential Skill,Role,3
78,Microsoft Azure,Software Skill,Transferable,3
78,Reading Comprehension,Essential Skill,Role,3
78,Speaking,Essential Skill,Role,3
79,Active Learning,Essential Skill,Role,5
79,Cisco Webex,Software Skill,Transferable,4
79,Electronic Medical Record (EMR),Software Skill,Role,3
79,Google Docs,Software Skill,Role,4
79,Microsoft Excel,Software Skill,Role,3
79,Microsoft Outlook,Software Skill,Role,3
79,Reading Comprehension,Essential Skill,Role,4
79,SAP,Software Skill,Role,3
79,Speaking,Essential Skill,Role,3
80,Active Listening,Essential Skill,Role,3
80,Adobe Acrobat,Software Skill,Role,5
80,Adobe InDesign,Software Skill,Transferable,4
80,ESRI ArcGIS,Software Skill,Role,4
80,IBM SPSS Statistics,Software Skill,Role,5
80,Microsoft Excel,Software Skill,Role,5
80,Microsoft PowerPoint,Software Skill,Role,4
80,Microsoft Project,Software Skill,Role,4
80,Microsoft Word,Software Skill,Transferable,4
80,Speaking,Essential Skill,Role,3
81,Active Learning,Essential Skill,Role,5
81,Adobe Creative Cloud,Software Skill,Role,4
81,Adobe Illustrator,Software Skill,Role,5
81,Critical Thinking,Essential Skill,Role,4
81,Microsoft Office,Software Skill,Role,3
81,Microsoft Outlook,Software Skill,Role,4
81,Microsoft PowerPoint,Software Skill,Role,4
81,Monitoring,Essential Skill,Role,3
81,Reading Comprehension,Essential Skill,Role,5
81,Salesforce,Software Skill,Role,4
81,Writing,Essential Skill,Role,4
83,Active Learning,Essential Skill,Role,4
83,Active Listening,Essential Skill,Role,3
83,Amazon Web Services (AWS),Software Skill,Role,4
83,Microsoft Excel,Software Skill,Role,3
83,Reading Comprehension,Essential Skill,Role,4
83,Salesforce,Software Skill,Role,4
83,Writing,Essential Skill,Role,2
84,Adobe Acrobat,Software Skill,Role,4
84,Adobe Photoshop,Software Skill,Role,4
84,Autodesk AutoCAD,Software Skill,Role,3
84,Critical Thinking,Essential Skill,Role,4
84,Google Analytics,Software Skill,Role,4
84,Learning Strategies,Essential Skill,Role,3
84,Microsoft Excel,Software Skill,Role,4
84,Microsoft Office,Software Skill,Role,3
84,Microsoft PowerPoint,Software Skill,Role,4
84,Monitoring,Essential Skill,Role,4
84,Speaking,Essential Skill,Role,4
85,Active Listening,Essential Skill,Role,3
85,Adobe Photoshop,Software Skill,Role,3
85,Critical Thinking,Essential Skill,Role,3
85,Microsoft Office,Software Skill,Role,2
86,Active Learning,Essential Skill,Role,3
86,Active Listening,Essential Skill,Role,5
86,Critical Thinking,Essential Skill,Role,4
86,ESRI ArcGIS,Software Skill,Role,4
86,Mathematics,Essential Skill,Role,4
86,Microsoft Excel,Software Skill,Role,5
86,Microsoft Office,Software Skill,Role,4
86,Microsoft Project,Software Skill,Role,4
86,Monitoring,Essential Skill,Transferable,4
86,Python,Software Skill,Role,4
86,R,Software Skill,Role,3
86,Reading Comprehension,Essential Skill,Role,4
86,Salesforce,Software Skill,Transferable,4
86,Science,Essential Skill,Role,4
86,Writing,Essential Skill,Role,3
88,Active Listening,Essential Skill,Role,2
88,Critical Thinking,Essential Skill,Role,1
88,ESRI ArcGIS,Software Skill,Role,3
88,Microsoft SharePoint,Software Skill,Transferable,3
88,Reading Comprehension,Essential Skill,Role,2
88,Writing,Essential Skill,Role,3
90,Adobe Photoshop,Software Skill,Role,3
90,ESRI ArcGIS,Software Skill,Role,2
90,MATLAB,Software Skill,Role,2
90,Microsoft Project,Software Skill,Role,2
90,Speaking,Essential Skill,Role,1
90,Writing,Essential Skill,Role,3
91,Active Learning,Essential Skill,Role,3
91,Active Listening,Essential Skill,Role,2
91,Linux,Software Skill,Transferable,3
91,Mathematics,Essential Skill,Role,2
91,Microsoft Excel,Software Skill,Role,2
91,Python,Software Skill,Transferable,3
91,Salesforce,Software Skill,Role,3
91,Writing,Essential Skill,Role,2
94,Autodesk AutoCAD,Software Skill,Transferable,2
94,MATLAB,Software Skill,Role,3
94,Mathematics,Essential Skill,Role,3
94,Microsoft Project,Software Skill,Role,4
94,Python,Software Skill,Role,3
94,Science,Essential Skill,Role,3
94,Speaking,Essential Skill,Role,3
94,Writing,Essential Skill,Role,3
95,Active Learning,Essential Skill,Role,3
95,Mathematics,Essential Skill,Role,3
95,Microsoft Excel,Software Skill,Role,3
95,Microsoft Office,Software Skill,Role,4
95,Microsoft Project,Software Skill,Role,3
95,R,Software Skill,Role,3
95,Reading Comprehension,Essential Skill,Role,3
95,SAS,Software Skill,Role,4
95,Speaking,Essential Skill,Role,3
96,Active Learning,Essential Skill,Role,2
96,IBM SPSS Statistics,Software Skill,Role,3
96,MATLAB,Software Skill,Role,2
96,Mathematics,Essential Skill,Role,2
96,Microsoft Excel,Software Skill,Role,3
96,Microsoft Office,Software Skill,Role,3
96,R,Software Skill,Role,3
96,SAS,Software Skill,Role,4
96,Science,Essential Skill,Role,3
97,Active Listening,Essential Skill,Role,3
97,Apple macOS,Software Skill,Transferable,2
97,Critical Thinking,Essential Skill,Role,2
97,HubSpot,Software Skill,Transferable,3
97,MEDITECH,Software Skill,Role,3
97,Microsoft Excel,Software Skill,Role,2
97,Microsoft Outlook,Software Skill,Role,5
97,Microsoft PowerPoint,Software Skill,Role,4
97,Writing,Essential Skill,Role,3
98,Active Learning,Essential Skill,Role,4
98,Active Listening,Essential Skill,Role,4
98,Adobe Acrobat,Software Skill,Role,3
98,Adobe After Effects,Software Skill,Role,3
98,Adobe InDesign,Software Skill,Role,4
98,Adobe Photoshop,Software Skill,Role,3
98,Amazon Web Services (AWS),Software Skill,Transferable,3
98,Autodesk AutoCAD,Software Skill,Role,4
98,Microsoft Project,Software Skill,Transferable,4
98,Monitoring,Essential Skill,Role,2
98,Reading Comprehension,Essential Skill,Role,3
98,Speaking,Essential Skill,Role,3
98,Writing,Essential Skill,Role,4
100,Adobe Illustrator,Software Skill,Role,4
100,Learning Strategies,Essential Skill,Transferable,4
100,Microsoft Excel,Software Skill,Role,4
100,Microsoft PowerPoint,Software Skill,Role,4
100,Monitoring,Essential Skill,Role,4
100,Speaking,Essential Skill,Role,4
101,Active Listening,Essential Skill,Role,4
101,Adobe Acrobat,Software Skill,Role,4
101,Critical Thinking,Essential Skill,Role,4
101,ESRI ArcGIS,Software Skill,Role,4
101,IBM SPSS Statistics,Software Skill,Role,5
101,Microsoft Excel,Software Skill,Role,3
101,Microsoft PowerPoint,Software Skill,Role,4
101,Microsoft Visio,Software Skill,Role,4
101,Science,Essential Skill,Role,4
101,Speaking,Essential Skill,Role,5
101,Writing,Essential Skill,Role,4
102,Active Listening,Essential Skill,Role,4
102,Adobe Acrobat,Software Skill,Role,5
102,ESRI ArcGIS,Software Skill,Role,3
102,Electronic Medical Record (EMR),Software Skill,Transferable,3
102,IBM SPSS Statistics,Software Skill,Role,3
102,MATLAB,Software Skill,Transferable,4
102,Microsoft Access,Software Skill,Role,3
102,Microsoft Excel,Software Skill,Role,4
102,Microsoft Office,Software Skill,Role,5
102,Microsoft PowerPoint,Software Skill,Role,5
102,Microsoft Project,Software Skill,Role,3
102,Microsoft SharePoint,Software Skill,Role,3
103,Active Listening,Essential Skill,Role,2
103,Adobe Acrobat,Software Skill,Role,3
103,Adobe Photoshop,Software Skill,Role,3
103,Google Workspace,Software Skill,Transferable,3
103,Learning Strategies,Essential Skill,Role,3
103,Microsoft Excel,Software Skill,Role,3
103,Microsoft PowerPoint,Software Skill,Role,3
103,Oracle HRIS,Software Skill,Role,3
103,Reading Comprehension,Essential Skill,Role,3
103,Workday,Software Skill,Role,3
104,Google Analytics,Software Skill,Transferable,3
104,Microsoft Access,Software Skill,Transferable,3
104,Microsoft PowerPoint,Software Skill,Role,2
104,SAP,Software Skill,Role,3
104,Writing,Essential Skill,Role,2
105,Active Learning,Essential Skill,Role,3
105,ESRI ArcGIS,Software Skill,Role,2
105,IBM SPSS Statistics,Software Skill,Role,2
105,MATLAB,Software Skill,Role,1
105,Microsoft Excel,Software Skill,Role,2
105,Microsoft Project,Software Skill,Role,3
105,Python,Software Skill,Role,4
105,Reading Comprehension,Essential Skill,Role,3
105,Science,Essential Skill,Role,4
105,Speaking,Essential Skill,Role,3
106,Active Listening,Essential Skill,Role,5
106,Adobe Acrobat,Software Skill,Role,4
106,Adobe After Effects,Software Skill,Transferable,3
106,Adobe Creative Cloud,Software Skill,Role,5
106,Atlassian JIRA,Software Skill,Transferable,4
106,Critical Thinking,Essential Skill,Role,3
106,Mathematics,Essential Skill,Role,4
106,Microsoft Excel,Software Skill,Role,4
106,Microsoft Outlook,Software Skill,Role,3
106,Microsoft PowerPoint,Software Skill,Role,4
106,Monitoring,Essential Skill,Role,4
106,Reading Comprehension,Essential Skill,Role,4
106,Salesforce,Software Skill,Role,5
106,Writing,Essential Skill,Role,4
107,Active Learning,Essential Skill,Role,4
107,Active Listening,Essential Skill,Role,4
107,Adobe Photoshop,Software Skill,Role,4
107,MATLAB,Software Skill,Role,4
107,Microsoft Excel,Software Skill,Role,4
107,Science,Essential Skill,Role,4
107,Writing,Essential Skill,Role,4
110,Active Listening,Essential Skill,Role,4
110,Adobe Acrobat,Software Skill,Role,3
110,Adobe After Effects,Software Skill,Role,3
110,Adobe InDesign,Software Skill,Role,2
110,Adobe Photoshop,Software Skill,Role,3
110,Critical Thinking,Essential Skill,Role,3
110,Microsoft Excel,Software Skill,Role,4
110,Microsoft Outlook,Software Skill,Role,3
110,Microsoft PowerPoint,Software Skill,Role,3
110,Reading Comprehension,Essential Skill,Role,3
112,Active Learning,Essential Skill,Role,4
112,Adobe Photoshop,Software Skill,Role,3
112,Learning Strategies,Essential Skill,Role,4
112,Microsoft Excel,Software Skill,Role,5
112,Microsoft Office,Software Skill,Role,4
112,Monitoring,Essential Skill,Role,5
112,Speaking,Essential Skill,Role,5
113,Active Listening,Essential Skill,Role,2
113,Google Analytics,Software Skill,Transferable,3
113,HubSpot,Software Skill,Role,1
113,Microsoft Excel,Software Skill,Role,1
113,Speaking,Essential Skill,Role,3
116,Active Learning,Essential Skill,Role,4
116,Active Listening,Essential Skill,Role,2
116,Microsoft Excel,Software Skill,Role,2
116,Monitoring,Essential Skill,Role,4
116,Reading Comprehension,Essential Skill,Role,4
117,Active Learning,Essential Skill,Role,3
117,Amazon Web Services (AWS),Software Skill,Role,4
117,Critical Thinking,Essential Skill,Role,3
117,Linux,Software Skill,Role,4
117,Mathematics,Essential Skill,Role,3
117,Microsoft Office,Software Skill,Role,3
117,Microsoft Outlook,Software Skill,Role,3
117,Monitoring,Essential Skill,Role,4
117,Salesforce,Software Skill,Role,3
117,Writing,Essential Skill,Role,3
118,Adobe Creative Cloud,Software Skill,Role,4
118,Adobe InDesign,Software Skill,Role,4
118,Mathematics,Essential Skill,Role,3
118,Microsoft Office,Software Skill,Role,2
118,Microsoft PowerPoint,Software Skill,Role,3
118,Microsoft Word,Software Skill,Transferable,3
118,Reading Comprehension,Essential Skill,Role,3
119,Critical Thinking,Essential Skill,Role,5
119,Learning Strategies,Essential Skill,Transferable,4
119,Mathematics,Essential Skill,Role,5
119,Microsoft Outlook,Software Skill,Role,4
119,Monitoring,Essential Skill,Role,4
120,Active Listening,Essential Skill,Role,4
120,Adobe Acrobat,Software Skill,Role,3
120,Adobe Creative Cloud,Software Skill,Role,2
120,Critical Thinking,Essential Skill,Role,3
120,ESRI ArcGIS,Software Skill,Transferable,4
120,Microsoft Outlook,Software Skill,Role,3
120,Microsoft PowerPoint,Software Skill,Role,3
120,Reading Comprehension,Essential Skill,Role,4
120,Writing,Essential Skill,Role,4
121,Active Listening,Essential Skill,Role,3
121,Adobe Creative Cloud,Software Skill,Role,3
121,Adobe InDesign,Software Skill,Role,3
121,Critical Thinking,Essential Skill,Role,3
121,IBM SPSS Statistics,Software Skill,Transferable,4
121,Microsoft Excel,Software Skill,Role,4
121,Microsoft Office,Software Skill,Role,3
121,Microsoft PowerPoint,Software Skill,Role,3
121,Salesforce,Software Skill,Role,3
121,Writing,Essential Skill,Role,3
124,Active Learning,Essential Skill,Role,5
124,Amazon Web Services (AWS),Software Skill,Role,4
124,Critical Thinking,Essential Skill,Role,5
124,Linux,Software Skill,Role,4
124,Microsoft Excel,Software Skill,Role,4
124,Microsoft Office,Software Skill,Role,3
124,Speaking,Essential Skill,Role,4
125,Adobe Illustrator,Software Skill,Role,3
125,Apache Hadoop,Software Skill,Transferable,2
125,Critical Thinking,Essential Skill,Role,3
125,Microsoft Office,Software Skill,Role,4
125,Microsoft PowerPoint,Software Skill,Role,4
125,Speaking,Essential Skill,Role,2
126,Active Learning,Essential Skill,Role,5
126,Active Listening,Essential Skill,Role,4
126,Adobe Acrobat,Software Skill,Role,4
126,Adobe Photoshop,Software Skill,Transferable,5
126,ESRI ArcGIS,Software Skill,Role,4
126,Microsoft Office,Software Skill,Role,5
126,Microsoft PowerPoint,Software Skill,Role,5
126,Monitoring,Essential Skill,Role,4
126,Reading Comprehension,Essential Skill,Role,4
126,Science,Essential Skill,Role,4
128,Active Learning,Essential Skill,Role,2
128,HubSpot,Software Skill,Transferable,3
128,Microsoft Excel,Software Skill,Role,4
128,Microsoft Outlook,Software Skill,Role,3
129,Adobe Acrobat,Software Skill,Role,3
129,Amazon Web Services (AWS),Software Skill,Transferable,3
129,Mathematics,Essential Skill,Role,3
129,Microsoft Excel,Software Skill,Role,4
129,Microsoft Office,Software Skill,Role,3
129,Microsoft Outlook,Software Skill,Role,3
129,Salesforce,Software Skill,Role,3
129,Speaking,Essential Skill,Role,3
131,Active Learning,Essential Skill,Role,4
131,Active Listening,Essential Skill,Role,5
131,Adobe Creative Cloud,Software Skill,Role,4
131,Adobe Photoshop,Software Skill,Role,5
131,Atlassian JIRA,Software Skill,Transferable,4
131,Microsoft Office,Software Skill,Role,5
131,Microsoft Outlook,Software Skill,Role,5
131,Monitoring,Essential Skill,Role,5
131,Reading Comprehension,Essential Skill,Role,4
131,Salesforce,Software Skill,Role,4
131,Speaking,Essential Skill,Role,4
131,Writing,Essential Skill,Role,5
132,Applicant Tracking System (ATS),Software Skill,Transferable,3
132,Email,Software Skill,Role,3
132,Google Docs,Software Skill,Role,3
132,HubSpot,Software Skill,Transferable,3
132,Microsoft Excel,Software Skill,Role,3
132,Microsoft PowerPoint,Software Skill,Role,3
132,Microsoft Word,Software Skill,Role,3
132,Monitoring,Essential Skill,Role,5
132,SAP,Software Skill,Role,3
132,Speaking,Essential Skill,Role,5
132,Writing,Essential Skill,Role,3
133,Active Learning,Essential Skill,Role,3
133,Adobe Acrobat,Software Skill,Role,3
133,Applicant Tracking System (ATS),Software Skill,Role,2
133,Cisco Webex,Software Skill,Role,4
133,Critical Thinking,Essential Skill,Role,4
133,Microsoft Excel,Software Skill,Role,3
133,Microsoft Office,Software Skill,Role,4
133,Microsoft Visio,Software Skill,Transferable,3
133,Monitoring,Essential Skill,Role,3
133,Reading Comprehension,Essential Skill,Role,2
133,Writing,Essential Skill,Role,4
134,Adobe Photoshop,Software Skill,Role,2
134,Atlassian JIRA,Software Skill,Transferable,2
134,Mathematics,Essential Skill,Role,2
134,Microsoft Office,Software Skill,Role,2
134,Microsoft Project,Software Skill,Role,3
134,Python,Software Skill,Role,2
134,Reading Comprehension,Essential Skill,Role,2
137,Active Learning,Essential Skill,Role,3
137,Electronic Medical Record (EMR),Software Skill,Role,3
137,MEDITECH,Software Skill,Role,2
137,Speaking,Essential Skill,Role,2
137,Writing,Essential Skill,Role,3
138,Active Learning,Essential Skill,Role,4
138,Active Listening,Essential Skill,Role,4
138,Adobe Creative Cloud,Software Skill,Transferable,3
138,ESRI ArcGIS,Software Skill,Role,4
138,IBM SPSS Statistics,Software Skill,Role,4
138,MATLAB,Software Skill,Role,4
138,Microsoft Excel,Software Skill,Role,4
138,Microsoft Office,Software Skill,Role,4
138,Reading Comprehension,Essential Skill,Role,4
138,Science,Essential Skill,Role,4
138,Speaking,Essential Skill,Role,4
138,Writing,Essential Skill,Role,3
139,Amazon Web Services (AWS),Software Skill,Role,3
139,Apache Hadoop,Software Skill,Role,4
139,Autodesk AutoCAD,Software Skill,Transferable,3
139,Google Workspace,Software Skill,Role,2
139,Mathematics,Essential Skill,Role,3
139,Microsoft Excel,Software Skill,Role,3
139,Microsoft Outlook,Software Skill,Role,3
139,Reading Comprehension,Essential Skill,Role,2
139,Salesforce,Software Skill,Role,4
140,Active Listening,Essential Skill,Role,4
140,Adobe Acrobat,Software Skill,Role,5
140,Adobe Creative Cloud,Software Skill,Transferable,4
140,Adobe Photoshop,Software Skill,Role,5
140,Applicant Tracking System (ATS),Software Skill,Transferable,4
140,Atlassian Confluence,Software Skill,Role,5
140,Autodesk AutoCAD,Software Skill,Role,4
140,Learning Strategies,Essential Skill,Role,4
140,Microsoft Office,Software Skill,Role,5
140,Microsoft PowerPoint,Software Skill,Role,4
140,Monitoring,Essential Skill,Role,4
140,Reading Comprehension,Essential Skill,Role,4
141,Active Learning,Essential Skill,Role,4
141,Microsoft Access,Software Skill,Role,3
141,Microsoft Excel,Software Skill,Role,5
141,Microsoft SharePoint,Software Skill,Role,5
141,Monitoring,Essential Skill,Role,5
141,SAS,Software Skill,Transferable,5
141,Science,Essential Skill,Role,4
141,Speaking,Essential Skill,Role,4
141,Writing,Essential Skill,Role,4
142,Active Learning,Essential Skill,Role,3
142,Adobe Acrobat,Software Skill,Role,3
142,Critical Thinking,Essential Skill,Role,1
142,Learning Strategies,Essential Skill,Transferable,4
142,Mathematics,Essential Skill,Role,3
142,Microsoft Excel,Software Skill,Role,2
142,Microsoft Office,Software Skill,Role,3
142,Reading Comprehension,Essential Skill,Role,2
143,Active Listening,Essential Skill,Role,2
143,R,Software Skill,Role,4
143,Reading Comprehension,Essential Skill,Role,3
143,Science,Essential Skill,Role,2
143,Speaking,Essential Skill,Role,2
144,IBM SPSS Statistics,Software Skill,Transferable,3
144,Microsoft Outlook,Software Skill,Role,3
144,Microsoft PowerPoint,Software Skill,Role,4
144,Microsoft Word,Software Skill,Role,3
144,Speaking,Essential Skill,Role,4
144,Writing,Essential Skill,Role,2
145,Active Listening,Essential Skill,Role,4
145,Amazon Web Services (AWS),Software Skill,Role,3
145,Critical Thinking,Essential Skill,Role,3
145,Microsoft Office,Software Skill,Role,4
145,Microsoft Outlook,Software Skill,Role,3
145,Reading Comprehension,Essential Skill,Role,4
145,Speaking,Essential Skill,Role,4
145,Writing,Essential Skill,Role,4
147,Active Learning,Essential Skill,Role,3
147,Critical Thinking,Essential Skill,Role,3
147,Email,Software Skill,Role,3
147,IBM SPSS Statistics,Software Skill,Transferable,3
147,Microsoft Excel,Software Skill,Role,4
147,Microsoft Outlook,Software Skill,Role,3
147,Microsoft Word,Software Skill,Role,3
147,R,Software Skill,Transferable,3
147,SAP,Software Skill,Role,3
147,Speaking,Essential Skill,Role,3
148,Active Listening,Essential Skill,Role,5
148,Adobe Photoshop,Software Skill,Role,3
148,Atlassian JIRA,Software Skill,Role,4
148,Critical Thinking,Essential Skill,Role,4
148,Google Analytics,Software Skill,Role,5
148,Microsoft Office,Software Skill,Role,4
148,Monitoring,Essential Skill,Role,4
150,Applicant Tracking System (ATS),Software Skill,Transferable,3
150,MEDITECH,Software Skill,Role,2
150,Microsoft Excel,Software Skill,Role,2
150,Microsoft Outlook,Software Skill,Role,3
150,Microsoft Word,Software Skill,Role,2
150,Speaking,Essential Skill,Role,2
151,Critical Thinking,Essential Skill,Role,4
151,ESRI ArcGIS,Software Skill,Role,3
151,R,Software Skill,Role,4
151,Reading Comprehension,Essential Skill,Role,3
151,SAS,Software Skill,Role,3
151,Science,Essential Skill,Role,3
151,Speaking,Essential Skill,Role,4
151,Writing,Essential Skill,Role,4
152,Adobe Creative Cloud,Software Skill,Role,4
152,Microsoft Excel,Software Skill,Role,3
152,Microsoft PowerPoint,Software Skill,Role,3
152,Monitoring,Essential Skill,Role,4
152,Reading Comprehension,Essential Skill,Role,3
152,Salesforce,Software Skill,Role,5
152,Speaking,Essential Skill,Role,3
152,Workday,Software Skill,Transferable,4
152,Writing,Essential Skill,Role,3
153,Amazon Web Services (AWS),Software Skill,Transferable,4
153,Atlassian Confluence,Software Skill,Role,3
153,Atlassian JIRA,Software Skill,Role,3
153,Microsoft Excel,Software Skill,Role,3
153,Microsoft Office,Software Skill,Role,3
153,Microsoft Word,Software Skill,Transferable,3
153,Monitoring,Essential Skill,Role,4
153,Reading Comprehension,Essential Skill,Role,4
153,Speaking,Essential Skill,Role,3
153,Writing,Essential Skill,Role,3
154,Active Learning,Essential Skill,Role,4
154,Active Listening,Essential Skill,Role,3
154,Adobe InDesign,Software Skill,Role,4
154,Adobe Photoshop,Software Skill,Role,3
154,Mathematics,Essential Skill,Role,5
154,Monitoring,Essential Skill,Role,4
154,Writing,Essential Skill,Role,4
155,Active Learning,Essential Skill,Role,3
155,Critical Thinking,Essential Skill,Role,3
155,Google Docs,Software Skill,Role,2
155,Microsoft Outlook,Software Skill,Role,3
155,R,Software Skill,Transferable,3
155,SAP,Software Skill,Role,3
155,Speaking,Essential Skill,Role,2
155,Writing,Essential Skill,Role,3
158,Active Learning,Essential Skill,Role,3
158,Adobe Photoshop,Software Skill,Role,2
158,Apple macOS,Software Skill,Role,5
158,Autodesk AutoCAD,Software Skill,Role,4
158,Critical Thinking,Essential Skill,Role,4
158,Google Analytics,Software Skill,Role,4
158,HubSpot,Software Skill,Transferable,3
158,Microsoft Excel,Software Skill,Role,4
158,Monitoring,Essential Skill,Role,4
158,Speaking,Essential Skill,Role,4
158,Writing,Essential Skill,Role,4
159,Active Listening,Essential Skill,Role,3
159,Adobe Photoshop,Software Skill,Role,3
159,Critical Thinking,Essential Skill,Role,3
159,IBM SPSS Statistics,Software Skill,Role,4
159,Microsoft Office,Software Skill,Role,3
159,Monitoring,Essential Skill,Transferable,4
159,SAS,Software Skill,Role,3
159,Speaking,Essential Skill,Role,3
159,Writing,Essential Skill,Role,3
160,Active Learning,Essential Skill,Role,3
160,Active Listening,Essential Skill,Role,3
160,Adobe Acrobat,Software Skill,Role,3
160,Adobe Creative Cloud,Software Skill,Role,2
160,Critical Thinking,Essential Skill,Role,3
160,MATLAB,Software Skill,Transferable,3
160,Microsoft Project,Software Skill,Transferable,3
160,Monitoring,Essential Skill,Role,3
160,Writing,Essential Skill,Role,3
161,Active Listening,Essential Skill,Role,3
161,ESRI ArcGIS,Software Skill,Role,1
161,Google Docs,Software Skill,Transferable,3
161,Microsoft Excel,Software Skill,Role,4
161,Microsoft Project,Software Skill,Role,3
161,Python,Software Skill,Role,2
161,R,Software Skill,Role,3
161,SAS,Software Skill,Role,3
161,Science,Essential Skill,Role,3
161,Writing,Essential Skill,Role,3
162,Active Learning,Essential Skill,Role,4
162,Active Listening,Essential Skill,Role,5
162,Adobe Acrobat,Software Skill,Role,4
162,Adobe Creative Cloud,Software Skill,Transferable,3
162,Microsoft Excel,Software Skill,Role,4
162,Microsoft Office,Software Skill,Role,5
162,Monitoring,Essential Skill,Role,4
162,Reading Comprehension,Essential Skill,Role,4
162,SAP,Software Skill,Transferable,4
162,Science,Essential Skill,Role,5
162,Speaking,Essential Skill,Role,3
163,Active Listening,Essential Skill,Role,4
163,Microsoft Outlook,Software Skill,Role,3
163,Salesforce,Software Skill,Role,2
163,Speaking,Essential Skill,Role,2
164,Adobe Photoshop,Software Skill,Role,3
164,Python,Software Skill,Role,2
164,Science,Essential Skill,Role,3
164,Writing,Essential Skill,Role,4
165,Active Learning,Essential Skill,Role,4
165,Active Listening,Essential Skill,Role,4
165,Amazon Web Services (AWS),Software Skill,Role,3
165,Critical Thinking,Essential Skill,Role,3
165,IBM SPSS Statistics,Software Skill,Transferable,3
165,Mathematics,Essential Skill,Role,5
165,Microsoft Access,Software Skill,Role,5
165,Microsoft Excel,Software Skill,Role,4
165,Microsoft Outlook,Software Skill,Role,4
165,Microsoft SharePoint,Software Skill,Transferable,5
165,Monitoring,Essential Skill,Role,4
165,Salesforce,Software Skill,Role,5
165,Speaking,Essential Skill,Role,4
165,Writing,Essential Skill,Role,3
167,Microsoft PowerPoint,Software Skill,Role,2
169,Cisco Webex,Software Skill,Transferable,2
169,Google Workspace,Software Skill,Transferable,1
169,Microsoft Office,Software Skill,Role,3
169,Science,Essential Skill,Role,3
169,Speaking,Essential Skill,Role,2
170,Active Learning,Essential Skill,Role,3
170,Adobe Acrobat,Software Skill,Role,3
170,Adobe Photoshop,Software Skill,Role,4
170,Autodesk AutoCAD,Software Skill,Role,3
170,Learning Strategies,Essential Skill,Role,4
170,Microsoft Outlook,Software Skill,Role,3
170,Microsoft PowerPoint,Software Skill,Role,4
170,Monitoring,Essential Skill,Role,5
170,SAP,Software Skill,Role,4
170,Writing,Essential Skill,Role,4
171,Critical Thinking,Essential Skill,Role,3
171,ESRI ArcGIS,Software Skill,Role,3
171,IBM SPSS Statistics,Software Skill,Role,4
171,MATLAB,Software Skill,Role,2
171,Microsoft PowerPoint,Software Skill,Transferable,4
171,Microsoft Project,Software Skill,Role,4
171,Microsoft SharePoint,Software Skill,Transferable,3
171,R,Software Skill,Role,4
174,Active Listening,Essential Skill,Role,5
174,Adobe InDesign,Software Skill,Role,5
174,Adobe Photoshop,Software Skill,Role,4
174,Critical Thinking,Essential Skill,Role,3
174,Mathematics,Essential Skill,Role,3
174,Microsoft Excel,Software Skill,Role,5
174,Microsoft Office,Software Skill,Role,4
174,Microsoft Outlook,Software Skill,Role,3
174,Reading Comprehension,Essential Skill,Role,4
174,Salesforce,Software Skill,Role,4
174,Speaking,Essential Skill,Role,3
175,Active Listening,Essential Skill,Role,3
175,Adobe Acrobat,Software Skill,Role,2
175,Adobe Creative Cloud,Software Skill,Role,3
175,Adobe Illustrator,Software Skill,Role,3
175,Adobe InDesign,Software Skill,Role,3
175,Critical Thinking,Essential Skill,Role,4
175,Microsoft Outlook,Software Skill,Role,2
175,Salesforce,Software Skill,Role,3
175,Speaking,Essential Skill,Role,3
175,Writing,Essential Skill,Role,3
176,Adobe Acrobat,Software Skill,Role,3
176,Cisco Webex,Software Skill,Transferable,3
177,Active Learning,Essential Skill,Role,2
177,Apple macOS,Software Skill,Transferable,3
177,Atlassian Confluence,Software Skill,Transferable,3
177,Cisco Webex,Software Skill,Role,3
177,Critical Thinking,Essential Skill,Role,3
177,Learning Strategies,Essential Skill,Role,1
177,Microsoft Office,Software Skill,Role,2
177,Reading Comprehension,Essential Skill,Role,2
178,Critical Thinking,Essential Skill,Role,3
178,Microsoft Excel,Software Skill,Role,3
178,Microsoft Outlook,Software Skill,Role,3
178,Monitoring,Essential Skill,Role,2
178,SAP,Software Skill,Role,2
178,Speaking,Essential Skill,Role,2
179,Active Listening,Essential Skill,Role,4
179,Adobe Acrobat,Software Skill,Role,4
179,Adobe After Effects,Software Skill,Role,4
179,Critical Thinking,Essential Skill,Role,3
179,Learning Strategies,Essential Skill,Role,4
179,Microsoft Office,Software Skill,Role,4
179,Microsoft Outlook,Software Skill,Role,4
179,Monitoring,Essential Skill,Role,4
179,Reading Comprehension,Essential Skill,Role,4
179,SAP,Software Skill,Role,4
182,Active Listening,Essential Skill,Role,4
182,Adobe Illustrator,Software Skill,Role,4
182,Adobe InDesign,Software Skill,Role,3
182,Critical Thinking,Essential Skill,Role,4
182,Mathematics,Essential Skill,Role,3
182,Microsoft Office,Software Skill,Role,3
182,Microsoft Outlook,Software Skill,Role,5
182,Salesforce,Software Skill,Role,3
182,Speaking,Essential Skill,Role,3
183,Active Learning,Essential Skill,Role,2
183,Active Listening,Essential Skill,Role,4
183,Adobe Creative Cloud,Software Skill,Role,3
183,Adobe Photoshop,Software Skill,Role,3
183,Writing,Essential Skill,Role,3
184,Active Learning,Essential Skill,Role,3
184,Active Listening,Essential Skill,Role,3
184,Atlassian JIRA,Software Skill,Transferable,3
184,Cisco Webex,Software Skill,Role,3
184,Critical Thinking,Essential Skill,Role,4
184,Learning Strategies,Essential Skill,Role,3
184,Microsoft Outlook,Software Skill,Role,2
184,Speaking,Essential Skill,Role,4
184,Workday,Software Skill,Role,3
184,Writing,Essential Skill,Role,2
190,Active Listening,Essential Skill,Role,3
190,Critical Thinking,Essential Skill,Role,3
190,Mathematics,Essential Skill,Transferable,3
190,Microsoft Azure,Software Skill,Transferable,3
190,Microsoft Outlook,Software Skill,Role,3
190,Microsoft PowerPoint,Software Skill,Role,3
190,Speaking,Essential Skill,Role,3
192,Adobe Photoshop,Software Skill,Role,2
192,Critical Thinking,Essential Skill,Role,3
192,Google Workspace,Software Skill,Transferable,2
192,Microsoft Azure,Software Skill,Transferable,2
192,Microsoft Excel,Software Skill,Role,3
192,Python,Software Skill,Role,3
192,Science,Essential Skill,Role,2
192,Writing,Essential Skill,Role,2
193,Critical Thinking,Essential Skill,Role,5
193,ESRI ArcGIS,Software Skill,Role,4
193,IBM SPSS Statistics,Software Skill,Role,5
193,MATLAB,Software Skill,Role,4
193,Microsoft Excel,Software Skill,Role,3
193,Microsoft Office,Software Skill,Role,4
193,Microsoft Project,Software Skill,Role,3
193,Python,Software Skill,Role,4
193,Reading Comprehension,Essential Skill,Role,3
193,SAS,Software Skill,Role,4
194,Active Learning,Essential Skill,Role,2
194,Active Listening,Essential Skill,Role,2
194,Adobe Photoshop,Software Skill,Role,2
194,ESRI ArcGIS,Software Skill,Role,2
194,Microsoft Project,Software Skill,Role,4
194,Python,Software Skill,Role,4
194,Speaking,Essential Skill,Role,4
194,Writing,Essential Skill,Role,2
195,Adobe Acrobat,Software Skill,Role,4
195,Adobe Creative Cloud,Software Skill,Role,3
195,Adobe Photoshop,Software Skill,Role,4
195,Critical Thinking,Essential Skill,Role,3
195,Mathematics,Essential Skill,Role,3
195,Microsoft Outlook,Software Skill,Role,2
195,Microsoft PowerPoint,Software Skill,Role,4
195,Reading Comprehension,Essential Skill,Role,3
195,Speaking,Essential Skill,Role,3
195,Writing,Essential Skill,Role,3
197,Critical Thinking,Essential Skill,Role,3
197,ESRI ArcGIS,Software Skill,Role,4
197,Electronic Medical Record (EMR),Software Skill,Transferable,2
197,Mathematics,Essential Skill,Role,3
197,Microsoft Excel,Software Skill,Role,4
197,Python,Software Skill,Role,3
197,Reading Comprehension,Essential Skill,Role,4
197,Science,Essential Skill,Role,2
197,Speaking,Essential Skill,Role,3
198,Active Learning,Essential Skill,Role,3
198,Critical Thinking,Essential Skill,Role,2
198,Microsoft Excel,Software Skill,Role,2
198,Microsoft Outlook,Software Skill,Role,3
198,Monitoring,Essential Skill,Role,2
198,Science,Essential Skill,Role,3
199,Active Learning,Essential Skill,Role,5
199,Active Listening,Essential Skill,Role,4
199,Adobe Acrobat,Software Skill,Role,4
199,Atlassian JIRA,Software Skill,Role,4
199,Critical Thinking,Essential Skill,Role,4
199,Microsoft Excel,Software Skill,Role,4
199,Microsoft Office,Software Skill,Role,5
199,Microsoft PowerPoint,Software Skill,Role,5
199,Speaking,Essential Skill,Role,4
200,Active Listening,Essential Skill,Role,3
200,Microsoft Outlook,Software Skill,Role,3
200,Monitoring,Essential Skill,Role,3
200,Oracle HRIS,Software Skill,Transferable,3
201,Google Docs,Software Skill,Role,3
201,Microsoft Azure,Software Skill,Transferable,2
201,Microsoft Word,Software Skill,Role,2
201,Reading Comprehension,Essential Skill,Role,3
201,Speaking,Essential Skill,Role,2
201,Writing,Essential Skill,Role,2
202,Active Learning,Essential Skill,Role,4
202,Applicant Tracking System (ATS),Software Skill,Transferable,3
202,Atlassian Confluence,Software Skill,Transferable,4
202,Critical Thinking,Essential Skill,Role,5
202,ESRI ArcGIS,Software Skill,Role,3
202,Microsoft Office,Software Skill,Role,3
202,R,Software Skill,Role,2
202,Speaking,Essential Skill,Role,3
202,Writing,Essential Skill,Role,4
204,Active Learning,Essential Skill,Role,3
204,Active Listening,Essential Skill,Role,4
204,Adobe Acrobat,Software Skill,Role,4
204,Adobe Illustrator,Software Skill,Role,4
204,Microsoft Outlook,Software Skill,Role,3
204,Microsoft PowerPoint,Software Skill,Role,4
204,Microsoft Project,Software Skill,Transferable,4
204,Monitoring,Essential Skill,Role,3
204,Oracle HRIS,Software Skill,Transferable,4
204,Reading Comprehension,Essential Skill,Role,3
204,Salesforce,Software Skill,Role,5
204,Speaking,Essential Skill,Role,3
204,Writing,Essential Skill,Role,3
205,Active Learning,Essential Skill,Role,2
205,Active Listening,Essential Skill,Role,4
205,Microsoft Excel,Software Skill,Role,2
205,Microsoft Office,Software Skill,Role,3
205,Microsoft PowerPoint,Software Skill,Role,3
205,Microsoft Visio,Software Skill,Transferable,3
205,Monitoring,Essential Skill,Role,4
205,Salesforce,Software Skill,Role,4
205,Writing,Essential Skill,Role,3
206,Active Listening,Essential Skill,Role,3
206,Microsoft Excel,Software Skill,Role,3
206,Microsoft Office,Software Skill,Role,3
206,Microsoft Outlook,Software Skill,Role,4
206,Microsoft PowerPoint,Software Skill,Role,4
206,R,Software Skill,Transferable,4
206,Reading Comprehension,Essential Skill,Role,4
206,SAP,Software Skill,Role,4
206,Science,Essential Skill,Role,3
206,Speaking,Essential Skill,Role,2
207,Active Learning,Essential Skill,Role,3
207,Active Listening,Essential Skill,Role,2
207,Adobe Illustrator,Software Skill,Role,4
207,Critical Thinking,Essential Skill,Role,5
207,Microsoft Office,Software Skill,Role,4
207,Microsoft PowerPoint,Software Skill,Role,4
207,Writing,Essential Skill,Role,3
208,Adobe Acrobat,Software Skill,Role,3
208,Adobe After Effects,Software Skill,Role,3
208,Critical Thinking,Essential Skill,Role,4
208,Microsoft Outlook,Software Skill,Role,2
208,Microsoft SharePoint,Software Skill,Transferable,3
208,Reading Comprehension,Essential Skill,Role,3
208,Workday,Software Skill,Transferable,2
211,Active Listening,Essential Skill,Role,4
211,Adobe Acrobat,Software Skill,Role,2
211,Adobe After Effects,Software Skill,Role,4
211,Microsoft Excel,Software Skill,Role,3
211,Microsoft Office,Software Skill,Role,3
211,Microsoft PowerPoint,Software Skill,Role,2
211,Reading Comprehension,Essential Skill,Role,3
211,Speaking,Essential Skill,Role,4
214,Adobe Acrobat,Software Skill,Transferable,4
214,Adobe Photoshop,Software Skill,Role,2
214,Critical Thinking,Essential Skill,Role,3
214,Google Docs,Software Skill,Transferable,3
214,MATLAB,Software Skill,Role,1
214,Microsoft Project,Software Skill,Role,3
214,Python,Software Skill,Role,3
214,R,Software Skill,Role,3
214,Reading Comprehension,Essential Skill,Role,4
214,Writing,Essential Skill,Role,3
215,Active Listening,Essential Skill,Role,4
215,Adobe Photoshop,Software Skill,Role,4
215,Critical Thinking,Essential Skill,Role,4
215,Google Docs,Software Skill,Transferable,4
215,Microsoft Excel,Software Skill,Role,4
215,Microsoft Office,Software Skill,Role,5
215,Microsoft PowerPoint,Software Skill,Role,4
215,Monitoring,Essential Skill,Role,4
215,Salesforce,Software Skill,Role,2
216,Active Learning,Essential Skill,Role,2
216,Apple macOS,Software Skill,Role,3
216,Critical Thinking,Essential Skill,Role,4
216,HubSpot,Software Skill,Role,3
216,Linux,Software Skill,Transferable,3
216,Microsoft Excel,Software Skill,Role,3
216,Microsoft Office,Software Skill,Role,3
216,Microsoft Project,Software Skill,Role,3
216,Reading Comprehension,Essential Skill,Role,3
216,Writing,Essential Skill,Role,3
217,Adobe InDesign,Software Skill,Transferable,2
217,Adobe Photoshop,Software Skill,Role,1
217,IBM SPSS Statistics,Software Skill,Role,3
217,Microsoft Office,Software Skill,Role,2
217,Microsoft Project,Software Skill,Role,2
217,Reading Comprehension,Essential Skill,Role,3
218,Adobe Acrobat,Software Skill,Transferable,3
218,MEDITECH,Software Skill,Transferable,3
218,Mathematics,Essential Skill,Role,2
218,Python,Software Skill,Role,2
218,Reading Comprehension,Essential Skill,Role,4
218,SAS,Software Skill,Role,2
218,Science,Essential Skill,Role,3
218,Writing,Essential Skill,Role,4
221,Adobe Photoshop,Software Skill,Role,4
221,Critical Thinking,Essential Skill,Role,3
221,ESRI ArcGIS,Software Skill,Role,3
221,HubSpot,Software Skill,Transferable,2
221,Mathematics,Essential Skill,Role,2
221,Oracle HRIS,Software Skill,Transferable,2
221,SAS,Software Skill,Role,3
221,Speaking,Essential Skill,Role,3
223,Apache Hadoop,Software Skill,Role,3
223,Critical Thinking,Essential Skill,Role,3
223,Google Workspace,Software Skill,Role,4
223,Microsoft Access,Software Skill,Role,3
223,Microsoft Office,Software Skill,Role,3
223,Salesforce,Software Skill,Role,3
223,Writing,Essential Skill,Role,3
224,Active Learning,Essential Skill,Role,3
224,Active Listening,Essential Skill,Role,2
224,ESRI ArcGIS,Software Skill,Role,2
224,Microsoft Project,Software Skill,Role,3
224,SAS,Software Skill,Role,4
224,Speaking,Essential Skill,Role,4
226,Apple macOS,Software Skill,Role,4
226,Atlassian JIRA,Software Skill,Role,4
226,Learning Strategies,Essential Skill,Role,3
226,Microsoft PowerPoint,Software Skill,Role,5
226,Monitoring,Essential Skill,Role,4
226,Reading Comprehension,Essential Skill,Role,4
227,Active Learning,Essential Skill,Role,2
227,IBM SPSS Statistics,Software Skill,Role,4
227,MATLAB,Software Skill,Role,3
227,Microsoft Office,Software Skill,Role,3
227,Reading Comprehension,Essential Skill,Role,3
227,SAS,Software Skill,Role,3
227,Science,Essential Skill,Role,2
227,Speaking,Essential Skill,Role,3
228,Active Listening,Essential Skill,Role,4
228,Adobe Creative Cloud,Software Skill,Role,4
228,Adobe Illustrator,Software Skill,Role,3
228,Adobe InDesign,Software Skill,Role,4
228,Adobe Photoshop,Software Skill,Role,4
228,Critical Thinking,Essential Skill,Role,4
228,Microsoft Excel,Software Skill,Role,4
228,Microsoft Outlook,Software Skill,Role,3
228,Microsoft PowerPoint,Software Skill,Role,3
228,Reading Comprehension,Essential Skill,Role,3
228,Speaking,Essential Skill,Role,2
228,Writing,Essential Skill,Role,3
230,Adobe Acrobat,Software Skill,Role,4
230,Adobe Illustrator,Software Skill,Role,4
230,Adobe Photoshop,Software Skill,Role,3
230,Learning Strategies,Essential Skill,Transferable,4
230,Mathematics,Essential Skill,Role,4
230,Microsoft Excel,Software Skill,Role,2
230,Microsoft Outlook,Software Skill,Role,4
230,Microsoft PowerPoint,Software Skill,Role,4
230,Monitoring,Essential Skill,Role,4
230,Python,Software Skill,Transferable,3
230,Reading Comprehension,Essential Skill,Role,3
230,Salesforce,Software Skill,Role,4
230,Speaking,Essential Skill,Role,4
230,Writing,Essential Skill,Role,3
231,Active Learning,Essential Skill,Role,3
231,Active Listening,Essential Skill,Role,5
231,Adobe Photoshop,Software Skill,Role,3
231,ESRI ArcGIS,Software Skill,Role,3
231,Learning Strategies,Essential Skill,Transferable,3
231,MATLAB,Software Skill,Role,3
231,Microsoft Excel,Software Skill,Role,3
231,Microsoft Office,Software Skill,Role,4
231,Microsoft Outlook,Software Skill,Transferable,4
231,Python,Software Skill,Role,3
231,R,Software Skill,Role,4
231,Science,Essential Skill,Role,3
231,Speaking,Essential Skill,Role,3
233,Active Learning,Essential Skill,Role,2
233,Adobe Photoshop,Software Skill,Role,3
233,IBM SPSS Statistics,Software Skill,Role,3
233,MATLAB,Software Skill,Role,4
233,Microsoft Project,Software Skill,Role,3
233,R,Software Skill,Role,1
233,Reading Comprehension,Essential Skill,Role,3
233,SAS,Software Skill,Role,3
233,Science,Essential Skill,Role,2
233,Writing,Essential Skill,Role,3
235,Mathematics,Essential Skill,Role,4
235,Microsoft Outlook,Software Skill,Role,2
235,Microsoft Project,Software Skill,Role,3
235,Monitoring,Essential Skill,Role,3
235,Oracle HRIS,Software Skill,Transferable,1
235,R,Software Skill,Transferable,2
235,Reading Comprehension,Essential Skill,Role,4
235,Writing,Essential Skill,Role,3
238,Critical Thinking,Essential Skill,Role,2
238,Google Docs,Software Skill,Role,3
238,Linux,Software Skill,Transferable,4
238,Microsoft Excel,Software Skill,Role,3
238,Microsoft Office,Software Skill,Role,3
238,Microsoft Outlook,Software Skill,Role,3
238,Microsoft PowerPoint,Software Skill,Role,3
238,SAP,Software Skill,Role,3
239,Active Learning,Essential Skill,Role,4
239,Critical Thinking,Essential Skill,Role,2
239,ESRI ArcGIS,Software Skill,Transferable,3
239,MEDITECH,Software Skill,Role,3
239,Python,Software Skill,Transferable,4
239,Reading Comprehension,Essential Skill,Role,3
239,Science,Essential Skill,Role,3
239,Speaking,Essential Skill,Role,3
240,Active Listening,Essential Skill,Role,2
240,Adobe Acrobat,Software Skill,Role,3
240,Google Docs,Software Skill,Transferable,3
240,Mathematics,Essential Skill,Role,4
240,Microsoft Excel,Software Skill,Role,3
240,Microsoft Outlook,Software Skill,Role,2
240,Monitoring,Essential Skill,Role,2
240,Python,Software Skill,Transferable,3
240,Salesforce,Software Skill,Role,3
240,Speaking,Essential Skill,Role,2
240,Writing,Essential Skill,Role,3
241,Active Learning,Essential Skill,Role,4
241,Adobe Creative Cloud,Software Skill,Transferable,3
241,Mathematics,Essential Skill,Role,4
241,Microsoft Excel,Software Skill,Role,3
241,Microsoft Project,Software Skill,Role,2
241,Python,Software Skill,Role,3
241,Reading Comprehension,Essential Skill,Role,3
241,Science,Essential Skill,Role,3
241,Speaking,Essential Skill,Role,3
241,Workday,Software Skill,Transferable,3
241,Writing,Essential Skill,Role,3
242,Active Learning,Essential Skill,Role,2
242,Mathematics,Essential Skill,Role,3
242,Microsoft Excel,Software Skill,Role,4
242,Python,Software Skill,Role,3
242,Speaking,Essential Skill,Role,2
242,Writing,Essential Skill,Role,2
243,Active Listening,Essential Skill,Role,2
243,Atlassian JIRA,Software Skill,Transferable,2
243,Critical Thinking,Essential Skill,Role,2
243,Microsoft Office,Software Skill,Role,2
243,Science,Essential Skill,Role,2
243,Speaking,Essential Skill,Role,2
244,Active Learning,Essential Skill,Role,4
244,Active Listening,Essential Skill,Role,3
244,Adobe Illustrator,Software Skill,Role,3
244,Adobe InDesign,Software Skill,Role,3
244,Critical Thinking,Essential Skill,Role,3
244,Mathematics,Essential Skill,Role,4
244,Microsoft Excel,Software Skill,Role,4
244,Microsoft Outlook,Software Skill,Role,4
244,Microsoft PowerPoint,Software Skill,Role,3
244,Reading Comprehension,Essential Skill,Role,3
244,Salesforce,Software Skill,Role,3
244,Speaking,Essential Skill,Role,3
244,Writing,Essential Skill,Role,4
245,Email,Software Skill,Role,2
245,MEDITECH,Software Skill,Role,3
245,Microsoft Excel,Software Skill,Role,3
245,Microsoft Office,Software Skill,Role,3
245,Microsoft Word,Software Skill,Role,2
245,R,Software Skill,Transferable,2
245,SAP,Software Skill,Role,3
245,Speaking,Essential Skill,Role,2
246,Learning Strategies,Essential Skill,Transferable,2
246,Mathematics,Essential Skill,Role,2
246,Microsoft Project,Software Skill,Role,2
246,Microsoft Word,Software Skill,Transferable,3
246,Python,Software Skill,Role,1
246,Writing,Essential Skill,Role,3
247,Active Learning,Essential Skill,Role,3
247,Active Listening,Essential Skill,Role,4
247,Mathematics,Essential Skill,Role,3
247,Microsoft Excel,Software Skill,Role,2
247,Microsoft Office,Software Skill,Role,3
247,Microsoft Outlook,Software Skill,Transferable,3
247,R,Software Skill,Role,2
247,SAS,Software Skill,Role,4
247,Speaking,Essential Skill,Role,3
247,Writing,Essential Skill,Role,2
248,Active Listening,Essential Skill,Role,3
248,Apple macOS,Software Skill,Role,1
248,Critical Thinking,Essential Skill,Role,2
248,MEDITECH,Software Skill,Transferable,3
248,Microsoft Excel,Software Skill,Role,3
248,Monitoring,Essential Skill,Role,2
248,SAP,Software Skill,Transferable,3
248,Salesforce,Software Skill,Role,2
248,Writing,Essential Skill,Role,3
249,Active Listening,Essential Skill,Role,2
249,Cisco Webex,Software Skill,Transferable,2
249,Google Docs,Software Skill,Role,2
249,MEDITECH,Software Skill,Role,3
249,Microsoft Excel,Software Skill,Role,3
249,Microsoft SharePoint,Software Skill,Transferable,3
249,Microsoft Word,Software Skill,Role,3
249,Speaking,Essential Skill,Role,3
250,Active Listening,Essential Skill,Role,3
250,Autodesk AutoCAD,Software Skill,Role,4
250,Critical Thinking,Essential Skill,Role,3
250,Learning Strategies,Essential Skill,Role,2
250,Microsoft Outlook,Software Skill,Role,3
250,Monitoring,Essential Skill,Role,3
250,Speaking,Essential Skill,Role,1
252,Active Listening,Essential Skill,Role,3
252,Atlassian Confluence,Software Skill,Transferable,3
252,ESRI ArcGIS,Software Skill,Role,3
252,Microsoft Excel,Software Skill,Role,4
252,Microsoft Office,Software Skill,Role,3
252,Microsoft SharePoint,Software Skill,Transferable,3
252,Python,Software Skill,Role,3
252,Speaking,Essential Skill,Role,3
252,Writing,Essential Skill,Role,3
253,Active Learning,Essential Skill,Role,4
253,Atlassian JIRA,Software Skill,Role,4
253,Electronic Medical Record (EMR),Software Skill,Transferable,4
253,IBM SPSS Statistics,Software Skill,Transferable,4
253,Microsoft Excel,Software Skill,Role,3
253,Reading Comprehension,Essential Skill,Role,3
253,Speaking,Essential Skill,Role,3
254,Active Learning,Essential Skill,Role,5
254,Adobe Acrobat,Software Skill,Role,4
254,Critical Thinking,Essential Skill,Role,5
254,ESRI ArcGIS,Software Skill,Role,5
254,IBM SPSS Statistics,Software Skill,Role,4
254,Microsoft Excel,Software Skill,Role,5
254,Microsoft Office,Software Skill,Role,4
254,Microsoft PowerPoint,Software Skill,Role,4
254,Microsoft Project,Software Skill,Role,5
254,Monitoring,Essential Skill,Role,4
254,Science,Essential Skill,Role,5
254,Speaking,Essential Skill,Role,5
254,Writing,Essential Skill,Role,5
256,Adobe Photoshop,Software Skill,Role,2
256,Atlassian Confluence,Software Skill,Transferable,3
256,Autodesk AutoCAD,Software Skill,Role,3
256,Critical Thinking,Essential Skill,Role,3
256,Microsoft Azure,Software Skill,Transferable,4
256,Microsoft Excel,Software Skill,Role,3
256,Microsoft Office,Software Skill,Role,2
256,Reading Comprehension,Essential Skill,Role,1
256,SAP,Software Skill,Role,2
256,Speaking,Essential Skill,Role,3
258,Amazon Web Services (AWS),Software Skill,Role,5
258,Apache Hadoop,Software Skill,Role,5
258,Applicant Tracking System (ATS),Software Skill,Transferable,4
258,Linux,Software Skill,Role,4
258,Mathematics,Essential Skill,Role,4
258,Microsoft Word,Software Skill,Transferable,5
258,Monitoring,Essential Skill,Role,4
258,Reading Comprehension,Essential Skill,Role,4
258,Salesforce,Software Skill,Role,5
259,Active Learning,Essential Skill,Role,4
259,Active Listening,Essential Skill,Role,5
259,Adobe Acrobat,Software Skill,Role,5
259,Adobe Photoshop,Software Skill,Role,5
259,Apple macOS,Software Skill,Role,4
259,Atlassian Confluence,Software Skill,Role,4
259,Atlassian JIRA,Software Skill,Role,4
259,Autodesk AutoCAD,Software Skill,Role,4
259,Critical Thinking,Essential Skill,Role,4
259,Google Analytics,Software Skill,Role,4
259,Microsoft Excel,Software Skill,Role,5
259,Microsoft Office,Software Skill,Role,4
259,Microsoft PowerPoint,Software Skill,Role,5
259,Reading Comprehension,Essential Skill,Role,5
259,Speaking,Essential Skill,Role,4
259,Writing,Essential Skill,Role,5
260,Active Learning,Essential Skill,Role,3
260,ESRI ArcGIS,Software Skill,Role,2
260,Learning Strategies,Essential Skill,Transferable,2
260,MATLAB,Software Skill,Role,2
260,Python,Software Skill,Role,3
260,R,Software Skill,Role,3
260,Reading Comprehension,Essential Skill,Role,4
260,Workday,Software Skill,Transferable,3
260,Writing,Essential Skill,Role,3
261,Active Learning,Essential Skill,Role,3
261,Active Listening,Essential Skill,Role,2
261,Adobe After Effects,Software Skill,Role,3
261,Adobe InDesign,Software Skill,Role,3
261,Microsoft PowerPoint,Software Skill,Role,3
261,Python,Software Skill,Transferable,3
261,Reading Comprehension,Essential Skill,Role,2
262,Active Learning,Essential Skill,Role,3
262,Adobe After Effects,Software Skill,Transferable,3
262,Adobe InDesign,Software Skill,Transferable,4
262,Adobe Photoshop,Software Skill,Role,3
262,Mathematics,Essential Skill,Role,3
262,Microsoft Excel,Software Skill,Role,3
262,Reading Comprehension,Essential Skill,Role,2
262,SAS,Software Skill,Role,2
264,Active Listening,Essential Skill,Role,3
264,Adobe Photoshop,Software Skill,Role,4
264,Microsoft Excel,Software Skill,Role,3
264,Microsoft PowerPoint,Software Skill,Role,4
264,Speaking,Essential Skill,Role,4
264,Writing,Essential Skill,Role,4
267,Active Listening,Essential Skill,Role,3
267,ESRI ArcGIS,Software Skill,Role,2
267,Microsoft Project,Software Skill,Role,4
267,Python,Software Skill,Role,3
267,SAS,Software Skill,Role,3
267,Science,Essential Skill,Role,4
269,Active Learning,Essential Skill,Role,4
269,Active Listening,Essential Skill,Role,3
269,Microsoft Excel,Software Skill,Role,3
269,Microsoft Office,Software Skill,Role,3
269,Microsoft PowerPoint,Software Skill,Role,3
269,Microsoft Word,Software Skill,Role,5
269,Science,Essential Skill,Role,5
269,Speaking,Essential Skill,Role,3
269,Writing,Essential Skill,Role,3
270,Active Learning,Essential Skill,Role,2
270,Active Listening,Essential Skill,Role,3
270,Adobe After Effects,Software Skill,Role,2
270,Adobe Photoshop,Software Skill,Role,4
270,Critical Thinking,Essential Skill,Role,3
270,Microsoft Excel,Software Skill,Role,4
270,Microsoft Outlook,Software Skill,Role,2
270,Microsoft PowerPoint,Software Skill,Role,3
270,Monitoring,Essential Skill,Role,4
270,Reading Comprehension,Essential Skill,Role,3
270,Workday,Software Skill,Transferable,3
271,Active Listening,Essential Skill,Role,3
271,Adobe InDesign,Software Skill,Role,3
271,Adobe Photoshop,Software Skill,Role,4
271,Critical Thinking,Essential Skill,Role,4
271,Microsoft Excel,Software Skill,Role,3
271,Microsoft PowerPoint,Software Skill,Role,4
271,Speaking,Essential Skill,Role,4
271,Writing,Essential Skill,Role,4
273,Adobe Acrobat,Software Skill,Role,4
273,Adobe After Effects,Software Skill,Role,3
273,Adobe Photoshop,Software Skill,Role,2
273,Applicant Tracking System (ATS),Software Skill,Transferable,3
273,Autodesk AutoCAD,Software Skill,Role,3
273,Critical Thinking,Essential Skill,Role,3
273,Learning Strategies,Essential Skill,Role,4
273,Microsoft Excel,Software Skill,Role,3
273,Microsoft Office,Software Skill,Role,3
273,Microsoft Outlook,Software Skill,Role,2
273,Microsoft PowerPoint,Software Skill,Role,4
273,SAP,Software Skill,Role,3
273,Writing,Essential Skill,Role,3
274,Adobe Illustrator,Software Skill,Transferable,2
274,Learning Strategies,Essential Skill,Role,3
274,Microsoft Access,Software Skill,Transferable,3
274,Monitoring,Essential Skill,Role,2
275,Adobe After Effects,Software Skill,Role,2
275,Adobe Photoshop,Software Skill,Role,3
275,Microsoft Office,Software Skill,Role,3
275,Microsoft Outlook,Software Skill,Role,3
275,Microsoft Visio,Software Skill,Transferable,3
275,Oracle HRIS,Software Skill,Transferable,2
275,SAP,Software Skill,Role,4
275,Speaking,Essential Skill,Role,3
275,Writing,Essential Skill,Role,3
277,Active Learning,Essential Skill,Role,2
277,Active Listening,Essential Skill,Role,3
277,Apache Hadoop,Software Skill,Transferable,3
277,Apple macOS,Software Skill,Transferable,3
277,Critical Thinking,Essential Skill,Role,3
277,MATLAB,Software Skill,Role,3
277,Microsoft Excel,Software Skill,Role,4
277,Science,Essential Skill,Role,3
277,Writing,Essential Skill,Role,3
281,Electronic Medical Record (EMR),Software Skill,Role,3
281,Google Docs,Software Skill,Role,3
281,Microsoft Office,Software Skill,Role,2
281,Speaking,Essential Skill,Role,4
282,Amazon Web Services (AWS),Software Skill,Role,3
282,Critical Thinking,Essential Skill,Role,4
282,Google Workspace,Software Skill,Role,3
282,Linux,Software Skill,Role,3
282,Mathematics,Essential Skill,Role,3
282,Reading Comprehension,Essential Skill,Role,2
282,Speaking,Essential Skill,Role,3
283,Adobe Acrobat,Software Skill,Role,3
283,Adobe Creative Cloud,Software Skill,Role,3
283,Mathematics,Essential Skill,Role,4
283,Microsoft Excel,Software Skill,Role,4
283,Microsoft Office,Software Skill,Role,4
283,Microsoft Outlook,Software Skill,Role,3
283,Microsoft PowerPoint,Software Skill,Role,4
283,Salesforce,Software Skill,Role,3
283,Science,Essential Skill,Transferable,3
283,Writing,Essential Skill,Role,4
284,Adobe Photoshop,Software Skill,Role,4
284,IBM SPSS Statistics,Software Skill,Role,1
284,Mathematics,Essential Skill,Role,4
284,Microsoft Project,Software Skill,Role,3
284,SAS,Software Skill,Role,2
284,Salesforce,Software Skill,Transferable,3
284,Science,Essential Skill,Role,3
284,Speaking,Essential Skill,Role,1
284,Workday,Software Skill,Transferable,1
286,Adobe Photoshop,Software Skill,Transferable,3
286,Applicant Tracking System (ATS),Software Skill,Transferable,3
286,Google Docs,Software Skill,Role,3
286,Microsoft Excel,Software Skill,Role,2
286,Microsoft Office,Software Skill,Role,1
286,Microsoft Outlook,Software Skill,Role,2
287,Critical Thinking,Essential Skill,Role,3
287,Google Workspace,Software Skill,Role,3
287,Microsoft Azure,Software Skill,Role,3
287,Microsoft Excel,Software Skill,Role,3
287,Microsoft Outlook,Software Skill,Role,5
287,Speaking,Essential Skill,Role,3
288,Amazon Web Services (AWS),Software Skill,Role,2
288,Critical Thinking,Essential Skill,Role,4
288,Google Workspace,Software Skill,Role,5
288,Microsoft Access,Software Skill,Role,3
288,Microsoft Excel,Software Skill,Role,4
288,Microsoft Office,Software Skill,Role,4
288,Microsoft Outlook,Software Skill,Role,4
288,Microsoft Word,Software Skill,Transferable,4
288,Reading Comprehension,Essential Skill,Role,3
288,Science,Essential Skill,Transferable,4
288,Speaking,Essential Skill,Role,4
291,Active Listening,Essential Skill,Role,4
291,Adobe Acrobat,Software Skill,Role,4
291,Adobe Illustrator,Software Skill,Role,4
291,Adobe InDesign,Software Skill,Role,4
291,Mathematics,Essential Skill,Role,4
291,Microsoft Office,Software Skill,Role,4
291,Microsoft Word,Software Skill,Transferable,4
291,Reading Comprehension,Essential Skill,Role,4
291,Salesforce,Software Skill,Role,4
291,Speaking,Essential Skill,Role,3
292,Active Learning,Essential Skill,Role,4
292,Adobe Acrobat,Software Skill,Role,3
292,Autodesk AutoCAD,Software Skill,Role,3
292,Mathematics,Essential Skill,Transferable,3
292,Microsoft Excel,Software Skill,Role,3
292,Microsoft PowerPoint,Software Skill,Role,3
292,Monitoring,Essential Skill,Role,4
292,Speaking,Essential Skill,Role,3
293,Adobe Illustrator,Software Skill,Role,4
293,Adobe InDesign,Software Skill,Role,3
293,Critical Thinking,Essential Skill,Role,2
293,Google Docs,Software Skill,Transferable,3
293,Microsoft Outlook,Software Skill,Role,3
293,Monitoring,Essential Skill,Role,3
293,Speaking,Essential Skill,Role,4
293,Writing,Essential Skill,Role,3
296,Active Listening,Essential Skill,Role,4
296,Adobe Acrobat,Software Skill,Role,4
296,Critical Thinking,Essential Skill,Role,3
296,Google Analytics,Software Skill,Transferable,3
296,IBM SPSS Statistics,Software Skill,Role,4
296,Microsoft Access,Software Skill,Role,5
296,Microsoft Visio,Software Skill,Role,4
296,Reading Comprehension,Essential Skill,Role,3
296,Salesforce,Software Skill,Transferable,4
296,Science,Essential Skill,Role,4
296,Writing,Essential Skill,Role,5
297,Active Listening,Essential Skill,Role,3
297,Adobe Photoshop,Software Skill,Role,2
297,Apache Hadoop,Software Skill,Transferable,3
297,ESRI ArcGIS,Software Skill,Role,4
297,Mathematics,Essential Skill,Role,3
297,Microsoft Excel,Software Skill,Role,4
297,Microsoft Office,Software Skill,Role,4
297,Microsoft Project,Software Skill,Role,4
298,Adobe Acrobat,Software Skill,Role,4
298,Adobe InDesign,Software Skill,Transferable,3
298,Google Analytics,Software Skill,Role,4
298,Microsoft Office,Software Skill,Role,3
298,Monitoring,Essential Skill,Role,4
298,Reading Comprehension,Essential Skill,Role,4
298,Speaking,Essential Skill,Role,3
299,Active Learning,Essential Skill,Role,3
299,Active Listening,Essential Skill,Role,4
299,Adobe Creative Cloud,Software Skill,Role,4
299,Adobe Illustrator,Software Skill,Role,4
299,Adobe InDesign,Software Skill,Role,3
299,Atlassian Confluence,Software Skill,Transferable,4
299,Critical Thinking,Essential Skill,Role,3
299,Microsoft Excel,Software Skill,Role,5
299,Reading Comprehension,Essential Skill,Role,4
299,Salesforce,Software Skill,Role,3
300,Active Listening,Essential Skill,Role,3
300,IBM SPSS Statistics,Software Skill,Role,3
300,MATLAB,Software Skill,Role,2
300,Mathematics,Essential Skill,Role,2
300,Microsoft Excel,Software Skill,Role,2
300,Microsoft Office,Software Skill,Role,3
300,Python,Software Skill,Role,2
300,Speaking,Essential Skill,Role,3
300,Writing,Essential Skill,Role,3
302,Active Learning,Essential Skill,Role,4
302,Active Listening,Essential Skill,Role,4
302,Adobe InDesign,Software Skill,Role,5
302,Mathematics,Essential Skill,Role,5
302,Microsoft Office,Software Skill,Role,4
302,Microsoft Outlook,Software Skill,Role,3
302,Microsoft PowerPoint,Software Skill,Role,4
302,Reading Comprehension,Essential Skill,Role,3
302,Salesforce,Software Skill,Role,5
302,Speaking,Essential Skill,Role,3
302,Writing,Essential Skill,Role,5
303,Active Learning,Essential Skill,Role,4
303,Active Listening,Essential Skill,Role,4
303,Adobe Acrobat,Software Skill,Role,4
303,Adobe Creative Cloud,Software Skill,Role,4
303,Adobe Illustrator,Software Skill,Role,3
303,Adobe InDesign,Software Skill,Role,4
303,Apple macOS,Software Skill,Transferable,3
303,Applicant Tracking System (ATS),Software Skill,Transferable,4
303,Critical Thinking,Essential Skill,Role,4
303,Mathematics,Essential Skill,Role,3
303,Microsoft Office,Software Skill,Role,3
303,Microsoft Outlook,Software Skill,Role,3
303,Microsoft PowerPoint,Software Skill,Role,3
303,Monitoring,Essential Skill,Role,3
303,Reading Comprehension,Essential Skill,Role,2
303,Writing,Essential Skill,Role,4
304,Google Docs,Software Skill,Role,2
304,Microsoft Office,Software Skill,Role,3
304,Microsoft Outlook,Software Skill,Role,2
304,SAP,Software Skill,Role,4
304,Science,Essential Skill,Role,4
304,Speaking,Essential Skill,Role,3
305,Adobe Photoshop,Software Skill,Role,3
305,ESRI ArcGIS,Software Skill,Role,3
305,MEDITECH,Software Skill,Transferable,3
305,Microsoft Excel,Software Skill,Role,4
305,Microsoft Office,Software Skill,Role,3
305,Microsoft Outlook,Software Skill,Transferable,4
305,Python,Software Skill,Role,4
305,R,Software Skill,Role,3
305,SAS,Software Skill,Role,2
305,Writing,Essential Skill,Role,4
306,Active Learning,Essential Skill,Role,3
306,Active Listening,Essential Skill,Role,2
306,Adobe Acrobat,Software Skill,Role,4
306,ESRI ArcGIS,Software Skill,Role,2
306,IBM SPSS Statistics,Software Skill,Role,3
306,Microsoft Excel,Software Skill,Role,3
306,Microsoft Project,Software Skill,Role,2
306,Reading Comprehension,Essential Skill,Role,3
306,Science,Essential Skill,Role,4
306,Writing,Essential Skill,Role,4
307,Active Learning,Essential Skill,Role,4
307,Adobe Photoshop,Software Skill,Role,5
307,Critical Thinking,Essential Skill,Role,4
307,Microsoft Office,Software Skill,Role,4
307,Microsoft Outlook,Software Skill,Role,3
307,Monitoring,Essential Skill,Role,5
307,Speaking,Essential Skill,Role,5
307,Writing,Essential Skill,Role,4
308,Active Listening,Essential Skill,Role,2
308,Adobe After Effects,Software Skill,Role,3
308,Adobe InDesign,Software Skill,Role,2
308,Adobe Photoshop,Software Skill,Role,3
308,Cisco Webex,Software Skill,Transferable,4
308,Critical Thinking,Essential Skill,Role,3
308,Learning Strategies,Essential Skill,Role,4
308,Microsoft Excel,Software Skill,Role,3
308,Microsoft Outlook,Software Skill,Role,3
308,Reading Comprehension,Essential Skill,Role,4
308,Science,Essential Skill,Transferable,4
308,Speaking,Essential Skill,Role,3
308,Writing,Essential Skill,Role,3
309,Adobe InDesign,Software Skill,Transferable,4
309,Adobe Photoshop,Software Skill,Role,3
309,Critical Thinking,Essential Skill,Role,3
309,ESRI ArcGIS,Software Skill,Role,3
309,MATLAB,Software Skill,Role,3
309,MEDITECH,Software Skill,Transferable,3
309,Microsoft Excel,Software Skill,Role,4
311,Active Learning,Essential Skill,Role,4
311,Critical Thinking,Essential Skill,Role,3
311,HubSpot,Software Skill,Role,3
311,Learning Strategies,Essential Skill,Transferable,3
311,Microsoft Excel,Software Skill,Role,4
311,Microsoft Office,Software Skill,Role,2
311,Oracle HRIS,Software Skill,Transferable,4
311,Reading Comprehension,Essential Skill,Role,3
312,Adobe Creative Cloud,Software Skill,Role,3
312,Monitoring,Essential Skill,Role,4
312,Reading Comprehension,Essential Skill,Role,4
312,Writing,Essential Skill,Role,3
314,Adobe Acrobat,Software Skill,Role,4
314,Adobe InDesign,Software Skill,Role,3
314,Microsoft Office,Software Skill,Role,4
314,Microsoft PowerPoint,Software Skill,Role,3
314,Reading Comprehension,Essential Skill,Role,3
314,Salesforce,Software Skill,Role,3
314,Writing,Essential Skill,Role,4
315,Active Learning,Essential Skill,Role,3
315,Active Listening,Essential Skill,Role,2
315,ESRI ArcGIS,Software Skill,Role,3
315,Mathematics,Essential Skill,Role,2
315,Microsoft Excel,Software Skill,Role,3
315,Python,Software Skill,Role,2
315,R,Software Skill,Role,2
315,SAS,Software Skill,Role,2
316,Active Listening,Essential Skill,Role,2
316,Critical Thinking,Essential Skill,Role,3
316,Google Docs,Software Skill,Role,2
316,MEDITECH,Software Skill,Role,3
316,Microsoft PowerPoint,Software Skill,Role,4
319,Adobe Acrobat,Software Skill,Role,5
319,Adobe Photoshop,Software Skill,Role,3
319,Atlassian JIRA,Software Skill,Role,3
319,MATLAB,Software Skill,Transferable,4
319,Microsoft Excel,Software Skill,Role,5
319,Microsoft Office,Software Skill,Role,5
319,Monitoring,Essential Skill,Role,4
319,Reading Comprehension,Essential Skill,Role,3
321,Active Listening,Essential Skill,Role,3
321,Adobe Photoshop,Software Skill,Role,2
321,Microsoft Office,Software Skill,Role,3
321,Microsoft PowerPoint,Software Skill,Role,3
321,Monitoring,Essential Skill,Role,2
321,Oracle HRIS,Software Skill,Role,2
321,Speaking,Essential Skill,Role,3
323,Active Listening,Essential Skill,Role,5
323,Adobe Acrobat,Software Skill,Role,4
323,Adobe Photoshop,Software Skill,Role,5
323,Atlassian JIRA,Software Skill,Role,4
323,Autodesk AutoCAD,Software Skill,Role,5
323,Microsoft Excel,Software Skill,Role,5
323,Python,Software Skill,Transferable,5
323,R,Software Skill,Transferable,4
323,Reading Comprehension,Essential Skill,Role,4
323,Writing,Essential Skill,Role,5
325,Active Learning,Essential Skill,Role,3
325,Active Listening,Essential Skill,Role,4
325,Email,Software Skill,Role,3
325,Google Docs,Software Skill,Role,3
325,Microsoft Outlook,Software Skill,Role,2
325,Microsoft PowerPoint,Software Skill,Role,4
325,Reading Comprehension,Essential Skill,Role,3
327,Active Listening,Essential Skill,Role,4
327,Adobe Acrobat,Software Skill,Role,3
327,Adobe Photoshop,Software Skill,Role,3
327,Apache Hadoop,Software Skill,Transferable,4
327,Microsoft Access,Software Skill,Transferable,5
327,Microsoft Office,Software Skill,Role,4
327,Microsoft PowerPoint,Software Skill,Role,5
327,Speaking,Essential Skill,Role,3
328,Active Learning,Essential Skill,Role,3
328,Adobe After Effects,Software Skill,Transferable,3
328,Electronic Medical Record (EMR),Software Skill,Role,3
328,Email,Software Skill,Role,4
328,Google Docs,Software Skill,Role,3
328,Microsoft Excel,Software Skill,Role,3
328,Microsoft Office,Software Skill,Role,3
328,Microsoft Outlook,Software Skill,Role,4
328,Monitoring,Essential Skill,Role,3
328,SAP,Software Skill,Role,4
329,Active Learning,Essential Skill,Role,5
329,Active Listening,Essential Skill,Role,4
329,Adobe Acrobat,Software Skill,Role,5
329,Adobe Photoshop,Software Skill,Role,5
329,Apple macOS,Software Skill,Role,5
329,Atlassian JIRA,Software Skill,Role,5
329,Critical Thinking,Essential Skill,Role,5
329,Microsoft Excel,Software Skill,Role,5
329,Microsoft Office,Software Skill,Role,5
329,Reading Comprehension,Essential Skill,Role,5
330,Apple macOS,Software Skill,Role,3
330,HubSpot,Software Skill,Role,3
330,Microsoft Excel,Software Skill,Role,2
330,Microsoft Office,Software Skill,Role,3
330,Reading Comprehension,Essential Skill,Role,3
330,Salesforce,Software Skill,Role,2
331,Autodesk AutoCAD,Software Skill,Transferable,3
331,Critical Thinking,Essential Skill,Role,3
331,Microsoft Excel,Software Skill,Role,2
331,Microsoft PowerPoint,Software Skill,Role,3
331,SAP,Software Skill,Role,3
331,Science,Essential Skill,Role,3
332,Critical Thinking,Essential Skill,Role,3
332,Microsoft Outlook,Software Skill,Role,3
332,Microsoft PowerPoint,Software Skill,Role,4
332,Microsoft Word,Software Skill,Role,4
332,Reading Comprehension,Essential Skill,Role,3
332,SAP,Software Skill,Role,3
332,Science,Essential Skill,Role,3
333,Active Learning,Essential Skill,Role,2
333,Adobe Illustrator,Software Skill,Role,3
333,Critical Thinking,Essential Skill,Role,3
333,IBM SPSS Statistics,Software Skill,Transferable,3
333,Microsoft PowerPoint,Software Skill,Role,3
333,Reading Comprehension,Essential Skill,Role,4
333,Salesforce,Software Skill,Role,2
333,Speaking,Essential Skill,Role,3
333,Writing,Essential Skill,Role,4
334,Active Learning,Essential Skill,Role,4
334,ESRI ArcGIS,Software Skill,Role,3
334,IBM SPSS Statistics,Software Skill,Role,4
334,MATLAB,Software Skill,Role,4
334,Microsoft Office,Software Skill,Role,3
334,Python,Software Skill,Role,3
334,SAP,Software Skill,Transferable,3
334,Science,Essential Skill,Role,3
334,Writing,Essential Skill,Role,3
335,Adobe Photoshop,Software Skill,Role,3
335,Apache Hadoop,Software Skill,Transferable,3
335,ESRI ArcGIS,Software Skill,Role,3
335,MATLAB,Software Skill,Role,3
335,Science,Essential Skill,Role,3
335,Speaking,Essential Skill,Role,4
336,Active Listening,Essential Skill,Role,5
336,Adobe Photoshop,Software Skill,Role,4
336,Apple macOS,Software Skill,Role,5
336,Atlassian JIRA,Software Skill,Role,4
336,Critical Thinking,Essential Skill,Role,4
336,Google Analytics,Software Skill,Role,5
336,HubSpot,Software Skill,Transferable,3
336,Learning Strategies,Essential Skill,Role,4
336,Microsoft Excel,Software Skill,Role,3
336,Microsoft Office,Software Skill,Role,4
336,Microsoft PowerPoint,Software Skill,Role,4
336,Reading Comprehension,Essential Skill,Role,4
336,Writing,Essential Skill,Role,5
337,Active Learning,Essential Skill,Role,3
337,Adobe Acrobat,Software Skill,Role,3
337,Critical Thinking,Essential Skill,Role,3
337,Microsoft Office,Software Skill,Role,4
337,Microsoft PowerPoint,Software Skill,Role,4
337,Microsoft Project,Software Skill,Role,3
337,Microsoft SharePoint,Software Skill,Role,3
337,Reading Comprehension,Essential Skill,Role,5
338,Active Learning,Essential Skill,Role,3
338,Active Listening,Essential Skill,Role,3
338,Adobe Illustrator,Software Skill,Transferable,2
338,ESRI ArcGIS,Software Skill,Role,4
338,MATLAB,Software Skill,Role,2
338,Microsoft Excel,Software Skill,Role,3
338,Microsoft Office,Software Skill,Role,3
338,Science,Essential Skill,Role,4
338,Speaking,Essential Skill,Role,3
338,Writing,Essential Skill,Role,3
339,Active Listening,Essential Skill,Role,3
339,Adobe Photoshop,Software Skill,Role,3
339,Learning Strategies,Essential Skill,Role,3
339,Microsoft Excel,Software Skill,Role,4
339,Microsoft Office,Software Skill,Role,3
339,Microsoft PowerPoint,Software Skill,Role,4
339,Reading Comprehension,Essential Skill,Role,5
339,SAP,Software Skill,Role,4
340,Active Learning,Essential Skill,Role,4
340,Critical Thinking,Essential Skill,Role,4
340,Mathematics,Essential Skill,Role,3
340,Python,Software Skill,Role,3
340,R,Software Skill,Role,4
341,Active Listening,Essential Skill,Role,3
341,Adobe After Effects,Software Skill,Role,2
341,Cisco Webex,Software Skill,Transferable,3
341,Microsoft SharePoint,Software Skill,Transferable,2
341,Monitoring,Essential Skill,Role,3
341,Speaking,Essential Skill,Role,4
342,Adobe Acrobat,Software Skill,Role,4
342,Autodesk AutoCAD,Software Skill,Role,3
342,Critical Thinking,Essential Skill,Role,4
342,Learning Strategies,Essential Skill,Role,4
342,Mathematics,Essential Skill,Transferable,3
342,Microsoft Excel,Software Skill,Role,4
342,Microsoft Office,Software Skill,Role,4
342,Microsoft Outlook,Software Skill,Role,3
342,Microsoft PowerPoint,Software Skill,Role,4
342,Monitoring,Essential Skill,Role,4
342,R,Software Skill,Transferable,4
342,Speaking,Essential Skill,Role,4
342,Writing,Essential Skill,Role,4
343,Active Listening,Essential Skill,Role,3
343,Cisco Webex,Software Skill,Transferable,4
343,Mathematics,Essential Skill,Role,4
343,Microsoft Access,Software Skill,Role,4
343,Microsoft PowerPoint,Software Skill,Transferable,4
343,Monitoring,Essential Skill,Role,4
346,Active Learning,Essential Skill,Role,3
346,Critical Thinking,Essential Skill,Role,3
346,HubSpot,Software Skill,Transferable,3
346,IBM SPSS Statistics,Software Skill,Role,3
346,MATLAB,Software Skill,Role,3
346,Mathematics,Essential Skill,Role,3
346,Microsoft Excel,Software Skill,Role,3
346,Reading Comprehension,Essential Skill,Role,2
346,SAP,Software Skill,Transferable,2
346,SAS,Software Skill,Role,3
346,Science,Essential Skill,Role,2
347,Active Listening,Essential Skill,Role,4
347,Adobe Photoshop,Software Skill,Role,2
347,MATLAB,Software Skill,Role,3
347,Microsoft Excel,Software Skill,Role,2
347,Microsoft PowerPoint,Software Skill,Transferable,2
347,R,Software Skill,Role,2
347,Reading Comprehension,Essential Skill,Role,2
347,Speaking,Essential Skill,Role,2
347,Workday,Software Skill,Transferable,3
347,Writing,Essential Skill,Role,3
349,Active Listening,Essential Skill,Role,3
349,Adobe Creative Cloud,Software Skill,Role,2
349,Adobe InDesign,Software Skill,Role,3
349,Adobe Photoshop,Software Skill,Role,2
349,Critical Thinking,Essential Skill,Role,2
349,Microsoft PowerPoint,Software Skill,Role,3
349,Salesforce,Software Skill,Role,2
350,Active Learning,Essential Skill,Role,3
350,Adobe Acrobat,Software Skill,Role,3
350,Apache Hadoop,Software Skill,Transferable,3
350,Critical Thinking,Essential Skill,Role,4
350,Learning Strategies,Essential Skill,Role,3
350,Microsoft Office,Software Skill,Role,4
350,Python,Software Skill,Transferable,3
350,SAP,Software Skill,Role,3
351,Active Listening,Essential Skill,Role,3
351,Adobe InDesign,Software Skill,Transferable,2
351,Critical Thinking,Essential Skill,Role,3
351,Microsoft Office,Software Skill,Role,4
351,R,Software Skill,Transferable,3
351,Reading Comprehension,Essential Skill,Role,2
351,Speaking,Essential Skill,Role,2
351,Writing,Essential Skill,Role,2
352,Active Listening,Essential Skill,Role,4
352,Adobe Acrobat,Software Skill,Role,3
352,Cisco Webex,Software Skill,Transferable,4
352,Critical Thinking,Essential Skill,Role,4
352,ESRI ArcGIS,Software Skill,Role,4
352,Microsoft Access,Software Skill,Role,4
352,Microsoft Office,Software Skill,Role,3
352,Microsoft PowerPoint,Software Skill,Role,4
352,Microsoft SharePoint,Software Skill,Role,5
352,Microsoft Visio,Software Skill,Role,4
352,Reading Comprehension,Essential Skill,Role,3
352,Writing,Essential Skill,Role,4
353,Active Learning,Essential Skill,Role,3
353,Atlassian JIRA,Software Skill,Transferable,3
353,Autodesk AutoCAD,Software Skill,Transferable,1
353,Critical Thinking,Essential Skill,Role,3
353,Microsoft Office,Software Skill,Role,2
353,SAS,Software Skill,Role,2
355,Critical Thinking,Essential Skill,Role,4
355,Google Docs,Software Skill,Role,3
355,MATLAB,Software Skill,Transferable,3
355,Microsoft Excel,Software Skill,Role,2
355,Microsoft Outlook,Software Skill,Role,3
355,Microsoft PowerPoint,Software Skill,Role,3
355,Reading Comprehension,Essential Skill,Role,3
355,Science,Essential Skill,Role,3
355,Speaking,Essential Skill,Role,1
355,Writing,Essential Skill,Role,3
359,Microsoft PowerPoint,Software Skill,Role,2
359,Microsoft Visio,Software Skill,Transferable,4
359,Microsoft Word,Software Skill,Role,3
359,Monitoring,Essential Skill,Role,3
359,Science,Essential Skill,Role,3
361,Adobe Acrobat,Software Skill,Role,3
361,Adobe InDesign,Software Skill,Role,3
361,Microsoft Excel,Software Skill,Role,2
361,Microsoft Office,Software Skill,Role,3
361,Monitoring,Essential Skill,Role,2
361,Reading Comprehension,Essential Skill,Role,3
361,Writing,Essential Skill,Role,3
362,Active Learning,Essential Skill,Role,3
362,Google Docs,Software Skill,Role,3
362,MEDITECH,Software Skill,Role,3
362,Mathematics,Essential Skill,Transferable,3
362,Microsoft Access,Software Skill,Transferable,3
362,Microsoft Outlook,Software Skill,Role,2
362,Microsoft Word,Software Skill,Role,4
363,Active Learning,Essential Skill,Role,4
363,Active Listening,Essential Skill,Role,4
363,Apple macOS,Software Skill,Role,5
363,Atlassian Confluence,Software Skill,Role,4
363,Google Analytics,Software Skill,Role,4
363,Learning Strategies,Essential Skill,Role,5
363,Microsoft Excel,Software Skill,Role,5
363,Microsoft Office,Software Skill,Role,4
363,Microsoft PowerPoint,Software Skill,Role,3
363,Monitoring,Essential Skill,Role,4
363,Reading Comprehension,Essential Skill,Role,4
364,Active Learning,Essential Skill,Role,4
364,MEDITECH,Software Skill,Role,4
364,Microsoft Excel,Software Skill,Role,3
364,Microsoft Office,Software Skill,Role,3
364,Science,Essential Skill,Role,4
364,Writing,Essential Skill,Role,4
366,Active Learning,Essential Skill,Role,3
366,Active Listening,Essential Skill,Role,4
366,Adobe Creative Cloud,Software Skill,Role,4
366,Adobe Illustrator,Software Skill,Role,3
366,Apache Hadoop,Software Skill,Transferable,3
366,Microsoft Excel,Software Skill,Role,3
366,Microsoft Office,Software Skill,Role,3
366,Microsoft PowerPoint,Software Skill,Role,3
366,Reading Comprehension,Essential Skill,Role,3
366,Speaking,Essential Skill,Role,3
366,Writing,Essential Skill,Role,2
367,Amazon Web Services (AWS),Software Skill,Role,3
367,Apache Hadoop,Software Skill,Role,4
367,Critical Thinking,Essential Skill,Role,3
367,Electronic Medical Record (EMR),Software Skill,Transferable,3
367,Email,Software Skill,Transferable,3
367,Mathematics,Essential Skill,Role,3
367,Microsoft Access,Software Skill,Role,4
367,Microsoft Excel,Software Skill,Role,3
367,Microsoft Outlook,Software Skill,Role,3
367,Writing,Essential Skill,Role,3
369,Active Listening,Essential Skill,Role,2
369,Critical Thinking,Essential Skill,Role,4
369,ESRI ArcGIS,Software Skill,Transferable,3
369,Learning Strategies,Essential Skill,Transferable,3
369,Microsoft Azure,Software Skill,Role,2
369,Microsoft Office,Software Skill,Role,3
369,Salesforce,Software Skill,Role,3
369,Writing,Essential Skill,Role,3
372,Active Learning,Essential Skill,Role,3
372,Active Listening,Essential Skill,Role,3
372,Amazon Web Services (AWS),Software Skill,Role,5
372,Critical Thinking,Essential Skill,Role,4
372,Linux,Software Skill,Role,4
372,MEDITECH,Software Skill,Transferable,4
372,Microsoft Azure,Software Skill,Role,3
372,Microsoft Excel,Software Skill,Role,4
372,Microsoft Outlook,Software Skill,Role,4
372,Reading Comprehension,Essential Skill,Role,3
372,Speaking,Essential Skill,Role,3
373,Google Docs,Software Skill,Role,4
373,Microsoft Excel,Software Skill,Role,4
373,Microsoft Office,Software Skill,Role,3
374,Active Learning,Essential Skill,Role,4
374,Active Listening,Essential Skill,Role,5
374,Adobe Acrobat,Software Skill,Role,4
374,Adobe Photoshop,Software Skill,Role,4
374,Apple macOS,Software Skill,Role,4
374,Atlassian Confluence,Software Skill,Role,5
374,Autodesk AutoCAD,Software Skill,Role,4
374,Critical Thinking,Essential Skill,Role,5
374,Electronic Medical Record (EMR),Software Skill,Transferable,5
374,Google Analytics,Software Skill,Role,5
374,Microsoft Excel,Software Skill,Role,3
374,Microsoft PowerPoint,Software Skill,Role,4
374,Monitoring,Essential Skill,Role,4
374,Reading Comprehension,Essential Skill,Role,4
376,Adobe Acrobat,Software Skill,Role,4
376,Adobe Photoshop,Software Skill,Role,3
376,Apple macOS,Software Skill,Role,4
376,Atlassian Confluence,Software Skill,Role,4
376,Critical Thinking,Essential Skill,Role,3
376,Microsoft Excel,Software Skill,Role,3
376,Microsoft PowerPoint,Software Skill,Role,4
376,Monitoring,Essential Skill,Role,3
377,Active Learning,Essential Skill,Role,3
377,Critical Thinking,Essential Skill,Role,2
377,Microsoft Excel,Software Skill,Role,3
377,Microsoft PowerPoint,Software Skill,Transferable,3
377,Speaking,Essential Skill,Role,2
378,Active Listening,Essential Skill,Role,3
378,Adobe Creative Cloud,Software Skill,Role,4
378,Adobe InDesign,Software Skill,Role,4
378,Apple macOS,Software Skill,Transferable,3
378,Learning Strategies,Essential Skill,Transferable,2
378,Microsoft Outlook,Software Skill,Role,4
378,Microsoft PowerPoint,Software Skill,Role,3
378,Monitoring,Essential Skill,Role,4
378,Reading Comprehension,Essential Skill,Role,3
378,Writing,Essential Skill,Role,4
379,Active Listening,Essential Skill,Role,3
379,Adobe Creative Cloud,Software Skill,Transferable,3
379,Adobe Photoshop,Software Skill,Role,2
379,Cisco Webex,Software Skill,Transferable,2
379,IBM SPSS Statistics,Software Skill,Role,3
379,MATLAB,Software Skill,Role,3
379,Mathematics,Essential Skill,Role,2
379,Microsoft Excel,Software Skill,Role,3
379,Microsoft Project,Software Skill,Role,1
379,R,Software Skill,Role,2
379,Speaking,Essential Skill,Role,3
380,Adobe Acrobat,Software Skill,Role,4
380,Autodesk AutoCAD,Software Skill,Transferable,3
380,IBM SPSS Statistics,Software Skill,Role,3
380,Microsoft Office,Software Skill,Role,2
380,Microsoft PowerPoint,Software Skill,Role,4
380,Microsoft SharePoint,Software Skill,Role,3
380,R,Software Skill,Transferable,3
380,Reading Comprehension,Essential Skill,Role,3
381,Active Listening,Essential Skill,Role,3
381,Apple macOS,Software Skill,Role,4
381,Atlassian Confluence,Software Skill,Role,5
381,Critical Thinking,Essential Skill,Role,5
381,Google Analytics,Software Skill,Role,4
381,Microsoft Outlook,Software Skill,Transferable,4
381,Microsoft PowerPoint,Software Skill,Role,5
381,Monitoring,Essential Skill,Role,3
381,Python,Software Skill,Transferable,3
381,Speaking,Essential Skill,Role,3
382,Active Listening,Essential Skill,Role,3
382,Adobe Illustrator,Software Skill,Role,2
382,MATLAB,Software Skill,Transferable,3
382,Microsoft Office,Software Skill,Role,3
382,Microsoft PowerPoint,Software Skill,Role,3
382,Salesforce,Software Skill,Role,3
384,Active Learning,Essential Skill,Role,3
384,Autodesk AutoCAD,Software Skill,Role,4
384,Learning Strategies,Essential Skill,Role,3
384,Microsoft Azure,Software Skill,Transferable,4
384,Microsoft Excel,Software Skill,Role,2
384,Microsoft Outlook,Software Skill,Role,3
384,Microsoft PowerPoint,Software Skill,Role,4
384,Monitoring,Essential Skill,Role,4
384,SAP,Software Skill,Role,3
385,Active Listening,Essential Skill,Role,4
385,Microsoft Access,Software Skill,Role,4
385,Microsoft Excel,Software Skill,Role,4
385,Microsoft Office,Software Skill,Role,4
385,Microsoft SharePoint,Software Skill,Role,4
385,Monitoring,Essential Skill,Role,3
385,Reading Comprehension,Essential Skill,Role,5
385,Speaking,Essential Skill,Role,5
386,Active Listening,Essential Skill,Role,5
386,Adobe After Effects,Software Skill,Transferable,5
386,Critical Thinking,Essential Skill,Role,5
386,IBM SPSS Statistics,Software Skill,Role,4
386,Microsoft Office,Software Skill,Role,5
386,Microsoft PowerPoint,Software Skill,Role,4
386,Microsoft Project,Software Skill,Role,3
386,Microsoft SharePoint,Software Skill,Role,5
386,Monitoring,Essential Skill,Role,4
386,Reading Comprehension,Essential Skill,Role,4
386,Speaking,Essential Skill,Role,5
387,Active Listening,Essential Skill,Role,3
387,Adobe Illustrator,Software Skill,Role,3
387,Adobe Photoshop,Software Skill,Role,3
387,Microsoft Excel,Software Skill,Role,4
387,Microsoft PowerPoint,Software Skill,Role,3
387,Salesforce,Software Skill,Role,4
387,Speaking,Essential Skill,Role,4
387,Writing,Essential Skill,Role,4
388,Active Learning,Essential Skill,Role,3
388,Adobe Acrobat,Software Skill,Role,3
388,Adobe Photoshop,Software Skill,Role,4
388,Critical Thinking,Essential Skill,Role,2
388,Microsoft Excel,Software Skill,Role,3
388,Reading Comprehension,Essential Skill,Role,3
388,Speaking,Essential Skill,Role,3
388,Writing,Essential Skill,Role,4
389,Active Listening,Essential Skill,Role,2
389,Critical Thinking,Essential Skill,Role,2
389,ESRI ArcGIS,Software Skill,Transferable,3
389,Email,Software Skill,Role,4
389,Google Docs,Software Skill,Role,3
389,MEDITECH,Software Skill,Role,3
389,Mathematics,Essential Skill,Transferable,4
389,Microsoft PowerPoint,Software Skill,Role,3
389,Writing,Essential Skill,Role,2
390,Active Learning,Essential Skill,Role,2
390,Active Listening,Essential Skill,Role,3
390,Amazon Web Services (AWS),Software Skill,Role,2
390,Google Workspace,Software Skill,Role,3
390,Linux,Software Skill,Role,3
390,Mathematics,Essential Skill,Role,2
390,Writing,Essential Skill,Role,2
391,Active Learning,Essential Skill,Role,3
391,MATLAB,Software Skill,Role,5
391,Mathematics,Essential Skill,Role,3
391,Microsoft Excel,Software Skill,Role,4
391,Microsoft Office,Software Skill,Role,3
391,Python,Software Skill,Role,3
391,Reading Comprehension,Essential Skill,Role,3
391,SAS,Software Skill,Role,3
392,MEDITECH,Software Skill,Role,4
392,Microsoft Office,Software Skill,Role,3
392,Monitoring,Essential Skill,Role,3
393,Active Listening,Essential Skill,Role,3
393,Adobe Photoshop,Software Skill,Transferable,4
393,Amazon Web Services (AWS),Software Skill,Role,3
393,Critical Thinking,Essential Skill,Role,3
393,Microsoft Office,Software Skill,Role,4
393,Microsoft Outlook,Software Skill,Role,3
393,Reading Comprehension,Essential Skill,Role,4
393,Speaking,Essential Skill,Role,4
394,Active Listening,Essential Skill,Role,3
394,Electronic Medical Record (EMR),Software Skill,Role,3
394,HubSpot,Software Skill,Transferable,3
394,MATLAB,Software Skill,Transferable,3
394,Microsoft Excel,Software Skill,Role,2
394,Microsoft PowerPoint,Software Skill,Role,3
394,Monitoring,Essential Skill,Role,2
394,Reading Comprehension,Essential Skill,Role,3
394,SAP,Software Skill,Role,4
394,Writing,Essential Skill,Role,4
395,ESRI ArcGIS,Software Skill,Role,3
395,Mathematics,Essential Skill,Role,3
395,Microsoft Project,Software Skill,Role,3
395,Python,Software Skill,Role,2
395,Reading Comprehension,Essential Skill,Role,2
396,Adobe Acrobat,Software Skill,Role,5
396,Critical Thinking,Essential Skill,Role,4
396,IBM SPSS Statistics,Software Skill,Role,4
396,Microsoft Excel,Software Skill,Role,4
396,Microsoft Office,Software Skill,Role,5
396,Microsoft Project,Software Skill,Role,3
396,Microsoft SharePoint,Software Skill,Role,4
396,Microsoft Visio,Software Skill,Role,4
396,Reading Comprehension,Essential Skill,Role,5
396,Speaking,Essential Skill,Role,5
396,Writing,Essential Skill,Role,5
397,Active Learning,Essential Skill,Role,2
397,Critical Thinking,Essential Skill,Role,3
397,ESRI ArcGIS,Software Skill,Role,3
397,Microsoft Excel,Software Skill,Role,4
397,Microsoft Office,Software Skill,Role,2
397,Reading Comprehension,Essential Skill,Role,4
399,Active Learning,Essential Skill,Role,2
399,Adobe After Effects,Software Skill,Transferable,2
399,HubSpot,Software Skill,Role,3
399,Linux,Software Skill,Transferable,2
399,Mathematics,Essential Skill,Role,3
399,Microsoft PowerPoint,Software Skill,Role,3
399,Microsoft Project,Software Skill,Role,3
399,Monitoring,Essential Skill,Role,3
401,Adobe Photoshop,Software Skill,Role,3
401,Critical Thinking,Essential Skill,Role,3
401,Microsoft Excel,Software Skill,Role,3
401,Microsoft Office,Software Skill,Role,3
401,Microsoft Outlook,Software Skill,Role,3
401,Microsoft PowerPoint,Software Skill,Role,3
401,Reading Comprehension,Essential Skill,Role,3
401,Speaking,Essential Skill,Role,3
403,Active Listening,Essential Skill,Role,3
403,IBM SPSS Statistics,Software Skill,Role,3
403,Mathematics,Essential Skill,Role,2
403,Microsoft Office,Software Skill,Role,3
403,Microsoft Project,Software Skill,Role,2
403,Speaking,Essential Skill,Role,2
403,Writing,Essential Skill,Role,2
404,Active Learning,Essential Skill,Role,4
404,Active Listening,Essential Skill,Role,4
404,Adobe Acrobat,Software Skill,Role,4
404,Adobe Creative Cloud,Software Skill,Role,5
404,Adobe Photoshop,Software Skill,Role,3
404,Amazon Web Services (AWS),Software Skill,Transferable,4
404,MATLAB,Software Skill,Transferable,4
404,Mathematics,Essential Skill,Role,4
404,Microsoft Office,Software Skill,Role,4
404,Microsoft PowerPoint,Software Skill,Role,4
404,Reading Comprehension,Essential Skill,Role,3
405,Apple macOS,Software Skill,Transferable,3
405,Email,Software Skill,Role,2
405,MEDITECH,Software Skill,Role,3
405,Microsoft Office,Software Skill,Role,2
405,Microsoft Outlook,Software Skill,Role,3
405,Reading Comprehension,Essential Skill,Role,3
405,SAP,Software Skill,Role,3
405,Speaking,Essential Skill,Role,3
405,Writing,Essential Skill,Role,2
406,Active Listening,Essential Skill,Role,4
406,Adobe Acrobat,Software Skill,Role,3
406,Adobe Photoshop,Software Skill,Role,3
406,Amazon Web Services (AWS),Software Skill,Transferable,3
406,Critical Thinking,Essential Skill,Role,5
406,Microsoft Excel,Software Skill,Role,4
406,Microsoft Office,Software Skill,Role,3
406,Reading Comprehension,Essential Skill,Role,4
406,Speaking,Essential Skill,Role,4
406,Writing,Essential Skill,Role,3
407,Active Learning,Essential Skill,Role,2
407,Active Listening,Essential Skill,Role,3
407,Critical Thinking,Essential Skill,Role,3
407,Email,Software Skill,Role,2
407,Microsoft Office,Software Skill,Role,2
407,Microsoft Visio,Software Skill,Transferable,4
407,Microsoft Word,Software Skill,Role,4
407,Monitoring,Essential Skill,Role,3
407,Reading Comprehension,Essential Skill,Role,2
407,Speaking,Essential Skill,Role,4
408,Active Learning,Essential Skill,Role,3
408,Learning Strategies,Essential Skill,Role,4
408,Microsoft Excel,Software Skill,Role,3
408,Microsoft Outlook,Software Skill,Role,4
408,Reading Comprehension,Essential Skill,Role,4
408,Speaking,Essential Skill,Role,3
410,Active Learning,Essential Skill,Role,3
410,Adobe Acrobat,Software Skill,Role,4
410,Apache Hadoop,Software Skill,Transferable,4
410,Apple macOS,Software Skill,Role,4
410,Atlassian Confluence,Software Skill,Role,5
410,Google Analytics,Software Skill,Role,4
410,Learning Strategies,Essential Skill,Role,4
410,Microsoft Excel,Software Skill,Role,4
410,Microsoft Office,Software Skill,Role,4
410,Microsoft PowerPoint,Software Skill,Role,4
410,Monitoring,Essential Skill,Role,4
411,Active Listening,Essential Skill,Role,3
411,Google Analytics,Software Skill,Transferable,3
411,Microsoft Excel,Software Skill,Role,2
411,Microsoft Office,Software Skill,Role,3
411,Microsoft PowerPoint,Software Skill,Role,2
412,Active Learning,Essential Skill,Role,3
412,Adobe Acrobat,Software Skill,Transferable,3
412,Amazon Web Services (AWS),Software Skill,Role,3
412,Google Workspace,Software Skill,Role,2
412,Mathematics,Essential Skill,Role,3
412,Monitoring,Essential Skill,Role,2
412,Speaking,Essential Skill,Role,3
416,Active Learning,Essential Skill,Role,3
416,Adobe After Effects,Software Skill,Transferable,3
416,Adobe Creative Cloud,Software Skill,Role,4
416,Critical Thinking,Essential Skill,Role,4
416,Monitoring,Essential Skill,Role,3
416,Reading Comprehension,Essential Skill,Role,3
416,Writing,Essential Skill,Role,3
417,Active Learning,Essential Skill,Role,4
417,Amazon Web Services (AWS),Software Skill,Role,4
417,Apache Hadoop,Software Skill,Role,4
417,Linux,Software Skill,Role,4
417,Microsoft Access,Software Skill,Role,4
417,Microsoft Azure,Software Skill,Role,4
417,Microsoft Outlook,Software Skill,Role,3
417,Microsoft Visio,Software Skill,Transferable,4
417,Speaking,Essential Skill,Role,4
417,Workday,Software Skill,Transferable,4
419,Active Learning,Essential Skill,Role,3
419,Critical Thinking,Essential Skill,Role,4
419,Electronic Medical Record (EMR),Software Skill,Role,3
419,Google Docs,Software Skill,Role,4
419,MEDITECH,Software Skill,Role,3
419,Microsoft Excel,Software Skill,Role,3
419,Microsoft Project,Software Skill,Transferable,4
419,SAP,Software Skill,Role,3
420,Adobe Acrobat,Software Skill,Role,3
420,Adobe After Effects,Software Skill,Transferable,2
420,Adobe Creative Cloud,Software Skill,Role,4
420,Critical Thinking,Essential Skill,Role,5
420,Mathematics,Essential Skill,Role,3
420,Microsoft Excel,Software Skill,Role,4
420,Microsoft Office,Software Skill,Role,3
420,Microsoft PowerPoint,Software Skill,Role,5
420,Writing,Essential Skill,Role,4
421,Apple macOS,Software Skill,Transferable,4
421,Microsoft Access,Software Skill,Role,3
421,Microsoft Azure,Software Skill,Transferable,3
421,Microsoft Excel,Software Skill,Role,3
421,Microsoft Office,Software Skill,Role,5
421,Microsoft Project,Software Skill,Role,4
421,Microsoft Visio,Software Skill,Role,3
422,Active Learning,Essential Skill,Role,4
422,Active Listening,Essential Skill,Role,4
422,Apache Hadoop,Software Skill,Role,4
422,Cisco Webex,Software Skill,Transferable,3
422,Critical Thinking,Essential Skill,Role,4
422,Microsoft Access,Software Skill,Role,3
422,Monitoring,Essential Skill,Role,3
422,Salesforce,Software Skill,Role,4
422,Workday,Software Skill,Transferable,3
423,Active Learning,Essential Skill,Role,4
423,Active Listening,Essential Skill,Role,3
423,ESRI ArcGIS,Software Skill,Role,3
423,Google Workspace,Software Skill,Transferable,3
423,MATLAB,Software Skill,Role,3
423,Mathematics,Essential Skill,Role,3
423,Microsoft Excel,Software Skill,Role,3
423,Python,Software Skill,Role,3
423,Reading Comprehension,Essential Skill,Role,4
423,Speaking,Essential Skill,Role,4
423,Writing,Essential Skill,Role,3
424,Active Learning,Essential Skill,Role,3
424,Adobe Creative Cloud,Software Skill,Transferable,3
424,Applicant Tracking System (ATS),Software Skill,Role,2
424,Cisco Webex,Software Skill,Role,3
424,IBM SPSS Statistics,Software Skill,Transferable,2
424,Learning Strategies,Essential Skill,Role,4
424,Microsoft Office,Software Skill,Role,3
424,Monitoring,Essential Skill,Role,4
424,Reading Comprehension,Essential Skill,Role,3
424,Workday,Software Skill,Role,4
424,Writing,Essential Skill,Role,3
425,Active Learning,Essential Skill,Role,4
425,Critical Thinking,Essential Skill,Role,3
425,ESRI ArcGIS,Software Skill,Transferable,4
425,Google Docs,Software Skill,Role,3
425,Microsoft Office,Software Skill,Role,4
425,Microsoft Outlook,Software Skill,Role,4
425,Monitoring,Essential Skill,Role,4
425,Reading Comprehension,Essential Skill,Role,5
425,Writing,Essential Skill,Role,5
426,Active Listening,Essential Skill,Role,2
426,Adobe Illustrator,Software Skill,Transferable,3
426,Adobe Photoshop,Software Skill,Role,3
426,Atlassian JIRA,Software Skill,Transferable,3
426,MATLAB,Software Skill,Role,3
426,Mathematics,Essential Skill,Role,3
426,R,Software Skill,Role,3
426,Reading Comprehension,Essential Skill,Role,3
426,SAS,Software Skill,Role,2
426,Science,Essential Skill,Role,2
426,Speaking,Essential Skill,Role,2
426,Writing,Essential Skill,Role,2
428,Active Learning,Essential Skill,Role,5
428,Adobe Acrobat,Software Skill,Role,3
428,Atlassian JIRA,Software Skill,Role,4
428,Autodesk AutoCAD,Software Skill,Role,4
428,Critical Thinking,Essential Skill,Role,4
428,Microsoft PowerPoint,Software Skill,Role,4
428,Monitoring,Essential Skill,Role,4
428,Speaking,Essential Skill,Role,4
429,Active Learning,Essential Skill,Role,4
429,Adobe Acrobat,Software Skill,Role,4
429,Apple macOS,Software Skill,Role,3
429,Atlassian JIRA,Software Skill,Role,4
429,Autodesk AutoCAD,Software Skill,Role,3
429,Critical Thinking,Essential Skill,Role,3
429,Google Analytics,Software Skill,Role,3
429,Linux,Software Skill,Transferable,3
429,Microsoft Office,Software Skill,Role,4
429,Python,Software Skill,Transferable,3
429,Writing,Essential Skill,Role,4
430,Critical Thinking,Essential Skill,Role,3
430,Google Analytics,Software Skill,Transferable,3
430,Google Docs,Software Skill,Role,3
430,MEDITECH,Software Skill,Role,3
430,Microsoft Excel,Software Skill,Role,3
430,Microsoft Outlook,Software Skill,Role,3
430,Microsoft Word,Software Skill,Role,3
431,Active Listening,Essential Skill,Role,4
431,Google Workspace,Software Skill,Role,4
431,Microsoft Office,Software Skill,Role,2
431,Speaking,Essential Skill,Role,4
433,Active Listening,Essential Skill,Role,2
433,Adobe Photoshop,Software Skill,Role,3
433,Amazon Web Services (AWS),Software Skill,Transferable,3
433,ESRI ArcGIS,Software Skill,Role,5
433,IBM SPSS Statistics,Software Skill,Role,4
433,Mathematics,Essential Skill,Role,3
433,Microsoft Excel,Software Skill,Role,3
433,Python,Software Skill,Role,3
433,SAS,Software Skill,Role,4
433,Science,Essential Skill,Role,4
434,Active Listening,Essential Skill,Role,4
434,MATLAB,Software Skill,Role,3
434,Microsoft Outlook,Software Skill,Transferable,1
434,Microsoft Project,Software Skill,Role,3
434,Microsoft Visio,Software Skill,Transferable,3
434,R,Software Skill,Role,3
434,Science,Essential Skill,Role,3
434,Speaking,Essential Skill,Role,3
434,Writing,Essential Skill,Role,2
436,Active Learning,Essential Skill,Role,2
436,Active Listening,Essential Skill,Role,3
436,Adobe Illustrator,Software Skill,Role,2
436,Adobe Photoshop,Software Skill,Role,2
436,Mathematics,Essential Skill,Role,4
436,Monitoring,Essential Skill,Role,3
436,Reading Comprehension,Essential Skill,Role,3
436,Speaking,Essential Skill,Role,4
436,Writing,Essential Skill,Role,4
437,Active Learning,Essential Skill,Role,2
437,Active Listening,Essential Skill,Role,4
437,Critical Thinking,Essential Skill,Role,3
437,HubSpot,Software Skill,Transferable,3
437,Microsoft Access,Software Skill,Transferable,3
437,Microsoft Office,Software Skill,Role,4
437,Microsoft Outlook,Software Skill,Role,3
437,Writing,Essential Skill,Role,3
438,Active Learning,Essential Skill,Role,3
438,Active Listening,Essential Skill,Role,3
438,Adobe Creative Cloud,Software Skill,Role,4
438,Critical Thinking,Essential Skill,Role,5
438,Linux,Software Skill,Transferable,3
438,Microsoft Excel,Software Skill,Role,3
438,Microsoft PowerPoint,Software Skill,Role,3
438,Reading Comprehension,Essential Skill,Role,4
439,Active Learning,Essential Skill,Role,2
439,ESRI ArcGIS,Software Skill,Role,3
439,Electronic Medical Record (EMR),Software Skill,Transferable,4
439,Microsoft Excel,Software Skill,Role,3
439,Microsoft Project,Software Skill,Role,3
439,R,Software Skill,Role,3
439,Salesforce,Software Skill,Transferable,3
439,Science,Essential Skill,Role,3
440,Active Learning,Essential Skill,Role,3
440,Active Listening,Essential Skill,Role,3
440,ESRI ArcGIS,Software Skill,Role,3
440,IBM SPSS Statistics,Software Skill,Role,3
440,SAS,Software Skill,Role,4
440,Science,Essential Skill,Role,3
440,Writing,Essential Skill,Role,3
441,Active Learning,Essential Skill,Role,2
441,Adobe Acrobat,Software Skill,Transferable,3
441,Adobe Illustrator,Software Skill,Transferable,2
441,ESRI ArcGIS,Software Skill,Role,2
441,IBM SPSS Statistics,Software Skill,Role,3
441,Microsoft Project,Software Skill,Role,2
441,R,Software Skill,Role,4
441,SAS,Software Skill,Role,3
442,Active Learning,Essential Skill,Role,3
442,HubSpot,Software Skill,Transferable,3
442,Reading Comprehension,Essential Skill,Role,4
444,Active Learning,Essential Skill,Role,4
444,Adobe Acrobat,Software Skill,Role,5
444,Adobe Photoshop,Software Skill,Role,5
444,Apple macOS,Software Skill,Role,5
444,Autodesk AutoCAD,Software Skill,Role,4
444,Critical Thinking,Essential Skill,Role,4
444,Microsoft Excel,Software Skill,Role,4
444,Microsoft Office,Software Skill,Role,3
444,Microsoft Outlook,Software Skill,Transferable,4
444,Monitoring,Essential Skill,Role,4
444,Writing,Essential Skill,Role,4
445,Linux,Software Skill,Transferable,3
445,Microsoft Excel,Software Skill,Role,3
445,Microsoft PowerPoint,Software Skill,Role,2
445,Monitoring,Essential Skill,Role,4
445,Speaking,Essential Skill,Role,2
446,Adobe Acrobat,Software Skill,Role,4
446,Adobe Illustrator,Software Skill,Role,2
446,Adobe InDesign,Software Skill,Role,4
446,Adobe Photoshop,Software Skill,Role,3
446,Electronic Medical Record (EMR),Software Skill,Transferable,4
446,Microsoft Outlook,Software Skill,Role,2
446,Reading Comprehension,Essential Skill,Role,3
446,SAS,Software Skill,Transferable,3
446,Salesforce,Software Skill,Role,4
446,Speaking,Essential Skill,Role,4
447,Adobe Acrobat,Software Skill,Role,5
447,Critical Thinking,Essential Skill,Role,4
447,ESRI ArcGIS,Software Skill,Role,5
447,IBM SPSS Statistics,Software Skill,Role,5
447,Microsoft Access,Software Skill,Role,4
447,Microsoft Excel,Software Skill,Role,5
447,Microsoft Office,Software Skill,Role,5
447,Microsoft PowerPoint,Software Skill,Role,4
447,Microsoft SharePoint,Software Skill,Role,5
447,Microsoft Visio,Software Skill,Role,5
447,Reading Comprehension,Essential Skill,Role,4
447,Science,Essential Skill,Role,4
447,Speaking,Essential Skill,Role,4
447,Writing,Essential Skill,Role,4
448,Active Learning,Essential Skill,Role,5
448,Apple macOS,Software Skill,Transferable,3
448,Critical Thinking,Essential Skill,Role,3
448,Google Docs,Software Skill,Role,4
448,Google Workspace,Software Skill,Transferable,2
448,MEDITECH,Software Skill,Role,3
448,Microsoft Excel,Software Skill,Role,4
448,Microsoft Office,Software Skill,Role,2
448,Microsoft Outlook,Software Skill,Role,3
448,Microsoft PowerPoint,Software Skill,Role,3
448,Microsoft Word,Software Skill,Role,4
448,Science,Essential Skill,Role,3
449,Active Listening,Essential Skill,Role,3
449,Electronic Medical Record (EMR),Software Skill,Transferable,3
449,Monitoring,Essential Skill,Role,4
449,Speaking,Essential Skill,Role,3
449,Writing,Essential Skill,Role,2
450,Active Listening,Essential Skill,Role,5
450,Adobe InDesign,Software Skill,Transferable,4
450,Microsoft Office,Software Skill,Role,4
450,Python,Software Skill,Role,4
450,R,Software Skill,Role,4
450,SAS,Software Skill,Role,3
450,Science,Essential Skill,Role,4
450,Writing,Essential Skill,Role,3
451,Google Workspace,Software Skill,Role,4
451,Microsoft Access,Software Skill,Role,3
451,Microsoft Excel,Software Skill,Role,3
451,Microsoft Office,Software Skill,Role,3
451,Reading Comprehension,Essential Skill,Role,3
451,Writing,Essential Skill,Role,3
452,Active Learning,Essential Skill,Role,3
452,ESRI ArcGIS,Software Skill,Role,4
452,Google Workspace,Software Skill,Transferable,4
452,IBM SPSS Statistics,Software Skill,Role,3
452,Mathematics,Essential Skill,Role,4
452,Microsoft Office,Software Skill,Role,4
452,Reading Comprehension,Essential Skill,Role,4
452,SAP,Software Skill,Transferable,3
452,SAS,Software Skill,Role,4
452,Science,Essential Skill,Role,3
452,Speaking,Essential Skill,Role,4
453,Active Learning,Essential Skill,Role,3
453,Adobe Illustrator,Software Skill,Role,3
453,Adobe Photoshop,Software Skill,Role,2
453,Mathematics,Essential Skill,Role,2
453,Microsoft Azure,Software Skill,Transferable,3
453,Microsoft Office,Software Skill,Role,2
453,Speaking,Essential Skill,Role,3
454,Adobe InDesign,Software Skill,Transferable,3
454,Critical Thinking,Essential Skill,Role,4
454,Email,Software Skill,Role,4
454,Microsoft PowerPoint,Software Skill,Role,3
454,Microsoft SharePoint,Software Skill,Transferable,3
454,Reading Comprehension,Essential Skill,Role,4
454,Writing,Essential Skill,Role,4
455,Adobe Acrobat,Software Skill,Transferable,2
455,Google Docs,Software Skill,Role,2
455,Microsoft Excel,Software Skill,Role,3
455,Microsoft Outlook,Software Skill,Role,4
455,Reading Comprehension,Essential Skill,Role,3
455,Speaking,Essential Skill,Role,3
456,Active Listening,Essential Skill,Role,3
456,Adobe Creative Cloud,Software Skill,Role,2
456,Critical Thinking,Essential Skill,Role,4
456,Electronic Medical Record (EMR),Software Skill,Transferable,4
456,Mathematics,Essential Skill,Role,4
456,Monitoring,Essential Skill,Role,2
456,Salesforce,Software Skill,Role,4
456,Speaking,Essential Skill,Role,3
458,Adobe Acrobat,Software Skill,Role,4
458,Adobe Illustrator,Software Skill,Role,4
458,Mathematics,Essential Skill,Role,2
458,Microsoft Office,Software Skill,Role,3
458,Microsoft SharePoint,Software Skill,Transferable,3
458,Salesforce,Software Skill,Role,3
458,Science,Essential Skill,Transferable,3
458,Writing,Essential Skill,Role,3
460,Active Listening,Essential Skill,Role,3
460,Autodesk AutoCAD,Software Skill,Role,3
460,Critical Thinking,Essential Skill,Role,2
460,Email,Software Skill,Transferable,4
460,Google Docs,Software Skill,Transferable,3
460,Learning Strategies,Essential Skill,Role,2
460,Microsoft Office,Software Skill,Role,3
460,Monitoring,Essential Skill,Role,3
460,Reading Comprehension,Essential Skill,Role,3
460,Speaking,Essential Skill,Role,2
461,Active Listening,Essential Skill,Role,4
461,Adobe InDesign,Software Skill,Transferable,3
461,Critical Thinking,Essential Skill,Role,4
461,ESRI ArcGIS,Software Skill,Role,3
461,Microsoft Excel,Software Skill,Role,3
461,Microsoft PowerPoint,Software Skill,Role,3
461,Microsoft Project,Software Skill,Role,3
461,Microsoft Visio,Software Skill,Role,3
461,Reading Comprehension,Essential Skill,Role,3
462,Active Listening,Essential Skill,Role,4
462,Adobe After Effects,Software Skill,Role,4
462,Adobe InDesign,Software Skill,Role,2
462,Microsoft Excel,Software Skill,Role,3
462,Microsoft Word,Software Skill,Transferable,3
462,Monitoring,Essential Skill,Role,5
462,Reading Comprehension,Essential Skill,Role,4
462,Speaking,Essential Skill,Role,5
463,Adobe InDesign,Software Skill,Role,2
463,Critical Thinking,Essential Skill,Role,2
463,Electronic Medical Record (EMR),Software Skill,Transferable,2
463,Mathematics,Essential Skill,Role,2
463,Microsoft Excel,Software Skill,Role,2
463,Microsoft Office,Software Skill,Role,3
463,Microsoft PowerPoint,Software Skill,Role,3
463,Oracle HRIS,Software Skill,Transferable,3
463,Reading Comprehension,Essential Skill,Role,2
464,Active Learning,Essential Skill,Role,5
464,Adobe InDesign,Software Skill,Role,4
464,Critical Thinking,Essential Skill,Role,5
464,Learning Strategies,Essential Skill,Role,4
464,Microsoft Excel,Software Skill,Role,4
464,Microsoft Outlook,Software Skill,Role,4
464,Microsoft PowerPoint,Software Skill,Role,4
464,Speaking,Essential Skill,Role,5
465,Critical Thinking,Essential Skill,Role,3
465,Google Workspace,Software Skill,Transferable,2
465,MATLAB,Software Skill,Role,1
465,Mathematics,Essential Skill,Role,1
465,Microsoft Office,Software Skill,Role,1
465,Microsoft Project,Software Skill,Role,2
465,Oracle HRIS,Software Skill,Transferable,3
465,Reading Comprehension,Essential Skill,Role,2
466,Adobe After Effects,Software Skill,Role,3
466,Adobe Photoshop,Software Skill,Role,3
466,Learning Strategies,Essential Skill,Role,4
466,Microsoft Excel,Software Skill,Role,3
466,Microsoft Office,Software Skill,Role,3
466,Monitoring,Essential Skill,Role,3
466,SAP,Software Skill,Role,3
467,Linux,Software Skill,Transferable,3
467,Microsoft Excel,Software Skill,Role,3
467,Microsoft Outlook,Software Skill,Role,4
467,Microsoft Project,Software Skill,Role,2
467,Salesforce,Software Skill,Role,3
467,Speaking,Essential Skill,Role,2
468,Active Learning,Essential Skill,Role,4
468,Active Listening,Essential Skill,Role,4
468,Adobe Acrobat,Software Skill,Role,5
468,Adobe After Effects,Software Skill,Transferable,5
468,Critical Thinking,Essential Skill,Role,4
468,ESRI ArcGIS,Software Skill,Role,4
468,HubSpot,Software Skill,Transferable,4
468,Microsoft Access,Software Skill,Role,3
468,Microsoft Office,Software Skill,Role,4
468,Microsoft PowerPoint,Software Skill,Role,4
468,Microsoft Project,Software Skill,Role,3
468,Microsoft SharePoint,Software Skill,Role,4
468,Microsoft Visio,Software Skill,Role,3
468,Monitoring,Essential Skill,Role,4
468,Science,Essential Skill,Role,4
468,Speaking,Essential Skill,Role,5
469,Active Learning,Essential Skill,Role,3
469,Adobe Acrobat,Software Skill,Role,3
469,Adobe Creative Cloud,Software Skill,Role,3
469,Mathematics,Essential Skill,Role,3
469,Microsoft PowerPoint,Software Skill,Role,3
469,Monitoring,Essential Skill,Role,3
469,Reading Comprehension,Essential Skill,Role,3
469,Speaking,Essential Skill,Role,1
470,Cisco Webex,Software Skill,Role,2
470,Learning Strategies,Essential Skill,Role,3
470,Microsoft Access,Software Skill,Transferable,2
470,Microsoft Excel,Software Skill,Role,2
470,Oracle HRIS,Software Skill,Role,3
470,Reading Comprehension,Essential Skill,Role,3
470,Salesforce,Software Skill,Transferable,2
470,Writing,Essential Skill,Role,2
471,Active Learning,Essential Skill,Role,4
471,Electronic Medical Record (EMR),Software Skill,Role,3
471,Email,Software Skill,Role,3
471,Microsoft Excel,Software Skill,Role,4
471,Microsoft Office,Software Skill,Role,3
471,Microsoft Outlook,Software Skill,Role,2
471,SAP,Software Skill,Role,3
471,Science,Essential Skill,Role,3
473,Active Learning,Essential Skill,Role,3
473,Active Listening,Essential Skill,Role,3
473,Adobe Photoshop,Software Skill,Role,4
473,Atlassian JIRA,Software Skill,Role,4
473,Autodesk AutoCAD,Software Skill,Role,2
473,Critical Thinking,Essential Skill,Role,3
473,Google Analytics,Software Skill,Role,4
473,Learning Strategies,Essential Skill,Role,3
474,Active Listening,Essential Skill,Role,3
474,Adobe Photoshop,Software Skill,Role,4
474,Autodesk AutoCAD,Software Skill,Transferable,4
474,Mathematics,Essential Skill,Role,4
474,Microsoft Office,Software Skill,Role,3
474,Microsoft Project,Software Skill,Role,3
474,Python,Software Skill,Role,2
474,Science,Essential Skill,Role,3
474,Writing,Essential Skill,Role,3
475,Active Listening,Essential Skill,Role,2
475,Adobe Illustrator,Software Skill,Role,3
475,Adobe InDesign,Software Skill,Role,4
475,Monitoring,Essential Skill,Role,4
475,Reading Comprehension,Essential Skill,Role,3
475,Salesforce,Software Skill,Role,2
475,Writing,Essential Skill,Role,2
476,Active Listening,Essential Skill,Role,4
476,Adobe Illustrator,Software Skill,Role,3
476,Microsoft Office,Software Skill,Role,4
476,Reading Comprehension,Essential Skill,Role,2
476,Speaking,Essential Skill,Role,2
477,Apache Hadoop,Software Skill,Role,4
477,Critical Thinking,Essential Skill,Role,4
477,Mathematics,Essential Skill,Role,3
477,Microsoft Access,Software Skill,Role,5
477,Microsoft Office,Software Skill,Role,5
477,Monitoring,Essential Skill,Role,5
477,Reading Comprehension,Essential Skill,Role,3
477,Salesforce,Software Skill,Role,4
477,Science,Essential Skill,Transferable,4
477,Speaking,Essential Skill,Role,4
477,Writing,Essential Skill,Role,4
478,Microsoft Excel,Software Skill,Role,1
478,Microsoft Office,Software Skill,Role,3
478,Microsoft Outlook,Software Skill,Role,2
478,Microsoft Project,Software Skill,Role,2
478,Microsoft SharePoint,Software Skill,Transferable,4
478,Monitoring,Essential Skill,Role,3
478,Speaking,Essential Skill,Role,2
478,Writing,Essential Skill,Role,1
479,Active Learning,Essential Skill,Role,3
479,Active Listening,Essential Skill,Role,4
479,Adobe Acrobat,Software Skill,Role,4
479,Adobe Photoshop,Software Skill,Role,5
479,Critical Thinking,Essential Skill,Role,4
479,Google Analytics,Software Skill,Transferable,4
479,Mathematics,Essential Skill,Role,5
479,Microsoft Outlook,Software Skill,Role,5
479,Microsoft Word,Software Skill,Transferable,2
479,Reading Comprehension,Essential Skill,Role,5
479,Salesforce,Software Skill,Role,3
479,Speaking,Essential Skill,Role,4
481,Active Learning,Essential Skill,Role,4
481,Active Listening,Essential Skill,Role,4
481,Adobe Creative Cloud,Software Skill,Role,4
481,Adobe Illustrator,Software Skill,Role,4
481,Adobe InDesign,Software Skill,Role,3
481,Adobe Photoshop,Software Skill,Role,4
481,Critical Thinking,Essential Skill,Role,4
481,Microsoft Office,Software Skill,Role,3
481,Microsoft Outlook,Software Skill,Role,4
481,Microsoft PowerPoint,Software Skill,Role,4
481,Monitoring,Essential Skill,Role,3
481,Salesforce,Software Skill,Role,4
481,Speaking,Essential Skill,Role,5
481,Writing,Essential Skill,Role,4
482,Active Learning,Essential Skill,Role,4
482,Adobe InDesign,Software Skill,Transferable,4
482,Mathematics,Essential Skill,Role,4
482,Microsoft Outlook,Software Skill,Role,3
483,Active Learning,Essential Skill,Role,3
483,Critical Thinking,Essential Skill,Role,3
483,MEDITECH,Software Skill,Role,4
483,Microsoft Excel,Software Skill,Role,2
483,Microsoft Office,Software Skill,Role,3
483,Microsoft Outlook,Software Skill,Role,3
483,Speaking,Essential Skill,Role,3
484,Active Listening,Essential Skill,Role,3
484,Apple macOS,Software Skill,Role,3
484,Mathematics,Essential Skill,Role,3
484,Microsoft Word,Software Skill,Role,3
484,Speaking,Essential Skill,Role,1
484,Writing,Essential Skill,Role,3
485,Active Listening,Essential Skill,Role,3
485,HubSpot,Software Skill,Role,2
485,IBM SPSS Statistics,Software Skill,Role,2
485,Microsoft PowerPoint,Software Skill,Role,3
485,Writing,Essential Skill,Role,2
486,Active Listening,Essential Skill,Role,3
486,Apache Hadoop,Software Skill,Transferable,4
486,Critical Thinking,Essential Skill,Role,3
486,Electronic Medical Record (EMR),Software Skill,Role,3
486,Mathematics,Essential Skill,Transferable,3
486,Microsoft Excel,Software Skill,Role,3
486,Microsoft Office,Software Skill,Role,3
486,Microsoft Outlook,Software Skill,Role,4
486,Monitoring,Essential Skill,Role,2
486,Reading Comprehension,Essential Skill,Role,3
486,Science,Essential Skill,Role,3
486,Speaking,Essential Skill,Role,4
487,Adobe InDesign,Software Skill,Role,3
487,Critical Thinking,Essential Skill,Role,4
487,Email,Software Skill,Transferable,4
487,Learning Strategies,Essential Skill,Role,2
487,Microsoft Excel,Software Skill,Role,2
487,Microsoft Office,Software Skill,Role,3
487,Microsoft PowerPoint,Software Skill,Role,3
487,Microsoft SharePoint,Software Skill,Transferable,3
487,Monitoring,Essential Skill,Role,3
487,SAP,Software Skill,Role,3
488,Active Learning,Essential Skill,Role,3
488,Active Listening,Essential Skill,Role,4
488,Adobe Photoshop,Software Skill,Role,3
488,Critical Thinking,Essential Skill,Role,3
488,Microsoft Excel,Software Skill,Role,3
488,Microsoft Outlook,Software Skill,Role,4
488,Reading Comprehension,Essential Skill,Role,3
488,Salesforce,Software Skill,Role,2
488,Speaking,Essential Skill,Role,4
491,Active Listening,Essential Skill,Role,4
491,Atlassian Confluence,Software Skill,Transferable,4
491,Linux,Software Skill,Role,3
491,Microsoft Access,Software Skill,Role,4
491,Microsoft Excel,Software Skill,Role,4
491,Microsoft Outlook,Software Skill,Role,4
491,Salesforce,Software Skill,Role,4
491,Speaking,Essential Skill,Role,4
492,Active Listening,Essential Skill,Role,4
492,Adobe Photoshop,Software Skill,Role,4
492,Mathematics,Essential Skill,Role,3
492,Microsoft Office,Software Skill,Role,3
492,Microsoft Outlook,Software Skill,Role,3
492,Microsoft PowerPoint,Software Skill,Role,3
492,Microsoft Visio,Software Skill,Transferable,4
492,Reading Comprehension,Essential Skill,Role,3
492,Salesforce,Software Skill,Role,3
492,Speaking,Essential Skill,Role,2
493,Adobe Photoshop,Software Skill,Role,2
493,Apple macOS,Software Skill,Transferable,3
493,Mathematics,Essential Skill,Role,3
493,Microsoft Azure,Software Skill,Transferable,3
493,Python,Software Skill,Role,3
493,R,Software Skill,Role,3
493,Science,Essential Skill,Role,3
493,Speaking,Essential Skill,Role,4
494,Apple macOS,Software Skill,Role,2
494,Critical Thinking,Essential Skill,Role,2
494,Microsoft Excel,Software Skill,Role,3
494,Microsoft Project,Software Skill,Role,4
495,Active Learning,Essential Skill,Role,2
495,Critical Thinking,Essential Skill,Role,3
495,ESRI ArcGIS,Software Skill,Role,3
495,Microsoft Office,Software Skill,Role,3
495,R,Software Skill,Role,2
495,SAS,Software Skill,Role,3
495,Science,Essential Skill,Role,3
495,Speaking,Essential Skill,Role,2
496,Active Listening,Essential Skill,Role,4
496,Google Docs,Software Skill,Transferable,3
496,Mathematics,Essential Skill,Role,4
496,Microsoft Access,Software Skill,Role,3
496,Microsoft Azure,Software Skill,Role,2
496,Microsoft Office,Software Skill,Role,4
496,Microsoft Visio,Software Skill,Transferable,4
496,Salesforce,Software Skill,Role,4
496,Speaking,Essential Skill,Role,4
497,Google Analytics,Software Skill,Transferable,3
497,Google Docs,Software Skill,Role,2
497,MEDITECH,Software Skill,Role,3
497,Microsoft Excel,Software Skill,Role,3
497,Microsoft PowerPoint,Software Skill,Role,2
497,Reading Comprehension,Essential Skill,Role,3
497,SAP,Software Skill,Role,2
498,Adobe Acrobat,Software Skill,Role,3
498,Adobe Illustrator,Software Skill,Role,3
498,Adobe InDesign,Software Skill,Role,2
498,ESRI ArcGIS,Software Skill,Transferable,3
498,Mathematics,Essential Skill,Role,4
498,Microsoft Excel,Software Skill,Role,3
498,Microsoft Office,Software Skill,Role,3
498,Microsoft Outlook,Software Skill,Role,3
498,Microsoft PowerPoint,Software Skill,Role,4
498,Writing,Essential Skill,Role,2
499,Active Learning,Essential Skill,Role,3
499,Amazon Web Services (AWS),Software Skill,Role,4
499,Critical Thinking,Essential Skill,Role,4
499,Linux,Software Skill,Role,4
499,Microsoft Access,Software Skill,Role,4
499,Microsoft Azure,Software Skill,Role,3
499,Microsoft Office,Software Skill,Role,4
499,Microsoft Outlook,Software Skill,Role,4
499,Monitoring,Essential Skill,Role,4
499,Reading Comprehension,Essential Skill,Role,3
499,Speaking,Essential Skill,Role,5
500,Adobe Acrobat,Software Skill,Role,2
500,Apache Hadoop,Software Skill,Transferable,3
500,Google Docs,Software Skill,Transferable,3
500,Mathematics,Essential Skill,Role,4
500,Microsoft Excel,Software Skill,Role,3
500,Microsoft Outlook,Software Skill,Role,4
500,Microsoft PowerPoint,Software Skill,Role,3
500,Salesforce,Software Skill,Role,3
500,Speaking,Essential Skill,Role,4
500,Writing,Essential Skill,Role,3
501,IBM SPSS Statistics,Software Skill,Role,3
501,MATLAB,Software Skill,Role,3
501,Microsoft Project,Software Skill,Role,3
501,Microsoft Visio,Software Skill,Transferable,3
501,R,Software Skill,Role,3
501,Reading Comprehension,Essential Skill,Role,3
502,Active Listening,Essential Skill,Role,4
502,Adobe InDesign,Software Skill,Role,3
502,Adobe Photoshop,Software Skill,Role,3
502,Microsoft PowerPoint,Software Skill,Role,4
505,Active Listening,Essential Skill,Role,3
505,Adobe Acrobat,Software Skill,Role,5
505,Autodesk AutoCAD,Software Skill,Role,4
505,Learning Strategies,Essential Skill,Role,4
505,Microsoft Excel,Software Skill,Role,5
505,Microsoft Office,Software Skill,Role,4
507,Active Listening,Essential Skill,Role,2
507,Adobe After Effects,Software Skill,Transferable,3
507,Adobe Creative Cloud,Software Skill,Role,3
507,Adobe InDesign,Software Skill,Role,2
507,Atlassian JIRA,Software Skill,Transferable,3
507,Microsoft Office,Software Skill,Role,4
507,Salesforce,Software Skill,Role,4
507,Speaking,Essential Skill,Role,3
508,Mathematics,Essential Skill,Role,2
508,Python,Software Skill,Transferable,2
508,Salesforce,Software Skill,Role,3
508,Science,Essential Skill,Transferable,3
508,Writing,Essential Skill,Role,2
510,MATLAB,Software Skill,Role,2
510,Mathematics,Essential Skill,Role,3
510,Reading Comprehension,Essential Skill,Role,3
510,Writing,Essential Skill,Role,3
511,Active Listening,Essential Skill,Role,3
511,Adobe Illustrator,Software Skill,Transferable,1
511,ESRI ArcGIS,Software Skill,Role,3
511,IBM SPSS Statistics,Software Skill,Role,2
511,Mathematics,Essential Skill,Role,2
511,Reading Comprehension,Essential Skill,Role,2
511,Writing,Essential Skill,Role,3
513,Critical Thinking,Essential Skill,Role,2
513,Google Docs,Software Skill,Transferable,3
513,MEDITECH,Software Skill,Transferable,3
513,Microsoft Office,Software Skill,Role,3
513,Microsoft Outlook,Software Skill,Role,3
513,Monitoring,Essential Skill,Role,4
513,Reading Comprehension,Essential Skill,Role,3
513,Salesforce,Software Skill,Role,2
513,Speaking,Essential Skill,Role,4
514,Adobe Photoshop,Software Skill,Role,3
514,Amazon Web Services (AWS),Software Skill,Transferable,3
514,ESRI ArcGIS,Software Skill,Role,3
514,Google Analytics,Software Skill,Transferable,4
514,Microsoft Project,Software Skill,Role,3
515,Microsoft Excel,Software Skill,Role,3
515,Microsoft Office,Software Skill,Role,3
515,Monitoring,Essential Skill,Role,3
515,Reading Comprehension,Essential Skill,Role,3
515,Writing,Essential Skill,Role,4
516,Adobe Creative Cloud,Software Skill,Role,3
516,Critical Thinking,Essential Skill,Role,2
516,Google Workspace,Software Skill,Transferable,4
516,Microsoft PowerPoint,Software Skill,Role,3
516,Reading Comprehension,Essential Skill,Role,2
516,Salesforce,Software Skill,Role,3
516,Writing,Essential Skill,Role,4
517,Critical Thinking,Essential Skill,Role,3
517,Electronic Medical Record (EMR),Software Skill,Role,4
517,Microsoft Excel,Software Skill,Role,3
517,Microsoft Office,Software Skill,Role,3
517,Microsoft PowerPoint,Software Skill,Role,4
517,Monitoring,Essential Skill,Role,3
517,Reading Comprehension,Essential Skill,Role,3
517,SAP,Software Skill,Role,3
518,Active Learning,Essential Skill,Role,4
518,Active Listening,Essential Skill,Role,5
518,Adobe After Effects,Software Skill,Role,3
518,Adobe InDesign,Software Skill,Role,3
518,Autodesk AutoCAD,Software Skill,Role,4
518,Critical Thinking,Essential Skill,Role,4
518,Learning Strategies,Essential Skill,Role,3
518,Microsoft PowerPoint,Software Skill,Role,4
518,Monitoring,Essential Skill,Role,3
518,Speaking,Essential Skill,Role,2
520,Active Listening,Essential Skill,Role,4
520,Adobe Acrobat,Software Skill,Role,4
520,Critical Thinking,Essential Skill,Role,4
520,ESRI ArcGIS,Software Skill,Role,4
520,Mathematics,Essential Skill,Transferable,5
520,Microsoft Excel,Software Skill,Role,4
520,Microsoft Office,Software Skill,Role,4
520,Microsoft Project,Software Skill,Role,4
520,Monitoring,Essential Skill,Role,5
520,Reading Comprehension,Essential Skill,Role,4
520,SAS,Software Skill,Transferable,5
520,Science,Essential Skill,Role,4
520,Speaking,Essential Skill,Role,4
520,Writing,Essential Skill,Role,3
521,Active Learning,Essential Skill,Role,3
521,Active Listening,Essential Skill,Role,4
521,Adobe Acrobat,Software Skill,Transferable,5
521,Critical Thinking,Essential Skill,Role,4
521,Electronic Medical Record (EMR),Software Skill,Role,3
521,MEDITECH,Software Skill,Role,5
521,Microsoft Azure,Software Skill,Transferable,4
521,Microsoft Office,Software Skill,Role,3
521,Microsoft Outlook,Software Skill,Role,3
521,Reading Comprehension,Essential Skill,Role,3
521,SAP,Software Skill,Role,4
521,Speaking,Essential Skill,Role,3
522,Active Learning,Essential Skill,Role,5
522,Adobe Acrobat,Software Skill,Role,5
522,Critical Thinking,Essential Skill,Role,3
522,ESRI ArcGIS,Software Skill,Role,4
522,IBM SPSS Statistics,Software Skill,Role,4
522,Microsoft Access,Software Skill,Role,5
522,Microsoft Office,Software Skill,Role,4
522,Microsoft PowerPoint,Software Skill,Role,3
522,Monitoring,Essential Skill,Role,4
522,Reading Comprehension,Essential Skill,Role,4
522,Science,Essential Skill,Role,4
522,Workday,Software Skill,Transferable,4
522,Writing,Essential Skill,Role,4
523,Active Learning,Essential Skill,Role,4
523,Active Listening,Essential Skill,Role,3
523,Atlassian Confluence,Software Skill,Transferable,4
523,Critical Thinking,Essential Skill,Role,3
523,Salesforce,Software Skill,Role,4
523,Writing,Essential Skill,Role,3
524,Adobe InDesign,Software Skill,Role,3
524,Applicant Tracking System (ATS),Software Skill,Transferable,4
524,Autodesk AutoCAD,Software Skill,Role,4
524,Critical Thinking,Essential Skill,Role,4
524,Learning Strategies,Essential Skill,Role,4
524,Microsoft Access,Software Skill,Transferable,3
524,Microsoft Excel,Software Skill,Role,3
525,Active Listening,Essential Skill,Role,3
525,Critical Thinking,Essential Skill,Role,3
525,Email,Software Skill,Role,2
525,Google Docs,Software Skill,Role,2
525,MEDITECH,Software Skill,Role,3
525,Microsoft Outlook,Software Skill,Role,3
525,Microsoft PowerPoint,Software Skill,Role,3
525,Reading Comprehension,Essential Skill,Role,2
525,Science,Essential Skill,Role,3
526,Active Listening,Essential Skill,Role,4
526,Adobe After Effects,Software Skill,Transferable,3
526,Amazon Web Services (AWS),Software Skill,Role,4
526,Microsoft Visio,Software Skill,Transferable,4
526,Monitoring,Essential Skill,Role,4
526,Speaking,Essential Skill,Role,4
527,Active Learning,Essential Skill,Role,3
527,Active Listening,Essential Skill,Role,3
527,Adobe Photoshop,Software Skill,Role,4
529,Active Learning,Essential Skill,Role,4
529,Adobe Photoshop,Software Skill,Role,4
529,Critical Thinking,Essential Skill,Role,4
529,Email,Software Skill,Transferable,4
529,Google Workspace,Software Skill,Transferable,3
529,MATLAB,Software Skill,Role,4
529,Microsoft Excel,Software Skill,Role,3
529,Microsoft Office,Software Skill,Role,3
529,R,Software Skill,Role,4
529,Reading Comprehension,Essential Skill,Role,5
529,SAS,Software Skill,Role,4
529,Science,Essential Skill,Role,3
530,Active Learning,Essential Skill,Role,3
530,Electronic Medical Record (EMR),Software Skill,Role,4
530,Python,Software Skill,Transferable,2
530,Reading Comprehension,Essential Skill,Role,2
530,SAP,Software Skill,Role,3
530,Speaking,Essential Skill,Role,3
530,Workday,Software Skill,Transferable,3
530,Writing,Essential Skill,Role,3
531,Active Listening,Essential Skill,Role,4
531,Adobe Photoshop,Software Skill,Role,4
531,Apple macOS,Software Skill,Role,3
531,Atlassian JIRA,Software Skill,Role,4
531,Google Analytics,Software Skill,Role,3
531,Learning Strategies,Essential Skill,Role,5
531,Microsoft Office,Software Skill,Role,5
531,Microsoft PowerPoint,Software Skill,Role,3
531,Microsoft Project,Software Skill,Transferable,4
531,Microsoft Word,Software Skill,Transferable,4
531,Reading Comprehension,Essential Skill,Role,4
531,Speaking,Essential Skill,Role,3
531,Writing,Essential Skill,Role,3
532,Active Learning,Essential Skill,Role,4
532,Adobe Acrobat,Software Skill,Role,5
532,Adobe InDesign,Software Skill,Role,4
532,Mathematics,Essential Skill,Role,3
532,Microsoft Office,Software Skill,Role,4
532,Microsoft Outlook,Software Skill,Role,5
532,Microsoft PowerPoint,Software Skill,Role,4
532,Monitoring,Essential Skill,Role,5
532,Oracle HRIS,Software Skill,Transferable,4
532,Reading Comprehension,Essential Skill,Role,4
532,SAP,Software Skill,Transferable,3
532,Salesforce,Software Skill,Role,3
532,Speaking,Essential Skill,Role,4
532,Writing,Essential Skill,Role,5
533,Active Learning,Essential Skill,Role,4
533,Adobe Acrobat,Software Skill,Role,4
533,Adobe Photoshop,Software Skill,Role,2
533,Microsoft Office,Software Skill,Role,4
533,Microsoft Outlook,Software Skill,Role,4
533,Microsoft PowerPoint,Software Skill,Role,5
533,Salesforce,Software Skill,Role,2
533,Writing,Essential Skill,Role,3
534,Active Listening,Essential Skill,Role,4
534,Adobe Creative Cloud,Software Skill,Role,2
534,Adobe Illustrator,Software Skill,Role,3
534,Microsoft Excel,Software Skill,Role,3
534,Microsoft PowerPoint,Software Skill,Role,3
534,Reading Comprehension,Essential Skill,Role,3
534,Speaking,Essential Skill,Role,4
534,Writing,Essential Skill,Role,5
536,Active Learning,Essential Skill,Role,3
536,Email,Software Skill,Role,3
536,Microsoft Access,Software Skill,Transferable,3
536,Reading Comprehension,Essential Skill,Role,3
536,Science,Essential Skill,Role,2
536,Speaking,Essential Skill,Role,4
538,Active Learning,Essential Skill,Role,4
538,Amazon Web Services (AWS),Software Skill,Transferable,4
538,Electronic Medical Record (EMR),Software Skill,Role,4
538,Email,Software Skill,Role,3
538,Google Docs,Software Skill,Role,3
538,MEDITECH,Software Skill,Role,4
538,Microsoft Excel,Software Skill,Role,3
538,Microsoft Outlook,Software Skill,Role,4
538,Monitoring,Essential Skill,Role,4
538,R,Software Skill,Transferable,3
538,Reading Comprehension,Essential Skill,Role,3
538,SAP,Software Skill,Role,3
538,Speaking,Essential Skill,Role,4
543,Adobe Acrobat,Software Skill,Role,4
543,Mathematics,Essential Skill,Transferable,5
543,Microsoft Excel,Software Skill,Role,4
543,Microsoft Office,Software Skill,Role,5
543,Monitoring,Essential Skill,Role,4
543,Speaking,Essential Skill,Role,3
544,Active Listening,Essential Skill,Role,3
544,Adobe InDesign,Software Skill,Transferable,2
544,ESRI ArcGIS,Software Skill,Role,3
544,Google Workspace,Software Skill,Transferable,2
544,Microsoft Excel,Software Skill,Role,4
544,Microsoft Office,Software Skill,Role,1
544,R,Software Skill,Role,3
544,SAS,Software Skill,Role,3
544,Science,Essential Skill,Role,3
544,Writing,Essential Skill,Role,3
546,Active Learning,Essential Skill,Role,4
546,Active Listening,Essential Skill,Role,4
546,Adobe Acrobat,Software Skill,Role,5
546,Adobe Photoshop,Software Skill,Role,4
546,Critical Thinking,Essential Skill,Role,4
546,Learning Strategies,Essential Skill,Role,3
546,Microsoft Excel,Software Skill,Role,4
546,Microsoft Office,Software Skill,Role,4
546,Monitoring,Essential Skill,Role,4
546,Reading Comprehension,Essential Skill,Role,4
546,Writing,Essential Skill,Role,3
547,Active Listening,Essential Skill,Role,2
547,Critical Thinking,Essential Skill,Role,4
547,ESRI ArcGIS,Software Skill,Role,4
547,MATLAB,Software Skill,Role,5
547,Mathematics,Essential Skill,Role,3
547,Microsoft Excel,Software Skill,Role,3
547,Python,Software Skill,Role,3
547,Reading Comprehension,Essential Skill,Role,3
547,Science,Essential Skill,Role,3
547,Writing,Essential Skill,Role,3
548,Adobe Creative Cloud,Software Skill,Transferable,3
548,Critical Thinking,Essential Skill,Role,5
548,Microsoft Excel,Software Skill,Role,3
548,Microsoft PowerPoint,Software Skill,Role,2
548,Monitoring,Essential Skill,Role,4
548,Reading Comprehension,Essential Skill,Role,3
548,SAP,Software Skill,Role,2
548,Workday,Software Skill,Transferable,3
549,Active Learning,Essential Skill,Role,4
549,Active Listening,Essential Skill,Role,3
549,Adobe Photoshop,Software Skill,Role,5
549,Apple macOS,Software Skill,Role,4
549,Autodesk AutoCAD,Software Skill,Role,4
549,Critical Thinking,Essential Skill,Role,4
549,Google Analytics,Software Skill,Role,4
549,Learning Strategies,Essential Skill,Role,5
549,Microsoft Office,Software Skill,Role,4
549,Microsoft PowerPoint,Software Skill,Role,5
549,Oracle HRIS,Software Skill,Transferable,4
549,Reading Comprehension,Essential Skill,Role,4
549,Speaking,Essential Skill,Role,4
549,Writing,Essential Skill,Role,4
550,Active Listening,Essential Skill,Role,3
550,Adobe After Effects,Software Skill,Role,4
550,Adobe Illustrator,Software Skill,Transferable,4
550,Adobe InDesign,Software Skill,Role,3
550,Atlassian Confluence,Software Skill,Transferable,2
550,Critical Thinking,Essential Skill,Role,3
550,Microsoft Outlook,Software Skill,Role,4
550,Microsoft PowerPoint,Software Skill,Role,4
550,Monitoring,Essential Skill,Role,5
550,Reading Comprehension,Essential Skill,Role,4
550,SAP,Software Skill,Role,4
550,Speaking,Essential Skill,Role,3
551,Active Listening,Essential Skill,Role,4
551,Amazon Web Services (AWS),Software Skill,Role,3
551,Apache Hadoop,Software Skill,Role,4
551,Google Analytics,Software Skill,Transferable,4
551,Linux,Software Skill,Role,4
551,Mathematics,Essential Skill,Role,3
551,Microsoft Office,Software Skill,Role,4
551,Microsoft Outlook,Software Skill,Role,4
551,Salesforce,Software Skill,Role,2
551,Speaking,Essential Skill,Role,4
551,Writing,Essential Skill,Role,3
554,Apple macOS,Software Skill,Role,2
554,HubSpot,Software Skill,Role,2
554,Learning Strategies,Essential Skill,Transferable,3
554,Microsoft Office,Software Skill,Role,2
554,Microsoft PowerPoint,Software Skill,Role,2
554,Salesforce,Software Skill,Role,2
554,Speaking,Essential Skill,Role,2
555,Active Learning,Essential Skill,Role,2
555,Apple macOS,Software Skill,Role,2
555,Microsoft Excel,Software Skill,Role,2
556,Active Learning,Essential Skill,Role,3
556,Google Docs,Software Skill,Role,2
556,Microsoft Project,Software Skill,Transferable,2
556,Reading Comprehension,Essential Skill,Role,2
556,SAP,Software Skill,Role,3
556,SAS,Software Skill,Transferable,2
556,Writing,Essential Skill,Role,3
558,Active Listening,Essential Skill,Role,4
558,Adobe Acrobat,Software Skill,Role,4
558,Adobe Photoshop,Software Skill,Role,5
558,Apple macOS,Software Skill,Role,3
558,Atlassian Confluence,Software Skill,Role,4
558,Atlassian JIRA,Software Skill,Role,4
558,Autodesk AutoCAD,Software Skill,Role,4
558,ESRI ArcGIS,Software Skill,Transferable,4
558,Learning Strategies,Essential Skill,Role,4
558,Microsoft Excel,Software Skill,Role,4
558,Microsoft Office,Software Skill,Role,4
558,Microsoft PowerPoint,Software Skill,Role,5
558,Monitoring,Essential Skill,Role,4
558,Reading Comprehension,Essential Skill,Role,5
558,Speaking,Essential Skill,Role,3
558,Writing,Essential Skill,Role,4
560,Active Listening,Essential Skill,Role,2
560,Adobe Photoshop,Software Skill,Role,2
560,ESRI ArcGIS,Software Skill,Role,2
560,Learning Strategies,Essential Skill,Transferable,3
560,Microsoft Excel,Software Skill,Role,3
560,Python,Software Skill,Role,3
562,Google Docs,Software Skill,Role,4
562,Mathematics,Essential Skill,Transferable,2
562,SAP,Software Skill,Role,2
562,Writing,Essential Skill,Role,2
564,Adobe Acrobat,Software Skill,Role,2
564,Critical Thinking,Essential Skill,Role,3
564,Microsoft Azure,Software Skill,Transferable,4
564,Microsoft PowerPoint,Software Skill,Role,4
564,Microsoft Project,Software Skill,Role,4
564,Microsoft Visio,Software Skill,Role,3
564,R,Software Skill,Transferable,3
564,Reading Comprehension,Essential Skill,Role,4
564,Science,Essential Skill,Role,4
564,Speaking,Essential Skill,Role,4
565,Active Learning,Essential Skill,Role,2
565,Adobe Photoshop,Software Skill,Role,3
565,ESRI ArcGIS,Software Skill,Role,3
565,IBM SPSS Statistics,Software Skill,Role,3
565,SAP,Software Skill,Transferable,4
565,SAS,Software Skill,Role,3
565,Speaking,Essential Skill,Role,3
566,Active Listening,Essential Skill,Role,3
566,Autodesk AutoCAD,Software Skill,Transferable,2
566,Microsoft Office,Software Skill,Role,3
566,Reading Comprehension,Essential Skill,Role,2
566,SAP,Software Skill,Transferable,3
566,Speaking,Essential Skill,Role,3
566,Workday,Software Skill,Role,2
567,Active Learning,Essential Skill,Role,4
567,Active Listening,Essential Skill,Role,4
567,Adobe Acrobat,Software Skill,Role,4
567,Adobe InDesign,Software Skill,Role,4
567,Critical Thinking,Essential Skill,Role,4
567,Microsoft Excel,Software Skill,Role,4
567,Microsoft Office,Software Skill,Role,4
567,Microsoft Outlook,Software Skill,Role,4
567,Microsoft PowerPoint,Software Skill,Role,4
567,Reading Comprehension,Essential Skill,Role,3
567,Salesforce,Software Skill,Role,3
568,Adobe Acrobat,Software Skill,Role,5
568,Critical Thinking,Essential Skill,Role,5
568,Microsoft Excel,Software Skill,Role,4
568,Reading Comprehension,Essential Skill,Role,5
569,Active Listening,Essential Skill,Role,4
569,Adobe Acrobat,Software Skill,Role,4
569,Adobe Photoshop,Software Skill,Role,5
569,Apple macOS,Software Skill,Role,4
569,Atlassian Confluence,Software Skill,Role,4
569,Autodesk AutoCAD,Software Skill,Role,4
569,Critical Thinking,Essential Skill,Role,5
569,Microsoft Excel,Software Skill,Role,5
569,Microsoft Office,Software Skill,Role,4
569,Microsoft PowerPoint,Software Skill,Role,4
569,Monitoring,Essential Skill,Role,4
569,Speaking,Essential Skill,Role,5
571,Active Listening,Essential Skill,Role,3
571,Critical Thinking,Essential Skill,Role,3
571,Electronic Medical Record (EMR),Software Skill,Role,3
571,Email,Software Skill,Role,2
571,HubSpot,Software Skill,Transferable,2
571,Microsoft Excel,Software Skill,Role,3
571,Reading Comprehension,Essential Skill,Role,4
571,Salesforce,Software Skill,Transferable,3
573,Active Learning,Essential Skill,Role,3
573,Active Listening,Essential Skill,Role,5
573,Adobe Acrobat,Software Skill,Role,5
573,Adobe Creative Cloud,Software Skill,Role,4
573,Adobe Illustrator,Software Skill,Role,4
573,Adobe InDesign,Software Skill,Role,3
573,Autodesk AutoCAD,Software Skill,Transferable,4
573,Critical Thinking,Essential Skill,Role,3
573,Mathematics,Essential Skill,Role,4
573,Microsoft Office,Software Skill,Role,5
573,Microsoft SharePoint,Software Skill,Transferable,4
573,Reading Comprehension,Essential Skill,Role,4
573,Salesforce,Software Skill,Role,4
573,Writing,Essential Skill,Role,3
574,Autodesk AutoCAD,Software Skill,Role,3
574,HubSpot,Software Skill,Transferable,3
574,Learning Strategies,Essential Skill,Role,3
574,Microsoft Outlook,Software Skill,Role,3
575,Active Listening,Essential Skill,Role,4
575,Adobe Acrobat,Software Skill,Role,4
575,Applicant Tracking System (ATS),Software Skill,Transferable,4
575,Atlassian Confluence,Software Skill,Transferable,4
575,Critical Thinking,Essential Skill,Role,4
575,Microsoft Access,Software Skill,Role,3
575,Microsoft Office,Software Skill,Role,4
575,Microsoft PowerPoint,Software Skill,Role,5
575,Microsoft Visio,Software Skill,Role,4
575,Monitoring,Essential Skill,Role,3
575,Reading Comprehension,Essential Skill,Role,4
575,Writing,Essential Skill,Role,4
577,Active Learning,Essential Skill,Role,2
577,Adobe Acrobat,Software Skill,Transferable,2
577,Critical Thinking,Essential Skill,Role,3
577,Electronic Medical Record (EMR),Software Skill,Role,4
577,Microsoft Excel,Software Skill,Role,3
577,Microsoft Outlook,Software Skill,Role,2
577,Microsoft PowerPoint,Software Skill,Role,3
577,Microsoft Word,Software Skill,Role,2
577,Reading Comprehension,Essential Skill,Role,2
577,SAP,Software Skill,Role,3
577,Science,Essential Skill,Role,3
577,Speaking,Essential Skill,Role,4
578,Active Learning,Essential Skill,Role,3
578,Atlassian JIRA,Software Skill,Transferable,3
578,Critical Thinking,Essential Skill,Role,4
578,Google Docs,Software Skill,Role,4
578,Microsoft Excel,Software Skill,Role,5
578,Microsoft Office,Software Skill,Role,4
578,Microsoft Outlook,Software Skill,Role,4
578,Microsoft PowerPoint,Software Skill,Role,4
578,Microsoft Word,Software Skill,Role,4
578,Monitoring,Essential Skill,Role,3
578,Reading Comprehension,Essential Skill,Role,5
578,Science,Essential Skill,Role,3
579,Active Listening,Essential Skill,Role,4
579,Applicant Tracking System (ATS),Software Skill,Transferable,3
579,Critical Thinking,Essential Skill,Role,3
579,Microsoft Excel,Software Skill,Role,3
579,SAS,Software Skill,Role,3
579,Speaking,Essential Skill,Role,3
580,Active Learning,Essential Skill,Role,4
580,Active Listening,Essential Skill,Role,3
580,Adobe Acrobat,Software Skill,Role,3
580,Adobe InDesign,Software Skill,Role,3
580,Adobe Photoshop,Software Skill,Role,3
580,Critical Thinking,Essential Skill,Role,4
580,Microsoft Excel,Software Skill,Role,3
580,Microsoft Office,Software Skill,Role,4
580,Speaking,Essential Skill,Role,4
580,Writing,Essential Skill,Role,4
581,Adobe InDesign,Software Skill,Role,2
581,Adobe Photoshop,Software Skill,Role,4
581,Autodesk AutoCAD,Software Skill,Role,4
581,Learning Strategies,Essential Skill,Role,3
581,Microsoft Access,Software Skill,Transferable,4
581,Microsoft Excel,Software Skill,Role,4
581,Microsoft PowerPoint,Software Skill,Role,3
581,Reading Comprehension,Essential Skill,Role,4
581,SAP,Software Skill,Role,3
581,Speaking,Essential Skill,Role,3
582,Adobe Acrobat,Software Skill,Role,4
582,Adobe Photoshop,Software Skill,Role,3
582,Atlassian Confluence,Software Skill,Role,3
582,Autodesk AutoCAD,Software Skill,Role,3
582,Learning Strategies,Essential Skill,Role,3
582,Microsoft Excel,Software Skill,Role,3
582,Microsoft Office,Software Skill,Role,3
582,Microsoft PowerPoint,Software Skill,Role,3
582,Speaking,Essential Skill,Role,3
582,Workday,Software Skill,Transferable,2
584,Electronic Medical Record (EMR),Software Skill,Role,3
584,Microsoft Excel,Software Skill,Role,2
584,Microsoft PowerPoint,Software Skill,Role,1
584,Microsoft Word,Software Skill,Role,3
584,Reading Comprehension,Essential Skill,Role,2
584,SAP,Software Skill,Role,4
584,Speaking,Essential Skill,Role,3
585,Active Listening,Essential Skill,Role,3
585,Reading Comprehension,Essential Skill,Role,2
586,Active Learning,Essential Skill,Role,3
586,Active Listening,Essential Skill,Role,3
586,Amazon Web Services (AWS),Software Skill,Role,3
586,Microsoft Excel,Software Skill,Role,3
586,Microsoft Office,Software Skill,Role,3
586,Reading Comprehension,Essential Skill,Role,3
586,Salesforce,Software Skill,Role,4
586,Speaking,Essential Skill,Role,5
587,Amazon Web Services (AWS),Software Skill,Role,4
587,Critical Thinking,Essential Skill,Role,3
587,Microsoft Access,Software Skill,Role,3
587,Microsoft Azure,Software Skill,Role,5
587,Microsoft Outlook,Software Skill,Role,3
587,Speaking,Essential Skill,Role,4
587,Writing,Essential Skill,Role,4
590,Adobe Photoshop,Software Skill,Role,4
590,Applicant Tracking System (ATS),Software Skill,Role,3
590,Cisco Webex,Software Skill,Role,3
590,Critical Thinking,Essential Skill,Role,3
590,ESRI ArcGIS,Software Skill,Transferable,3
590,Microsoft Access,Software Skill,Transferable,3
590,Oracle HRIS,Software Skill,Role,3
590,Speaking,Essential Skill,Role,2
590,Workday,Software Skill,Role,4
590,Writing,Essential Skill,Role,4
591,Apache Hadoop,Software Skill,Transferable,1
591,Google Docs,Software Skill,Role,3
591,MEDITECH,Software Skill,Role,3
591,Microsoft Office,Software Skill,Role,4
591,Monitoring,Essential Skill,Role,3
591,Reading Comprehension,Essential Skill,Role,2
592,Active Listening,Essential Skill,Role,4
592,Adobe Illustrator,Software Skill,Role,3
592,Amazon Web Services (AWS),Software Skill,Transferable,4
592,MEDITECH,Software Skill,Transferable,4
592,Mathematics,Essential Skill,Role,4
592,Microsoft Excel,Software Skill,Role,4
592,Microsoft Office,Software Skill,Role,5
592,Microsoft Outlook,Software Skill,Role,2
592,Reading Comprehension,Essential Skill,Role,2
592,Salesforce,Software Skill,Role,4
592,Speaking,Essential Skill,Role,4
593,Critical Thinking,Essential Skill,Role,2
593,Electronic Medical Record (EMR),Software Skill,Role,3
593,Microsoft Access,Software Skill,Transferable,1
593,Microsoft Office,Software Skill,Role,3
593,Microsoft PowerPoint,Software Skill,Role,3
593,Monitoring,Essential Skill,Role,2
593,Speaking,Essential Skill,Role,2
595,Active Listening,Essential Skill,Role,4
595,Adobe Acrobat,Software Skill,Role,3
595,Adobe Creative Cloud,Software Skill,Role,4
595,Adobe Photoshop,Software Skill,Role,3
595,Mathematics,Essential Skill,Role,4
595,Microsoft Office,Software Skill,Role,4
595,Reading Comprehension,Essential Skill,Role,3
595,Salesforce,Software Skill,Role,4
597,Active Learning,Essential Skill,Role,5
597,Active Listening,Essential Skill,Role,5
597,Adobe Photoshop,Software Skill,Role,4
597,Atlassian Confluence,Software Skill,Role,5
597,Atlassian JIRA,Software Skill,Role,5
597,Autodesk AutoCAD,Software Skill,Role,5
597,Cisco Webex,Software Skill,Transferable,5
597,Critical Thinking,Essential Skill,Role,5
597,Google Analytics,Software Skill,Role,4
597,Learning Strategies,Essential Skill,Role,5
597,Microsoft Excel,Software Skill,Role,4
597,Microsoft Office,Software Skill,Role,3
597,R,Software Skill,Transferable,5
597,Reading Comprehension,Essential Skill,Role,5
597,Speaking,Essential Skill,Role,4
597,Writing,Essential Skill,Role,5
599,Active Listening,Essential Skill,Role,2
599,Adobe InDesign,Software Skill,Role,4
599,Critical Thinking,Essential Skill,Role,3
599,Microsoft Excel,Software Skill,Role,3
599,Microsoft Office,Software Skill,Role,3
599,Microsoft PowerPoint,Software Skill,Role,3
599,Monitoring,Essential Skill,Role,2
599,Reading Comprehension,Essential Skill,Role,3
599,Speaking,Essential Skill,Role,3
600,Active Listening,Essential Skill,Role,3
600,Adobe Acrobat,Software Skill,Role,4
600,Adobe Illustrator,Software Skill,Role,3
600,Critical Thinking,Essential Skill,Role,3
600,Google Docs,Software Skill,Transferable,2
600,Mathematics,Essential Skill,Role,4
600,Salesforce,Software Skill,Role,3
601,Adobe InDesign,Software Skill,Role,4
601,Autodesk AutoCAD,Software Skill,Role,5
601,Critical Thinking,Essential Skill,Role,3
601,Microsoft Excel,Software Skill,Role,4
601,Microsoft Office,Software Skill,Role,4
601,Microsoft PowerPoint,Software Skill,Role,3
601,SAP,Software Skill,Role,4
601,Speaking,Essential Skill,Role,5
602,Active Learning,Essential Skill,Role,3
602,Cisco Webex,Software Skill,Transferable,2
602,Critical Thinking,Essential Skill,Role,2
602,MEDITECH,Software Skill,Role,2
602,Microsoft Excel,Software Skill,Role,2
602,Microsoft Office,Software Skill,Role,2
602,Microsoft PowerPoint,Software Skill,Role,2
602,Microsoft Word,Software Skill,Role,2
602,Monitoring,Essential Skill,Role,3
604,Active Listening,Essential Skill,Role,2
604,Adobe Acrobat,Software Skill,Role,3
604,Adobe Illustrator,Software Skill,Role,2
604,Critical Thinking,Essential Skill,Role,2
604,Microsoft Office,Software Skill,Role,3
604,Oracle HRIS,Software Skill,Transferable,3
604,Salesforce,Software Skill,Role,3
604,Writing,Essential Skill,Role,4
605,Active Learning,Essential Skill,Role,5
605,Active Listening,Essential Skill,Role,2
605,Adobe InDesign,Software Skill,Role,3
605,Adobe Photoshop,Software Skill,Role,3
605,Microsoft Office,Software Skill,Role,4
605,Microsoft Outlook,Software Skill,Role,2
605,Monitoring,Essential Skill,Role,5
605,Reading Comprehension,Essential Skill,Role,4
605,SAP,Software Skill,Role,3
605,Speaking,Essential Skill,Role,4
606,Active Listening,Essential Skill,Role,3
606,Adobe Photoshop,Software Skill,Role,3
606,Atlassian JIRA,Software Skill,Transferable,3
606,Critical Thinking,Essential Skill,Role,4
606,MEDITECH,Software Skill,Transferable,3
606,Salesforce,Software Skill,Role,3
608,Active Listening,Essential Skill,Role,3
608,Applicant Tracking System (ATS),Software Skill,Role,2
608,Atlassian Confluence,Software Skill,Transferable,4
608,Microsoft Office,Software Skill,Role,4
608,Microsoft PowerPoint,Software Skill,Role,3
608,SAS,Software Skill,Transferable,2
608,Writing,Essential Skill,Role,3
611,Active Learning,Essential Skill,Role,2
611,Active Listening,Essential Skill,Role,2
611,Adobe Acrobat,Software Skill,Role,2
611,Adobe Photoshop,Software Skill,Role,3
611,Critical Thinking,Essential Skill,Role,3
611,Linux,Software Skill,Transferable,3
611,Microsoft Excel,Software Skill,Role,3
611,SAP,Software Skill,Role,3
611,Writing,Essential Skill,Role,4
612,Active Learning,Essential Skill,Role,4
612,Active Listening,Essential Skill,Role,4
612,Adobe Acrobat,Software Skill,Role,3
612,IBM SPSS Statistics,Software Skill,Role,3
612,Microsoft Access,Software Skill,Role,4
612,Microsoft Excel,Software Skill,Role,4
612,Microsoft SharePoint,Software Skill,Role,5
612,Reading Comprehension,Essential Skill,Role,4
612,Science,Essential Skill,Role,3
612,Speaking,Essential Skill,Role,4
612,Writing,Essential Skill,Role,3
613,Active Listening,Essential Skill,Role,2
613,Atlassian JIRA,Software Skill,Role,4
613,Google Analytics,Software Skill,Role,3
613,Microsoft Excel,Software Skill,Role,4
614,Active Listening,Essential Skill,Role,4
614,Apple macOS,Software Skill,Role,2
614,Critical Thinking,Essential Skill,Role,2
614,HubSpot,Software Skill,Role,4
614,Microsoft Excel,Software Skill,Role,2
614,Microsoft Project,Software Skill,Role,2
614,Microsoft Word,Software Skill,Role,3
614,Salesforce,Software Skill,Role,3
614,Writing,Essential Skill,Role,3
615,Active Learning,Essential Skill,Role,4
615,Active Listening,Essential Skill,Role,3
615,Adobe Creative Cloud,Software Skill,Role,4
615,Adobe InDesign,Software Skill,Role,3
615,Adobe Photoshop,Software Skill,Role,4
615,Atlassian JIRA,Software Skill,Transferable,4
615,Critical Thinking,Essential Skill,Role,3
615,Microsoft Excel,Software Skill,Role,4
615,Microsoft Office,Software Skill,Role,4
615,Microsoft Outlook,Software Skill,Role,4
615,Microsoft PowerPoint,Software Skill,Role,4
615,Reading Comprehension,Essential Skill,Role,4
616,Active Learning,Essential Skill,Role,3
616,Active Listening,Essential Skill,Role,4
616,Adobe Creative Cloud,Software Skill,Transferable,4
616,Google Workspace,Software Skill,Role,3
616,HubSpot,Software Skill,Transferable,3
616,Microsoft Access,Software Skill,Role,3
616,Microsoft Excel,Software Skill,Role,3
616,Microsoft Office,Software Skill,Role,3
616,Microsoft Outlook,Software Skill,Role,4
616,Reading Comprehension,Essential Skill,Role,4
616,Speaking,Essential Skill,Role,3
618,Active Learning,Essential Skill,Role,3
618,Active Listening,Essential Skill,Role,3
618,Adobe Acrobat,Software Skill,Role,3
618,Adobe Creative Cloud,Software Skill,Role,3
618,Adobe InDesign,Software Skill,Role,3
618,Critical Thinking,Essential Skill,Role,4
618,Microsoft Excel,Software Skill,Role,3
618,Monitoring,Essential Skill,Role,4
618,R,Software Skill,Transferable,3
618,Reading Comprehension,Essential Skill,Role,4
618,Writing,Essential Skill,Role,4
620,Active Listening,Essential Skill,Role,3
620,Adobe Acrobat,Software Skill,Role,4
620,Microsoft Excel,Software Skill,Role,3
620,Microsoft Office,Software Skill,Role,3
620,Microsoft PowerPoint,Software Skill,Role,3
620,Monitoring,Essential Skill,Role,4
620,Writing,Essential Skill,Role,3
621,Active Learning,Essential Skill,Role,3
621,Adobe Creative Cloud,Software Skill,Role,4
621,Adobe Illustrator,Software Skill,Role,5
621,Microsoft Excel,Software Skill,Role,5
621,Microsoft Office,Software Skill,Role,4
621,Microsoft Outlook,Software Skill,Role,4
621,Monitoring,Essential Skill,Role,4
621,Reading Comprehension,Essential Skill,Role,4
621,Salesforce,Software Skill,Role,4
622,Critical Thinking,Essential Skill,Role,2
622,Email,Software Skill,Role,2
622,MEDITECH,Software Skill,Role,3
622,Microsoft PowerPoint,Software Skill,Role,2
622,SAP,Software Skill,Role,3
623,Active Learning,Essential Skill,Role,3
623,Adobe Acrobat,Software Skill,Role,3
623,Adobe InDesign,Software Skill,Role,2
623,Autodesk AutoCAD,Software Skill,Role,3
623,Critical Thinking,Essential Skill,Role,5
623,Google Analytics,Software Skill,Transferable,3
623,Learning Strategies,Essential Skill,Role,3
623,Microsoft Excel,Software Skill,Role,3
623,Microsoft PowerPoint,Software Skill,Role,4
623,Monitoring,Essential Skill,Role,5
623,Workday,Software Skill,Transferable,3
624,Active Learning,Essential Skill,Role,3
624,Active Listening,Essential Skill,Role,4
624,Amazon Web Services (AWS),Software Skill,Role,3
624,Critical Thinking,Essential Skill,Role,3
624,Google Workspace,Software Skill,Role,3
624,Microsoft Azure,Software Skill,Role,5
624,Microsoft Excel,Software Skill,Role,5
624,Microsoft Office,Software Skill,Role,3
624,Microsoft Outlook,Software Skill,Role,4
624,Monitoring,Essential Skill,Role,3
624,Reading Comprehension,Essential Skill,Role,3
624,SAP,Software Skill,Transferable,4
625,Active Listening,Essential Skill,Role,4
625,Adobe Creative Cloud,Software Skill,Transferable,3
625,Adobe Photoshop,Software Skill,Role,4
625,Autodesk AutoCAD,Software Skill,Role,4
625,Critical Thinking,Essential Skill,Role,4
625,Learning Strategies,Essential Skill,Role,4
625,Microsoft Excel,Software Skill,Role,4
625,Microsoft Office,Software Skill,Role,4
625,Microsoft PowerPoint,Software Skill,Role,4
625,Reading Comprehension,Essential Skill,Role,4
626,Active Learning,Essential Skill,Role,4
626,Active Listening,Essential Skill,Role,3
626,Adobe Illustrator,Software Skill,Role,4
626,Adobe InDesign,Software Skill,Role,5
626,Mathematics,Essential Skill,Role,5
626,Microsoft Office,Software Skill,Role,4
626,Microsoft Outlook,Software Skill,Role,5
626,Microsoft PowerPoint,Software Skill,Role,3
626,Salesforce,Software Skill,Role,3
626,Speaking,Essential Skill,Role,4
626,Writing,Essential Skill,Role,5
630,Active Listening,Essential Skill,Role,2
630,IBM SPSS Statistics,Software Skill,Role,3
630,Microsoft Office,Software Skill,Role,3
630,Microsoft Project,Software Skill,Role,4
630,R,Software Skill,Role,3
630,Writing,Essential Skill,Role,3
631,Active Learning,Essential Skill,Role,3
631,Active Listening,Essential Skill,Role,4
631,Adobe Creative Cloud,Software Skill,Role,4
631,Adobe InDesign,Software Skill,Role,4
631,HubSpot,Software Skill,Transferable,4
631,Microsoft Office,Software Skill,Role,4
631,Microsoft PowerPoint,Software Skill,Role,3
631,Monitoring,Essential Skill,Role,3
631,Reading Comprehension,Essential Skill,Role,4
631,Workday,Software Skill,Transferable,3
632,Active Learning,Essential Skill,Role,2
632,Apple macOS,Software Skill,Role,3
632,Atlassian JIRA,Software Skill,Transferable,3
632,Google Docs,Software Skill,Transferable,4
632,Microsoft Office,Software Skill,Role,2
632,Microsoft PowerPoint,Software Skill,Role,2
632,Monitoring,Essential Skill,Role,2
634,Active Learning,Essential Skill,Role,4
634,Active Listening,Essential Skill,Role,4
634,Electronic Medical Record (EMR),Software Skill,Transferable,3
634,Mathematics,Essential Skill,Role,4
634,Microsoft Excel,Software Skill,Role,2
634,Microsoft Outlook,Software Skill,Role,5
634,Writing,Essential Skill,Role,3
635,Critical Thinking,Essential Skill,Role,4
635,Microsoft Office,Software Skill,Role,4
635,Microsoft PowerPoint,Software Skill,Role,3
635,Monitoring,Essential Skill,Role,3
635,R,Software Skill,Transferable,3
635,SAP,Software Skill,Role,3
635,Speaking,Essential Skill,Role,4
638,Active Listening,Essential Skill,Role,4
638,Adobe Acrobat,Software Skill,Role,5
638,Critical Thinking,Essential Skill,Role,5
638,ESRI ArcGIS,Software Skill,Role,5
638,IBM SPSS Statistics,Software Skill,Role,4
638,Microsoft Excel,Software Skill,Role,5
638,Microsoft Office,Software Skill,Role,5
638,Microsoft SharePoint,Software Skill,Role,5
638,Microsoft Visio,Software Skill,Role,5
638,Monitoring,Essential Skill,Role,4
638,Science,Essential Skill,Role,5
638,Speaking,Essential Skill,Role,5
638,Writing,Essential Skill,Role,4
639,Google Analytics,Software Skill,Transferable,3
639,Microsoft Office,Software Skill,Role,3
639,Python,Software Skill,Role,3
639,Speaking,Essential Skill,Role,3
641,Active Listening,Essential Skill,Role,2
641,Adobe Acrobat,Software Skill,Role,3
641,Adobe Creative Cloud,Software Skill,Role,3
641,Adobe InDesign,Software Skill,Role,2
641,Adobe Photoshop,Software Skill,Role,3
641,Microsoft Office,Software Skill,Role,3
641,Monitoring,Essential Skill,Role,4
641,Salesforce,Software Skill,Role,3
643,Active Learning,Essential Skill,Role,3
643,Active Listening,Essential Skill,Role,2
643,Google Docs,Software Skill,Role,3
643,MEDITECH,Software Skill,Role,1
643,Microsoft Office,Software Skill,Role,2
643,Microsoft PowerPoint,Software Skill,Role,3
643,SAP,Software Skill,Role,2
644,Active Listening,Essential Skill,Role,4
644,Adobe Acrobat,Software Skill,Role,4
644,Adobe Photoshop,Software Skill,Role,4
644,Microsoft Office,Software Skill,Role,4
644,Microsoft PowerPoint,Software Skill,Role,4
644,Speaking,Essential Skill,Role,3
645,Apple macOS,Software Skill,Role,2
645,Mathematics,Essential Skill,Role,3
645,Microsoft PowerPoint,Software Skill,Role,2
645,Salesforce,Software Skill,Role,2
645,Writing,Essential Skill,Role,3
647,Critical Thinking,Essential Skill,Role,2
647,Electronic Medical Record (EMR),Software Skill,Role,4
647,Email,Software Skill,Role,3
647,Microsoft PowerPoint,Software Skill,Role,3
647,Monitoring,Essential Skill,Role,4
647,Speaking,Essential Skill,Role,3
647,Writing,Essential Skill,Role,3
648,Apple macOS,Software Skill,Role,2
648,Critical Thinking,Essential Skill,Role,3
648,Microsoft Outlook,Software Skill,Role,2
648,Microsoft PowerPoint,Software Skill,Role,3
648,Microsoft Project,Software Skill,Role,3
648,Monitoring,Essential Skill,Role,3
648,Writing,Essential Skill,Role,3
649,Active Listening,Essential Skill,Role,4
649,Adobe Photoshop,Software Skill,Role,3
649,ESRI ArcGIS,Software Skill,Role,3
649,Microsoft Excel,Software Skill,Role,4
649,Microsoft Visio,Software Skill,Transferable,2
649,SAS,Software Skill,Role,2
650,Active Learning,Essential Skill,Role,4
650,Adobe Illustrator,Software Skill,Role,2
650,Adobe InDesign,Software Skill,Role,4
650,Adobe Photoshop,Software Skill,Role,4
650,Microsoft Excel,Software Skill,Role,4
650,Microsoft Office,Software Skill,Role,3
650,Microsoft Outlook,Software Skill,Role,3
650,Microsoft PowerPoint,Software Skill,Role,3
650,Microsoft Visio,Software Skill,Transferable,4
650,Microsoft Word,Software Skill,Transferable,2
650,Salesforce,Software Skill,Role,4
650,Speaking,Essential Skill,Role,2
652,Active Learning,Essential Skill,Role,3
652,Active Listening,Essential Skill,Role,3
652,Critical Thinking,Essential Skill,Role,3
652,Microsoft Excel,Software Skill,Role,3
652,Microsoft Office,Software Skill,Role,2
652,Microsoft Outlook,Software Skill,Role,2
652,SAP,Software Skill,Role,3
652,Writing,Essential Skill,Role,4
653,Adobe Acrobat,Software Skill,Role,5
653,Critical Thinking,Essential Skill,Role,3
653,Microsoft Excel,Software Skill,Role,4
653,Microsoft Office,Software Skill,Role,4
653,Microsoft Outlook,Software Skill,Role,4
653,Microsoft SharePoint,Software Skill,Transferable,4
653,Salesforce,Software Skill,Role,3
653,Writing,Essential Skill,Role,4
655,Active Learning,Essential Skill,Role,3
655,Critical Thinking,Essential Skill,Role,2
655,ESRI ArcGIS,Software Skill,Role,3
655,Microsoft Excel,Software Skill,Role,4
655,Microsoft Project,Software Skill,Role,4
655,Python,Software Skill,Role,3
655,R,Software Skill,Role,4
655,Reading Comprehension,Essential Skill,Role,3
655,SAS,Software Skill,Role,3
655,Science,Essential Skill,Role,3
656,Adobe Photoshop,Software Skill,Role,4
656,Critical Thinking,Essential Skill,Role,3
656,Microsoft Excel,Software Skill,Role,4
656,Microsoft PowerPoint,Software Skill,Role,3
656,Monitoring,Essential Skill,Role,3
656,Salesforce,Software Skill,Role,3
657,Adobe Photoshop,Software Skill,Role,3
657,Apple macOS,Software Skill,Transferable,3
657,ESRI ArcGIS,Software Skill,Role,2
657,IBM SPSS Statistics,Software Skill,Role,2
657,MATLAB,Software Skill,Role,3
657,Microsoft Project,Software Skill,Role,2
657,Microsoft Visio,Software Skill,Transferable,3
657,R,Software Skill,Role,2
657,Science,Essential Skill,Role,3
657,Speaking,Essential Skill,Role,3
657,Writing,Essential Skill,Role,2
659,Linux,Software Skill,Role,3
659,Microsoft Excel,Software Skill,Role,4
659,Microsoft Outlook,Software Skill,Role,3
659,Reading Comprehension,Essential Skill,Role,5
659,SAP,Software Skill,Transferable,2
659,Salesforce,Software Skill,Role,3
661,Active Listening,Essential Skill,Role,4
661,Adobe Acrobat,Software Skill,Role,5
661,ESRI ArcGIS,Software Skill,Role,5
661,IBM SPSS Statistics,Software Skill,Role,4
661,Microsoft Excel,Software Skill,Role,3
661,Microsoft Office,Software Skill,Role,4
661,Microsoft SharePoint,Software Skill,Role,4
661,Microsoft Visio,Software Skill,Role,4
661,Monitoring,Essential Skill,Role,5
661,Reading Comprehension,Essential Skill,Role,5
661,Science,Essential Skill,Role,4
662,Active Learning,Essential Skill,Role,2
662,Adobe Photoshop,Software Skill,Role,3
662,Cisco Webex,Software Skill,Transferable,2
662,ESRI ArcGIS,Software Skill,Role,2
662,Google Docs,Software Skill,Transferable,1
662,MATLAB,Software Skill,Role,3
662,Mathematics,Essential Skill,Role,3
662,Microsoft Office,Software Skill,Role,3
662,Python,Software Skill,Role,4
662,Reading Comprehension,Essential Skill,Role,3
662,Science,Essential Skill,Role,2
663,Active Listening,Essential Skill,Role,4
663,Electronic Medical Record (EMR),Software Skill,Role,4
663,Microsoft Office,Software Skill,Role,3
663,Microsoft PowerPoint,Software Skill,Role,4
663,Monitoring,Essential Skill,Role,3
663,Reading Comprehension,Essential Skill,Role,4
663,SAP,Software Skill,Role,5
664,Active Learning,Essential Skill,Role,5
664,Active Listening,Essential Skill,Role,5
664,Adobe Acrobat,Software Skill,Role,4
664,Adobe Photoshop,Software Skill,Role,5
664,Apple macOS,Software Skill,Role,4
664,Atlassian JIRA,Software Skill,Role,4
664,Autodesk AutoCAD,Software Skill,Role,4
664,Critical Thinking,Essential Skill,Role,4
664,Google Analytics,Software Skill,Role,3
664,Microsoft Excel,Software Skill,Role,5
664,Microsoft PowerPoint,Software Skill,Role,4
664,Microsoft Visio,Software Skill,Transferable,4
664,Monitoring,Essential Skill,Role,5
664,Reading Comprehension,Essential Skill,Role,4
664,Speaking,Essential Skill,Role,4
664,Writing,Essential Skill,Role,4
665,Microsoft Office,Software Skill,Role,3
665,Speaking,Essential Skill,Role,3
665,Writing,Essential Skill,Role,3
666,Atlassian Confluence,Software Skill,Transferable,4
666,HubSpot,Software Skill,Role,3
666,Microsoft Outlook,Software Skill,Role,3
666,Microsoft PowerPoint,Software Skill,Role,3
666,Microsoft Project,Software Skill,Role,3
667,Microsoft PowerPoint,Software Skill,Role,3
667,Microsoft Word,Software Skill,Role,3
669,Active Learning,Essential Skill,Role,2
669,Active Listening,Essential Skill,Role,2
669,Adobe Illustrator,Software Skill,Transferable,2
669,Atlassian JIRA,Software Skill,Transferable,2
669,IBM SPSS Statistics,Software Skill,Role,2
669,Microsoft Excel,Software Skill,Role,2
669,Microsoft Project,Software Skill,Role,3
669,Salesforce,Software Skill,Role,3
669,Writing,Essential Skill,Role,3
671,Active Learning,Essential Skill,Role,5
671,Adobe Acrobat,Software Skill,Role,4
671,Adobe Photoshop,Software Skill,Role,4
671,Atlassian JIRA,Software Skill,Role,3
671,Autodesk AutoCAD,Software Skill,Role,4
671,Learning Strategies,Essential Skill,Role,5
671,Microsoft Excel,Software Skill,Role,4
671,Reading Comprehension,Essential Skill,Role,5
671,Writing,Essential Skill,Role,3
675,Adobe Photoshop,Software Skill,Role,2
675,Microsoft Office,Software Skill,Role,2
675,R,Software Skill,Role,3
675,Reading Comprehension,Essential Skill,Role,3
675,Speaking,Essential Skill,Role,2
677,Active Listening,Essential Skill,Role,3
677,Adobe Illustrator,Software Skill,Role,3
677,Learning Strategies,Essential Skill,Transferable,4
677,Microsoft Outlook,Software Skill,Role,4
677,Microsoft PowerPoint,Software Skill,Role,3
677,Monitoring,Essential Skill,Role,3
677,Reading Comprehension,Essential Skill,Role,4
677,Salesforce,Software Skill,Role,3
677,Writing,Essential Skill,Role,3
679,Adobe Photoshop,Software Skill,Role,3
679,Critical Thinking,Essential Skill,Role,4
679,ESRI ArcGIS,Software Skill,Role,3
679,MATLAB,Software Skill,Role,3
679,Microsoft Excel,Software Skill,Role,3
679,Oracle HRIS,Software Skill,Transferable,3
679,Python,Software Skill,Role,3
679,Salesforce,Software Skill,Transferable,3
679,Writing,Essential Skill,Role,3
680,IBM SPSS Statistics,Software Skill,Role,2
680,Linux,Software Skill,Transferable,3
680,Microsoft Project,Software Skill,Role,2
680,Writing,Essential Skill,Role,2
682,Adobe Illustrator,Software Skill,Role,3
682,Google Workspace,Software Skill,Transferable,3
682,Microsoft PowerPoint,Software Skill,Role,3
682,Microsoft Project,Software Skill,Transferable,3
682,Reading Comprehension,Essential Skill,Role,3
682,Writing,Essential Skill,Role,3
683,Active Listening,Essential Skill,Role,2
683,Apache Hadoop,Software Skill,Transferable,3
683,Critical Thinking,Essential Skill,Role,3
683,Electronic Medical Record (EMR),Software Skill,Transferable,4
683,Python,Software Skill,Role,4
683,R,Software Skill,Role,3
683,Reading Comprehension,Essential Skill,Role,5
683,Writing,Essential Skill,Role,4
684,Active Listening,Essential Skill,Role,4
684,Adobe Acrobat,Software Skill,Role,3
684,Adobe Photoshop,Software Skill,Role,3
684,Monitoring,Essential Skill,Role,2
684,Reading Comprehension,Essential Skill,Role,3
686,Microsoft PowerPoint,Software Skill,Role,4
686,Microsoft Project,Software Skill,Transferable,3
686,SAP,Software Skill,Role,2
686,Writing,Essential Skill,Role,2
689,Active Listening,Essential Skill,Role,4
689,Autodesk AutoCAD,Software Skill,Role,3
689,Critical Thinking,Essential Skill,Role,3
689,Learning Strategies,Essential Skill,Role,3
689,Microsoft Outlook,Software Skill,Role,4
689,Monitoring,Essential Skill,Role,3
689,Reading Comprehension,Essential Skill,Role,4
689,SAP,Software Skill,Role,3
690,Active Learning,Essential Skill,Role,3
690,Active Listening,Essential Skill,Role,3
690,Adobe Acrobat,Software Skill,Role,4
690,Adobe Photoshop,Software Skill,Role,4
690,Critical Thinking,Essential Skill,Role,3
690,Microsoft Excel,Software Skill,Role,3
690,Microsoft Outlook,Software Skill,Role,3
690,Microsoft PowerPoint,Software Skill,Role,4
690,R,Software Skill,Transferable,3
690,Salesforce,Software Skill,Role,3
690,Writing,Essential Skill,Role,3
691,Active Learning,Essential Skill,Role,4
691,Adobe Photoshop,Software Skill,Role,5
691,ESRI ArcGIS,Software Skill,Role,4
691,Mathematics,Essential Skill,Role,5
691,Microsoft Azure,Software Skill,Transferable,3
691,Microsoft Office,Software Skill,Role,3
691,R,Software Skill,Role,4
691,Reading Comprehension,Essential Skill,Role,4
691,SAS,Software Skill,Role,5
691,Science,Essential Skill,Role,4
691,Writing,Essential Skill,Role,3
692,Adobe After Effects,Software Skill,Transferable,3
692,Critical Thinking,Essential Skill,Role,3
692,Microsoft Access,Software Skill,Role,2
692,Microsoft Outlook,Software Skill,Role,4
692,Microsoft Visio,Software Skill,Transferable,4
692,Monitoring,Essential Skill,Role,4
692,Reading Comprehension,Essential Skill,Role,4
698,Amazon Web Services (AWS),Software Skill,Transferable,4
698,Critical Thinking,Essential Skill,Role,4
698,Microsoft Excel,Software Skill,Role,3
698,Microsoft PowerPoint,Software Skill,Role,3
698,Microsoft Visio,Software Skill,Transferable,4
698,Monitoring,Essential Skill,Role,4
698,Reading Comprehension,Essential Skill,Role,4
698,Speaking,Essential Skill,Role,4
699,Active Learning,Essential Skill,Role,4
699,Adobe After Effects,Software Skill,Role,3
699,Amazon Web Services (AWS),Software Skill,Transferable,4
699,Learning Strategies,Essential Skill,Role,3
699,MEDITECH,Software Skill,Transferable,4
699,Microsoft Excel,Software Skill,Role,3
699,Microsoft Office,Software Skill,Role,3
699,Writing,Essential Skill,Role,3
700,Adobe Photoshop,Software Skill,Role,2
700,ESRI ArcGIS,Software Skill,Role,3
700,IBM SPSS Statistics,Software Skill,Role,3
700,MATLAB,Software Skill,Role,3
700,Microsoft Office,Software Skill,Role,3
700,Microsoft Project,Software Skill,Role,3
700,Reading Comprehension,Essential Skill,Role,2
700,Science,Essential Skill,Role,4
700,Speaking,Essential Skill,Role,4
701,Atlassian Confluence,Software Skill,Transferable,3
701,Critical Thinking,Essential Skill,Role,2
701,ESRI ArcGIS,Software Skill,Role,2
701,Microsoft Office,Software Skill,Role,3
701,SAS,Software Skill,Role,2
701,Speaking,Essential Skill,Role,3
702,Critical Thinking,Essential Skill,Role,3
702,ESRI ArcGIS,Software Skill,Role,3
702,Microsoft Excel,Software Skill,Role,3
702,Reading Comprehension,Essential Skill,Role,4
702,SAS,Software Skill,Role,4
702,Science,Essential Skill,Role,3
704,Active Listening,Essential Skill,Role,2
704,Atlassian Confluence,Software Skill,Transferable,2
704,Google Docs,Software Skill,Role,3
704,Microsoft Outlook,Software Skill,Role,3
704,Microsoft SharePoint,Software Skill,Transferable,3
704,Microsoft Word,Software Skill,Role,3
704,Writing,Essential Skill,Role,2
705,Active Learning,Essential Skill,Role,3
705,Adobe Photoshop,Software Skill,Role,3
705,ESRI ArcGIS,Software Skill,Role,3
705,Email,Software Skill,Transferable,3
705,MATLAB,Software Skill,Role,2
705,Mathematics,Essential Skill,Role,3
705,Microsoft Excel,Software Skill,Role,3
705,R,Software Skill,Role,4
705,Speaking,Essential Skill,Role,3
705,Writing,Essential Skill,Role,3
707,Active Listening,Essential Skill,Role,2
707,Adobe Acrobat,Software Skill,Role,2
707,Critical Thinking,Essential Skill,Role,4
707,Google Workspace,Software Skill,Transferable,3
707,Microsoft Excel,Software Skill,Role,2
707,Microsoft Office,Software Skill,Role,3
707,Salesforce,Software Skill,Role,3
709,Adobe Creative Cloud,Software Skill,Role,3
709,Adobe InDesign,Software Skill,Role,4
709,Microsoft Office,Software Skill,Role,4
709,Microsoft Outlook,Software Skill,Role,3
709,Microsoft PowerPoint,Software Skill,Role,4
709,Monitoring,Essential Skill,Role,3
709,Reading Comprehension,Essential Skill,Role,4
709,Salesforce,Software Skill,Role,3
710,ESRI ArcGIS,Software Skill,Role,4
710,IBM SPSS Statistics,Software Skill,Role,3
710,MATLAB,Software Skill,Role,3
710,Microsoft Azure,Software Skill,Transferable,3
710,Microsoft Excel,Software Skill,Role,4
710,Microsoft PowerPoint,Software Skill,Transferable,4
710,Reading Comprehension,Essential Skill,Role,3
710,Science,Essential Skill,Role,4
710,Speaking,Essential Skill,Role,3
710,Writing,Essential Skill,Role,3
712,Active Listening,Essential Skill,Role,3
712,Adobe Acrobat,Software Skill,Role,3
712,Critical Thinking,Essential Skill,Role,4
712,Linux,Software Skill,Transferable,3
712,Mathematics,Essential Skill,Role,2
712,Microsoft Office,Software Skill,Role,3
712,Reading Comprehension,Essential Skill,Role,4
712,Salesforce,Software Skill,Role,3
714,Google Workspace,Software Skill,Transferable,2
714,Microsoft Access,Software Skill,Transferable,3
714,Microsoft Excel,Software Skill,Role,1
714,Microsoft Office,Software Skill,Role,3
714,Microsoft Outlook,Software Skill,Role,2
714,Microsoft PowerPoint,Software Skill,Role,3
714,Monitoring,Essential Skill,Role,3
714,Reading Comprehension,Essential Skill,Role,3
714,Salesforce,Software Skill,Role,2
714,Speaking,Essential Skill,Role,2
715,Adobe After Effects,Software Skill,Transferable,3
715,Google Analytics,Software Skill,Transferable,2
715,Microsoft Excel,Software Skill,Role,3
715,R,Software Skill,Role,2
715,SAS,Software Skill,Role,3
716,Cisco Webex,Software Skill,Transferable,3
716,MEDITECH,Software Skill,Role,3
716,Microsoft Office,Software Skill,Role,4
716,R,Software Skill,Transferable,3
716,Reading Comprehension,Essential Skill,Role,4
716,SAP,Software Skill,Role,3
716,Science,Essential Skill,Role,3
716,Speaking,Essential Skill,Role,3
716,Writing,Essential Skill,Role,3
717,Amazon Web Services (AWS),Software Skill,Role,4
717,Critical Thinking,Essential Skill,Role,2
717,Microsoft Azure,Software Skill,Role,5
717,Microsoft Office,Software Skill,Role,4
717,Microsoft Outlook,Software Skill,Role,2
717,Salesforce,Software Skill,Role,2
717,Speaking,Essential Skill,Role,4
720,Adobe Illustrator,Software Skill,Role,2
720,Microsoft Office,Software Skill,Role,3
720,Microsoft Outlook,Software Skill,Role,3
720,Salesforce,Software Skill,Role,3
720,Speaking,Essential Skill,Role,2
720,Writing,Essential Skill,Role,3
721,Apache Hadoop,Software Skill,Role,3
721,Atlassian JIRA,Software Skill,Transferable,4
721,Google Workspace,Software Skill,Role,2
721,Linux,Software Skill,Role,4
721,Microsoft Access,Software Skill,Role,4
721,Microsoft Office,Software Skill,Role,4
721,Monitoring,Essential Skill,Role,5
721,Salesforce,Software Skill,Role,5
721,Writing,Essential Skill,Role,4
722,Active Learning,Essential Skill,Role,4
722,Adobe Creative Cloud,Software Skill,Role,4
722,Microsoft Office,Software Skill,Role,3
722,Microsoft Outlook,Software Skill,Role,2
722,Microsoft PowerPoint,Software Skill,Role,3
722,Speaking,Essential Skill,Role,3
723,Adobe Creative Cloud,Software Skill,Role,3
723,Adobe Illustrator,Software Skill,Role,3
723,Adobe InDesign,Software Skill,Role,3
723,Critical Thinking,Essential Skill,Role,3
723,Microsoft Office,Software Skill,Role,4
723,Microsoft Outlook,Software Skill,Role,4
723,Microsoft PowerPoint,Software Skill,Role,4
723,Monitoring,Essential Skill,Role,3
723,Salesforce,Software Skill,Role,4
724,Adobe Creative Cloud,Software Skill,Transferable,3
724,Apache Hadoop,Software Skill,Role,3
724,Atlassian Confluence,Software Skill,Transferable,3
724,Microsoft Access,Software Skill,Role,4
724,Monitoring,Essential Skill,Role,3
724,Reading Comprehension,Essential Skill,Role,4
724,Salesforce,Software Skill,Role,3
725,Adobe After Effects,Software Skill,Role,3
725,Adobe Photoshop,Software Skill,Role,3
725,Autodesk AutoCAD,Software Skill,Role,2
725,Critical Thinking,Essential Skill,Role,4
725,ESRI ArcGIS,Software Skill,Transferable,3
725,MEDITECH,Software Skill,Transferable,2
725,Microsoft PowerPoint,Software Skill,Role,1
725,SAP,Software Skill,Role,5
725,Speaking,Essential Skill,Role,4
725,Writing,Essential Skill,Role,2
727,Active Learning,Essential Skill,Role,3
727,Microsoft Office,Software Skill,Role,3
727,Monitoring,Essential Skill,Role,4
727,Python,Software Skill,Transferable,3
727,Science,Essential Skill,Role,3
727,Speaking,Essential Skill,Role,4
728,Active Learning,Essential Skill,Role,4
728,Active Listening,Essential Skill,Role,3
728,Adobe Creative Cloud,Software Skill,Role,4
728,Adobe Photoshop,Software Skill,Role,4
728,Critical Thinking,Essential Skill,Role,4
728,MATLAB,Software Skill,Transferable,3
728,Mathematics,Essential Skill,Role,4
728,Microsoft Outlook,Software Skill,Role,3
728,Microsoft PowerPoint,Software Skill,Role,5
728,Reading Comprehension,Essential Skill,Role,3
728,Salesforce,Software Skill,Role,4
728,Science,Essential Skill,Transferable,3
728,Speaking,Essential Skill,Role,4
728,Writing,Essential Skill,Role,4
729,Adobe Creative Cloud,Software Skill,Role,4
729,Adobe Illustrator,Software Skill,Role,4
729,Adobe InDesign,Software Skill,Role,5
729,Critical Thinking,Essential Skill,Role,3
729,Microsoft Office,Software Skill,Role,4
729,Microsoft Outlook,Software Skill,Role,3
729,Monitoring,Essential Skill,Role,4
729,Python,Software Skill,Transferable,5
729,Salesforce,Software Skill,Role,4
729,Writing,Essential Skill,Role,3
730,Active Learning,Essential Skill,Role,3
730,Active Listening,Essential Skill,Role,4
730,Adobe Acrobat,Software Skill,Role,3
730,IBM SPSS Statistics,Software Skill,Role,5
730,Microsoft Access,Software Skill,Role,4
730,Microsoft Office,Software Skill,Role,3
730,Microsoft Project,Software Skill,Role,4
730,Microsoft Visio,Software Skill,Role,5
730,Reading Comprehension,Essential Skill,Role,5
730,Science,Essential Skill,Role,5
730,Speaking,Essential Skill,Role,4
730,Writing,Essential Skill,Role,5
731,Active Listening,Essential Skill,Role,4
731,Adobe Acrobat,Software Skill,Role,5
731,Adobe Photoshop,Software Skill,Role,4
731,Apple macOS,Software Skill,Role,5
731,Critical Thinking,Essential Skill,Role,5
731,Microsoft Excel,Software Skill,Role,4
731,Microsoft Office,Software Skill,Role,4
731,Microsoft PowerPoint,Software Skill,Role,5
731,Monitoring,Essential Skill,Role,5
731,Reading Comprehension,Essential Skill,Role,4
731,Speaking,Essential Skill,Role,4
732,Active Learning,Essential Skill,Role,5
732,Adobe Illustrator,Software Skill,Role,3
732,Adobe InDesign,Software Skill,Role,3
732,Critical Thinking,Essential Skill,Role,3
732,Microsoft Office,Software Skill,Role,4
732,R,Software Skill,Transferable,4
732,Reading Comprehension,Essential Skill,Role,3
732,SAS,Software Skill,Transferable,3
732,Salesforce,Software Skill,Role,4
732,Writing,Essential Skill,Role,3
733,Active Learning,Essential Skill,Role,3
733,Adobe Acrobat,Software Skill,Role,3
733,Critical Thinking,Essential Skill,Role,3
733,Mathematics,Essential Skill,Transferable,3
733,Microsoft Excel,Software Skill,Role,3
733,Microsoft Outlook,Software Skill,Role,4
733,Microsoft PowerPoint,Software Skill,Role,3
733,Reading Comprehension,Essential Skill,Role,4
733,Speaking,Essential Skill,Role,3
733,Writing,Essential Skill,Role,3
734,Active Learning,Essential Skill,Role,4
734,Active Listening,Essential Skill,Role,4
734,Adobe Photoshop,Software Skill,Role,4
734,Apple macOS,Software Skill,Role,5
734,Atlassian JIRA,Software Skill,Role,5
734,Critical Thinking,Essential Skill,Role,4
734,Google Analytics,Software Skill,Role,4
734,Learning Strategies,Essential Skill,Role,3
734,Microsoft PowerPoint,Software Skill,Role,4
734,Monitoring,Essential Skill,Role,5
734,Oracle HRIS,Software Skill,Transferable,4
734,Reading Comprehension,Essential Skill,Role,5
734,Writing,Essential Skill,Role,4
738,Adobe Creative Cloud,Software Skill,Transferable,4
738,Apple macOS,Software Skill,Role,4
738,Email,Software Skill,Transferable,2
738,Microsoft Excel,Software Skill,Role,3
738,Microsoft PowerPoint,Software Skill,Role,4
738,Monitoring,Essential Skill,Role,3
741,Critical Thinking,Essential Skill,Role,3
741,ESRI ArcGIS,Software Skill,Role,2
741,Microsoft Office,Software Skill,Role,4
741,R,Software Skill,Role,3
741,Writing,Essential Skill,Role,2
742,Active Listening,Essential Skill,Role,3
742,Adobe Acrobat,Software Skill,Role,3
742,Apache Hadoop,Software Skill,Transferable,4
742,IBM SPSS Statistics,Software Skill,Role,4
742,Microsoft Excel,Software Skill,Role,4
742,Microsoft Project,Software Skill,Role,3
742,Monitoring,Essential Skill,Role,4
742,Oracle HRIS,Software Skill,Transferable,3
742,Reading Comprehension,Essential Skill,Role,4
742,Speaking,Essential Skill,Role,4
743,Active Learning,Essential Skill,Role,4
743,Active Listening,Essential Skill,Role,4
743,Autodesk AutoCAD,Software Skill,Role,4
743,Critical Thinking,Essential Skill,Role,3
743,Microsoft Office,Software Skill,Role,3
743,Monitoring,Essential Skill,Role,2
743,R,Software Skill,Transferable,4
744,Active Learning,Essential Skill,Role,5
744,Active Listening,Essential Skill,Role,2
744,Learning Strategies,Essential Skill,Transferable,3
744,Mathematics,Essential Skill,Transferable,4
744,Microsoft Office,Software Skill,Role,3
744,Microsoft PowerPoint,Software Skill,Role,4
744,Speaking,Essential Skill,Role,3
746,Active Learning,Essential Skill,Role,4
746,Adobe Creative Cloud,Software Skill,Role,4
746,Adobe InDesign,Software Skill,Role,5
746,Atlassian JIRA,Software Skill,Transferable,5
746,Critical Thinking,Essential Skill,Role,4
746,Microsoft Excel,Software Skill,Role,3
746,Microsoft Office,Software Skill,Role,4
746,Microsoft PowerPoint,Software Skill,Role,4
746,Reading Comprehension,Essential Skill,Role,4
746,Speaking,Essential Skill,Role,4
747,Active Learning,Essential Skill,Role,3
747,Active Listening,Essential Skill,Role,2
747,Adobe Acrobat,Software Skill,Role,4
747,Adobe Creative Cloud,Software Skill,Role,3
747,Google Docs,Software Skill,Transferable,4
747,Linux,Software Skill,Transferable,3
747,Mathematics,Essential Skill,Role,4
747,Microsoft Office,Software Skill,Role,3
747,Microsoft Outlook,Software Skill,Role,4
747,Monitoring,Essential Skill,Role,4
747,Reading Comprehension,Essential Skill,Role,4
747,Salesforce,Software Skill,Role,3
749,Email,Software Skill,Transferable,4
749,IBM SPSS Statistics,Software Skill,Role,4
749,Mathematics,Essential Skill,Role,2
749,Microsoft Azure,Software Skill,Transferable,3
749,Microsoft Excel,Software Skill,Role,3
749,Microsoft Office,Software Skill,Role,2
749,Microsoft Project,Software Skill,Role,3
749,Monitoring,Essential Skill,Role,4
749,Reading Comprehension,Essential Skill,Role,4
752,Adobe Photoshop,Software Skill,Role,3
752,Linux,Software Skill,Transferable,3
752,Mathematics,Essential Skill,Role,3
752,Microsoft Excel,Software Skill,Role,3
752,R,Software Skill,Role,3
752,SAS,Software Skill,Role,3
754,Active Learning,Essential Skill,Role,4
754,Active Listening,Essential Skill,Role,3
754,Adobe Acrobat,Software Skill,Role,3
754,Adobe InDesign,Software Skill,Role,3
754,Linux,Software Skill,Transferable,3
754,Microsoft Office,Software Skill,Role,4
754,Microsoft Outlook,Software Skill,Role,4
754,Reading Comprehension,Essential Skill,Role,2
757,Active Learning,Essential Skill,Role,3
757,Active Listening,Essential Skill,Role,3
757,Adobe After Effects,Software Skill,Transferable,4
757,Amazon Web Services (AWS),Software Skill,Role,3
757,Apache Hadoop,Software Skill,Role,3
757,Critical Thinking,Essential Skill,Role,3
757,Linux,Software Skill,Role,2
757,Microsoft Excel,Software Skill,Role,4
757,Microsoft Office,Software Skill,Role,3
757,Reading Comprehension,Essential Skill,Role,2
757,Salesforce,Software Skill,Role,4
757,Workday,Software Skill,Transferable,4
758,Active Listening,Essential Skill,Role,2
758,Cisco Webex,Software Skill,Transferable,2
758,Critical Thinking,Essential Skill,Role,2
758,Google Docs,Software Skill,Role,2
758,MEDITECH,Software Skill,Role,2
758,Microsoft Excel,Software Skill,Role,1
758,Microsoft PowerPoint,Software Skill,Role,2
758,SAS,Software Skill,Transferable,2
758,Speaking,Essential Skill,Role,2
758,Writing,Essential Skill,Role,2
760,Active Learning,Essential Skill,Role,2
760,Adobe Photoshop,Software Skill,Role,3
760,Applicant Tracking System (ATS),Software Skill,Role,3
760,Learning Strategies,Essential Skill,Role,3
760,Microsoft Office,Software Skill,Role,3
760,Microsoft Outlook,Software Skill,Role,3
760,Microsoft PowerPoint,Software Skill,Role,3
760,Microsoft Visio,Software Skill,Transferable,3
760,Reading Comprehension,Essential Skill,Role,2
760,Workday,Software Skill,Role,4
762,Active Listening,Essential Skill,Role,5
762,Amazon Web Services (AWS),Software Skill,Role,4
762,Linux,Software Skill,Role,4
762,Microsoft Access,Software Skill,Role,4
762,Microsoft Office,Software Skill,Role,4
762,Microsoft Outlook,Software Skill,Role,3
762,Reading Comprehension,Essential Skill,Role,5
762,Salesforce,Software Skill,Role,4
762,Workday,Software Skill,Transferable,4
763,Adobe Photoshop,Software Skill,Role,2
763,ESRI ArcGIS,Software Skill,Role,2
763,IBM SPSS Statistics,Software Skill,Role,1
763,MATLAB,Software Skill,Role,1
763,Mathematics,Essential Skill,Role,2
763,Microsoft Office,Software Skill,Role,2
763,Science,Essential Skill,Role,2
763,Speaking,Essential Skill,Role,2
764,Critical Thinking,Essential Skill,Role,4
764,Google Workspace,Software Skill,Role,4
764,Mathematics,Essential Skill,Role,2
764,Microsoft Excel,Software Skill,Role,3
764,SAS,Software Skill,Transferable,3
764,Salesforce,Software Skill,Role,3
764,Speaking,Essential Skill,Role,3
764,Writing,Essential Skill,Role,4
766,Active Listening,Essential Skill,Role,2
766,Apache Hadoop,Software Skill,Transferable,3
766,Microsoft Word,Software Skill,Role,2
766,Monitoring,Essential Skill,Role,3
766,Python,Software Skill,Transferable,3
766,Reading Comprehension,Essential Skill,Role,2
766,Writing,Essential Skill,Role,1
769,Critical Thinking,Essential Skill,Role,4
769,Electronic Medical Record (EMR),Software Skill,Role,4
769,Email,Software Skill,Role,4
769,MEDITECH,Software Skill,Role,4
769,Microsoft Excel,Software Skill,Role,4
769,Microsoft Outlook,Software Skill,Role,4
769,Microsoft PowerPoint,Software Skill,Role,4
769,Microsoft Word,Software Skill,Role,3
769,Monitoring,Essential Skill,Role,4
769,Reading Comprehension,Essential Skill,Role,3
769,Speaking,Essential Skill,Role,2
771,Apache Hadoop,Software Skill,Role,3
771,Critical Thinking,Essential Skill,Role,3
771,Linux,Software Skill,Role,4
771,Microsoft Access,Software Skill,Role,4
771,Microsoft Azure,Software Skill,Role,4
771,Microsoft Excel,Software Skill,Role,3
771,Microsoft Outlook,Software Skill,Role,4
771,Reading Comprehension,Essential Skill,Role,5
771,Salesforce,Software Skill,Role,3
771,Speaking,Essential Skill,Role,4
772,Apache Hadoop,Software Skill,Transferable,2
772,Critical Thinking,Essential Skill,Role,3
772,Microsoft Office,Software Skill,Role,3
772,Microsoft Word,Software Skill,Role,5
772,Monitoring,Essential Skill,Role,4
772,Reading Comprehension,Essential Skill,Role,3
772,Speaking,Essential Skill,Role,3
772,Writing,Essential Skill,Role,2
773,Active Listening,Essential Skill,Role,4
773,Adobe Photoshop,Software Skill,Role,3
773,Learning Strategies,Essential Skill,Transferable,3
773,MATLAB,Software Skill,Role,3
773,Microsoft Excel,Software Skill,Role,3
773,Oracle HRIS,Software Skill,Transferable,3
775,Active Learning,Essential Skill,Role,3
775,Adobe Acrobat,Software Skill,Role,4
775,Adobe Photoshop,Software Skill,Role,3
775,Autodesk AutoCAD,Software Skill,Role,3
775,Critical Thinking,Essential Skill,Role,3
775,Microsoft Excel,Software Skill,Role,3
775,Microsoft Outlook,Software Skill,Role,5
775,Microsoft PowerPoint,Software Skill,Role,3
775,Monitoring,Essential Skill,Role,3
775,SAP,Software Skill,Role,4
776,Active Listening,Essential Skill,Role,5
776,Adobe Acrobat,Software Skill,Role,4
776,Adobe Photoshop,Software Skill,Role,5
776,Amazon Web Services (AWS),Software Skill,Transferable,4
776,Atlassian JIRA,Software Skill,Role,5
776,Critical Thinking,Essential Skill,Role,4
776,Learning Strategies,Essential Skill,Role,5
776,Microsoft Excel,Software Skill,Role,5
776,Microsoft Office,Software Skill,Role,4
776,Microsoft PowerPoint,Software Skill,Role,5
776,Monitoring,Essential Skill,Role,4
776,Reading Comprehension,Essential Skill,Role,3
776,Speaking,Essential Skill,Role,4
776,Writing,Essential Skill,Role,4
780,ESRI ArcGIS,Software Skill,Role,3
780,Mathematics,Essential Skill,Role,3
780,Microsoft Excel,Software Skill,Role,3
780,Microsoft Office,Software Skill,Role,4
780,Microsoft Project,Software Skill,Role,4
780,Python,Software Skill,Role,3
780,Reading Comprehension,Essential Skill,Role,3
780,Science,Essential Skill,Role,3
780,Speaking,Essential Skill,Role,3
780,Writing,Essential Skill,Role,3
781,Active Learning,Essential Skill,Role,3
781,Adobe Acrobat,Software Skill,Role,3
781,Adobe InDesign,Software Skill,Role,2
781,Critical Thinking,Essential Skill,Role,3
781,Microsoft Access,Software Skill,Transferable,3
781,Microsoft Excel,Software Skill,Role,4
781,Microsoft Office,Software Skill,Role,2
781,Microsoft Outlook,Software Skill,Role,2
781,Reading Comprehension,Essential Skill,Role,2
783,Critical Thinking,Essential Skill,Role,3
783,Mathematics,Essential Skill,Role,2
783,Microsoft Office,Software Skill,Role,4
783,Monitoring,Essential Skill,Role,1
783,Reading Comprehension,Essential Skill,Role,2
783,SAS,Software Skill,Transferable,4
783,Writing,Essential Skill,Role,2
784,MATLAB,Software Skill,Role,2
784,Microsoft Project,Software Skill,Role,3
784,Science,Essential Skill,Role,2
784,Writing,Essential Skill,Role,3
785,Active Listening,Essential Skill,Role,3
785,Adobe Creative Cloud,Software Skill,Role,3
785,Adobe Illustrator,Software Skill,Role,4
785,Adobe InDesign,Software Skill,Role,4
785,Adobe Photoshop,Software Skill,Role,4
785,ESRI ArcGIS,Software Skill,Transferable,3
785,Microsoft Outlook,Software Skill,Role,3
785,Microsoft PowerPoint,Software Skill,Role,3
785,Monitoring,Essential Skill,Role,3
785,Salesforce,Software Skill,Role,3
786,Active Learning,Essential Skill,Role,3
786,Active Listening,Essential Skill,Role,3
786,Adobe Photoshop,Software Skill,Role,3
786,Autodesk AutoCAD,Software Skill,Transferable,4
786,Mathematics,Essential Skill,Role,4
786,Microsoft Outlook,Software Skill,Role,3
786,Microsoft PowerPoint,Software Skill,Role,4
786,Reading Comprehension,Essential Skill,Role,3
786,Speaking,Essential Skill,Role,3
787,Adobe Acrobat,Software Skill,Role,4
787,Adobe Photoshop,Software Skill,Role,5
787,Apple macOS,Software Skill,Role,3
787,Atlassian Confluence,Software Skill,Role,3
787,Microsoft PowerPoint,Software Skill,Role,4
787,Microsoft Visio,Software Skill,Transferable,4
787,Monitoring,Essential Skill,Role,3
787,Reading Comprehension,Essential Skill,Role,5
787,SAS,Software Skill,Transferable,4
787,Writing,Essential Skill,Role,4
789,Active Listening,Essential Skill,Role,3
789,Adobe Creative Cloud,Software Skill,Role,3
789,Adobe InDesign,Software Skill,Role,4
789,Adobe Photoshop,Software Skill,Role,5
789,Electronic Medical Record (EMR),Software Skill,Transferable,3
789,Mathematics,Essential Skill,Role,4
789,Salesforce,Software Skill,Role,3
789,Speaking,Essential Skill,Role,3
789,Workday,Software Skill,Transferable,3
791,Active Learning,Essential Skill,Role,3
791,Adobe Photoshop,Software Skill,Role,3
791,Electronic Medical Record (EMR),Software Skill,Transferable,3
791,Microsoft Excel,Software Skill,Role,3
791,R,Software Skill,Role,3
791,Reading Comprehension,Essential Skill,Role,4
791,SAS,Software Skill,Role,4
791,Writing,Essential Skill,Role,3
792,Active Listening,Essential Skill,Role,3
792,Google Docs,Software Skill,Role,3
792,Microsoft Azure,Software Skill,Transferable,3
792,Microsoft Excel,Software Skill,Role,2
792,Microsoft PowerPoint,Software Skill,Role,3
792,Monitoring,Essential Skill,Role,2
792,Reading Comprehension,Essential Skill,Role,2
792,Science,Essential Skill,Role,3
792,Writing,Essential Skill,Role,3
793,Active Learning,Essential Skill,Role,4
793,Active Listening,Essential Skill,Role,3
793,Mathematics,Essential Skill,Role,4
793,Microsoft Azure,Software Skill,Role,3
793,Microsoft Excel,Software Skill,Role,3
793,Microsoft Office,Software Skill,Role,3
793,Speaking,Essential Skill,Role,2
796,Active Listening,Essential Skill,Role,4
796,Adobe Illustrator,Software Skill,Role,3
796,Critical Thinking,Essential Skill,Role,4
796,Microsoft Excel,Software Skill,Role,4
796,Microsoft Office,Software Skill,Role,2
796,Microsoft PowerPoint,Software Skill,Role,3
796,Monitoring,Essential Skill,Role,3
796,Reading Comprehension,Essential Skill,Role,3
796,Salesforce,Software Skill,Role,4
797,Adobe Photoshop,Software Skill,Role,3
797,Critical Thinking,Essential Skill,Role,2
797,MATLAB,Software Skill,Role,3
797,Mathematics,Essential Skill,Role,3
797,Python,Software Skill,Role,4
797,Reading Comprehension,Essential Skill,Role,3
797,Speaking,Essential Skill,Role,4
797,Writing,Essential Skill,Role,4
799,Adobe After Effects,Software Skill,Role,3
799,Autodesk AutoCAD,Software Skill,Role,4
799,Microsoft Office,Software Skill,Role,4
799,Microsoft Outlook,Software Skill,Role,4
799,Microsoft PowerPoint,Software Skill,Role,4
799,Reading Comprehension,Essential Skill,Role,4
799,SAP,Software Skill,Role,3
799,Speaking,Essential Skill,Role,4
799,Writing,Essential Skill,Role,5
800,Active Learning,Essential Skill,Role,3
800,Adobe InDesign,Software Skill,Role,2
800,Adobe Photoshop,Software Skill,Role,2
800,Microsoft Excel,Software Skill,Role,2
800,Python,Software Skill,Transferable,3
800,Writing,Essential Skill,Role,3
802,Microsoft Project,Software Skill,Role,2
802,SAS,Software Skill,Role,3
803,Active Listening,Essential Skill,Role,3
803,Adobe After Effects,Software Skill,Role,3
803,Autodesk AutoCAD,Software Skill,Role,3
803,Critical Thinking,Essential Skill,Role,4
803,HubSpot,Software Skill,Transferable,5
803,Learning Strategies,Essential Skill,Role,4
803,Mathematics,Essential Skill,Transferable,4
803,Microsoft Excel,Software Skill,Role,3
803,Microsoft Office,Software Skill,Role,4
803,Microsoft PowerPoint,Software Skill,Role,3
803,Monitoring,Essential Skill,Role,4
803,Reading Comprehension,Essential Skill,Role,4
803,SAP,Software Skill,Role,4
803,Speaking,Essential Skill,Role,3
804,IBM SPSS Statistics,Software Skill,Role,3
804,Microsoft Excel,Software Skill,Role,3
804,Microsoft Office,Software Skill,Role,3
804,Monitoring,Essential Skill,Transferable,3
804,Reading Comprehension,Essential Skill,Role,4
804,SAS,Software Skill,Role,3
805,Active Learning,Essential Skill,Role,3
805,Apple macOS,Software Skill,Role,4
805,Microsoft Excel,Software Skill,Role,4
805,Microsoft Outlook,Software Skill,Role,3
805,Microsoft Word,Software Skill,Role,2
805,Monitoring,Essential Skill,Role,4
805,Reading Comprehension,Essential Skill,Role,3
805,Speaking,Essential Skill,Role,4
806,Critical Thinking,Essential Skill,Role,2
806,Electronic Medical Record (EMR),Software Skill,Role,2
806,MEDITECH,Software Skill,Role,3
806,Microsoft PowerPoint,Software Skill,Role,3
806,Microsoft Word,Software Skill,Role,2
806,Reading Comprehension,Essential Skill,Role,4
806,SAP,Software Skill,Role,3
806,Science,Essential Skill,Role,2
806,Speaking,Essential Skill,Role,3
807,Active Learning,Essential Skill,Role,2
807,Amazon Web Services (AWS),Software Skill,Role,2
807,Linux,Software Skill,Role,3
807,Mathematics,Essential Skill,Role,3
807,Microsoft Access,Software Skill,Role,2
807,Microsoft Azure,Software Skill,Role,3
807,Microsoft Office,Software Skill,Role,2
807,Microsoft Outlook,Software Skill,Role,4
807,Oracle HRIS,Software Skill,Transferable,2
807,Salesforce,Software Skill,Role,3
807,Speaking,Essential Skill,Role,3
808,Active Listening,Essential Skill,Role,3
808,Adobe Acrobat,Software Skill,Role,2
808,Adobe InDesign,Software Skill,Role,4
808,ESRI ArcGIS,Software Skill,Transferable,2
808,MEDITECH,Software Skill,Transferable,1
808,Reading Comprehension,Essential Skill,Role,4
809,Adobe Acrobat,Software Skill,Role,4
809,Adobe Photoshop,Software Skill,Role,4
809,Apple macOS,Software Skill,Role,4
809,Atlassian JIRA,Software Skill,Role,5
809,Critical Thinking,Essential Skill,Role,5
809,Google Analytics,Software Skill,Role,5
809,Learning Strategies,Essential Skill,Role,4
809,Microsoft Office,Software Skill,Role,5
809,Microsoft PowerPoint,Software Skill,Role,5
809,Monitoring,Essential Skill,Role,4
809,Salesforce,Software Skill,Transferable,3
809,Speaking,Essential Skill,Role,4
809,Writing,Essential Skill,Role,4
811,Active Listening,Essential Skill,Role,3
811,Critical Thinking,Essential Skill,Role,3
811,Electronic Medical Record (EMR),Software Skill,Role,2
811,Google Docs,Software Skill,Role,3
811,Learning Strategies,Essential Skill,Transferable,4
811,MEDITECH,Software Skill,Role,3
811,Microsoft Office,Software Skill,Role,3
811,Microsoft PowerPoint,Software Skill,Role,2
812,Google Analytics,Software Skill,Transferable,3
812,Microsoft Office,Software Skill,Role,2
812,Microsoft Word,Software Skill,Role,3
812,Reading Comprehension,Essential Skill,Role,2
813,Active Learning,Essential Skill,Role,3
813,Active Listening,Essential Skill,Role,3
813,Electronic Medical Record (EMR),Software Skill,Role,4
813,MEDITECH,Software Skill,Role,3
813,Microsoft Excel,Software Skill,Role,4
813,Microsoft Outlook,Software Skill,Role,4
813,Monitoring,Essential Skill,Role,3
813,Reading Comprehension,Essential Skill,Role,4
813,Speaking,Essential Skill,Role,3
815,Active Learning,Essential Skill,Role,4
815,Critical Thinking,Essential Skill,Role,4
815,ESRI ArcGIS,Software Skill,Role,4
815,IBM SPSS Statistics,Software Skill,Role,4
815,Microsoft Azure,Software Skill,Transferable,3
815,Microsoft Excel,Software Skill,Role,4
815,Microsoft Office,Software Skill,Role,5
815,Microsoft PowerPoint,Software Skill,Role,4
815,Microsoft Visio,Software Skill,Role,4
815,Science,Essential Skill,Role,4
815,Writing,Essential Skill,Role,5
816,Active Learning,Essential Skill,Role,2
816,Active Listening,Essential Skill,Role,2
816,Microsoft Outlook,Software Skill,Role,3
816,SAS,Software Skill,Transferable,3
817,Active Listening,Essential Skill,Role,4
817,Adobe Acrobat,Software Skill,Role,5
817,Critical Thinking,Essential Skill,Role,3
817,Microsoft Excel,Software Skill,Role,4
817,Microsoft Office,Software Skill,Role,3
817,Microsoft SharePoint,Software Skill,Role,4
817,R,Software Skill,Transferable,3
817,Reading Comprehension,Essential Skill,Role,4
817,Science,Essential Skill,Role,5
819,Active Learning,Essential Skill,Role,2
819,Adobe Acrobat,Software Skill,Role,3
819,Adobe Creative Cloud,Software Skill,Role,3
819,Adobe InDesign,Software Skill,Role,3
819,Adobe Photoshop,Software Skill,Role,4
819,Microsoft Access,Software Skill,Transferable,3
819,Microsoft Excel,Software Skill,Role,3
819,Microsoft Office,Software Skill,Role,2
819,Microsoft Visio,Software Skill,Transferable,3
819,Reading Comprehension,Essential Skill,Role,3
820,Active Learning,Essential Skill,Role,4
820,Adobe Acrobat,Software Skill,Role,5
820,Adobe Photoshop,Software Skill,Role,5
820,MATLAB,Software Skill,Transferable,3
820,Microsoft Excel,Software Skill,Role,4
820,Microsoft PowerPoint,Software Skill,Role,5
820,Microsoft SharePoint,Software Skill,Transferable,4
820,Monitoring,Essential Skill,Role,3
820,Reading Comprehension,Essential Skill,Role,4
823,Adobe Acrobat,Software Skill,Role,2
823,Adobe Creative Cloud,Software Skill,Transferable,4
823,Adobe InDesign,Software Skill,Role,3
823,Applicant Tracking System (ATS),Software Skill,Transferable,3
823,Autodesk AutoCAD,Software Skill,Role,4
823,Critical Thinking,Essential Skill,Role,3
823,Learning Strategies,Essential Skill,Role,2
823,Monitoring,Essential Skill,Role,3
823,SAP,Software Skill,Role,2
823,Speaking,Essential Skill,Role,3
824,Active Learning,Essential Skill,Role,3
824,Adobe Photoshop,Software Skill,Role,2
824,Critical Thinking,Essential Skill,Role,2
824,ESRI ArcGIS,Software Skill,Role,3
824,Mathematics,Essential Skill,Role,3
824,Microsoft Excel,Software Skill,Role,1
824,R,Software Skill,Role,2
824,Reading Comprehension,Essential Skill,Role,2
824,Writing,Essential Skill,Role,4
825,Adobe Acrobat,Software Skill,Role,4
825,Critical Thinking,Essential Skill,Role,5
825,IBM SPSS Statistics,Software Skill,Role,5
825,Microsoft Access,Software Skill,Role,4
825,Microsoft Excel,Software Skill,Role,5
825,Microsoft Office,Software Skill,Role,5
825,Microsoft Project,Software Skill,Role,3
825,Monitoring,Essential Skill,Role,5
825,Science,Essential Skill,Role,4
825,Speaking,Essential Skill,Role,5
825,Writing,Essential Skill,Role,5
826,Adobe After Effects,Software Skill,Transferable,4
826,Critical Thinking,Essential Skill,Role,4
826,ESRI ArcGIS,Software Skill,Role,2
826,Mathematics,Essential Skill,Role,3
826,Speaking,Essential Skill,Role,4
826,Writing,Essential Skill,Role,3
827,Learning Strategies,Essential Skill,Role,5
827,Microsoft Office,Software Skill,Role,3
827,Microsoft PowerPoint,Software Skill,Role,4
827,Monitoring,Essential Skill,Role,3
827,Reading Comprehension,Essential Skill,Role,3
827,SAP,Software Skill,Role,3
827,Speaking,Essential Skill,Role,3
828,Active Listening,Essential Skill,Role,3
828,Apple macOS,Software Skill,Transferable,3
828,ESRI ArcGIS,Software Skill,Role,4
828,Microsoft Excel,Software Skill,Role,3
828,Microsoft Office,Software Skill,Role,3
828,Microsoft SharePoint,Software Skill,Transferable,3
828,Science,Essential Skill,Role,4
828,Speaking,Essential Skill,Role,4
828,Writing,Essential Skill,Role,3
829,Active Listening,Essential Skill,Role,3
829,Microsoft Outlook,Software Skill,Role,3
829,Monitoring,Essential Skill,Role,3
829,Writing,Essential Skill,Role,3
830,Active Listening,Essential Skill,Role,2
830,Adobe Acrobat,Software Skill,Role,4
830,Adobe InDesign,Software Skill,Role,3
830,Adobe Photoshop,Software Skill,Role,3
830,Google Docs,Software Skill,Transferable,4
830,Microsoft Office,Software Skill,Role,4
830,Microsoft PowerPoint,Software Skill,Role,3
830,Salesforce,Software Skill,Transferable,4
830,Speaking,Essential Skill,Role,2
832,Active Listening,Essential Skill,Role,4
832,Critical Thinking,Essential Skill,Role,5
832,Electronic Medical Record (EMR),Software Skill,Role,4
832,Microsoft Azure,Software Skill,Transferable,4
832,Microsoft Excel,Software Skill,Role,4
832,Microsoft Office,Software Skill,Role,5
832,Microsoft PowerPoint,Software Skill,Role,4
832,Monitoring,Essential Skill,Role,3
832,Reading Comprehension,Essential Skill,Role,4
832,SAP,Software Skill,Role,3
832,Science,Essential Skill,Role,4
832,Speaking,Essential Skill,Role,3
832,Writing,Essential Skill,Role,5
833,ESRI ArcGIS,Software Skill,Transferable,4
833,Learning Strategies,Essential Skill,Role,5
833,MEDITECH,Software Skill,Transferable,4
833,Microsoft Excel,Software Skill,Role,4
833,Monitoring,Essential Skill,Role,4
833,SAP,Software Skill,Role,3
833,Writing,Essential Skill,Role,3
834,Adobe After Effects,Software Skill,Transferable,2
834,Critical Thinking,Essential Skill,Role,3
834,Mathematics,Essential Skill,Role,3
834,Monitoring,Essential Skill,Transferable,3
834,Reading Comprehension,Essential Skill,Role,3
834,Science,Essential Skill,Role,3
834,Writing,Essential Skill,Role,1
836,Autodesk AutoCAD,Software Skill,Role,3
836,Google Docs,Software Skill,Transferable,3
836,Linux,Software Skill,Transferable,3
836,Microsoft Excel,Software Skill,Role,4
836,Microsoft Office,Software Skill,Role,3
836,Microsoft Outlook,Software Skill,Role,3
836,Microsoft PowerPoint,Software Skill,Role,3
836,Monitoring,Essential Skill,Role,3
836,SAP,Software Skill,Role,3
837,Active Listening,Essential Skill,Role,3
837,Apache Hadoop,Software Skill,Role,4
837,IBM SPSS Statistics,Software Skill,Transferable,3
837,Linux,Software Skill,Role,4
837,Microsoft Excel,Software Skill,Role,3
837,Monitoring,Essential Skill,Role,4
837,Speaking,Essential Skill,Role,3
837,Writing,Essential Skill,Role,3
838,Active Listening,Essential Skill,Role,3
838,Adobe Photoshop,Software Skill,Role,2
838,Mathematics,Essential Skill,Role,3
838,Microsoft Excel,Software Skill,Role,4
838,Microsoft Office,Software Skill,Role,4
838,Science,Essential Skill,Role,4
840,Active Learning,Essential Skill,Role,4
840,Active Listening,Essential Skill,Role,2
840,Adobe Creative Cloud,Software Skill,Role,3
840,Adobe InDesign,Software Skill,Role,4
840,Adobe Photoshop,Software Skill,Role,3
840,Mathematics,Essential Skill,Role,4
840,Microsoft Office,Software Skill,Role,3
840,Microsoft Visio,Software Skill,Transferable,4
840,Monitoring,Essential Skill,Role,3
840,Reading Comprehension,Essential Skill,Role,3
840,Salesforce,Software Skill,Role,3
840,Speaking,Essential Skill,Role,4
842,Active Learning,Essential Skill,Role,3
842,Adobe Illustrator,Software Skill,Role,3
842,Email,Software Skill,Transferable,2
842,Linux,Software Skill,Transferable,3
842,Microsoft Excel,Software Skill,Role,4
842,Microsoft Office,Software Skill,Role,3
842,Reading Comprehension,Essential Skill,Role,3
842,Writing,Essential Skill,Role,2
843,Adobe Photoshop,Software Skill,Transferable,5
843,ESRI ArcGIS,Software Skill,Role,4
843,Microsoft Access,Software Skill,Role,3
843,Microsoft Excel,Software Skill,Role,4
843,Microsoft Outlook,Software Skill,Transferable,4
843,Microsoft PowerPoint,Software Skill,Role,4
843,Science,Essential Skill,Role,5
843,Writing,Essential Skill,Role,4
844,ESRI ArcGIS,Software Skill,Role,4
844,IBM SPSS Statistics,Software Skill,Role,3
844,Microsoft Excel,Software Skill,Role,4
844,Microsoft Office,Software Skill,Role,2
844,Microsoft Project,Software Skill,Role,2
844,Microsoft SharePoint,Software Skill,Role,3
844,Reading Comprehension,Essential Skill,Role,2
844,Salesforce,Software Skill,Transferable,2
844,Writing,Essential Skill,Role,2
845,Active Listening,Essential Skill,Role,2
845,Adobe Acrobat,Software Skill,Role,2
845,Adobe After Effects,Software Skill,Role,3
845,Adobe Photoshop,Software Skill,Role,4
845,Apple macOS,Software Skill,Transferable,4
845,Microsoft Excel,Software Skill,Role,4
845,Microsoft Office,Software Skill,Role,4
845,Microsoft Outlook,Software Skill,Role,4
845,Python,Software Skill,Transferable,4
845,SAP,Software Skill,Role,4
846,Adobe Illustrator,Software Skill,Role,3
846,Adobe InDesign,Software Skill,Role,3
846,Critical Thinking,Essential Skill,Role,3
846,Mathematics,Essential Skill,Role,3
846,Microsoft Excel,Software Skill,Role,2
846,Microsoft Office,Software Skill,Role,3
846,Microsoft Outlook,Software Skill,Role,3
846,Microsoft Visio,Software Skill,Transferable,4
846,R,Software Skill,Transferable,3
847,Adobe Acrobat,Software Skill,Role,3
847,Adobe After Effects,Software Skill,Transferable,2
847,Adobe Photoshop,Software Skill,Role,2
847,Critical Thinking,Essential Skill,Role,3
847,Microsoft PowerPoint,Software Skill,Role,3
847,Reading Comprehension,Essential Skill,Role,3
848,Critical Thinking,Essential Skill,Role,3
848,IBM SPSS Statistics,Software Skill,Role,2
848,Microsoft Excel,Software Skill,Role,4
848,Reading Comprehension,Essential Skill,Role,2
848,Science,Essential Skill,Role,3
850,Atlassian JIRA,Software Skill,Transferable,4
850,Critical Thinking,Essential Skill,Role,3
850,ESRI ArcGIS,Software Skill,Role,4
850,IBM SPSS Statistics,Software Skill,Role,3
850,MATLAB,Software Skill,Role,2
850,Microsoft Visio,Software Skill,Transferable,3
850,Speaking,Essential Skill,Role,3
851,Active Listening,Essential Skill,Role,5
851,Adobe InDesign,Software Skill,Transferable,5
851,Adobe Photoshop,Software Skill,Role,5
851,Apple macOS,Software Skill,Role,4
851,Atlassian JIRA,Software Skill,Role,4
851,Critical Thinking,Essential Skill,Role,4
851,Microsoft Office,Software Skill,Role,5
851,Microsoft PowerPoint,Software Skill,Role,5
851,Reading Comprehension,Essential Skill,Role,5
851,Writing,Essential Skill,Role,5
852,Autodesk AutoCAD,Software Skill,Transferable,4
852,Critical Thinking,Essential Skill,Role,4
852,Google Workspace,Software Skill,Role,4
852,MATLAB,Software Skill,Transferable,3
852,Microsoft Access,Software Skill,Role,3
852,Microsoft Excel,Software Skill,Role,3
852,Salesforce,Software Skill,Role,2
852,Writing,Essential Skill,Role,2
854,Active Learning,Essential Skill,Role,3
854,ESRI ArcGIS,Software Skill,Role,2
854,IBM SPSS Statistics,Software Skill,Role,2
854,Mathematics,Essential Skill,Role,2
854,Microsoft Excel,Software Skill,Role,3
854,Microsoft Office,Software Skill,Role,2
854,Microsoft Project,Software Skill,Role,3
854,R,Software Skill,Role,3
854,Reading Comprehension,Essential Skill,Role,3
854,Workday,Software Skill,Transferable,2
855,Active Listening,Essential Skill,Role,4
855,Adobe Acrobat,Software Skill,Role,4
855,Adobe Photoshop,Software Skill,Role,4
855,Critical Thinking,Essential Skill,Role,2
855,MATLAB,Software Skill,Transferable,4
855,Microsoft Excel,Software Skill,Role,4
855,Microsoft Outlook,Software Skill,Role,3
855,Reading Comprehension,Essential Skill,Role,3
855,SAS,Software Skill,Transferable,3
855,Salesforce,Software Skill,Role,4
855,Speaking,Essential Skill,Role,3
856,Adobe Acrobat,Software Skill,Transferable,3
856,Critical Thinking,Essential Skill,Role,2
856,Microsoft Project,Software Skill,Role,3
856,Science,Essential Skill,Role,3
857,Active Learning,Essential Skill,Role,3
857,Adobe Photoshop,Software Skill,Role,3
857,Critical Thinking,Essential Skill,Role,3
857,Microsoft Outlook,Software Skill,Role,3
857,Microsoft PowerPoint,Software Skill,Role,4
857,Reading Comprehension,Essential Skill,Role,3
857,Salesforce,Software Skill,Role,3
859,Active Listening,Essential Skill,Role,3
859,Adobe Photoshop,Software Skill,Role,2
859,Critical Thinking,Essential Skill,Role,3
859,Microsoft Office,Software Skill,Role,3
859,Microsoft Outlook,Software Skill,Role,5
859,Monitoring,Essential Skill,Role,3
859,Reading Comprehension,Essential Skill,Role,2
861,Active Learning,Essential Skill,Role,3
861,Active Listening,Essential Skill,Role,3
861,ESRI ArcGIS,Software Skill,Role,4
861,Mathematics,Essential Skill,Role,3
861,Microsoft Project,Software Skill,Role,3
861,R,Software Skill,Role,3
861,Science,Essential Skill,Role,3
861,Speaking,Essential Skill,Role,3
862,Active Learning,Essential Skill,Role,3
862,Active Listening,Essential Skill,Role,4
862,Adobe Creative Cloud,Software Skill,Role,5
862,Adobe Illustrator,Software Skill,Role,4
862,Adobe Photoshop,Software Skill,Role,4
862,Mathematics,Essential Skill,Role,4
862,Microsoft Access,Software Skill,Transferable,4
862,Microsoft Azure,Software Skill,Transferable,3
862,Microsoft Office,Software Skill,Role,4
862,Microsoft Outlook,Software Skill,Role,3
864,Active Learning,Essential Skill,Role,3
864,Active Listening,Essential Skill,Role,4
864,Adobe InDesign,Software Skill,Role,3
864,Adobe Photoshop,Software Skill,Role,4
864,Critical Thinking,Essential Skill,Role,5
864,IBM SPSS Statistics,Software Skill,Transferable,5
864,Speaking,Essential Skill,Role,4
865,Active Listening,Essential Skill,Role,3
865,ESRI ArcGIS,Software Skill,Role,3
865,IBM SPSS Statistics,Software Skill,Role,3
865,MATLAB,Software Skill,Role,3
865,Python,Software Skill,Role,4
865,R,Software Skill,Role,4
865,Writing,Essential Skill,Role,3
867,Active Learning,Essential Skill,Role,4
867,Adobe Acrobat,Software Skill,Role,4
867,Adobe After Effects,Software Skill,Role,4
867,Adobe InDesign,Software Skill,Role,4
867,Adobe Photoshop,Software Skill,Role,4
867,Autodesk AutoCAD,Software Skill,Role,5
867,Critical Thinking,Essential Skill,Role,4
867,Email,Software Skill,Transferable,5
867,MATLAB,Software Skill,Transferable,4
867,Microsoft Excel,Software Skill,Role,4
867,Microsoft PowerPoint,Software Skill,Role,4
867,Monitoring,Essential Skill,Role,4
867,Reading Comprehension,Essential Skill,Role,3
867,Speaking,Essential Skill,Role,5
868,Adobe Acrobat,Software Skill,Role,3
868,Mathematics,Essential Skill,Role,4
868,Microsoft Outlook,Software Skill,Role,3
868,Monitoring,Essential Skill,Role,3
868,Speaking,Essential Skill,Role,3
869,Adobe Photoshop,Software Skill,Role,4
869,Applicant Tracking System (ATS),Software Skill,Role,3
869,Critical Thinking,Essential Skill,Role,3
869,Microsoft Excel,Software Skill,Role,3
869,Microsoft Office,Software Skill,Role,4
869,Microsoft Outlook,Software Skill,Role,3
869,Microsoft Project,Software Skill,Transferable,3
869,Monitoring,Essential Skill,Role,3
869,Speaking,Essential Skill,Role,4
872,Active Learning,Essential Skill,Role,3
872,Active Listening,Essential Skill,Role,2
872,Adobe After Effects,Software Skill,Role,3
872,Apache Hadoop,Software Skill,Transferable,3
872,Cisco Webex,Software Skill,Transferable,4
872,Learning Strategies,Essential Skill,Role,3
872,Microsoft Outlook,Software Skill,Role,2
872,SAP,Software Skill,Role,2
874,Active Learning,Essential Skill,Role,3
874,Critical Thinking,Essential Skill,Role,3
874,Electronic Medical Record (EMR),Software Skill,Role,4
874,Google Analytics,Software Skill,Transferable,4
874,Google Docs,Software Skill,Role,3
874,Microsoft Office,Software Skill,Role,5
874,Microsoft Outlook,Software Skill,Role,4
874,Reading Comprehension,Essential Skill,Role,3
874,SAP,Software Skill,Role,5
875,Active Learning,Essential Skill,Role,3
875,IBM SPSS Statistics,Software Skill,Role,2
875,Learning Strategies,Essential Skill,Transferable,2
875,Mathematics,Essential Skill,Role,2
875,Microsoft Excel,Software Skill,Role,2
875,Microsoft Office,Software Skill,Role,2
875,R,Software Skill,Role,2
875,Reading Comprehension,Essential Skill,Role,3
875,Workday,Software Skill,Transferable,2
878,Active Learning,Essential Skill,Role,3
878,Critical Thinking,Essential Skill,Role,4
878,Microsoft Excel,Software Skill,Role,2
878,Microsoft PowerPoint,Software Skill,Role,3
878,Reading Comprehension,Essential Skill,Role,3
878,Workday,Software Skill,Role,3
879,Active Listening,Essential Skill,Role,2
879,Adobe Acrobat,Software Skill,Role,3
879,Adobe InDesign,Software Skill,Role,3
879,Google Analytics,Software Skill,Transferable,2
879,Microsoft Excel,Software Skill,Role,3
879,Monitoring,Essential Skill,Role,4
879,Reading Comprehension,Essential Skill,Role,3
879,SAS,Software Skill,Transferable,1
880,Critical Thinking,Essential Skill,Role,3
880,Learning Strategies,Essential Skill,Role,4
880,Microsoft Excel,Software Skill,Role,4
880,Microsoft Office,Software Skill,Role,4
880,Microsoft PowerPoint,Software Skill,Role,4
880,Microsoft Project,Software Skill,Transferable,4
880,Reading Comprehension,Essential Skill,Role,3
880,SAP,Software Skill,Role,4
880,Speaking,Essential Skill,Role,4
881,Adobe Photoshop,Software Skill,Role,4
881,Apache Hadoop,Software Skill,Transferable,3
881,ESRI ArcGIS,Software Skill,Role,4
881,Microsoft Excel,Software Skill,Role,3
881,R,Software Skill,Role,2
881,Reading Comprehension,Essential Skill,Role,3
881,Workday,Software Skill,Transferable,4
882,Atlassian Confluence,Software Skill,Transferable,3
882,Email,Software Skill,Role,3
882,Microsoft Excel,Software Skill,Role,3
882,Reading Comprehension,Essential Skill,Role,3
882,SAP,Software Skill,Role,3
882,Science,Essential Skill,Role,3
882,Speaking,Essential Skill,Role,3
885,Mathematics,Essential Skill,Role,3
885,Microsoft Excel,Software Skill,Role,3
885,Speaking,Essential Skill,Role,2
885,Writing,Essential Skill,Role,3
887,Active Learning,Essential Skill,Role,2
887,Adobe Photoshop,Software Skill,Role,2
887,Critical Thinking,Essential Skill,Role,3
887,ESRI ArcGIS,Software Skill,Role,3
887,Linux,Software Skill,Transferable,3
887,MEDITECH,Software Skill,Transferable,2
887,Microsoft Office,Software Skill,Role,4
887,Microsoft Project,Software Skill,Role,3
887,Python,Software Skill,Role,3
887,R,Software Skill,Role,2
887,Reading Comprehension,Essential Skill,Role,3
887,Speaking,Essential Skill,Role,3
888,Critical Thinking,Essential Skill,Role,3
888,Electronic Medical Record (EMR),Software Skill,Role,2
888,Google Workspace,Software Skill,Transferable,2
888,Microsoft Excel,Software Skill,Role,2
888,Monitoring,Essential Skill,Role,1
888,Reading Comprehension,Essential Skill,Role,3
889,Active Listening,Essential Skill,Role,2
889,Adobe Illustrator,Software Skill,Role,4
889,Critical Thinking,Essential Skill,Role,2
889,Microsoft Office,Software Skill,Role,3
889,Microsoft Project,Software Skill,Transferable,2
889,Reading Comprehension,Essential Skill,Role,3
893,Apple macOS,Software Skill,Role,2
893,Learning Strategies,Essential Skill,Transferable,3
893,Microsoft Excel,Software Skill,Role,2
893,Microsoft PowerPoint,Software Skill,Role,3
893,Monitoring,Essential Skill,Role,3
893,Reading Comprehension,Essential Skill,Role,4
894,Active Learning,Essential Skill,Role,3
894,Critical Thinking,Essential Skill,Role,3
894,Google Docs,Software Skill,Role,3
894,Microsoft Excel,Software Skill,Role,4
894,Microsoft Office,Software Skill,Role,3
894,Microsoft PowerPoint,Software Skill,Role,3
894,Microsoft Word,Software Skill,Role,3
894,Reading Comprehension,Essential Skill,Role,3
894,Writing,Essential Skill,Role,3
895,Adobe Photoshop,Software Skill,Role,3
895,ESRI ArcGIS,Software Skill,Role,3
895,MATLAB,Software Skill,Role,2
895,Reading Comprehension,Essential Skill,Role,3
895,Speaking,Essential Skill,Role,3
896,Active Learning,Essential Skill,Role,2
896,Adobe After Effects,Software Skill,Transferable,3
896,Apple macOS,Software Skill,Role,3
896,Critical Thinking,Essential Skill,Role,3
896,IBM SPSS Statistics,Software Skill,Role,4
896,Microsoft Excel,Software Skill,Role,3
896,SAS,Software Skill,Transferable,3
896,Salesforce,Software Skill,Role,4
896,Speaking,Essential Skill,Role,3
897,Active Learning,Essential Skill,Role,4
897,Active Listening,Essential Skill,Role,3
897,Adobe Acrobat,Software Skill,Role,4
897,Adobe After Effects,Software Skill,Transferable,3
897,Microsoft Office,Software Skill,Role,4
897,Microsoft PowerPoint,Software Skill,Role,4
897,Reading Comprehension,Essential Skill,Role,4
897,Salesforce,Software Skill,Role,4
899,Autodesk AutoCAD,Software Skill,Role,3
899,Learning Strategies,Essential Skill,Role,3
899,Microsoft Excel,Software Skill,Role,4
899,Microsoft Office,Software Skill,Role,4
899,Microsoft Outlook,Software Skill,Role,5
899,Microsoft PowerPoint,Software Skill,Role,4
899,Monitoring,Essential Skill,Role,4
899,Writing,Essential Skill,Role,4
900,Atlassian Confluence,Software Skill,Transferable,3
900,HubSpot,Software Skill,Role,3
900,Mathematics,Essential Skill,Role,2
900,Microsoft Excel,Software Skill,Role,3
900,Microsoft Outlook,Software Skill,Role,3
900,Microsoft Project,Software Skill,Role,3
901,Active Learning,Essential Skill,Role,4
901,Active Listening,Essential Skill,Role,3
901,Adobe Acrobat,Software Skill,Role,5
901,IBM SPSS Statistics,Software Skill,Role,5
901,MEDITECH,Software Skill,Transferable,4
901,Microsoft Access,Software Skill,Role,4
901,Microsoft Excel,Software Skill,Role,4
901,Microsoft Office,Software Skill,Role,3
901,Microsoft PowerPoint,Software Skill,Role,4
901,Microsoft Visio,Software Skill,Role,5
901,Speaking,Essential Skill,Role,4
901,Writing,Essential Skill,Role,5
902,Google Docs,Software Skill,Transferable,3
902,Mathematics,Essential Skill,Role,3
902,Microsoft Office,Software Skill,Role,3
902,Microsoft Outlook,Software Skill,Role,3
902,Monitoring,Essential Skill,Role,3
902,Python,Software Skill,Transferable,3
902,Reading Comprehension,Essential Skill,Role,3
902,Salesforce,Software Skill,Role,2
902,Speaking,Essential Skill,Role,3
903,Adobe After Effects,Software Skill,Transferable,3
903,Adobe Creative Cloud,Software Skill,Role,3
903,Adobe InDesign,Software Skill,Role,3
903,Mathematics,Essential Skill,Role,3
903,Microsoft Office,Software Skill,Role,2
903,Microsoft Outlook,Software Skill,Role,2
903,Monitoring,Essential Skill,Role,3
903,Salesforce,Software Skill,Role,4
903,Speaking,Essential Skill,Role,3
904,Active Learning,Essential Skill,Role,4
904,Adobe Creative Cloud,Software Skill,Role,3
904,Critical Thinking,Essential Skill,Role,3
904,Email,Software Skill,Transferable,4
904,MEDITECH,Software Skill,Transferable,4
904,Mathematics,Essential Skill,Role,3
904,Microsoft Office,Software Skill,Role,3
904,Microsoft PowerPoint,Software Skill,Role,3
904,Reading Comprehension,Essential Skill,Role,4
904,Speaking,Essential Skill,Role,2
905,Adobe Photoshop,Software Skill,Role,5
905,Atlassian Confluence,Software Skill,Role,4
905,Atlassian JIRA,Software Skill,Role,4
905,Google Analytics,Software Skill,Role,5
905,Microsoft Azure,Software Skill,Transferable,5
905,Microsoft Office,Software Skill,Role,4
905,Python,Software Skill,Transferable,4
905,Reading Comprehension,Essential Skill,Role,4
909,Active Learning,Essential Skill,Role,2
909,Active Listening,Essential Skill,Role,4
909,Adobe Acrobat,Software Skill,Role,3
909,Adobe Photoshop,Software Skill,Role,4
909,Cisco Webex,Software Skill,Role,3
909,Critical Thinking,Essential Skill,Role,3
909,Google Workspace,Software Skill,Transferable,3
909,Microsoft Excel,Software Skill,Role,3
909,Microsoft Office,Software Skill,Role,4
909,Monitoring,Essential Skill,Role,4
909,Oracle HRIS,Software Skill,Role,3
909,SAP,Software Skill,Transferable,3
909,Workday,Software Skill,Role,3
909,Writing,Essential Skill,Role,3
910,Active Listening,Essential Skill,Role,2
910,Adobe Photoshop,Software Skill,Role,3
910,MEDITECH,Software Skill,Transferable,3
910,Microsoft Office,Software Skill,Role,3
910,Reading Comprehension,Essential Skill,Role,2
910,Salesforce,Software Skill,Transferable,3
910,Workday,Software Skill,Role,2
910,Writing,Essential Skill,Role,2
911,Critical Thinking,Essential Skill,Role,3
911,Electronic Medical Record (EMR),Software Skill,Role,4
911,Microsoft Excel,Software Skill,Role,2
911,Microsoft Project,Software Skill,Transferable,3
911,Reading Comprehension,Essential Skill,Role,2
911,Speaking,Essential Skill,Role,3
912,Active Listening,Essential Skill,Role,3
912,Adobe After Effects,Software Skill,Transferable,3
912,Critical Thinking,Essential Skill,Role,4
912,Microsoft Access,Software Skill,Transferable,2
912,Microsoft Excel,Software Skill,Role,2
912,Microsoft PowerPoint,Software Skill,Role,3
912,Reading Comprehension,Essential Skill,Role,3
912,SAP,Software Skill,Role,3
913,Active Learning,Essential Skill,Role,3
913,Active Listening,Essential Skill,Role,3
913,Amazon Web Services (AWS),Software Skill,Transferable,3
913,ESRI ArcGIS,Software Skill,Role,3
913,Microsoft SharePoint,Software Skill,Transferable,1
913,Python,Software Skill,Role,2
913,R,Software Skill,Role,2
913,Reading Comprehension,Essential Skill,Role,3
913,SAS,Software Skill,Role,2
913,Speaking,Essential Skill,Role,1
916,Active Listening,Essential Skill,Role,3
916,Adobe Illustrator,Software Skill,Role,2
916,Adobe InDesign,Software Skill,Role,4
916,Amazon Web Services (AWS),Software Skill,Transferable,3
916,Mathematics,Essential Skill,Role,2
916,Microsoft Excel,Software Skill,Role,2
916,Microsoft Office,Software Skill,Role,3
916,Microsoft Outlook,Software Skill,Role,4
916,Microsoft PowerPoint,Software Skill,Role,3
918,Atlassian Confluence,Software Skill,Transferable,2
918,Microsoft Excel,Software Skill,Role,3
918,Microsoft Outlook,Software Skill,Role,2
918,Reading Comprehension,Essential Skill,Role,3
918,SAP,Software Skill,Role,2
918,Science,Essential Skill,Role,2
920,Adobe Acrobat,Software Skill,Role,3
920,Adobe After Effects,Software Skill,Role,3
920,Adobe InDesign,Software Skill,Role,3
920,Critical Thinking,Essential Skill,Role,4
920,Microsoft Outlook,Software Skill,Role,4
920,Monitoring,Essential Skill,Role,4
920,Reading Comprehension,Essential Skill,Role,3
920,Speaking,Essential Skill,Role,5
922,Active Learning,Essential Skill,Role,3
922,Active Listening,Essential Skill,Role,2
922,Adobe After Effects,Software Skill,Transferable,2
922,MEDITECH,Software Skill,Transferable,2
922,Salesforce,Software Skill,Role,4
922,Speaking,Essential Skill,Role,2
923,Adobe Photoshop,Software Skill,Role,2
923,R,Software Skill,Role,2
923,Speaking,Essential Skill,Role,3
923,Writing,Essential Skill,Role,2
924,Mathematics,Essential Skill,Role,2
924,Microsoft Office,Software Skill,Role,3
924,Microsoft Outlook,Software Skill,Role,4
924,Reading Comprehension,Essential Skill,Role,4
924,Writing,Essential Skill,Role,2
925,Apple macOS,Software Skill,Role,4
925,HubSpot,Software Skill,Role,3
925,IBM SPSS Statistics,Software Skill,Role,2
925,Microsoft Access,Software Skill,Transferable,3
925,Microsoft Excel,Software Skill,Role,3
925,Microsoft Office,Software Skill,Role,4
925,Reading Comprehension,Essential Skill,Role,3
925,SAS,Software Skill,Transferable,3
926,Active Learning,Essential Skill,Role,2
926,Adobe Acrobat,Software Skill,Role,3
926,Autodesk AutoCAD,Software Skill,Role,3
926,Learning Strategies,Essential Skill,Role,3
926,Microsoft Outlook,Software Skill,Role,3
926,Reading Comprehension,Essential Skill,Role,3
926,Speaking,Essential Skill,Role,2
927,Critical Thinking,Essential Skill,Role,3
927,Email,Software Skill,Role,4
927,Microsoft Outlook,Software Skill,Role,4
927,Microsoft Word,Software Skill,Role,4
927,Science,Essential Skill,Role,4
927,Writing,Essential Skill,Role,3
930,IBM SPSS Statistics,Software Skill,Role,2
930,MATLAB,Software Skill,Role,2
930,Mathematics,Essential Skill,Role,3
930,Microsoft Office,Software Skill,Role,3
932,Autodesk AutoCAD,Software Skill,Transferable,3
932,Critical Thinking,Essential Skill,Role,3
932,Email,Software Skill,Role,3
932,MEDITECH,Software Skill,Role,2
932,Microsoft Excel,Software Skill,Role,3
932,Microsoft Office,Software Skill,Role,2
932,Microsoft Outlook,Software Skill,Role,3
932,Microsoft PowerPoint,Software Skill,Role,3
932,Monitoring,Essential Skill,Role,3
932,Reading Comprehension,Essential Skill,Role,2
932,SAP,Software Skill,Role,2
932,Science,Essential Skill,Role,3
932,Speaking,Essential Skill,Role,3
933,Active Learning,Essential Skill,Role,1
933,Active Listening,Essential Skill,Role,3
933,Adobe After Effects,Software Skill,Transferable,2
933,ESRI ArcGIS,Software Skill,Role,3
933,Microsoft Office,Software Skill,Role,2
933,Oracle HRIS,Software Skill,Transferable,3
933,SAS,Software Skill,Role,2
933,Science,Essential Skill,Role,3
934,Critical Thinking,Essential Skill,Role,3
934,MEDITECH,Software Skill,Role,3
934,Reading Comprehension,Essential Skill,Role,2
934,SAP,Software Skill,Role,3
936,Adobe Illustrator,Software Skill,Role,3
936,Adobe InDesign,Software Skill,Role,4
936,Critical Thinking,Essential Skill,Role,3
936,Mathematics,Essential Skill,Role,4
936,Microsoft Outlook,Software Skill,Role,3
936,Microsoft PowerPoint,Software Skill,Role,3
939,Active Learning,Essential Skill,Role,3
939,Adobe Photoshop,Software Skill,Role,3
939,IBM SPSS Statistics,Software Skill,Role,3
939,MATLAB,Software Skill,Role,3
939,Microsoft Excel,Software Skill,Role,3
939,Speaking,Essential Skill,Role,3
939,Writing,Essential Skill,Role,4
940,Active Learning,Essential Skill,Role,5
940,Active Listening,Essential Skill,Role,4
940,Adobe Photoshop,Software Skill,Transferable,5
940,Linux,Software Skill,Role,4
940,Mathematics,Essential Skill,Role,4
940,Microsoft Azure,Software Skill,Role,4
940,Salesforce,Software Skill,Role,4
940,Writing,Essential Skill,Role,3
941,Active Learning,Essential Skill,Role,4
941,Active Listening,Essential Skill,Role,3
941,Critical Thinking,Essential Skill,Role,3
941,Google Workspace,Software Skill,Transferable,3
941,HubSpot,Software Skill,Role,4
941,IBM SPSS Statistics,Software Skill,Role,3
941,Microsoft Excel,Software Skill,Role,4
941,Microsoft Office,Software Skill,Role,5
941,Microsoft Project,Software Skill,Role,3
941,Monitoring,Essential Skill,Role,3
941,Salesforce,Software Skill,Role,3
942,Active Learning,Essential Skill,Role,3
942,Adobe Acrobat,Software Skill,Transferable,3
942,Critical Thinking,Essential Skill,Role,3
942,Microsoft Access,Software Skill,Role,3
942,Microsoft Excel,Software Skill,Role,2
942,Microsoft Outlook,Software Skill,Role,2
942,Microsoft SharePoint,Software Skill,Transferable,3
942,Reading Comprehension,Essential Skill,Role,3
942,Salesforce,Software Skill,Role,3
942,Speaking,Essential Skill,Role,2
944,Atlassian JIRA,Software Skill,Transferable,3
944,Email,Software Skill,Role,3
944,MATLAB,Software Skill,Transferable,4
944,Microsoft Office,Software Skill,Role,3
944,Microsoft PowerPoint,Software Skill,Role,3
944,SAP,Software Skill,Role,3
944,Science,Essential Skill,Role,4
945,Active Learning,Essential Skill,Role,3
945,Active Listening,Essential Skill,Role,4
945,Adobe Photoshop,Software Skill,Role,2
945,Applicant Tracking System (ATS),Software Skill,Transferable,4
945,ESRI ArcGIS,Software Skill,Role,3
945,Mathematics,Essential Skill,Role,5
945,Microsoft Office,Software Skill,Role,4
945,Python,Software Skill,Role,3
945,Speaking,Essential Skill,Role,2
947,Adobe Illustrator,Software Skill,Role,3
947,Mathematics,Essential Skill,Role,3
947,Microsoft Excel,Software Skill,Role,2
947,Microsoft Office,Software Skill,Role,3
947,Microsoft PowerPoint,Software Skill,Role,2
947,Monitoring,Essential Skill,Role,2
947,Salesforce,Software Skill,Role,3
947,Speaking,Essential Skill,Role,2
949,Apache Hadoop,Software Skill,Transferable,2
949,IBM SPSS Statistics,Software Skill,Role,4
949,MATLAB,Software Skill,Role,2
949,Microsoft Project,Software Skill,Role,3
949,R,Software Skill,Role,3
949,SAS,Software Skill,Role,3
949,Speaking,Essential Skill,Role,4
949,Writing,Essential Skill,Role,3
950,Active Listening,Essential Skill,Role,2
950,Adobe Acrobat,Software Skill,Role,4
950,Critical Thinking,Essential Skill,Role,2
950,IBM SPSS Statistics,Software Skill,Role,4
950,Microsoft Access,Software Skill,Role,4
950,Microsoft Excel,Software Skill,Role,3
950,Microsoft Office,Software Skill,Role,4
951,Adobe Creative Cloud,Software Skill,Transferable,3
951,Google Docs,Software Skill,Role,2
951,Microsoft Excel,Software Skill,Role,3
951,Microsoft PowerPoint,Software Skill,Role,2
951,Microsoft Word,Software Skill,Role,2
951,Reading Comprehension,Essential Skill,Role,2
952,Active Learning,Essential Skill,Role,1
952,Adobe Illustrator,Software Skill,Transferable,3
952,Apple macOS,Software Skill,Role,3
952,Atlassian Confluence,Software Skill,Transferable,2
952,HubSpot,Software Skill,Role,2
952,IBM SPSS Statistics,Software Skill,Role,2
952,Microsoft Office,Software Skill,Role,2
952,Microsoft Outlook,Software Skill,Role,2
952,Microsoft Project,Software Skill,Role,3
952,Reading Comprehension,Essential Skill,Role,2
952,Salesforce,Software Skill,Role,3
954,Active Learning,Essential Skill,Role,5
954,Adobe Creative Cloud,Software Skill,Role,3
954,Adobe Photoshop,Software Skill,Role,4
954,Microsoft Office,Software Skill,Role,4
954,R,Software Skill,Transferable,3
954,Salesforce,Software Skill,Role,3
956,Critical Thinking,Essential Skill,Role,3
956,Mathematics,Essential Skill,Role,3
956,Microsoft Azure,Software Skill,Transferable,3
956,Monitoring,Essential Skill,Role,3
956,Salesforce,Software Skill,Role,3
956,Speaking,Essential Skill,Role,2
957,Active Listening,Essential Skill,Role,3
957,Google Docs,Software Skill,Role,2
957,Microsoft Excel,Software Skill,Role,4
957,Microsoft Outlook,Software Skill,Role,3
957,Reading Comprehension,Essential Skill,Role,3
957,Science,Essential Skill,Role,3
957,Writing,Essential Skill,Role,3
958,Active Learning,Essential Skill,Role,3
958,Critical Thinking,Essential Skill,Role,5
958,Google Docs,Software Skill,Role,4
958,MATLAB,Software Skill,Transferable,2
958,Microsoft Excel,Software Skill,Role,3
958,Microsoft Office,Software Skill,Role,4
958,Microsoft PowerPoint,Software Skill,Role,3
958,Reading Comprehension,Essential Skill,Role,3
958,Science,Essential Skill,Role,4
958,Speaking,Essential Skill,Role,4
959,HubSpot,Software Skill,Role,3
959,Mathematics,Essential Skill,Role,3
959,Microsoft Excel,Software Skill,Role,3
959,Microsoft Office,Software Skill,Role,3
959,Microsoft PowerPoint,Software Skill,Role,3
959,Microsoft Project,Software Skill,Role,2
959,Writing,Essential Skill,Role,3
960,Active Learning,Essential Skill,Role,3
960,Microsoft Outlook,Software Skill,Role,3
960,Reading Comprehension,Essential Skill,Role,2
960,Writing,Essential Skill,Role,3
961,Active Learning,Essential Skill,Role,3
961,Apache Hadoop,Software Skill,Role,3
961,Applicant Tracking System (ATS),Software Skill,Transferable,4
961,Google Workspace,Software Skill,Role,3
961,Microsoft Outlook,Software Skill,Role,3
961,Oracle HRIS,Software Skill,Transferable,4
964,Adobe Acrobat,Software Skill,Transferable,4
964,Microsoft Azure,Software Skill,Transferable,3
964,Microsoft Excel,Software Skill,Role,2
964,R,Software Skill,Role,4
964,Writing,Essential Skill,Role,4
966,Active Listening,Essential Skill,Role,4
966,Critical Thinking,Essential Skill,Role,2
966,Microsoft Excel,Software Skill,Role,4
966,Microsoft PowerPoint,Software Skill,Role,3
966,Monitoring,Essential Skill,Role,4
967,Active Learning,Essential Skill,Role,3
967,Adobe Photoshop,Software Skill,Role,2
967,Critical Thinking,Essential Skill,Role,3
967,Microsoft Office,Software Skill,Role,2
967,Microsoft Outlook,Software Skill,Role,4
967,Microsoft Visio,Software Skill,Transferable,3
969,Active Listening,Essential Skill,Role,2
969,Critical Thinking,Essential Skill,Role,3
969,Mathematics,Essential Skill,Role,3
969,Microsoft Excel,Software Skill,Role,3
969,Microsoft Outlook,Software Skill,Role,4
969,Monitoring,Essential Skill,Role,3
969,Reading Comprehension,Essential Skill,Role,4
969,Salesforce,Software Skill,Role,4
969,Speaking,Essential Skill,Role,3
970,Active Learning,Essential Skill,Role,5
970,Active Listening,Essential Skill,Role,4
970,Adobe Acrobat,Software Skill,Role,4
970,Adobe Creative Cloud,Software Skill,Role,4
970,Adobe Illustrator,Software Skill,Role,5
970,Adobe InDesign,Software Skill,Role,4
970,Adobe Photoshop,Software Skill,Role,4
970,Microsoft Office,Software Skill,Role,4
970,Microsoft Outlook,Software Skill,Role,4
970,Microsoft PowerPoint,Software Skill,Role,4
970,Python,Software Skill,Transferable,5
970,Salesforce,Software Skill,Role,4
970,Speaking,Essential Skill,Role,3
970,Writing,Essential Skill,Role,3
972,Active Learning,Essential Skill,Role,3
972,Active Listening,Essential Skill,Role,4
972,Critical Thinking,Essential Skill,Role,4
972,Electronic Medical Record (EMR),Software Skill,Role,3
972,Email,Software Skill,Role,3
972,MEDITECH,Software Skill,Role,3
972,Microsoft Outlook,Software Skill,Role,3
972,Science,Essential Skill,Role,3
974,Critical Thinking,Essential Skill,Role,3
974,Mathematics,Essential Skill,Role,3
974,Microsoft Outlook,Software Skill,Role,4
974,Monitoring,Essential Skill,Role,2
974,Salesforce,Software Skill,Role,2
975,Microsoft Office,Software Skill,Role,3
975,Salesforce,Software Skill,Role,4
975,Speaking,Essential Skill,Role,3
976,Active Learning,Essential Skill,Role,4
976,Adobe Acrobat,Software Skill,Role,4
976,Adobe Photoshop,Software Skill,Role,5
976,Atlassian JIRA,Software Skill,Role,4
976,Autodesk AutoCAD,Software Skill,Role,3
976,Critical Thinking,Essential Skill,Role,4
976,Microsoft Excel,Software Skill,Role,4
976,Microsoft Office,Software Skill,Role,3
976,Monitoring,Essential Skill,Role,3
976,R,Software Skill,Transferable,4
976,Reading Comprehension,Essential Skill,Role,4
976,Salesforce,Software Skill,Transferable,4
977,Active Listening,Essential Skill,Role,4
977,Amazon Web Services (AWS),Software Skill,Transferable,3
977,MEDITECH,Software Skill,Transferable,3
977,Microsoft Excel,Software Skill,Role,1
977,Microsoft Office,Software Skill,Role,3
977,Microsoft Project,Software Skill,Role,3
981,Active Listening,Essential Skill,Role,5
981,Apple macOS,Software Skill,Role,3
981,Atlassian Confluence,Software Skill,Role,4
981,Critical Thinking,Essential Skill,Role,5
981,Learning Strategies,Essential Skill,Role,5
981,Microsoft Excel,Software Skill,Role,4
981,Microsoft Office,Software Skill,Role,4
981,Microsoft PowerPoint,Software Skill,Role,3
981,Reading Comprehension,Essential Skill,Role,3
981,Speaking,Essential Skill,Role,3
982,Active Learning,Essential Skill,Role,3
982,Adobe Acrobat,Software Skill,Role,4
982,Microsoft Office,Software Skill,Role,4
982,Microsoft Outlook,Software Skill,Role,3
982,Monitoring,Essential Skill,Role,3
982,Reading Comprehension,Essential Skill,Role,3
982,Speaking,Essential Skill,Role,3
983,Active Listening,Essential Skill,Role,3
983,Adobe Photoshop,Software Skill,Role,3
983,Google Workspace,Software Skill,Transferable,3
983,Microsoft Office,Software Skill,Role,3
983,Microsoft Visio,Software Skill,Transferable,2
983,Salesforce,Software Skill,Role,3
984,Active Listening,Essential Skill,Role,4
984,Adobe Creative Cloud,Software Skill,Role,3
984,Adobe InDesign,Software Skill,Role,3
984,Apple macOS,Software Skill,Transferable,3
984,Atlassian JIRA,Software Skill,Transferable,4
984,Critical Thinking,Essential Skill,Role,4
984,Microsoft Excel,Software Skill,Role,4
984,Microsoft Outlook,Software Skill,Role,3
985,Active Learning,Essential Skill,Role,4
985,Adobe Acrobat,Software Skill,Role,4
985,Adobe Photoshop,Software Skill,Role,4
985,Critical Thinking,Essential Skill,Role,5
985,Mathematics,Essential Skill,Role,4
985,Microsoft Office,Software Skill,Role,5
985,Microsoft Outlook,Software Skill,Role,5
985,Microsoft PowerPoint,Software Skill,Role,3
985,Salesforce,Software Skill,Role,4
985,Speaking,Essential Skill,Role,4
985,Writing,Essential Skill,Role,2
986,Active Learning,Essential Skill,Role,4
986,Active Listening,Essential Skill,Role,4
986,Adobe Acrobat,Software Skill,Role,5
986,Adobe Photoshop,Software Skill,Role,4
986,Cisco Webex,Software Skill,Transferable,4
986,Critical Thinking,Essential Skill,Role,4
986,Microsoft Excel,Software Skill,Role,4
986,Microsoft Office,Software Skill,Role,5
986,Microsoft Outlook,Software Skill,Role,3
986,Microsoft PowerPoint,Software Skill,Role,3
986,Microsoft SharePoint,Software Skill,Transferable,5
986,Monitoring,Essential Skill,Role,4
986,Reading Comprehension,Essential Skill,Role,5
986,Speaking,Essential Skill,Role,5
986,Writing,Essential Skill,Role,5
987,Active Learning,Essential Skill,Role,4
987,Active Listening,Essential Skill,Role,2
987,Critical Thinking,Essential Skill,Role,4
987,Learning Strategies,Essential Skill,Role,3
987,Microsoft Excel,Software Skill,Role,4
987,Microsoft Word,Software Skill,Transferable,3
987,SAP,Software Skill,Role,5
987,Speaking,Essential Skill,Role,5
990,Active Listening,Essential Skill,Role,4
990,Adobe Acrobat,Software Skill,Role,4
990,Adobe InDesign,Software Skill,Role,3
990,Microsoft Excel,Software Skill,Role,4
990,Microsoft Office,Software Skill,Role,5
990,Microsoft Outlook,Software Skill,Role,4
990,Microsoft PowerPoint,Software Skill,Role,3
990,Reading Comprehension,Essential Skill,Role,4
990,Salesforce,Software Skill,Role,4
990,Writing,Essential Skill,Role,3
991,Active Listening,Essential Skill,Role,2
991,Adobe Illustrator,Software Skill,Transferable,3
991,Critical Thinking,Essential Skill,Role,2
991,Google Docs,Software Skill,Transferable,3
991,Microsoft Office,Software Skill,Role,2
991,Python,Software Skill,Role,2
991,R,Software Skill,Role,2
991,Reading Comprehension,Essential Skill,Role,3
991,Speaking,Essential Skill,Role,3
991,Writing,Essential Skill,Role,2
992,Active Learning,Essential Skill,Role,3
992,Active Listening,Essential Skill,Role,4
992,Adobe Acrobat,Software Skill,Role,3
992,Apple macOS,Software Skill,Role,2
992,Atlassian JIRA,Software Skill,Role,4
992,Learning Strategies,Essential Skill,Role,4
992,Reading Comprehension,Essential Skill,Role,4
992,Speaking,Essential Skill,Role,3
992,Writing,Essential Skill,Role,5
994,Atlassian Confluence,Software Skill,Transferable,1
994,IBM SPSS Statistics,Software Skill,Role,3
994,Linux,Software Skill,Transferable,3
994,MATLAB,Software Skill,Role,4
994,Mathematics,Essential Skill,Role,3
994,Python,Software Skill,Role,3
994,Reading Comprehension,Essential Skill,Role,3
994,Science,Essential Skill,Role,3
994,Speaking,Essential Skill,Role,3
994,Writing,Essential Skill,Role,3
995,Critical Thinking,Essential Skill,Role,2
995,Google Docs,Software Skill,Transferable,3
995,IBM SPSS Statistics,Software Skill,Role,3
995,MATLAB,Software Skill,Role,3
995,Microsoft Project,Software Skill,Role,2
995,SAS,Software Skill,Role,2
996,Active Learning,Essential Skill,Role,5
996,Active Listening,Essential Skill,Role,4
996,Email,Software Skill,Role,4
996,Microsoft Excel,Software Skill,Role,3
996,Microsoft Office,Software Skill,Role,4
996,Reading Comprehension,Essential Skill,Role,2
996,SAP,Software Skill,Role,3
996,Speaking,Essential Skill,Role,4
996,Writing,Essential Skill,Role,3
997,Active Learning,Essential Skill,Role,4
997,Adobe Acrobat,Software Skill,Role,4
997,Critical Thinking,Essential Skill,Role,3
997,ESRI ArcGIS,Software Skill,Role,3
997,Microsoft Access,Software Skill,Role,4
997,Microsoft PowerPoint,Software Skill,Role,5
997,Microsoft Project,Software Skill,Role,5
997,Reading Comprehension,Essential Skill,Role,4
997,Science,Essential Skill,Role,5
998,Active Learning,Essential Skill,Role,3
998,Microsoft Access,Software Skill,Role,3
998,Microsoft Azure,Software Skill,Role,3
998,Microsoft Office,Software Skill,Role,3
998,Microsoft Outlook,Software Skill,Role,3
998,Science,Essential Skill,Transferable,4
998,Speaking,Essential Skill,Role,3
999,Active Learning,Essential Skill,Role,4
999,Adobe Acrobat,Software Skill,Role,4
999,Microsoft Office,Software Skill,Role,5
999,Microsoft Outlook,Software Skill,Transferable,4
999,Microsoft PowerPoint,Software Skill,Role,5
999,Microsoft Project,Software Skill,Role,4
999,Microsoft SharePoint,Software Skill,Role,4
999,Microsoft Word,Software Skill,Transferable,5
999,Monitoring,Essential Skill,Role,4
999,Reading Comprehension,Essential Skill,Role,3
999,Writing,Essential Skill,Role,4
1001,Active Listening,Essential Skill,Role,4
1001,Amazon Web Services (AWS),Software Skill,Transferable,4
1001,Critical Thinking,Essential Skill,Role,2
1001,Electronic Medical Record (EMR),Software Skill,Role,2
1001,MEDITECH,Software Skill,Role,3
1001,Microsoft Outlook,Software Skill,Role,3
1001,Microsoft PowerPoint,Software Skill,Role,3
1001,Microsoft Word,Software Skill,Role,2
1001,SAP,Software Skill,Role,4
1002,Active Learning,Essential Skill,Role,2
1002,Apache Hadoop,Software Skill,Transferable,2
1002,Applicant Tracking System (ATS),Software Skill,Transferable,4
1002,Microsoft Office,Software Skill,Role,3
1002,Science,Essential Skill,Role,3
1002,Writing,Essential Skill,Role,3
1003,Adobe InDesign,Software Skill,Role,2
1003,Adobe Photoshop,Software Skill,Role,2
1003,Microsoft Excel,Software Skill,Role,3
1003,Reading Comprehension,Essential Skill,Role,3
1003,Writing,Essential Skill,Role,2
1004,Active Learning,Essential Skill,Role,2
1004,Adobe Photoshop,Software Skill,Role,3
1004,Microsoft Excel,Software Skill,Role,3
1004,R,Software Skill,Role,3
1004,Speaking,Essential Skill,Role,2
1005,Active Learning,Essential Skill,Role,4
1005,Active Listening,Essential Skill,Role,4
1005,Adobe Acrobat,Software Skill,Role,5
1005,Critical Thinking,Essential Skill,Role,2
1005,IBM SPSS Statistics,Software Skill,Transferable,5
1005,Microsoft PowerPoint,Software Skill,Role,4
1005,Reading Comprehension,Essential Skill,Role,5
1005,Speaking,Essential Skill,Role,3
1006,Active Learning,Essential Skill,Role,3
1006,Python,Software Skill,Role,3
1006,Science,Essential Skill,Role,2
1006,Writing,Essential Skill,Role,1
1007,Adobe Acrobat,Software Skill,Role,3
1007,Adobe After Effects,Software Skill,Role,4
1007,Learning Strategies,Essential Skill,Role,2
1007,Mathematics,Essential Skill,Transferable,2
1007,Microsoft Excel,Software Skill,Role,4
1007,Microsoft Outlook,Software Skill,Role,4
1007,R,Software Skill,Transferable,2
1007,SAP,Software Skill,Role,4
1007,Speaking,Essential Skill,Role,3
1009,Adobe Acrobat,Software Skill,Role,4
1009,Adobe After Effects,Software Skill,Role,3
1009,Learning Strategies,Essential Skill,Role,3
1009,Microsoft Excel,Software Skill,Role,3
1009,Microsoft Office,Software Skill,Role,2
1009,Microsoft PowerPoint,Software Skill,Role,2
1009,Salesforce,Software Skill,Transferable,3
1010,Active Learning,Essential Skill,Role,4
1010,Amazon Web Services (AWS),Software Skill,Transferable,2
1010,Email,Software Skill,Role,4
1010,MEDITECH,Software Skill,Role,4
1010,Microsoft Outlook,Software Skill,Role,3
1010,Science,Essential Skill,Role,3
1011,Active Learning,Essential Skill,Role,3
1011,Active Listening,Essential Skill,Role,4
1011,Adobe Acrobat,Software Skill,Role,3
1011,Adobe Photoshop,Software Skill,Role,4
1011,Cisco Webex,Software Skill,Transferable,3
1011,Critical Thinking,Essential Skill,Role,2
1011,Microsoft Office,Software Skill,Role,2
1011,Microsoft Outlook,Software Skill,Role,3
1011,Reading Comprehension,Essential Skill,Role,1
1011,SAP,Software Skill,Role,3
1012,Active Listening,Essential Skill,Role,2
1012,Adobe After Effects,Software Skill,Transferable,2
1012,Reading Comprehension,Essential Skill,Role,3
1012,SAP,Software Skill,Transferable,2
1012,Science,Essential Skill,Role,2
1013,Active Learning,Essential Skill,Role,4
1013,Adobe Acrobat,Software Skill,Role,4
1013,Adobe After Effects,Software Skill,Role,4
1013,Adobe Photoshop,Software Skill,Role,5
1013,Critical Thinking,Essential Skill,Role,5
1013,Microsoft Excel,Software Skill,Role,3
1013,Microsoft Outlook,Software Skill,Role,4
1013,Microsoft PowerPoint,Software Skill,Role,3
1013,Speaking,Essential Skill,Role,3
1014,Active Listening,Essential Skill,Role,4
1014,Adobe InDesign,Software Skill,Transferable,4
1014,Amazon Web Services (AWS),Software Skill,Role,3
1014,Microsoft Access,Software Skill,Role,5
1014,Microsoft Visio,Software Skill,Transferable,5
1014,Speaking,Essential Skill,Role,4
1014,Writing,Essential Skill,Role,5
1015,Active Learning,Essential Skill,Role,5
1015,Adobe Acrobat,Software Skill,Role,2
1015,Adobe After Effects,Software Skill,Transferable,3
1015,Critical Thinking,Essential Skill,Role,3
1015,Learning Strategies,Essential Skill,Transferable,4
1015,Microsoft Excel,Software Skill,Role,4
1015,Microsoft SharePoint,Software Skill,Role,3
1015,Microsoft Visio,Software Skill,Role,3
1015,Monitoring,Essential Skill,Role,4
1015,Reading Comprehension,Essential Skill,Role,3
1015,Speaking,Essential Skill,Role,3
1016,Active Learning,Essential Skill,Role,3
1016,Adobe Photoshop,Software Skill,Role,2
1016,Critical Thinking,Essential Skill,Role,3
1016,ESRI ArcGIS,Software Skill,Role,3
1016,Microsoft Excel,Software Skill,Role,3
1016,R,Software Skill,Role,3
1016,Reading Comprehension,Essential Skill,Role,3
1016,Speaking,Essential Skill,Role,3
1017,Active Learning,Essential Skill,Role,3
1017,Active Listening,Essential Skill,Role,3
1017,Google Docs,Software Skill,Role,3
1017,Microsoft Visio,Software Skill,Transferable,3
1017,Microsoft Word,Software Skill,Role,2
1017,Monitoring,Essential Skill,Role,3
1017,Reading Comprehension,Essential Skill,Role,3
1017,Writing,Essential Skill,Role,4
1018,Adobe Acrobat,Software Skill,Role,3
1018,Autodesk AutoCAD,Software Skill,Role,2
1018,Learning Strategies,Essential Skill,Role,4
1018,Microsoft SharePoint,Software Skill,Transferable,4
1018,Reading Comprehension,Essential Skill,Role,3
1018,SAP,Software Skill,Role,3
1018,SAS,Software Skill,Transferable,4
1018,Speaking,Essential Skill,Role,4
1018,Writing,Essential Skill,Role,4
1019,Active Learning,Essential Skill,Role,3
1019,Active Listening,Essential Skill,Role,2
1019,Atlassian Confluence,Software Skill,Transferable,2
1019,Critical Thinking,Essential Skill,Role,3
1019,Google Docs,Software Skill,Role,2
1019,MEDITECH,Software Skill,Role,3
1019,Microsoft Excel,Software Skill,Role,3
1019,Microsoft Office,Software Skill,Role,2
1019,Microsoft Outlook,Software Skill,Role,2
1019,Microsoft Project,Software Skill,Transferable,2
1019,Microsoft Word,Software Skill,Role,3
1019,SAP,Software Skill,Role,3
1022,Active Listening,Essential Skill,Role,4
1022,Adobe Illustrator,Software Skill,Transferable,3
1022,Amazon Web Services (AWS),Software Skill,Role,3
1022,Google Workspace,Software Skill,Role,4
1022,Mathematics,Essential Skill,Role,3
1022,Microsoft Access,Software Skill,Role,3
1022,Reading Comprehension,Essential Skill,Role,4
1022,Speaking,Essential Skill,Role,2
1024,Active Learning,Essential Skill,Role,4
1024,Active Listening,Essential Skill,Role,4
1024,Adobe Illustrator,Software Skill,Transferable,4
1024,Google Workspace,Software Skill,Role,3
1024,Microsoft Outlook,Software Skill,Role,4
1024,Speaking,Essential Skill,Role,4
1024,Writing,Essential Skill,Role,4
1025,Active Listening,Essential Skill,Role,3
1025,Adobe Acrobat,Software Skill,Role,4
1025,Autodesk AutoCAD,Software Skill,Role,4
1025,Critical Thinking,Essential Skill,Role,3
1025,MEDITECH,Software Skill,Transferable,4
1025,Microsoft Office,Software Skill,Role,2
1025,Microsoft PowerPoint,Software Skill,Role,2
1025,Microsoft Word,Software Skill,Transferable,3
1025,Monitoring,Essential Skill,Role,3
1025,Reading Comprehension,Essential Skill,Role,2
1025,SAP,Software Skill,Role,3
1025,Writing,Essential Skill,Role,4
1026,Active Learning,Essential Skill,Role,4
1026,Adobe After Effects,Software Skill,Role,4
1026,Adobe Photoshop,Software Skill,Role,3
1026,Applicant Tracking System (ATS),Software Skill,Transferable,3
1026,Autodesk AutoCAD,Software Skill,Role,4
1026,Learning Strategies,Essential Skill,Role,4
1026,Microsoft Excel,Software Skill,Role,4
1027,Active Learning,Essential Skill,Role,3
1027,Adobe After Effects,Software Skill,Role,2
1027,Adobe InDesign,Software Skill,Role,4
1027,Atlassian JIRA,Software Skill,Transferable,3
1027,Learning Strategies,Essential Skill,Role,3
1027,Microsoft Excel,Software Skill,Role,3
1027,Microsoft Outlook,Software Skill,Role,4
1027,Microsoft PowerPoint,Software Skill,Role,3
1027,Microsoft Visio,Software Skill,Transferable,4
1027,Speaking,Essential Skill,Role,3
1027,Writing,Essential Skill,Role,4
1028,Critical Thinking,Essential Skill,Role,2
1028,Electronic Medical Record (EMR),Software Skill,Role,3
1028,Linux,Software Skill,Transferable,3
1028,Microsoft Azure,Software Skill,Transferable,3
1028,Microsoft Office,Software Skill,Role,4
1028,Microsoft Outlook,Software Skill,Role,3
1028,Microsoft PowerPoint,Software Skill,Role,2
1028,Monitoring,Essential Skill,Role,2
1028,Reading Comprehension,Essential Skill,Role,2
1028,SAP,Software Skill,Role,3
1029,Adobe Acrobat,Software Skill,Role,4
1029,Learning Strategies,Essential Skill,Role,4
1029,Mathematics,Essential Skill,Transferable,4
1029,Microsoft Excel,Software Skill,Role,3
1029,Microsoft Office,Software Skill,Role,5
1030,Adobe Acrobat,Software Skill,Transferable,2
1030,Autodesk AutoCAD,Software Skill,Transferable,4
1030,Critical Thinking,Essential Skill,Role,4
1030,MEDITECH,Software Skill,Role,3
1030,Microsoft Excel,Software Skill,Role,3
1030,Microsoft Office,Software Skill,Role,3
1030,Microsoft PowerPoint,Software Skill,Role,2
1030,Reading Comprehension,Essential Skill,Role,3
1030,Speaking,Essential Skill,Role,3
1030,Writing,Essential Skill,Role,3
1032,Active Listening,Essential Skill,Role,4
1032,Adobe InDesign,Software Skill,Role,4
1032,Microsoft Excel,Software Skill,Role,4
1032,Microsoft Office,Software Skill,Role,5
1032,Microsoft Outlook,Software Skill,Role,4
1032,Monitoring,Essential Skill,Role,4
1032,SAP,Software Skill,Role,4
1032,Speaking,Essential Skill,Role,5
1032,Writing,Essential Skill,Role,4
1033,Adobe InDesign,Software Skill,Transferable,4
1033,Apache Hadoop,Software Skill,Role,4
1033,Critical Thinking,Essential Skill,Role,2
1033,Microsoft Excel,Software Skill,Role,3
1033,SAP,Software Skill,Transferable,3
1033,Writing,Essential Skill,Role,4
1034,Active Learning,Essential Skill,Role,4
1034,Active Listening,Essential Skill,Role,4
1034,Adobe Photoshop,Software Skill,Transferable,4
1034,MATLAB,Software Skill,Transferable,4
1034,Microsoft Excel,Software Skill,Role,3
1034,Microsoft Office,Software Skill,Role,4
1034,Monitoring,Essential Skill,Role,3
1035,Active Learning,Essential Skill,Role,4
1035,Active Listening,Essential Skill,Role,4
1035,Atlassian JIRA,Software Skill,Transferable,3
1035,Microsoft Excel,Software Skill,Role,3
1035,Reading Comprehension,Essential Skill,Role,4
1036,Active Learning,Essential Skill,Role,4
1036,Adobe Acrobat,Software Skill,Role,3
1036,Autodesk AutoCAD,Software Skill,Transferable,3
1036,Critical Thinking,Essential Skill,Role,3
1036,Mathematics,Essential Skill,Role,4
1036,Microsoft Office,Software Skill,Role,4
1036,Microsoft PowerPoint,Software Skill,Role,4
1036,Salesforce,Software Skill,Role,4
1036,Speaking,Essential Skill,Role,4
1036,Writing,Essential Skill,Role,5
1037,Active Listening,Essential Skill,Role,4
1037,Adobe Creative Cloud,Software Skill,Role,4
1037,Adobe Photoshop,Software Skill,Role,3
1037,Electronic Medical Record (EMR),Software Skill,Transferable,3
1037,Mathematics,Essential Skill,Role,3
1037,Microsoft Outlook,Software Skill,Role,4
1037,Microsoft PowerPoint,Software Skill,Role,3
1037,Monitoring,Essential Skill,Role,3
1037,Writing,Essential Skill,Role,4
1038,Autodesk AutoCAD,Software Skill,Role,5
1038,Critical Thinking,Essential Skill,Role,3
1038,Microsoft Excel,Software Skill,Role,4
1038,Speaking,Essential Skill,Role,4
1038,Writing,Essential Skill,Role,3
1039,Active Listening,Essential Skill,Role,3
1039,Adobe After Effects,Software Skill,Transferable,4
1039,Adobe Creative Cloud,Software Skill,Role,5
1039,Adobe Illustrator,Software Skill,Role,3
1039,Adobe InDesign,Software Skill,Role,4
1039,Adobe Photoshop,Software Skill,Role,5
1039,Microsoft Office,Software Skill,Role,5
1039,Microsoft Outlook,Software Skill,Role,4
1039,Reading Comprehension,Essential Skill,Role,4
1039,Speaking,Essential Skill,Role,4
1040,Adobe Creative Cloud,Software Skill,Role,3
1040,Adobe InDesign,Software Skill,Role,4
1040,Atlassian JIRA,Software Skill,Transferable,4
1040,Critical Thinking,Essential Skill,Role,4
1040,Microsoft Excel,Software Skill,Role,3
1040,Microsoft Office,Software Skill,Role,4
1040,Microsoft PowerPoint,Software Skill,Role,4
1040,Salesforce,Software Skill,Role,4
1042,Active Learning,Essential Skill,Role,4
1042,Active Listening,Essential Skill,Role,4
1042,Critical Thinking,Essential Skill,Role,2
1042,Google Docs,Software Skill,Role,3
1042,Microsoft Excel,Software Skill,Role,3
1042,Microsoft Outlook,Software Skill,Role,4
1042,Microsoft PowerPoint,Software Skill,Role,3
1042,Microsoft Word,Software Skill,Role,5
1042,Monitoring,Essential Skill,Role,3
1042,SAP,Software Skill,Role,3
1042,Science,Essential Skill,Role,4
1042,Speaking,Essential Skill,Role,4
1042,Writing,Essential Skill,Role,4
1043,Adobe After Effects,Software Skill,Role,3
1043,Adobe InDesign,Software Skill,Role,3
1043,Adobe Photoshop,Software Skill,Role,4
1043,Critical Thinking,Essential Skill,Role,4
1043,Microsoft Office,Software Skill,Role,3
1043,Microsoft Outlook,Software Skill,Role,3
1043,Monitoring,Essential Skill,Role,3
1043,Reading Comprehension,Essential Skill,Role,4
1044,Apple macOS,Software Skill,Role,2
1044,Microsoft Outlook,Software Skill,Role,2
1044,Reading Comprehension,Essential Skill,Role,2
1044,SAP,Software Skill,Transferable,2
1044,Salesforce,Software Skill,Role,2
1045,Apple macOS,Software Skill,Role,4
1045,Atlassian Confluence,Software Skill,Role,4
1045,Autodesk AutoCAD,Software Skill,Role,4
1045,Google Analytics,Software Skill,Role,4
1045,Microsoft Excel,Software Skill,Role,5
1045,Microsoft PowerPoint,Software Skill,Role,4
1045,SAP,Software Skill,Transferable,3
1045,Speaking,Essential Skill,Role,5
1046,Active Listening,Essential Skill,Role,4
1046,Critical Thinking,Essential Skill,Role,3
1046,Linux,Software Skill,Transferable,3
1046,MATLAB,Software Skill,Transferable,4
1046,Microsoft PowerPoint,Software Skill,Role,4
1046,SAP,Software Skill,Role,4
1046,Science,Essential Skill,Role,3
1046,Speaking,Essential Skill,Role,4
1047,Active Listening,Essential Skill,Role,3
1047,Mathematics,Essential Skill,Role,3
1047,Microsoft Excel,Software Skill,Role,4
1047,Microsoft Office,Software Skill,Role,3
1047,Monitoring,Essential Skill,Role,4
1047,Reading Comprehension,Essential Skill,Role,4
1047,Science,Essential Skill,Transferable,2
1048,Atlassian Confluence,Software Skill,Role,3
1048,Learning Strategies,Essential Skill,Role,3
1048,Microsoft PowerPoint,Software Skill,Role,4
1048,Monitoring,Essential Skill,Role,3
1048,Reading Comprehension,Essential Skill,Role,3
1048,Science,Essential Skill,Transferable,4
1048,Speaking,Essential Skill,Role,3
1049,Active Learning,Essential Skill,Role,3
1049,Active Listening,Essential Skill,Role,3
1049,Applicant Tracking System (ATS),Software Skill,Role,3
1049,Autodesk AutoCAD,Software Skill,Transferable,2
1049,Cisco Webex,Software Skill,Role,2
1049,Learning Strategies,Essential Skill,Role,3
1049,Microsoft Office,Software Skill,Role,3
1049,Microsoft Outlook,Software Skill,Role,2
1049,SAP,Software Skill,Transferable,3
1049,Writing,Essential Skill,Role,3
1050,Active Listening,Essential Skill,Role,5
1050,Adobe Illustrator,Software Skill,Role,4
1050,Microsoft Excel,Software Skill,Role,4
1050,Microsoft Office,Software Skill,Role,5
1050,Microsoft Outlook,Software Skill,Role,5
1050,Microsoft PowerPoint,Software Skill,Role,4
1050,Monitoring,Essential Skill,Role,3
1050,Salesforce,Software Skill,Role,3
1050,Speaking,Essential Skill,Role,3
1052,Active Listening,Essential Skill,Role,3
1052,Apple macOS,Software Skill,Transferable,3
1052,Email,Software Skill,Role,3
1052,MEDITECH,Software Skill,Role,4
1052,Microsoft Office,Software Skill,Role,3
1052,Microsoft Word,Software Skill,Role,3
1052,Monitoring,Essential Skill,Role,3
1052,Reading Comprehension,Essential Skill,Role,3
1052,Speaking,Essential Skill,Role,3
1052,Writing,Essential Skill,Role,3
1053,Active Learning,Essential Skill,Role,3
1053,Mathematics,Essential Skill,Role,3
1053,Microsoft Office,Software Skill,Role,3
1053,Python,Software Skill,Role,2
1053,R,Software Skill,Role,3
1055,Active Learning,Essential Skill,Role,3
1055,Amazon Web Services (AWS),Software Skill,Transferable,3
1055,Critical Thinking,Essential Skill,Role,3
1055,HubSpot,Software Skill,Role,2
1055,MATLAB,Software Skill,Transferable,3
1055,Microsoft Excel,Software Skill,Role,3
1055,Microsoft Office,Software Skill,Role,3
1055,Microsoft PowerPoint,Software Skill,Role,2
1055,Salesforce,Software Skill,Role,3
1056,Active Listening,Essential Skill,Role,2
1056,Microsoft Project,Software Skill,Role,3
1056,Microsoft Word,Software Skill,Role,3
1056,Monitoring,Essential Skill,Role,2
1060,Active Learning,Essential Skill,Role,3
1060,ESRI ArcGIS,Software Skill,Role,3
1060,IBM SPSS Statistics,Software Skill,Role,2
1060,Mathematics,Essential Skill,Role,3
1060,Python,Software Skill,Role,4
1060,R,Software Skill,Role,3
1060,Reading Comprehension,Essential Skill,Role,4
1060,Speaking,Essential Skill,Role,3
1060,Writing,Essential Skill,Role,4
1061,Active Listening,Essential Skill,Role,3
1061,Autodesk AutoCAD,Software Skill,Transferable,4
1061,Critical Thinking,Essential Skill,Role,4
1061,Google Analytics,Software Skill,Transferable,5
1061,IBM SPSS Statistics,Software Skill,Role,5
1061,Microsoft Excel,Software Skill,Role,5
1061,Microsoft Office,Software Skill,Role,5
1061,Microsoft PowerPoint,Software Skill,Role,4
1061,Microsoft Project,Software Skill,Role,4
1061,Microsoft Visio,Software Skill,Role,5
1061,Monitoring,Essential Skill,Role,5
1061,Reading Comprehension,Essential Skill,Role,5
1061,Science,Essential Skill,Role,5
1061,Writing,Essential Skill,Role,4
1062,Amazon Web Services (AWS),Software Skill,Role,2
1062,Critical Thinking,Essential Skill,Role,3
1062,Linux,Software Skill,Role,4
1062,Microsoft Azure,Software Skill,Role,3
1062,Microsoft Excel,Software Skill,Role,3
1062,Microsoft Office,Software Skill,Role,3
1062,Microsoft Outlook,Software Skill,Role,3
1062,Salesforce,Software Skill,Role,3
1066,Active Learning,Essential Skill,Role,3
1066,Adobe Photoshop,Software Skill,Role,4
1066,Apple macOS,Software Skill,Transferable,3
1066,Critical Thinking,Essential Skill,Role,2
1066,Mathematics,Essential Skill,Role,3
1066,Microsoft Office,Software Skill,Role,4
1066,Microsoft Outlook,Software Skill,Role,4
1066,Microsoft PowerPoint,Software Skill,Role,3
1066,Microsoft Project,Software Skill,Transferable,3
1066,Salesforce,Software Skill,Role,3
1068,Autodesk AutoCAD,Software Skill,Transferable,3
1068,ESRI ArcGIS,Software Skill,Role,3
1068,IBM SPSS Statistics,Software Skill,Role,3
1068,Mathematics,Essential Skill,Role,2
1068,Microsoft Word,Software Skill,Transferable,2
1069,Active Listening,Essential Skill,Role,4
1069,IBM SPSS Statistics,Software Skill,Role,5
1069,Microsoft Azure,Software Skill,Transferable,4
1069,Microsoft Excel,Software Skill,Role,4
1069,Microsoft Office,Software Skill,Role,5
1069,Microsoft PowerPoint,Software Skill,Role,4
1069,Microsoft Project,Software Skill,Role,5
1069,Microsoft SharePoint,Software Skill,Role,4
1069,Microsoft Word,Software Skill,Transferable,5
1069,Monitoring,Essential Skill,Role,4
1069,Reading Comprehension,Essential Skill,Role,4
1069,Science,Essential Skill,Role,5
1069,Writing,Essential Skill,Role,5
1070,Active Learning,Essential Skill,Role,3
1070,Active Listening,Essential Skill,Role,4
1070,Adobe Creative Cloud,Software Skill,Role,4
1070,Adobe Illustrator,Software Skill,Role,4
1070,Adobe Photoshop,Software Skill,Role,4
1070,Cisco Webex,Software Skill,Transferable,4
1070,Mathematics,Essential Skill,Role,4
1070,Microsoft Office,Software Skill,Role,4
1070,Microsoft Outlook,Software Skill,Role,4
1070,Microsoft PowerPoint,Software Skill,Role,4
1070,Monitoring,Essential Skill,Role,4
1070,Reading Comprehension,Essential Skill,Role,3
1070,SAP,Software Skill,Transferable,5
1070,Writing,Essential Skill,Role,4
1071,Active Learning,Essential Skill,Role,3
1071,Active Listening,Essential Skill,Role,2
1071,Apple macOS,Software Skill,Transferable,3
1071,IBM SPSS Statistics,Software Skill,Role,3
1071,Microsoft Office,Software Skill,Role,2
1071,Python,Software Skill,Role,3
1071,R,Software Skill,Role,3
1071,SAS,Software Skill,Role,3
1073,Active Listening,Essential Skill,Role,4
1073,Adobe Acrobat,Software Skill,Role,4
1073,Adobe InDesign,Software Skill,Role,4
1073,HubSpot,Software Skill,Transferable,3
1073,Linux,Software Skill,Transferable,3
1073,Microsoft Excel,Software Skill,Role,5
1073,Microsoft Outlook,Software Skill,Role,4
1073,Microsoft PowerPoint,Software Skill,Role,2
1073,Reading Comprehension,Essential Skill,Role,3
1073,Speaking,Essential Skill,Role,3
1074,Active Listening,Essential Skill,Role,3
1074,Adobe Acrobat,Software Skill,Role,4
1074,Critical Thinking,Essential Skill,Role,4
1074,Email,Software Skill,Transferable,4
1074,Google Analytics,Software Skill,Role,4
1074,Learning Strategies,Essential Skill,Role,4
1074,Microsoft Office,Software Skill,Role,5
1074,Microsoft Outlook,Software Skill,Transferable,3
1074,Microsoft PowerPoint,Software Skill,Role,5
1074,Reading Comprehension,Essential Skill,Role,4
1076,Active Listening,Essential Skill,Role,4
1076,Atlassian Confluence,Software Skill,Transferable,5
1076,Mathematics,Essential Skill,Role,4
1076,Microsoft Office,Software Skill,Role,3
1076,Microsoft Outlook,Software Skill,Role,3
1076,Python,Software Skill,Transferable,3
1076,Writing,Essential Skill,Role,4
1077,Active Listening,Essential Skill,Role,2
1077,Apple macOS,Software Skill,Role,3
1077,Cisco Webex,Software Skill,Transferable,3
1077,Critical Thinking,Essential Skill,Role,3
1077,Mathematics,Essential Skill,Role,4
1077,Microsoft Office,Software Skill,Role,3
1077,Microsoft PowerPoint,Software Skill,Role,3
1077,Microsoft Project,Software Skill,Role,3
1077,Monitoring,Essential Skill,Role,3
1077,Oracle HRIS,Software Skill,Transferable,4
1077,Reading Comprehension,Essential Skill,Role,3
1077,Salesforce,Software Skill,Role,2
1077,Writing,Essential Skill,Role,3
1079,Active Learning,Essential Skill,Role,3
1079,MEDITECH,Software Skill,Role,4
1079,Writing,Essential Skill,Role,4
1080,Active Listening,Essential Skill,Role,3
1080,Adobe Photoshop,Software Skill,Role,4
1080,ESRI ArcGIS,Software Skill,Role,4
1080,Linux,Software Skill,Transferable,3
1080,MATLAB,Software Skill,Role,3
1080,Mathematics,Essential Skill,Role,3
1080,Microsoft Office,Software Skill,Role,3
1080,R,Software Skill,Role,2
1080,Science,Essential Skill,Role,4
1080,Speaking,Essential Skill,Role,4
1080,Writing,Essential Skill,Role,3
1081,Active Listening,Essential Skill,Role,3
1081,Critical Thinking,Essential Skill,Role,3
1081,ESRI ArcGIS,Software Skill,Role,4
1081,Mathematics,Essential Skill,Role,3
1081,Microsoft Office,Software Skill,Role,4
1081,Python,Software Skill,Role,4
1081,R,Software Skill,Role,4
1081,Reading Comprehension,Essential Skill,Role,4
1081,Speaking,Essential Skill,Role,3
1081,Writing,Essential Skill,Role,3
1082,Active Learning,Essential Skill,Role,3
1082,Apache Hadoop,Software Skill,Role,3
1082,Critical Thinking,Essential Skill,Role,4
1082,Microsoft Office,Software Skill,Role,3
1082,Speaking,Essential Skill,Role,2
1082,Writing,Essential Skill,Role,4
1083,Active Listening,Essential Skill,Role,3
1083,Critical Thinking,Essential Skill,Role,3
1083,Google Docs,Software Skill,Role,2
1083,MEDITECH,Software Skill,Role,3
1083,Microsoft Office,Software Skill,Role,3
1083,Microsoft PowerPoint,Software Skill,Role,2
1083,Microsoft Word,Software Skill,Role,3
1083,Science,Essential Skill,Role,3
1084,Active Listening,Essential Skill,Role,3
1084,Adobe Photoshop,Software Skill,Role,3
1084,Critical Thinking,Essential Skill,Role,3
1084,Microsoft Office,Software Skill,Role,3
1084,Microsoft SharePoint,Software Skill,Transferable,3
1084,Monitoring,Essential Skill,Role,3
1084,SAP,Software Skill,Role,3
1084,SAS,Software Skill,Transferable,2
1084,Speaking,Essential Skill,Role,4
1085,Adobe Photoshop,Software Skill,Role,3
1085,Autodesk AutoCAD,Software Skill,Transferable,2
1085,Critical Thinking,Essential Skill,Role,3
1085,MATLAB,Software Skill,Role,3
1085,Microsoft Project,Software Skill,Role,3
1085,SAS,Software Skill,Role,3
1085,Writing,Essential Skill,Role,2
1088,Apache Hadoop,Software Skill,Role,3
1088,Cisco Webex,Software Skill,Transferable,4
1088,Critical Thinking,Essential Skill,Role,4
1088,Google Workspace,Software Skill,Role,4
1088,Microsoft Access,Software Skill,Role,3
1088,Microsoft Office,Software Skill,Role,3
1088,Microsoft SharePoint,Software Skill,Transferable,3
1088,Speaking,Essential Skill,Role,2
1092,Active Learning,Essential Skill,Role,4
1092,Active Listening,Essential Skill,Role,4
1092,Amazon Web Services (AWS),Software Skill,Role,3
1092,ESRI ArcGIS,Software Skill,Transferable,5
1092,Microsoft Access,Software Skill,Role,4
1092,Microsoft Office,Software Skill,Role,5
1092,Microsoft Outlook,Software Skill,Role,4
1092,SAS,Software Skill,Transferable,5
1092,Speaking,Essential Skill,Role,3
1094,Active Learning,Essential Skill,Role,3
1094,Active Listening,Essential Skill,Role,3
1094,Electronic Medical Record (EMR),Software Skill,Role,3
1094,Email,Software Skill,Role,4
1094,MEDITECH,Software Skill,Role,4
1094,Microsoft Office,Software Skill,Role,4
1094,SAP,Software Skill,Role,3
1094,Writing,Essential Skill,Role,4
1096,Active Learning,Essential Skill,Role,3
1096,Adobe InDesign,Software Skill,Role,4
1096,Adobe Photoshop,Software Skill,Role,5
1096,Critical Thinking,Essential Skill,Role,4
1096,HubSpot,Software Skill,Transferable,4
1096,Microsoft Office,Software Skill,Role,4
1096,Writing,Essential Skill,Role,4
1097,Adobe Photoshop,Software Skill,Role,4
1097,Learning Strategies,Essential Skill,Transferable,3
1097,Mathematics,Essential Skill,Role,2
1097,Microsoft Excel,Software Skill,Role,2
1097,Microsoft Project,Software Skill,Role,3
1097,Oracle HRIS,Software Skill,Transferable,3
1097,R,Software Skill,Role,5
1097,SAS,Software Skill,Role,3
1097,Speaking,Essential Skill,Role,2
1098,Active Listening,Essential Skill,Role,4
1098,Adobe Acrobat,Software Skill,Role,3
1098,Applicant Tracking System (ATS),Software Skill,Role,4
1098,Cisco Webex,Software Skill,Role,3
1098,Microsoft PowerPoint,Software Skill,Role,3
1098,Oracle HRIS,Software Skill,Role,4
1098,Reading Comprehension,Essential Skill,Role,4
1098,Writing,Essential Skill,Role,3
1099,Adobe InDesign,Software Skill,Transferable,3
1099,Apache Hadoop,Software Skill,Role,4
1099,Critical Thinking,Essential Skill,Role,3
1099,Microsoft Azure,Software Skill,Role,4
1099,Microsoft Excel,Software Skill,Role,3
1099,Microsoft Office,Software Skill,Role,4
1099,Reading Comprehension,Essential Skill,Role,3
1099,Speaking,Essential Skill,Role,3
1099,Writing,Essential Skill,Role,2
1100,Active Learning,Essential Skill,Role,3
1100,Active Listening,Essential Skill,Role,5
1100,Adobe Creative Cloud,Software Skill,Role,3
1100,Critical Thinking,Essential Skill,Role,3
1100,Mathematics,Essential Skill,Role,3
1100,Microsoft PowerPoint,Software Skill,Role,3
1100,Reading Comprehension,Essential Skill,Role,3
1100,Writing,Essential Skill,Role,3
1101,Active Learning,Essential Skill,Role,4
1101,Active Listening,Essential Skill,Role,5
1101,Adobe Photoshop,Software Skill,Role,4
1101,ESRI ArcGIS,Software Skill,Role,4
1101,IBM SPSS Statistics,Software Skill,Role,3
1101,MATLAB,Software Skill,Role,5
1101,Mathematics,Essential Skill,Role,4
1101,Microsoft Excel,Software Skill,Role,4
1101,Microsoft Office,Software Skill,Role,5
1101,Microsoft Project,Software Skill,Role,2
1101,Python,Software Skill,Role,3
1101,Speaking,Essential Skill,Role,3
1101,Writing,Essential Skill,Role,3
1102,Active Learning,Essential Skill,Role,3
1102,Google Docs,Software Skill,Role,3
1102,Microsoft Office,Software Skill,Role,3
1102,Microsoft SharePoint,Software Skill,Transferable,3
1102,Microsoft Word,Software Skill,Role,4
1102,Reading Comprehension,Essential Skill,Role,3
1102,SAP,Software Skill,Role,3
1103,Linux,Software Skill,Role,3
1103,Microsoft Azure,Software Skill,Role,3
1105,Adobe InDesign,Software Skill,Role,4
1105,Adobe Photoshop,Software Skill,Role,5
1105,Critical Thinking,Essential Skill,Role,3
1105,Monitoring,Essential Skill,Role,4
1105,Reading Comprehension,Essential Skill,Role,4
1105,SAP,Software Skill,Transferable,3
1105,Salesforce,Software Skill,Role,4
1105,Speaking,Essential Skill,Role,3
1106,Google Workspace,Software Skill,Transferable,3
1106,MEDITECH,Software Skill,Role,3
1106,Microsoft Outlook,Software Skill,Role,2
1106,Monitoring,Essential Skill,Role,2
1106,SAP,Software Skill,Role,2
1107,Email,Software Skill,Role,2
1107,MEDITECH,Software Skill,Role,3
1107,Microsoft Excel,Software Skill,Role,3
1107,Microsoft PowerPoint,Software Skill,Role,3
1107,Microsoft Visio,Software Skill,Transferable,3
1107,Monitoring,Essential Skill,Role,4
1107,Reading Comprehension,Essential Skill,Role,2
1108,Active Listening,Essential Skill,Role,3
1108,Adobe Photoshop,Software Skill,Role,3
1108,Microsoft Excel,Software Skill,Role,2
1108,Microsoft Office,Software Skill,Role,3
1108,Reading Comprehension,Essential Skill,Role,3
1108,SAS,Software Skill,Role,3
1108,Writing,Essential Skill,Role,2
1109,Active Listening,Essential Skill,Role,4
1109,Adobe Photoshop,Software Skill,Role,4
1109,Apple macOS,Software Skill,Role,3
1109,Critical Thinking,Essential Skill,Role,3
1109,Learning Strategies,Essential Skill,Role,4
1109,Microsoft Office,Software Skill,Role,4
1109,Microsoft PowerPoint,Software Skill,Role,4
1109,Monitoring,Essential Skill,Role,4
1109,Speaking,Essential Skill,Role,3
1109,Writing,Essential Skill,Role,4
1111,Active Learning,Essential Skill,Role,2
1111,Critical Thinking,Essential Skill,Role,2
1111,Microsoft Outlook,Software Skill,Role,4
1111,Microsoft Word,Software Skill,Role,3
1111,Monitoring,Essential Skill,Role,3
1111,SAP,Software Skill,Role,2
1111,Science,Essential Skill,Role,3
1111,Speaking,Essential Skill,Role,3
1113,Active Listening,Essential Skill,Role,4
1113,Adobe Acrobat,Software Skill,Role,3
1113,Adobe Creative Cloud,Software Skill,Role,3
1113,Adobe Illustrator,Software Skill,Role,4
1113,Adobe Photoshop,Software Skill,Role,3
1113,Critical Thinking,Essential Skill,Role,4
1113,Mathematics,Essential Skill,Role,2
1113,Microsoft Excel,Software Skill,Role,3
1113,Microsoft Office,Software Skill,Role,3
1113,Microsoft PowerPoint,Software Skill,Role,4
1113,Monitoring,Essential Skill,Role,4
1114,Active Learning,Essential Skill,Role,3
1114,Active Listening,Essential Skill,Role,2
1114,Adobe Illustrator,Software Skill,Role,2
1114,Adobe Photoshop,Software Skill,Role,3
1114,Critical Thinking,Essential Skill,Role,3
1114,Microsoft Excel,Software Skill,Role,4
1114,Microsoft Office,Software Skill,Role,2
1114,Microsoft Visio,Software Skill,Transferable,3
1114,Python,Software Skill,Transferable,3
1114,Reading Comprehension,Essential Skill,Role,3
1115,Active Learning,Essential Skill,Role,4
1115,Active Listening,Essential Skill,Role,4
1115,Adobe Photoshop,Software Skill,Role,2
1115,Critical Thinking,Essential Skill,Role,1
1115,ESRI ArcGIS,Software Skill,Role,3
1115,Google Analytics,Software Skill,Transferable,3
1115,MATLAB,Software Skill,Role,3
1115,Microsoft Excel,Software Skill,Role,4
1115,Microsoft Visio,Software Skill,Transferable,4
1115,R,Software Skill,Role,4
1115,Science,Essential Skill,Role,3
1116,Active Listening,Essential Skill,Role,4
1116,Adobe Acrobat,Software Skill,Role,3
1116,Atlassian Confluence,Software Skill,Role,4
1116,Microsoft Office,Software Skill,Role,4
1116,Microsoft PowerPoint,Software Skill,Role,3
1116,Microsoft SharePoint,Software Skill,Transferable,4
1116,Monitoring,Essential Skill,Role,4
1116,Reading Comprehension,Essential Skill,Role,4
1116,Salesforce,Software Skill,Transferable,4
1116,Speaking,Essential Skill,Role,5
1117,Active Learning,Essential Skill,Role,4
1117,Adobe Photoshop,Software Skill,Role,4
1117,Autodesk AutoCAD,Software Skill,Transferable,3
1117,MEDITECH,Software Skill,Transferable,4
1117,Mathematics,Essential Skill,Role,4
1117,Microsoft Excel,Software Skill,Role,4
1117,Microsoft Office,Software Skill,Role,4
1117,Microsoft Outlook,Software Skill,Role,4
1117,Microsoft PowerPoint,Software Skill,Role,3
1117,Reading Comprehension,Essential Skill,Role,3
1117,Salesforce,Software Skill,Role,4
1117,Speaking,Essential Skill,Role,3
1117,Writing,Essential Skill,Role,4
1118,Active Learning,Essential Skill,Role,4
1118,Active Listening,Essential Skill,Role,3
1118,Amazon Web Services (AWS),Software Skill,Role,4
1118,Apache Hadoop,Software Skill,Role,5
1118,Critical Thinking,Essential Skill,Role,4
1118,Microsoft Office,Software Skill,Role,4
1118,Microsoft Project,Software Skill,Transferable,4
1118,Monitoring,Essential Skill,Role,4
1118,Reading Comprehension,Essential Skill,Role,3
1118,Writing,Essential Skill,Role,4
1119,Active Learning,Essential Skill,Role,3
1119,Mathematics,Essential Skill,Role,4
1119,Microsoft Outlook,Software Skill,Role,2
1119,Microsoft PowerPoint,Software Skill,Role,3
1119,Microsoft SharePoint,Software Skill,Transferable,4
1119,Salesforce,Software Skill,Role,5
1120,Adobe Acrobat,Software Skill,Transferable,3
1120,Adobe Illustrator,Software Skill,Transferable,3
1120,IBM SPSS Statistics,Software Skill,Role,3
1120,Microsoft Excel,Software Skill,Role,3
1120,Speaking,Essential Skill,Role,3
1120,Writing,Essential Skill,Role,4
1121,Active Learning,Essential Skill,Role,4
1121,Active Listening,Essential Skill,Role,3
1121,Adobe Photoshop,Software Skill,Role,3
1121,Autodesk AutoCAD,Software Skill,Role,4
1121,Critical Thinking,Essential Skill,Role,4
1121,Microsoft Office,Software Skill,Role,4
1121,Microsoft Outlook,Software Skill,Role,4
1121,Microsoft PowerPoint,Software Skill,Role,3
1121,Reading Comprehension,Essential Skill,Role,3
1121,Speaking,Essential Skill,Role,4
1124,Active Learning,Essential Skill,Role,4
1124,Active Listening,Essential Skill,Role,4
1124,Adobe Photoshop,Software Skill,Role,3
1124,Apple macOS,Software Skill,Role,3
1124,Applicant Tracking System (ATS),Software Skill,Transferable,4
1124,Google Analytics,Software Skill,Role,4
1124,Microsoft Excel,Software Skill,Role,4
1124,Reading Comprehension,Essential Skill,Role,4
1124,Science,Essential Skill,Transferable,3
1124,Speaking,Essential Skill,Role,3
1125,Active Learning,Essential Skill,Role,2
1125,Adobe InDesign,Software Skill,Role,4
1125,Amazon Web Services (AWS),Software Skill,Transferable,3
1125,Cisco Webex,Software Skill,Transferable,3
1125,Monitoring,Essential Skill,Role,4
1125,Reading Comprehension,Essential Skill,Role,4
1125,Salesforce,Software Skill,Role,3
1126,Adobe InDesign,Software Skill,Role,3
1126,Adobe Photoshop,Software Skill,Role,2
1126,Autodesk AutoCAD,Software Skill,Role,4
1126,MATLAB,Software Skill,Transferable,3
1126,Microsoft Office,Software Skill,Role,4
1126,Microsoft Outlook,Software Skill,Role,3
1126,Microsoft Project,Software Skill,Transferable,4
1126,SAP,Software Skill,Role,4
1126,Speaking,Essential Skill,Role,4
1126,Writing,Essential Skill,Role,3
1127,Active Learning,Essential Skill,Role,4
1127,Active Listening,Essential Skill,Role,4
1127,Amazon Web Services (AWS),Software Skill,Role,3
1127,Apache Hadoop,Software Skill,Role,4
1127,Critical Thinking,Essential Skill,Role,3
1127,Microsoft Access,Software Skill,Role,4
1127,Microsoft Excel,Software Skill,Role,4
1127,Microsoft Office,Software Skill,Role,5
1127,Microsoft Outlook,Software Skill,Role,4
1127,Microsoft Word,Software Skill,Transferable,4
1127,Reading Comprehension,Essential Skill,Role,4
1127,Speaking,Essential Skill,Role,3
1127,Writing,Essential Skill,Role,5
1128,Active Learning,Essential Skill,Role,5
1128,Critical Thinking,Essential Skill,Role,5
1128,ESRI ArcGIS,Software Skill,Role,4
1128,Microsoft Office,Software Skill,Role,4
1128,Microsoft SharePoint,Software Skill,Role,5
1128,Monitoring,Essential Skill,Role,5
1128,Reading Comprehension,Essential Skill,Role,5
1128,Science,Essential Skill,Role,5
1131,Adobe Photoshop,Software Skill,Role,2
1131,MATLAB,Software Skill,Role,3
1131,Mathematics,Essential Skill,Role,2
1131,Microsoft Excel,Software Skill,Role,2
1131,Microsoft Office,Software Skill,Role,2
1131,Science,Essential Skill,Role,3
1131,Speaking,Essential Skill,Role,2
1131,Writing,Essential Skill,Role,2
1132,Active Listening,Essential Skill,Role,2
1132,Email,Software Skill,Role,3
1132,Learning Strategies,Essential Skill,Transferable,3
1132,MEDITECH,Software Skill,Role,3
1132,Microsoft Office,Software Skill,Role,3
1132,Reading Comprehension,Essential Skill,Role,3
1132,Science,Essential Skill,Role,3
1132,Workday,Software Skill,Transferable,3
1133,Adobe After Effects,Software Skill,Role,4
1133,Adobe Photoshop,Software Skill,Role,3
1133,Critical Thinking,Essential Skill,Role,3
1133,MATLAB,Software Skill,Transferable,5
1133,Microsoft Office,Software Skill,Role,3
1133,Microsoft Outlook,Software Skill,Role,4
1133,Microsoft PowerPoint,Software Skill,Role,3
1133,Microsoft Project,Software Skill,Transferable,3
1133,Reading Comprehension,Essential Skill,Role,3
1135,Adobe Creative Cloud,Software Skill,Transferable,2
1135,Microsoft Office,Software Skill,Role,2
1135,Microsoft Word,Software Skill,Role,3
1135,Monitoring,Essential Skill,Role,4
1135,Reading Comprehension,Essential Skill,Role,4
1135,Speaking,Essential Skill,Role,3
1135,Writing,Essential Skill,Role,2
1136,Active Learning,Essential Skill,Role,2
1136,Adobe Photoshop,Software Skill,Role,1
1136,ESRI ArcGIS,Software Skill,Role,2
1136,Email,Software Skill,Transferable,2
1136,Microsoft Office,Software Skill,Role,2
1136,R,Software Skill,Role,2
1137,Active Listening,Essential Skill,Role,3
1137,Adobe Acrobat,Software Skill,Role,2
1137,Adobe Creative Cloud,Software Skill,Role,3
1137,Adobe InDesign,Software Skill,Role,4
1137,Mathematics,Essential Skill,Role,3
1137,Microsoft Excel,Software Skill,Role,4
1138,Active Learning,Essential Skill,Role,3
1138,Active Listening,Essential Skill,Role,4
1138,Adobe InDesign,Software Skill,Role,4
1138,Adobe Photoshop,Software Skill,Role,4
1138,Critical Thinking,Essential Skill,Role,5
1138,Mathematics,Essential Skill,Role,4
1138,Microsoft Outlook,Software Skill,Role,3
1138,Microsoft PowerPoint,Software Skill,Role,4
1138,Reading Comprehension,Essential Skill,Role,5
1138,Speaking,Essential Skill,Role,5
1140,Autodesk AutoCAD,Software Skill,Role,2
1140,Reading Comprehension,Essential Skill,Role,3
1143,Active Listening,Essential Skill,Role,2
1143,Adobe Photoshop,Software Skill,Role,3
1143,ESRI ArcGIS,Software Skill,Role,2
1143,MATLAB,Software Skill,Role,2
1143,Microsoft Access,Software Skill,Transferable,3
1143,Speaking,Essential Skill,Role,2
1143,Workday,Software Skill,Transferable,3
1143,Writing,Essential Skill,Role,3
1148,Microsoft Excel,Software Skill,Role,2
1148,Microsoft Outlook,Software Skill,Role,3
1148,Speaking,Essential Skill,Role,2
1150,Adobe Creative Cloud,Software Skill,Transferable,4
1150,Adobe Photoshop,Software Skill,Role,2
1150,Learning Strategies,Essential Skill,Role,2
1150,Microsoft Azure,Software Skill,Transferable,3
1150,Microsoft Outlook,Software Skill,Role,4
1150,Monitoring,Essential Skill,Role,3
1150,Reading Comprehension,Essential Skill,Role,3
1150,SAP,Software Skill,Role,3
1150,Speaking,Essential Skill,Role,2
1152,Active Learning,Essential Skill,Role,3
1152,Active Listening,Essential Skill,Role,3
1152,Applicant Tracking System (ATS),Software Skill,Role,3
1152,Critical Thinking,Essential Skill,Role,3
1152,Learning Strategies,Essential Skill,Role,2
1152,Microsoft PowerPoint,Software Skill,Role,3
1152,Reading Comprehension,Essential Skill,Role,3
1152,Speaking,Essential Skill,Role,2
1152,Writing,Essential Skill,Role,4
1154,Active Learning,Essential Skill,Role,2
1154,Adobe Illustrator,Software Skill,Transferable,3
1154,ESRI ArcGIS,Software Skill,Role,3
1154,Google Docs,Software Skill,Transferable,3
1154,Microsoft Excel,Software Skill,Role,3
1154,Microsoft Office,Software Skill,Role,2
1154,R,Software Skill,Role,3
1154,Science,Essential Skill,Role,2
1154,Writing,Essential Skill,Role,2
1156,Active Learning,Essential Skill,Role,2
1156,Critical Thinking,Essential Skill,Role,3
1156,Microsoft Outlook,Software Skill,Role,2
1156,Microsoft Word,Software Skill,Role,2
1156,SAP,Software Skill,Role,2
1156,Science,Essential Skill,Role,2
1157,Active Listening,Essential Skill,Role,3
1157,Adobe InDesign,Software Skill,Role,3
1157,Adobe Photoshop,Software Skill,Role,4
1157,Autodesk AutoCAD,Software Skill,Transferable,4
1157,Critical Thinking,Essential Skill,Role,4
1157,Linux,Software Skill,Transferable,3
1157,Mathematics,Essential Skill,Role,3
1157,Microsoft Office,Software Skill,Role,4
1157,Microsoft PowerPoint,Software Skill,Role,3
1157,Monitoring,Essential Skill,Role,4
1157,Reading Comprehension,Essential Skill,Role,2
1158,Adobe Illustrator,Software Skill,Transferable,3
1158,Atlassian JIRA,Software Skill,Transferable,2
1158,Critical Thinking,Essential Skill,Role,3
1158,Microsoft Office,Software Skill,Role,4
1158,Microsoft Outlook,Software Skill,Role,3
1158,Microsoft PowerPoint,Software Skill,Role,5
1158,Microsoft Word,Software Skill,Role,3
1158,Monitoring,Essential Skill,Role,4
1158,SAP,Software Skill,Role,3
1158,Science,Essential Skill,Role,4
1160,Active Listening,Essential Skill,Role,3
1160,Apple macOS,Software Skill,Transferable,4
1160,Electronic Medical Record (EMR),Software Skill,Role,3
1160,Email,Software Skill,Role,3
1160,Monitoring,Essential Skill,Role,3
1160,Speaking,Essential Skill,Role,3
1161,Active Learning,Essential Skill,Role,3
1161,Active Listening,Essential Skill,Role,3
1161,Amazon Web Services (AWS),Software Skill,Role,2
1161,Microsoft Access,Software Skill,Role,3
1161,Microsoft Excel,Software Skill,Role,4
1161,Monitoring,Essential Skill,Role,3
1161,Salesforce,Software Skill,Role,3
1161,Workday,Software Skill,Transferable,3
1162,Active Learning,Essential Skill,Role,3
1162,ESRI ArcGIS,Software Skill,Role,2
1162,IBM SPSS Statistics,Software Skill,Role,2
1162,MATLAB,Software Skill,Role,3
1162,Mathematics,Essential Skill,Role,3
1162,Microsoft Office,Software Skill,Role,3
1162,R,Software Skill,Role,2
1162,Science,Essential Skill,Role,4
1162,Speaking,Essential Skill,Role,1
1163,Adobe InDesign,Software Skill,Role,3
1163,ESRI ArcGIS,Software Skill,Transferable,3
1163,Microsoft Excel,Software Skill,Role,2
1163,Reading Comprehension,Essential Skill,Role,3
1163,Salesforce,Software Skill,Role,2
1163,Writing,Essential Skill,Role,3
1164,Active Learning,Essential Skill,Role,2
1164,Active Listening,Essential Skill,Role,3
1164,Applicant Tracking System (ATS),Software Skill,Role,4
1164,Atlassian JIRA,Software Skill,Transferable,2
1164,Critical Thinking,Essential Skill,Role,3
1164,Learning Strategies,Essential Skill,Role,4
1164,Microsoft Excel,Software Skill,Role,3
1164,Microsoft Office,Software Skill,Role,4
1164,Microsoft PowerPoint,Software Skill,Role,3
1164,Reading Comprehension,Essential Skill,Role,3
1165,Active Learning,Essential Skill,Role,3
1165,Adobe Illustrator,Software Skill,Role,2
1165,Adobe InDesign,Software Skill,Role,3
1165,Adobe Photoshop,Software Skill,Role,3
1165,Microsoft Excel,Software Skill,Role,3
1165,Microsoft Office,Software Skill,Role,4
1165,Microsoft Outlook,Software Skill,Role,3
1165,Microsoft PowerPoint,Software Skill,Role,2
1165,Monitoring,Essential Skill,Role,2
1165,Reading Comprehension,Essential Skill,Role,3
1166,Active Learning,Essential Skill,Role,4
1166,Adobe Acrobat,Software Skill,Role,4
1166,Critical Thinking,Essential Skill,Role,4
1166,ESRI ArcGIS,Software Skill,Role,4
1166,Microsoft Access,Software Skill,Role,4
1166,Microsoft Office,Software Skill,Role,4
1166,Microsoft Project,Software Skill,Role,3
1166,Microsoft SharePoint,Software Skill,Role,4
1166,Monitoring,Essential Skill,Role,5
1166,Reading Comprehension,Essential Skill,Role,4
1166,Science,Essential Skill,Role,3
1166,Speaking,Essential Skill,Role,4
1167,Adobe Creative Cloud,Software Skill,Role,5
1167,Adobe Illustrator,Software Skill,Role,4
1167,MATLAB,Software Skill,Transferable,4
1167,Microsoft Outlook,Software Skill,Role,4
1167,Monitoring,Essential Skill,Role,3
1167,Reading Comprehension,Essential Skill,Role,4
1167,Salesforce,Software Skill,Role,4
1167,Writing,Essential Skill,Role,3
1171,Active Listening,Essential Skill,Role,3
1171,Adobe Acrobat,Software Skill,Role,3
1171,Adobe Creative Cloud,Software Skill,Role,4
1171,Adobe InDesign,Software Skill,Role,3
1171,Linux,Software Skill,Transferable,3
1171,Mathematics,Essential Skill,Role,4
1171,Salesforce,Software Skill,Role,3
1171,Writing,Essential Skill,Role,3
1172,Active Listening,Essential Skill,Role,3
1172,Microsoft Azure,Software Skill,Transferable,3
1172,Microsoft Office,Software Skill,Role,4
1172,Microsoft Outlook,Software Skill,Role,3
1172,Microsoft PowerPoint,Software Skill,Role,3
1172,Microsoft Word,Software Skill,Role,2
1172,Monitoring,Essential Skill,Role,4
1172,Reading Comprehension,Essential Skill,Role,3
1172,Speaking,Essential Skill,Role,3
1173,Active Listening,Essential Skill,Role,3
1173,Email,Software Skill,Role,2
1173,Microsoft Excel,Software Skill,Role,3
1173,Microsoft PowerPoint,Software Skill,Role,2
1173,Reading Comprehension,Essential Skill,Role,3
1173,SAP,Software Skill,Role,4
1173,Science,Essential Skill,Role,3
1175,Adobe After Effects,Software Skill,Transferable,2
1175,Critical Thinking,Essential Skill,Role,2
1175,Microsoft Excel,Software Skill,Role,3
1175,Microsoft Office,Software Skill,Role,2
1175,Reading Comprehension,Essential Skill,Role,3
1175,Salesforce,Software Skill,Transferable,1
1177,Active Learning,Essential Skill,Role,3
1177,Electronic Medical Record (EMR),Software Skill,Role,3
1177,Email,Software Skill,Role,3
1177,MEDITECH,Software Skill,Role,3
1177,Microsoft Office,Software Skill,Role,3
1177,Microsoft Outlook,Software Skill,Role,3
1177,Microsoft PowerPoint,Software Skill,Role,3
1177,Reading Comprehension,Essential Skill,Role,3
1177,Writing,Essential Skill,Role,4
1179,Active Listening,Essential Skill,Role,2
1179,Adobe Acrobat,Software Skill,Role,3
1179,Adobe Creative Cloud,Software Skill,Role,4
1179,Adobe Illustrator,Software Skill,Role,2
1179,Adobe Photoshop,Software Skill,Role,3
1179,ESRI ArcGIS,Software Skill,Transferable,3
1179,Mathematics,Essential Skill,Role,3
1179,Microsoft Outlook,Software Skill,Role,3
1179,SAS,Software Skill,Transferable,3
1179,Speaking,Essential Skill,Role,4
1179,Writing,Essential Skill,Role,3
1180,Active Learning,Essential Skill,Role,3
1180,Active Listening,Essential Skill,Role,4
1180,Adobe Acrobat,Software Skill,Transferable,2
1180,Adobe Photoshop,Software Skill,Role,3
1180,IBM SPSS Statistics,Software Skill,Role,3
1180,Microsoft Office,Software Skill,Role,2
1180,Python,Software Skill,Role,2
1180,R,Software Skill,Role,3
1180,Reading Comprehension,Essential Skill,Role,3
1180,Science,Essential Skill,Role,3
1180,Writing,Essential Skill,Role,3
1182,Active Listening,Essential Skill,Role,3
1182,Adobe After Effects,Software Skill,Role,4
1182,Adobe Photoshop,Software Skill,Role,3
1182,Applicant Tracking System (ATS),Software Skill,Transferable,3
1182,Atlassian JIRA,Software Skill,Transferable,4
1182,Autodesk AutoCAD,Software Skill,Role,4
1182,Critical Thinking,Essential Skill,Role,4
1182,Learning Strategies,Essential Skill,Role,4
1182,Microsoft Outlook,Software Skill,Role,4
1182,Monitoring,Essential Skill,Role,2
1182,SAP,Software Skill,Role,3
1182,Writing,Essential Skill,Role,3
1184,Critical Thinking,Essential Skill,Role,4
1184,Learning Strategies,Essential Skill,Transferable,5
1184,Linux,Software Skill,Role,3
1184,Microsoft Access,Software Skill,Role,4
1184,Microsoft Azure,Software Skill,Role,3
1184,Microsoft Excel,Software Skill,Role,4
1184,Microsoft Office,Software Skill,Role,5
1184,Reading Comprehension,Essential Skill,Role,4
1184,Speaking,Essential Skill,Role,3
1184,Workday,Software Skill,Transferable,3
1185,Electronic Medical Record (EMR),Software Skill,Role,3
1185,MEDITECH,Software Skill,Role,3
1185,Microsoft Project,Software Skill,Transferable,2
1185,SAP,Software Skill,Role,3
1185,Speaking,Essential Skill,Role,4
1185,Workday,Software Skill,Transferable,3
1188,Active Learning,Essential Skill,Role,3
1188,Adobe Illustrator,Software Skill,Role,4
1188,Critical Thinking,Essential Skill,Role,2
1188,ESRI ArcGIS,Software Skill,Transferable,4
1188,Mathematics,Essential Skill,Role,3
1188,Microsoft Excel,Software Skill,Role,3
1188,Microsoft Office,Software Skill,Role,2
1188,Microsoft Visio,Software Skill,Transferable,3
1188,Monitoring,Essential Skill,Role,4
1188,Reading Comprehension,Essential Skill,Role,3
1188,Salesforce,Software Skill,Role,4
1188,Speaking,Essential Skill,Role,4
1190,Apple macOS,Software Skill,Role,2
1190,Microsoft Excel,Software Skill,Role,3
1190,Salesforce,Software Skill,Role,2
1191,Apple macOS,Software Skill,Role,5
1191,Atlassian Confluence,Software Skill,Role,5
1191,Atlassian JIRA,Software Skill,Role,5
1191,Autodesk AutoCAD,Software Skill,Role,4
1191,Microsoft Excel,Software Skill,Role,5
1191,Monitoring,Essential Skill,Role,5
1191,Reading Comprehension,Essential Skill,Role,5
1191,Writing,Essential Skill,Role,5
1192,Active Learning,Essential Skill,Role,4
1192,Atlassian Confluence,Software Skill,Transferable,4
1192,Google Docs,Software Skill,Role,2
1192,MEDITECH,Software Skill,Role,3
1192,Microsoft Office,Software Skill,Role,3
1192,Microsoft PowerPoint,Software Skill,Role,2
1192,Microsoft Word,Software Skill,Role,3
1192,Monitoring,Essential Skill,Role,2
1193,Active Learning,Essential Skill,Role,3
1193,Active Listening,Essential Skill,Role,2
1193,Adobe Photoshop,Software Skill,Role,3
1193,Email,Software Skill,Transferable,1
1193,IBM SPSS Statistics,Software Skill,Role,3
1193,Microsoft Excel,Software Skill,Role,3
1193,Microsoft Project,Software Skill,Role,3
1193,Python,Software Skill,Role,2
1195,Critical Thinking,Essential Skill,Role,3
1195,IBM SPSS Statistics,Software Skill,Role,3
1195,MATLAB,Software Skill,Role,2
1195,MEDITECH,Software Skill,Transferable,3
1195,Mathematics,Essential Skill,Role,3
1195,Microsoft Project,Software Skill,Role,3
1195,Reading Comprehension,Essential Skill,Role,3
1195,Speaking,Essential Skill,Role,3
1195,Writing,Essential Skill,Role,2
1196,Active Learning,Essential Skill,Role,3
1196,Active Listening,Essential Skill,Role,2
1196,Adobe Creative Cloud,Software Skill,Transferable,4
1196,Adobe Photoshop,Software Skill,Role,3
1196,Autodesk AutoCAD,Software Skill,Role,3
1196,Critical Thinking,Essential Skill,Role,3
1196,Google Docs,Software Skill,Transferable,4
1196,Learning Strategies,Essential Skill,Role,3
1196,Microsoft Office,Software Skill,Role,3
1196,Monitoring,Essential Skill,Role,4
1196,Reading Comprehension,Essential Skill,Role,4
1198,Active Learning,Essential Skill,Role,1
1198,MEDITECH,Software Skill,Role,2
1198,Mathematics,Essential Skill,Transferable,3
1198,Microsoft Excel,Software Skill,Role,3
1198,Microsoft Project,Software Skill,Transferable,3
1198,Microsoft Word,Software Skill,Role,2
1198,Science,Essential Skill,Role,2
1200,Critical Thinking,Essential Skill,Role,3
1200,ESRI ArcGIS,Software Skill,Role,3
1200,Microsoft Excel,Software Skill,Role,4
1200,Microsoft Project,Software Skill,Role,3
1200,Python,Software Skill,Role,4
1200,R,Software Skill,Role,4
1200,SAS,Software Skill,Role,2
1200,Speaking,Essential Skill,Role,4
1200,Writing,Essential Skill,Role,3
1201,Active Learning,Essential Skill,Role,4
1201,Active Listening,Essential Skill,Role,5
1201,Adobe Acrobat,Software Skill,Role,5
1201,Adobe Photoshop,Software Skill,Role,5
1201,Apple macOS,Software Skill,Role,5
1201,Critical Thinking,Essential Skill,Role,5
1201,Microsoft PowerPoint,Software Skill,Role,4
1201,R,Software Skill,Transferable,5
1201,Reading Comprehension,Essential Skill,Role,4
1201,Speaking,Essential Skill,Role,4
1201,Writing,Essential Skill,Role,5
1202,Critical Thinking,Essential Skill,Role,3
1202,IBM SPSS Statistics,Software Skill,Role,3
1202,Learning Strategies,Essential Skill,Transferable,2
1202,R,Software Skill,Role,2
1202,Reading Comprehension,Essential Skill,Role,2
1202,SAS,Software Skill,Role,3
1203,Active Listening,Essential Skill,Role,2
1203,Adobe Photoshop,Software Skill,Role,3
1203,Mathematics,Essential Skill,Role,3
1203,Microsoft Excel,Software Skill,Role,4
1203,Microsoft Office,Software Skill,Role,3
1204,Active Learning,Essential Skill,Role,4
1204,Active Listening,Essential Skill,Role,4
1204,Adobe Acrobat,Software Skill,Role,4
1204,Adobe Photoshop,Software Skill,Role,4
1204,Atlassian Confluence,Software Skill,Role,5
1204,Atlassian JIRA,Software Skill,Role,5
1204,Critical Thinking,Essential Skill,Role,3
1204,Google Analytics,Software Skill,Role,5
1204,HubSpot,Software Skill,Transferable,3
1204,Microsoft Excel,Software Skill,Role,4
1204,Monitoring,Essential Skill,Role,5
1204,Reading Comprehension,Essential Skill,Role,3
1204,Speaking,Essential Skill,Role,3
1206,Active Listening,Essential Skill,Role,2
1206,Microsoft Office,Software Skill,Role,2
1206,Microsoft Outlook,Software Skill,Transferable,4
1206,R,Software Skill,Role,3
1206,Speaking,Essential Skill,Role,2
1206,Workday,Software Skill,Transferable,3
1207,Active Learning,Essential Skill,Role,2
1207,Active Listening,Essential Skill,Role,4
1207,Critical Thinking,Essential Skill,Role,2
1207,IBM SPSS Statistics,Software Skill,Transferable,2
1207,Microsoft Office,Software Skill,Role,2
1207,Microsoft Outlook,Software Skill,Role,3
1207,Microsoft PowerPoint,Software Skill,Role,2
1207,Monitoring,Essential Skill,Role,3
1207,SAS,Software Skill,Transferable,4
1207,Writing,Essential Skill,Role,4
1210,Active Learning,Essential Skill,Role,4
1210,Active Listening,Essential Skill,Role,3
1210,ESRI ArcGIS,Software Skill,Role,2
1210,Google Workspace,Software Skill,Transferable,2
1210,IBM SPSS Statistics,Software Skill,Role,3
1210,Oracle HRIS,Software Skill,Transferable,2
1210,Science,Essential Skill,Role,2
1210,Writing,Essential Skill,Role,2
1211,Active Learning,Essential Skill,Role,4
1211,Active Listening,Essential Skill,Role,3
1211,Adobe Acrobat,Software Skill,Role,3
1211,Adobe Creative Cloud,Software Skill,Role,4
1211,Adobe Photoshop,Software Skill,Role,4
1211,Critical Thinking,Essential Skill,Role,5
1211,Microsoft Office,Software Skill,Role,3
1211,Microsoft Outlook,Software Skill,Role,5
1211,Reading Comprehension,Essential Skill,Role,4
1211,Salesforce,Software Skill,Role,4
1211,Speaking,Essential Skill,Role,3
1212,Active Learning,Essential Skill,Role,2
1212,Active Listening,Essential Skill,Role,3
1212,Adobe Creative Cloud,Software Skill,Role,3
1212,Adobe Photoshop,Software Skill,Role,4
1212,Critical Thinking,Essential Skill,Role,3
1212,Mathematics,Essential Skill,Role,4
1212,Microsoft Excel,Software Skill,Role,4
1212,Salesforce,Software Skill,Role,2
1212,Writing,Essential Skill,Role,2
1215,Active Learning,Essential Skill,Role,5
1215,Critical Thinking,Essential Skill,Role,4
1215,Google Analytics,Software Skill,Role,4
1215,Learning Strategies,Essential Skill,Role,3
1215,MATLAB,Software Skill,Transferable,4
1215,Microsoft Excel,Software Skill,Role,3
1215,Microsoft Office,Software Skill,Role,3
1215,Reading Comprehension,Essential Skill,Role,3
1215,Speaking,Essential Skill,Role,4
1215,Writing,Essential Skill,Role,4
1216,Active Learning,Essential Skill,Role,3
1216,Active Listening,Essential Skill,Role,3
1216,Microsoft Excel,Software Skill,Role,5
1216,Microsoft Office,Software Skill,Role,4
1216,Monitoring,Essential Skill,Role,4
1216,Speaking,Essential Skill,Role,3
1217,Active Learning,Essential Skill,Role,4
1217,Active Listening,Essential Skill,Role,4
1217,Adobe Acrobat,Software Skill,Role,3
1217,Google Docs,Software Skill,Transferable,5
1217,IBM SPSS Statistics,Software Skill,Role,4
1217,Microsoft Excel,Software Skill,Role,4
1217,Microsoft Office,Software Skill,Role,4
1217,Microsoft Project,Software Skill,Role,4
1217,Microsoft SharePoint,Software Skill,Role,5
1217,Microsoft Visio,Software Skill,Role,4
1217,Monitoring,Essential Skill,Role,4
1217,Speaking,Essential Skill,Role,4
1217,Writing,Essential Skill,Role,4
1218,Active Learning,Essential Skill,Role,4
1218,Active Listening,Essential Skill,Role,3
1218,Adobe Acrobat,Software Skill,Role,5
1218,Adobe Creative Cloud,Software Skill,Role,4
1218,Adobe Illustrator,Software Skill,Role,4
1218,Critical Thinking,Essential Skill,Role,4
1218,Microsoft Office,Software Skill,Role,3
1218,Microsoft PowerPoint,Software Skill,Role,4
1218,Microsoft Project,Software Skill,Transferable,3
1218,Monitoring,Essential Skill,Role,4
1218,Reading Comprehension,Essential Skill,Role,4
1218,SAS,Software Skill,Transferable,3
1219,MEDITECH,Software Skill,Role,3
1219,Microsoft Outlook,Software Skill,Role,3
1219,Microsoft Word,Software Skill,Role,2
1219,Monitoring,Essential Skill,Role,3
1219,Reading Comprehension,Essential Skill,Role,3
1219,Science,Essential Skill,Role,1
1220,Adobe InDesign,Software Skill,Role,3
1220,Adobe Photoshop,Software Skill,Role,4
1220,Critical Thinking,Essential Skill,Role,4
1220,Electronic Medical Record (EMR),Software Skill,Transferable,3
1220,HubSpot,Software Skill,Transferable,2
1220,Microsoft Excel,Software Skill,Role,3
1220,Microsoft Office,Software Skill,Role,4
1220,Monitoring,Essential Skill,Role,3
1220,Speaking,Essential Skill,Role,3
1220,Writing,Essential Skill,Role,3
1221,Autodesk AutoCAD,Software Skill,Transferable,3
1221,Critical Thinking,Essential Skill,Role,3
1221,Google Docs,Software Skill,Role,4
1221,Microsoft Office,Software Skill,Role,4
1221,Microsoft PowerPoint,Software Skill,Role,3
1221,Monitoring,Essential Skill,Role,2
1221,Reading Comprehension,Essential Skill,Role,4
1221,SAP,Software Skill,Role,3
1221,Salesforce,Software Skill,Transferable,2
1221,Science,Essential Skill,Role,4
1224,Active Listening,Essential Skill,Role,4
1224,Google Docs,Software Skill,Role,4
1224,MEDITECH,Software Skill,Role,4
1224,Microsoft Outlook,Software Skill,Role,4
1224,Microsoft PowerPoint,Software Skill,Role,4
1224,Microsoft SharePoint,Software Skill,Transferable,3
1224,SAP,Software Skill,Role,3
1224,Workday,Software Skill,Transferable,4
1225,Critical Thinking,Essential Skill,Role,4
1225,HubSpot,Software Skill,Transferable,4
1225,IBM SPSS Statistics,Software Skill,Role,3
1225,Mathematics,Essential Skill,Role,3
1225,Microsoft Excel,Software Skill,Role,4
1225,Microsoft Office,Software Skill,Role,4
1225,Microsoft Project,Software Skill,Role,3
1225,Python,Software Skill,Role,4
1225,R,Software Skill,Role,5
1225,Reading Comprehension,Essential Skill,Role,4
1225,Science,Essential Skill,Role,3
1225,Speaking,Essential Skill,Role,3
1226,Active Listening,Essential Skill,Role,3
1226,Critical Thinking,Essential Skill,Role,3
1226,Email,Software Skill,Transferable,3
1226,HubSpot,Software Skill,Role,2
1226,MEDITECH,Software Skill,Transferable,2
1226,Microsoft Outlook,Software Skill,Role,3
1226,Monitoring,Essential Skill,Role,3
1226,Reading Comprehension,Essential Skill,Role,3
1226,Speaking,Essential Skill,Role,3
1228,Active Learning,Essential Skill,Role,4
1228,Active Listening,Essential Skill,Role,3
1228,Adobe Acrobat,Software Skill,Role,4
1228,Adobe InDesign,Software Skill,Role,4
1228,Email,Software Skill,Transferable,3
1228,Microsoft Office,Software Skill,Role,4
1228,Microsoft Outlook,Software Skill,Role,3
1231,Active Listening,Essential Skill,Role,4
1231,Applicant Tracking System (ATS),Software Skill,Role,3
1231,Cisco Webex,Software Skill,Role,4
1231,Critical Thinking,Essential Skill,Role,4
1231,Learning Strategies,Essential Skill,Role,4
1231,Microsoft Excel,Software Skill,Role,3
1231,Microsoft Outlook,Software Skill,Role,4
1231,Microsoft PowerPoint,Software Skill,Role,4
1231,Monitoring,Essential Skill,Role,3
1231,Oracle HRIS,Software Skill,Role,4
1231,Reading Comprehension,Essential Skill,Role,4
1231,Workday,Software Skill,Role,4
1233,Adobe Creative Cloud,Software Skill,Role,4
1233,R,Software Skill,Transferable,4
1233,Speaking,Essential Skill,Role,3
1233,Writing,Essential Skill,Role,3
1234,Active Listening,Essential Skill,Role,2
1234,Google Docs,Software Skill,Role,2
1234,MEDITECH,Software Skill,Role,3
1234,Microsoft Excel,Software Skill,Role,3
1234,Microsoft Outlook,Software Skill,Role,3
1234,Reading Comprehension,Essential Skill,Role,3
1234,Writing,Essential Skill,Role,3
1235,Active Learning,Essential Skill,Role,2
1235,Adobe Photoshop,Software Skill,Role,4
1235,Mathematics,Essential Skill,Role,3
1235,R,Software Skill,Role,3
1235,Reading Comprehension,Essential Skill,Role,3
1235,Workday,Software Skill,Transferable,3
1237,Adobe Acrobat,Software Skill,Role,4
1237,Adobe InDesign,Software Skill,Role,3
1237,Adobe Photoshop,Software Skill,Role,3
1237,Amazon Web Services (AWS),Software Skill,Transferable,3
1237,Critical Thinking,Essential Skill,Role,4
1237,IBM SPSS Statistics,Software Skill,Transferable,3
1237,Learning Strategies,Essential Skill,Role,3
1237,Microsoft Excel,Software Skill,Role,2
1237,Microsoft Office,Software Skill,Role,3
1237,Monitoring,Essential Skill,Role,4
1237,SAP,Software Skill,Role,3
1237,Speaking,Essential Skill,Role,4
1238,Active Learning,Essential Skill,Role,4
1238,Adobe Photoshop,Software Skill,Role,3
1238,Critical Thinking,Essential Skill,Role,4
1238,Microsoft Excel,Software Skill,Role,2
1239,Active Learning,Essential Skill,Role,3
1239,Adobe Acrobat,Software Skill,Role,2
1239,Adobe After Effects,Software Skill,Transferable,2
1239,Adobe Illustrator,Software Skill,Role,3
1239,Adobe InDesign,Software Skill,Role,3
1239,Critical Thinking,Essential Skill,Role,3
1239,Mathematics,Essential Skill,Role,3
1239,Microsoft Office,Software Skill,Role,2
1240,Adobe Illustrator,Software Skill,Role,3
1240,Adobe InDesign,Software Skill,Role,4
1240,Adobe Photoshop,Software Skill,Role,3
1240,Cisco Webex,Software Skill,Transferable,4
1240,Mathematics,Essential Skill,Role,4
1240,Microsoft Excel,Software Skill,Role,1
1240,Microsoft Office,Software Skill,Role,2
1240,Microsoft Word,Software Skill,Transferable,3
1240,Salesforce,Software Skill,Role,3
1241,Active Learning,Essential Skill,Role,2
1241,Critical Thinking,Essential Skill,Role,4
1241,ESRI ArcGIS,Software Skill,Role,4
1241,Google Workspace,Software Skill,Transferable,2
1241,IBM SPSS Statistics,Software Skill,Role,3
1241,MATLAB,Software Skill,Role,3
1241,Python,Software Skill,Role,3
1241,R,Software Skill,Role,5
1241,Reading Comprehension,Essential Skill,Role,3
1241,Salesforce,Software Skill,Transferable,2
1242,Active Listening,Essential Skill,Role,4
1242,ESRI ArcGIS,Software Skill,Role,5
1242,IBM SPSS Statistics,Software Skill,Role,4
1242,Microsoft Access,Software Skill,Role,5
1242,Microsoft Excel,Software Skill,Role,5
1242,Microsoft Office,Software Skill,Role,4
1242,Microsoft PowerPoint,Software Skill,Role,3
1242,Microsoft SharePoint,Software Skill,Role,4
1242,Microsoft Visio,Software Skill,Role,4
1242,Reading Comprehension,Essential Skill,Role,5
1242,Science,Essential Skill,Role,4
1242,Speaking,Essential Skill,Role,4
1242,Writing,Essential Skill,Role,4
1243,Active Learning,Essential Skill,Role,5
1243,Adobe Illustrator,Software Skill,Role,3
1243,Critical Thinking,Essential Skill,Role,3
1243,Email,Software Skill,Transferable,4
1243,MEDITECH,Software Skill,Transferable,4
1243,Mathematics,Essential Skill,Role,4
1243,Microsoft Excel,Software Skill,Role,3
1243,Reading Comprehension,Essential Skill,Role,3
1243,Salesforce,Software Skill,Role,3
1243,Speaking,Essential Skill,Role,4
1244,Active Learning,Essential Skill,Role,3
1244,Adobe Photoshop,Software Skill,Role,4
1244,Critical Thinking,Essential Skill,Role,3
1244,ESRI ArcGIS,Software Skill,Role,3
1244,Microsoft Excel,Software Skill,Role,3
1244,Microsoft Project,Software Skill,Role,3
1244,Python,Software Skill,Role,3
1244,Reading Comprehension,Essential Skill,Role,3
1245,Active Learning,Essential Skill,Role,4
1245,Active Listening,Essential Skill,Role,4
1245,Adobe Photoshop,Software Skill,Role,4
1245,Critical Thinking,Essential Skill,Role,3
1245,Learning Strategies,Essential Skill,Role,4
1245,Microsoft Azure,Software Skill,Transferable,4
1245,Microsoft Outlook,Software Skill,Role,4
1245,Microsoft PowerPoint,Software Skill,Role,4
1245,Microsoft Visio,Software Skill,Transferable,4
1245,Reading Comprehension,Essential Skill,Role,3
1245,Speaking,Essential Skill,Role,4
1245,Writing,Essential Skill,Role,4
1246,Active Learning,Essential Skill,Role,3
1246,Critical Thinking,Essential Skill,Role,3
1246,ESRI ArcGIS,Software Skill,Role,2
1246,Electronic Medical Record (EMR),Software Skill,Transferable,3
1246,IBM SPSS Statistics,Software Skill,Role,2
1246,MATLAB,Software Skill,Role,2
1246,Mathematics,Essential Skill,Role,2
1246,Microsoft Excel,Software Skill,Role,3
1246,Monitoring,Essential Skill,Transferable,3
1246,R,Software Skill,Role,3
1246,Reading Comprehension,Essential Skill,Role,2
1246,Writing,Essential Skill,Role,3
1248,Active Learning,Essential Skill,Role,2
1248,Adobe InDesign,Software Skill,Transferable,3
1248,Electronic Medical Record (EMR),Software Skill,Transferable,3
1248,MATLAB,Software Skill,Role,2
1248,R,Software Skill,Role,2
1248,Speaking,Essential Skill,Role,4
1248,Writing,Essential Skill,Role,4
1249,Adobe Photoshop,Software Skill,Role,3
1249,Atlassian JIRA,Software Skill,Transferable,2
1249,ESRI ArcGIS,Software Skill,Role,4
1249,Microsoft Office,Software Skill,Role,3
1249,R,Software Skill,Role,3
1249,Reading Comprehension,Essential Skill,Role,3
1249,SAS,Software Skill,Role,2
1249,Science,Essential Skill,Role,3
1249,Writing,Essential Skill,Role,3
1250,IBM SPSS Statistics,Software Skill,Role,5
1250,Microsoft Excel,Software Skill,Role,5
1250,Microsoft PowerPoint,Software Skill,Role,4
1250,Microsoft SharePoint,Software Skill,Role,5
1250,Monitoring,Essential Skill,Role,4
1250,Reading Comprehension,Essential Skill,Role,2
1250,Science,Essential Skill,Role,4
1250,Writing,Essential Skill,Role,5
1251,Apache Hadoop,Software Skill,Role,3
1251,Critical Thinking,Essential Skill,Role,3
1251,Google Docs,Software Skill,Transferable,2
1251,Google Workspace,Software Skill,Role,2
1251,Microsoft Office,Software Skill,Role,3
1251,Monitoring,Essential Skill,Role,3
1251,Python,Software Skill,Transferable,3
1251,Reading Comprehension,Essential Skill,Role,4
1251,Speaking,Essential Skill,Role,2
1251,Writing,Essential Skill,Role,2
1252,Active Learning,Essential Skill,Role,4
1252,Active Listening,Essential Skill,Role,3
1252,Adobe Photoshop,Software Skill,Transferable,3
1252,Critical Thinking,Essential Skill,Role,4
1252,Linux,Software Skill,Role,3
1252,Mathematics,Essential Skill,Role,4
1252,Microsoft Azure,Software Skill,Role,3
1252,Microsoft Office,Software Skill,Role,3
1252,Microsoft Outlook,Software Skill,Role,3
1252,Microsoft SharePoint,Software Skill,Transferable,4
1252,Monitoring,Essential Skill,Role,3
1254,Active Learning,Essential Skill,Role,3
1254,Active Listening,Essential Skill,Role,2
1254,Adobe Illustrator,Software Skill,Role,2
1254,MATLAB,Software Skill,Transferable,4
1254,Mathematics,Essential Skill,Role,3
1254,Microsoft Excel,Software Skill,Role,3
1254,Microsoft Office,Software Skill,Role,3
1254,Microsoft Outlook,Software Skill,Role,4
1254,Python,Software Skill,Transferable,2
1254,Salesforce,Software Skill,Role,3
1254,Speaking,Essential Skill,Role,3
1255,Adobe Acrobat,Software Skill,Role,4
1255,Critical Thinking,Essential Skill,Role,4
1255,ESRI ArcGIS,Software Skill,Role,5
1255,IBM SPSS Statistics,Software Skill,Role,4
1255,Microsoft Access,Software Skill,Role,4
1255,Microsoft Office,Software Skill,Role,4
1255,Microsoft PowerPoint,Software Skill,Role,4
1255,Microsoft Project,Software Skill,Role,4
1255,Reading Comprehension,Essential Skill,Role,3
1255,SAP,Software Skill,Transferable,4
1255,Science,Essential Skill,Role,5
1255,Writing,Essential Skill,Role,4
1256,Active Listening,Essential Skill,Role,4
1256,Adobe Acrobat,Software Skill,Role,3
1256,Adobe Creative Cloud,Software Skill,Transferable,4
1256,Amazon Web Services (AWS),Software Skill,Transferable,3
1256,Atlassian JIRA,Software Skill,Role,3
1256,Autodesk AutoCAD,Software Skill,Role,4
1256,Critical Thinking,Essential Skill,Role,3
1256,Learning Strategies,Essential Skill,Role,4
1256,Microsoft Excel,Software Skill,Role,4
1256,Microsoft Office,Software Skill,Role,4
1256,Microsoft PowerPoint,Software Skill,Role,4
1256,Reading Comprehension,Essential Skill,Role,3
1256,Writing,Essential Skill,Role,5
1257,Adobe Photoshop,Software Skill,Role,4
1257,Critical Thinking,Essential Skill,Role,4
1257,IBM SPSS Statistics,Software Skill,Role,3
1257,Mathematics,Essential Skill,Role,4
1257,Microsoft Excel,Software Skill,Role,4
1257,Speaking,Essential Skill,Role,3
1258,Active Learning,Essential Skill,Role,3
1258,Active Listening,Essential Skill,Role,2
1258,Critical Thinking,Essential Skill,Role,3
1258,Email,Software Skill,Role,2
1258,Google Workspace,Software Skill,Transferable,2
1258,Microsoft Office,Software Skill,Role,4
1258,Microsoft Outlook,Software Skill,Role,3
1258,Monitoring,Essential Skill,Role,3
1258,Reading Comprehension,Essential Skill,Role,3
1258,Speaking,Essential Skill,Role,4
1258,Writing,Essential Skill,Role,3
1259,Active Learning,Essential Skill,Role,2
1259,IBM SPSS Statistics,Software Skill,Role,3
1259,MATLAB,Software Skill,Role,2
1259,Microsoft Excel,Software Skill,Role,3
1259,Microsoft Office,Software Skill,Role,3
1259,Science,Essential Skill,Role,3
1259,Writing,Essential Skill,Role,2
1260,Active Learning,Essential Skill,Role,2
1260,Active Listening,Essential Skill,Role,4
1260,Adobe Acrobat,Software Skill,Transferable,3
1260,Amazon Web Services (AWS),Software Skill,Role,3
1260,Critical Thinking,Essential Skill,Role,2
1260,ESRI ArcGIS,Software Skill,Transferable,3
1260,Microsoft Office,Software Skill,Role,3
1263,Active Listening,Essential Skill,Role,5
1263,Adobe Acrobat,Software Skill,Role,4
1263,IBM SPSS Statistics,Software Skill,Role,4
1263,Linux,Software Skill,Transferable,3
1263,Microsoft PowerPoint,Software Skill,Role,4
1263,Reading Comprehension,Essential Skill,Role,4
1263,Writing,Essential Skill,Role,4
1264,Active Learning,Essential Skill,Role,4
1264,Active Listening,Essential Skill,Role,4
1264,Adobe Acrobat,Software Skill,Role,3
1264,Critical Thinking,Essential Skill,Role,4
1264,IBM SPSS Statistics,Software Skill,Role,4
1264,Microsoft Excel,Software Skill,Role,2
1264,Microsoft Office,Software Skill,Role,4
1264,Monitoring,Essential Skill,Role,3
1264,Reading Comprehension,Essential Skill,Role,4
1264,Science,Essential Skill,Role,3
1265,Adobe Photoshop,Software Skill,Role,3
1265,Autodesk AutoCAD,Software Skill,Transferable,3
1265,Critical Thinking,Essential Skill,Role,3
1265,MATLAB,Software Skill,Role,4
1265,Mathematics,Essential Skill,Role,3
1265,Microsoft Office,Software Skill,Role,3
1265,R,Software Skill,Role,2
1265,SAS,Software Skill,Role,3
1265,Science,Essential Skill,Role,3
1265,Speaking,Essential Skill,Role,3
1265,Writing,Essential Skill,Role,3
1267,Active Learning,Essential Skill,Role,3
1267,Active Listening,Essential Skill,Role,4
1267,Adobe Photoshop,Software Skill,Role,4
1267,Atlassian Confluence,Software Skill,Role,5
1267,Autodesk AutoCAD,Software Skill,Role,4
1267,Critical Thinking,Essential Skill,Role,4
1267,Learning Strategies,Essential Skill,Role,4
1267,Microsoft Office,Software Skill,Role,4
1267,Microsoft PowerPoint,Software Skill,Role,4
1267,Monitoring,Essential Skill,Role,4
1267,R,Software Skill,Transferable,4
1267,Reading Comprehension,Essential Skill,Role,5
1267,Speaking,Essential Skill,Role,5
1267,Writing,Essential Skill,Role,4
1268,Active Listening,Essential Skill,Role,4
1268,Adobe Acrobat,Software Skill,Role,4
1268,Adobe Illustrator,Software Skill,Role,3
1268,Adobe InDesign,Software Skill,Role,5
1268,Adobe Photoshop,Software Skill,Role,5
1268,Apache Hadoop,Software Skill,Transferable,4
1268,Apple macOS,Software Skill,Transferable,4
1268,Mathematics,Essential Skill,Role,4
1268,Microsoft Office,Software Skill,Role,4
1268,Microsoft Outlook,Software Skill,Role,4
1268,Microsoft PowerPoint,Software Skill,Role,4
1268,Monitoring,Essential Skill,Role,3
1269,Active Listening,Essential Skill,Role,3
1269,Adobe Photoshop,Software Skill,Role,2
1269,Mathematics,Essential Skill,Role,2
1269,Writing,Essential Skill,Role,3
1270,Active Learning,Essential Skill,Role,3
1270,Adobe Photoshop,Software Skill,Role,2
1270,Microsoft Excel,Software Skill,Role,3
1270,Microsoft Office,Software Skill,Role,2
1270,Microsoft Project,Software Skill,Role,2
1270,Writing,Essential Skill,Role,3
1273,IBM SPSS Statistics,Software Skill,Role,1
1273,Microsoft Azure,Software Skill,Transferable,2
1273,Microsoft Office,Software Skill,Role,2
1273,Salesforce,Software Skill,Role,1
1273,Writing,Essential Skill,Role,3
1275,Adobe After Effects,Software Skill,Transferable,2
1275,ESRI ArcGIS,Software Skill,Role,3
1275,MATLAB,Software Skill,Role,3
1275,Mathematics,Essential Skill,Role,4
1275,Microsoft Office,Software Skill,Role,3
1275,Microsoft Project,Software Skill,Role,2
1275,R,Software Skill,Role,2
1275,Writing,Essential Skill,Role,3
1277,Active Learning,Essential Skill,Role,4
1277,Active Listening,Essential Skill,Role,4
1277,Adobe Photoshop,Software Skill,Role,4
1277,Apple macOS,Software Skill,Role,4
1277,Critical Thinking,Essential Skill,Role,4
1277,Microsoft Excel,Software Skill,Role,5
1277,Microsoft PowerPoint,Software Skill,Role,4
1277,Monitoring,Essential Skill,Role,5
1277,Reading Comprehension,Essential Skill,Role,4
1277,Speaking,Essential Skill,Role,5
1277,Workday,Software Skill,Transferable,4
1278,Active Listening,Essential Skill,Role,4
1278,Adobe Acrobat,Software Skill,Transferable,4
1278,Amazon Web Services (AWS),Software Skill,Role,4
1278,Learning Strategies,Essential Skill,Transferable,4
1278,Speaking,Essential Skill,Role,4
1279,Active Learning,Essential Skill,Role,2
1279,Atlassian Confluence,Software Skill,Transferable,3
1279,Critical Thinking,Essential Skill,Role,3
1279,Google Docs,Software Skill,Role,3
1279,Learning Strategies,Essential Skill,Transferable,3
1279,Microsoft Excel,Software Skill,Role,2
1279,Microsoft Office,Software Skill,Role,2
1279,Microsoft PowerPoint,Software Skill,Role,3
1279,Monitoring,Essential Skill,Role,2
1279,Science,Essential Skill,Role,2
1280,Active Listening,Essential Skill,Role,4
1280,Adobe Acrobat,Software Skill,Role,4
1280,Adobe Creative Cloud,Software Skill,Transferable,3
1280,Apple macOS,Software Skill,Role,4
1280,Atlassian JIRA,Software Skill,Role,4
1280,Cisco Webex,Software Skill,Transferable,4
1280,Google Analytics,Software Skill,Role,3
1280,Microsoft Office,Software Skill,Role,4
1280,Microsoft PowerPoint,Software Skill,Role,3
1280,Monitoring,Essential Skill,Role,4
1280,Reading Comprehension,Essential Skill,Role,4
1281,Active Listening,Essential Skill,Role,3
1281,Adobe Acrobat,Software Skill,Role,2
1281,Microsoft Excel,Software Skill,Role,4
1281,Microsoft PowerPoint,Software Skill,Role,3
1281,Reading Comprehension,Essential Skill,Role,3
1281,Salesforce,Software Skill,Role,3
1282,Active Learning,Essential Skill,Role,5
1282,Active Listening,Essential Skill,Role,5
1282,Adobe Acrobat,Software Skill,Role,5
1282,Adobe Photoshop,Software Skill,Role,4
1282,Atlassian Confluence,Software Skill,Role,5
1282,Autodesk AutoCAD,Software Skill,Role,3
1282,Google Analytics,Software Skill,Role,5
1282,Microsoft Excel,Software Skill,Role,4
1282,Microsoft PowerPoint,Software Skill,Role,4
1282,Monitoring,Essential Skill,Role,5
1282,Reading Comprehension,Essential Skill,Role,4
1282,Writing,Essential Skill,Role,4
1283,Adobe Acrobat,Software Skill,Role,4
1283,Adobe InDesign,Software Skill,Role,4
1283,Autodesk AutoCAD,Software Skill,Role,4
1283,Critical Thinking,Essential Skill,Role,4
1283,Learning Strategies,Essential Skill,Role,5
1283,Microsoft Excel,Software Skill,Role,4
1283,Microsoft Office,Software Skill,Role,5
1283,Microsoft Outlook,Software Skill,Role,5
1283,Microsoft PowerPoint,Software Skill,Role,4
1283,Reading Comprehension,Essential Skill,Role,4
1283,SAP,Software Skill,Role,4
1283,Speaking,Essential Skill,Role,4
1285,Autodesk AutoCAD,Software Skill,Transferable,3
1285,Email,Software Skill,Role,4
1285,MEDITECH,Software Skill,Role,3
1285,Microsoft Excel,Software Skill,Role,3
1285,Microsoft Office,Software Skill,Role,3
1285,Monitoring,Essential Skill,Role,3
1285,Writing,Essential Skill,Role,4
1286,Applicant Tracking System (ATS),Software Skill,Transferable,2
1286,Critical Thinking,Essential Skill,Role,3
1286,Microsoft Office,Software Skill,Role,2
1286,Microsoft PowerPoint,Software Skill,Role,3
1288,Active Listening,Essential Skill,Role,3
1288,Atlassian JIRA,Software Skill,Role,4
1288,Critical Thinking,Essential Skill,Role,4
1288,Microsoft Excel,Software Skill,Role,3
1288,Microsoft Office,Software Skill,Role,4
1288,Microsoft PowerPoint,Software Skill,Role,4
1288,Monitoring,Essential Skill,Role,4
1288,Reading Comprehension,Essential Skill,Role,4
1288,Science,Essential Skill,Transferable,4
1289,Critical Thinking,Essential Skill,Role,2
1289,Microsoft Excel,Software Skill,Role,4
1289,Microsoft Office,Software Skill,Role,3
1289,Microsoft Outlook,Software Skill,Role,4
1289,Microsoft PowerPoint,Software Skill,Role,4
1289,Writing,Essential Skill,Role,4
1291,Adobe Illustrator,Software Skill,Transferable,2
1291,Adobe Photoshop,Software Skill,Role,2
1291,R,Software Skill,Role,1
1291,Science,Essential Skill,Role,3
1292,Active Learning,Essential Skill,Role,4
1292,Active Listening,Essential Skill,Role,3
1292,Adobe Photoshop,Software Skill,Role,4
1292,Critical Thinking,Essential Skill,Role,3
1292,IBM SPSS Statistics,Software Skill,Role,4
1292,Microsoft Excel,Software Skill,Role,4
1292,Microsoft Project,Software Skill,Role,4
1292,R,Software Skill,Role,4
1292,SAS,Software Skill,Role,3
1292,Science,Essential Skill,Role,4
1293,Active Learning,Essential Skill,Role,5
1293,Active Listening,Essential Skill,Role,3
1293,Adobe Acrobat,Software Skill,Role,3
1293,Adobe InDesign,Software Skill,Role,3
1293,Adobe Photoshop,Software Skill,Role,3
1293,Mathematics,Essential Skill,Role,5
1293,Microsoft PowerPoint,Software Skill,Role,4
1293,Monitoring,Essential Skill,Role,4
1293,Reading Comprehension,Essential Skill,Role,4
1293,Salesforce,Software Skill,Role,4
1293,Speaking,Essential Skill,Role,4
1294,Adobe Acrobat,Software Skill,Role,4
1294,Adobe InDesign,Software Skill,Role,4
1294,Adobe Photoshop,Software Skill,Role,4
1294,Learning Strategies,Essential Skill,Role,4
1294,Microsoft Office,Software Skill,Role,4
1294,Microsoft Outlook,Software Skill,Role,4
1294,Microsoft PowerPoint,Software Skill,Role,3
1294,Monitoring,Essential Skill,Role,5
1294,R,Software Skill,Transferable,4
1294,SAP,Software Skill,Role,4
1294,Workday,Software Skill,Transferable,4
1295,Active Learning,Essential Skill,Role,3
1295,Active Listening,Essential Skill,Role,4
1295,Applicant Tracking System (ATS),Software Skill,Transferable,3
1295,Critical Thinking,Essential Skill,Role,5
1295,Google Docs,Software Skill,Transferable,3
1295,Microsoft Access,Software Skill,Role,4
1295,Reading Comprehension,Essential Skill,Role,3
1295,Writing,Essential Skill,Role,4
1296,Email,Software Skill,Role,3
1296,MEDITECH,Software Skill,Role,2
1296,Microsoft Office,Software Skill,Role,3
1296,Microsoft Word,Software Skill,Role,3
1296,Oracle HRIS,Software Skill,Transferable,3
1296,Science,Essential Skill,Role,2
1296,Speaking,Essential Skill,Role,2
1297,Active Learning,Essential Skill,Role,4
1297,Active Listening,Essential Skill,Role,2
1297,Electronic Medical Record (EMR),Software Skill,Role,4
1297,MEDITECH,Software Skill,Role,3
1297,Microsoft Excel,Software Skill,Role,2
1297,Microsoft SharePoint,Software Skill,Transferable,3
1297,Microsoft Word,Software Skill,Role,2
1297,Oracle HRIS,Software Skill,Transferable,3
1297,Reading Comprehension,Essential Skill,Role,3
1297,SAP,Software Skill,Role,3
1297,Speaking,Essential Skill,Role,3
1298,Adobe Photoshop,Software Skill,Role,2
1298,Apple macOS,Software Skill,Transferable,3
1298,Autodesk AutoCAD,Software Skill,Role,3
1298,Critical Thinking,Essential Skill,Role,4
1298,Microsoft Office,Software Skill,Role,2
1298,SAP,Software Skill,Role,4
1298,Speaking,Essential Skill,Role,4
1298,Writing,Essential Skill,Role,3
1299,Active Learning,Essential Skill,Role,3
1299,Apple macOS,Software Skill,Transferable,3
1299,Email,Software Skill,Role,3
1299,Microsoft Outlook,Software Skill,Role,3
1299,Microsoft PowerPoint,Software Skill,Role,4
1299,Microsoft SharePoint,Software Skill,Transferable,3
1299,Monitoring,Essential Skill,Role,3
1299,Reading Comprehension,Essential Skill,Role,3
1299,Speaking,Essential Skill,Role,3
1301,Active Listening,Essential Skill,Role,3
1301,Adobe Illustrator,Software Skill,Transferable,3
1301,Critical Thinking,Essential Skill,Role,3
1301,Microsoft Office,Software Skill,Role,3
1301,Python,Software Skill,Role,3
1301,R,Software Skill,Role,3
1301,SAS,Software Skill,Role,3
1301,Writing,Essential Skill,Role,4
1303,Critical Thinking,Essential Skill,Role,3
1303,ESRI ArcGIS,Software Skill,Role,2
1303,MATLAB,Software Skill,Role,2
1303,Mathematics,Essential Skill,Role,2
1303,Microsoft Excel,Software Skill,Role,2
1303,Microsoft Office,Software Skill,Role,2
1303,Microsoft Project,Software Skill,Role,3
1303,Python,Software Skill,Role,3
1303,Speaking,Essential Skill,Role,3
1304,Active Listening,Essential Skill,Role,3
1304,Adobe Creative Cloud,Software Skill,Role,4
1304,Adobe Illustrator,Software Skill,Role,4
1304,Adobe InDesign,Software Skill,Role,3
1304,Critical Thinking,Essential Skill,Role,4
1304,IBM SPSS Statistics,Software Skill,Transferable,2
1304,MATLAB,Software Skill,Transferable,3
1304,Microsoft Office,Software Skill,Role,4
1304,Monitoring,Essential Skill,Role,4
1304,Salesforce,Software Skill,Role,2
1306,Active Learning,Essential Skill,Role,5
1306,Active Listening,Essential Skill,Role,5
1306,Adobe Acrobat,Software Skill,Role,4
1306,Amazon Web Services (AWS),Software Skill,Transferable,5
1306,Atlassian Confluence,Software Skill,Role,4
1306,Atlassian JIRA,Software Skill,Role,4
1306,Critical Thinking,Essential Skill,Role,5
1306,Learning Strategies,Essential Skill,Role,4
1306,MATLAB,Software Skill,Transferable,3
1306,Microsoft Excel,Software Skill,Role,4
1306,Microsoft Office,Software Skill,Role,5
1306,Microsoft PowerPoint,Software Skill,Role,4
1306,Monitoring,Essential Skill,Role,4
1306,Reading Comprehension,Essential Skill,Role,5
1306,Speaking,Essential Skill,Role,5
1306,Writing,Essential Skill,Role,3
1307,Active Learning,Essential Skill,Role,5
1307,Active Listening,Essential Skill,Role,5
1307,Amazon Web Services (AWS),Software Skill,Transferable,5
1307,Apple macOS,Software Skill,Role,4
1307,Atlassian JIRA,Software Skill,Role,4
1307,Critical Thinking,Essential Skill,Role,5
1307,Google Analytics,Software Skill,Role,5
1307,IBM SPSS Statistics,Software Skill,Transferable,5
1307,Learning Strategies,Essential Skill,Role,3
1307,Microsoft Office,Software Skill,Role,4
1307,Microsoft PowerPoint,Software Skill,Role,5
1307,Monitoring,Essential Skill,Role,4
1307,Reading Comprehension,Essential Skill,Role,5
1307,Speaking,Essential Skill,Role,4
1307,Writing,Essential Skill,Role,4
1308,Adobe Photoshop,Software Skill,Role,3
1308,Linux,Software Skill,Transferable,3
1308,Mathematics,Essential Skill,Role,3
1308,Microsoft Excel,Software Skill,Role,3
1308,Microsoft Office,Software Skill,Role,3
1308,Microsoft Project,Software Skill,Role,2
1308,Python,Software Skill,Role,3
1308,R,Software Skill,Role,4
1308,SAS,Software Skill,Role,4
1308,Speaking,Essential Skill,Role,4
1308,Workday,Software Skill,Transferable,4
1308,Writing,Essential Skill,Role,3
1309,Critical Thinking,Essential Skill,Role,4
1309,Google Docs,Software Skill,Role,3
1309,MEDITECH,Software Skill,Role,3
1309,Microsoft Outlook,Software Skill,Role,3
1309,Monitoring,Essential Skill,Role,3
1309,Reading Comprehension,Essential Skill,Role,4
1309,Writing,Essential Skill,Role,3
1310,Active Learning,Essential Skill,Role,3
1310,Active Listening,Essential Skill,Role,3
1310,Adobe Photoshop,Software Skill,Role,3
1310,IBM SPSS Statistics,Software Skill,Role,4
1310,Microsoft Excel,Software Skill,Role,3
1310,Microsoft Office,Software Skill,Role,2
1310,Python,Software Skill,Role,4
1310,Science,Essential Skill,Role,2
1310,Speaking,Essential Skill,Role,3
1311,Active Learning,Essential Skill,Role,4
1311,Amazon Web Services (AWS),Software Skill,Transferable,3
1311,Electronic Medical Record (EMR),Software Skill,Role,3
1311,Google Docs,Software Skill,Role,4
1311,Microsoft PowerPoint,Software Skill,Role,4
1311,Microsoft Word,Software Skill,Role,4
1311,Monitoring,Essential Skill,Role,4
1311,Reading Comprehension,Essential Skill,Role,3
1311,Speaking,Essential Skill,Role,4
1312,Active Learning,Essential Skill,Role,3
1312,Active Listening,Essential Skill,Role,4
1312,Amazon Web Services (AWS),Software Skill,Role,3
1312,Google Analytics,Software Skill,Transferable,4
1312,Microsoft Azure,Software Skill,Role,3
1312,Microsoft Excel,Software Skill,Role,3
1312,Microsoft Outlook,Software Skill,Role,4
1312,Monitoring,Essential Skill,Role,4
1314,Applicant Tracking System (ATS),Software Skill,Role,4
1314,Critical Thinking,Essential Skill,Role,3
1314,Learning Strategies,Essential Skill,Role,3
1314,Microsoft Excel,Software Skill,Role,4
1314,Microsoft Office,Software Skill,Role,3
1314,Microsoft Outlook,Software Skill,Role,3
1314,Reading Comprehension,Essential Skill,Role,2
1314,Speaking,Essential Skill,Role,2
1315,Active Listening,Essential Skill,Role,3
1315,Apple macOS,Software Skill,Transferable,4
1315,Autodesk AutoCAD,Software Skill,Transferable,3
1315,Electronic Medical Record (EMR),Software Skill,Role,3
1315,Google Docs,Software Skill,Role,3
1315,Microsoft Office,Software Skill,Role,3
1315,Microsoft PowerPoint,Software Skill,Role,3
1315,Reading Comprehension,Essential Skill,Role,4
1315,SAP,Software Skill,Role,3
1317,Active Listening,Essential Skill,Role,4
1317,Adobe Acrobat,Software Skill,Role,4
1317,ESRI ArcGIS,Software Skill,Role,4
1317,HubSpot,Software Skill,Transferable,5
1317,IBM SPSS Statistics,Software Skill,Role,4
1317,Microsoft Access,Software Skill,Role,4
1317,Microsoft PowerPoint,Software Skill,Role,5
1317,Microsoft Project,Software Skill,Role,5
1317,Monitoring,Essential Skill,Role,3
1317,Reading Comprehension,Essential Skill,Role,4
1317,Science,Essential Skill,Role,3
1317,Writing,Essential Skill,Role,5
1318,Active Learning,Essential Skill,Role,3
1318,Active Listening,Essential Skill,Role,4
1318,Adobe Illustrator,Software Skill,Role,4
1318,Mathematics,Essential Skill,Role,4
1318,Microsoft Office,Software Skill,Role,3
1318,Microsoft Outlook,Software Skill,Role,4
1318,Microsoft PowerPoint,Software Skill,Role,3
1318,Reading Comprehension,Essential Skill,Role,3
1318,Salesforce,Software Skill,Role,3
1318,Writing,Essential Skill,Role,4
1319,Active Learning,Essential Skill,Role,4
1319,Adobe Acrobat,Software Skill,Role,2
1319,Adobe Illustrator,Software Skill,Role,3
1319,Adobe Photoshop,Software Skill,Role,4
1319,Microsoft Excel,Software Skill,Role,3
1319,Microsoft Office,Software Skill,Role,4
1319,Microsoft PowerPoint,Software Skill,Role,4
1319,Reading Comprehension,Essential Skill,Role,3
1319,SAS,Software Skill,Transferable,4
1319,Writing,Essential Skill,Role,4
1321,Adobe Creative Cloud,Software Skill,Transferable,3
1321,Adobe Photoshop,Software Skill,Role,4
1321,Autodesk AutoCAD,Software Skill,Role,2
1321,Email,Software Skill,Transferable,4
1321,Microsoft Excel,Software Skill,Role,4
1321,Microsoft PowerPoint,Software Skill,Role,3
1321,Monitoring,Essential Skill,Role,4
1321,Reading Comprehension,Essential Skill,Role,3
1321,Writing,Essential Skill,Role,3
1322,Active Learning,Essential Skill,Role,5
1322,Adobe Photoshop,Software Skill,Role,3
1322,Atlassian JIRA,Software Skill,Transferable,3
1322,IBM SPSS Statistics,Software Skill,Transferable,2
1322,Microsoft Office,Software Skill,Role,2
1324,Active Listening,Essential Skill,Role,3
1324,Adobe Acrobat,Software Skill,Role,3
1324,Adobe Creative Cloud,Software Skill,Role,4
1324,Adobe Photoshop,Software Skill,Role,3
1324,Critical Thinking,Essential Skill,Role,4
1324,ESRI ArcGIS,Software Skill,Transferable,4
1324,Microsoft Office,Software Skill,Role,5
1324,Microsoft Outlook,Software Skill,Role,2
1324,Microsoft SharePoint,Software Skill,Transferable,3
1324,Monitoring,Essential Skill,Role,3
1324,Salesforce,Software Skill,Role,4
1324,Writing,Essential Skill,Role,3
1329,Active Listening,Essential Skill,Role,3
1329,Adobe Acrobat,Software Skill,Role,4
1329,Adobe InDesign,Software Skill,Role,3
1329,Monitoring,Essential Skill,Role,4
1329,Reading Comprehension,Essential Skill,Role,3
1329,Speaking,Essential Skill,Role,3
1331,Active Learning,Essential Skill,Role,3
1331,Apple macOS,Software Skill,Role,3
1331,Critical Thinking,Essential Skill,Role,3
1331,MATLAB,Software Skill,Transferable,2
1331,Microsoft PowerPoint,Software Skill,Role,3
1331,Reading Comprehension,Essential Skill,Role,3
1331,Salesforce,Software Skill,Role,3
1331,Speaking,Essential Skill,Role,3
1333,Amazon Web Services (AWS),Software Skill,Transferable,3
1333,Electronic Medical Record (EMR),Software Skill,Role,2
1333,MEDITECH,Software Skill,Role,3
1333,Microsoft Outlook,Software Skill,Role,3
1333,Microsoft PowerPoint,Software Skill,Role,3
1333,Microsoft Project,Software Skill,Transferable,2
1333,Reading Comprehension,Essential Skill,Role,3
1333,Writing,Essential Skill,Role,3
1334,Active Learning,Essential Skill,Role,4
1334,Adobe Acrobat,Software Skill,Role,3
1334,Apple macOS,Software Skill,Role,4
1334,Critical Thinking,Essential Skill,Role,3
1334,Reading Comprehension,Essential Skill,Role,5
1334,Speaking,Essential Skill,Role,4
1334,Writing,Essential Skill,Role,2
1336,Active Learning,Essential Skill,Role,5
1336,Active Listening,Essential Skill,Role,5
1336,Adobe Acrobat,Software Skill,Role,4
1336,Adobe Photoshop,Software Skill,Role,4
1336,Apple macOS,Software Skill,Role,4
1336,Autodesk AutoCAD,Software Skill,Role,4
1336,Critical Thinking,Essential Skill,Role,5
1336,Learning Strategies,Essential Skill,Role,4
1336,Microsoft Excel,Software Skill,Role,4
1336,Microsoft Office,Software Skill,Role,5
1336,Microsoft PowerPoint,Software Skill,Role,4
1336,Python,Software Skill,Transferable,4
1336,Writing,Essential Skill,Role,4
1338,Active Listening,Essential Skill,Role,4
1338,Apple macOS,Software Skill,Role,5
1338,Atlassian Confluence,Software Skill,Role,5
1338,Autodesk AutoCAD,Software Skill,Role,5
1338,Learning Strategies,Essential Skill,Role,4
1338,MEDITECH,Software Skill,Transferable,5
1338,Microsoft Excel,Software Skill,Role,4
1338,Microsoft Office,Software Skill,Role,5
1338,Microsoft PowerPoint,Software Skill,Role,5
1338,Microsoft Project,Software Skill,Transferable,3
1338,Speaking,Essential Skill,Role,4
1340,Active Learning,Essential Skill,Role,2
1340,Adobe Photoshop,Software Skill,Role,2
1340,MATLAB,Software Skill,Role,3
1340,Microsoft Excel,Software Skill,Role,3
1340,Microsoft Office,Software Skill,Role,2
1340,Microsoft Visio,Software Skill,Transferable,2
1340,R,Software Skill,Role,2
1340,Science,Essential Skill,Role,3
1340,Speaking,Essential Skill,Role,1
1344,Apache Hadoop,Software Skill,Role,4
1344,Linux,Software Skill,Role,2
1344,Microsoft Azure,Software Skill,Role,3
1344,Microsoft Office,Software Skill,Role,3
1344,Monitoring,Essential Skill,Role,3
1344,Speaking,Essential Skill,Role,2
1344,Writing,Essential Skill,Role,3
1346,Active Learning,Essential Skill,Role,4
1346,Critical Thinking,Essential Skill,Role,3
1346,ESRI ArcGIS,Software Skill,Role,3
1346,HubSpot,Software Skill,Transferable,4
1346,MATLAB,Software Skill,Role,2
1346,Mathematics,Essential Skill,Role,3
1346,Microsoft Office,Software Skill,Role,3
1346,Science,Essential Skill,Role,3
1349,Adobe Acrobat,Software Skill,Role,3
1349,Adobe Illustrator,Software Skill,Role,4
1349,Atlassian Confluence,Software Skill,Transferable,4
1349,Google Analytics,Software Skill,Transferable,4
1349,Microsoft Office,Software Skill,Role,2
1349,Microsoft PowerPoint,Software Skill,Role,3
1349,Monitoring,Essential Skill,Role,4
1350,Active Learning,Essential Skill,Role,4
1350,Critical Thinking,Essential Skill,Role,3
1350,IBM SPSS Statistics,Software Skill,Role,4
1350,Microsoft Project,Software Skill,Role,4
1350,Reading Comprehension,Essential Skill,Role,4
1350,Writing,Essential Skill,Role,3
1352,Active Listening,Essential Skill,Role,4
1352,Adobe Acrobat,Software Skill,Role,5
1352,Atlassian Confluence,Software Skill,Role,4
1352,Atlassian JIRA,Software Skill,Role,5
1352,Autodesk AutoCAD,Software Skill,Role,4
1352,Google Analytics,Software Skill,Role,4
1352,Reading Comprehension,Essential Skill,Role,5
1355,Active Listening,Essential Skill,Role,3
1355,Adobe Creative Cloud,Software Skill,Role,3
1355,Adobe InDesign,Software Skill,Role,3
1355,Adobe Photoshop,Software Skill,Role,3
1355,Critical Thinking,Essential Skill,Role,3
1355,Mathematics,Essential Skill,Role,3
1355,Microsoft PowerPoint,Software Skill,Role,3
1355,Microsoft Project,Software Skill,Transferable,2
1356,Adobe Creative Cloud,Software Skill,Role,4
1356,Adobe Illustrator,Software Skill,Role,3
1356,Critical Thinking,Essential Skill,Role,3
1356,Email,Software Skill,Transferable,4
1356,Google Docs,Software Skill,Transferable,4
1356,Microsoft Excel,Software Skill,Role,3
1356,Microsoft PowerPoint,Software Skill,Role,3
1356,Reading Comprehension,Essential Skill,Role,3
1356,Speaking,Essential Skill,Role,4
1356,Writing,Essential Skill,Role,3
1358,Electronic Medical Record (EMR),Software Skill,Role,3
1358,Email,Software Skill,Role,3
1358,Microsoft Office,Software Skill,Role,2
1358,Microsoft Word,Software Skill,Role,3
1358,Reading Comprehension,Essential Skill,Role,3
1358,SAP,Software Skill,Role,3
1358,Science,Essential Skill,Role,3
1358,Speaking,Essential Skill,Role,2
1360,Active Learning,Essential Skill,Role,4
1360,Adobe After Effects,Software Skill,Role,4
1360,Adobe Photoshop,Software Skill,Role,4
1360,Autodesk AutoCAD,Software Skill,Role,4
1360,Critical Thinking,Essential Skill,Role,4
1360,Learning Strategies,Essential Skill,Role,4
1360,Microsoft Office,Software Skill,Role,4
1360,Microsoft Outlook,Software Skill,Role,3
1360,Microsoft PowerPoint,Software Skill,Role,4
1360,Microsoft SharePoint,Software Skill,Transferable,3
1360,Monitoring,Essential Skill,Role,5
1360,Reading Comprehension,Essential Skill,Role,4
1360,Speaking,Essential Skill,Role,4
1360,Writing,Essential Skill,Role,4
1361,Active Listening,Essential Skill,Role,3
1361,Apache Hadoop,Software Skill,Transferable,2
1361,Critical Thinking,Essential Skill,Role,4
1361,Electronic Medical Record (EMR),Software Skill,Role,3
1361,Email,Software Skill,Role,4
1361,Microsoft Excel,Software Skill,Role,4
1361,Monitoring,Essential Skill,Role,4
1361,Reading Comprehension,Essential Skill,Role,4
1361,Speaking,Essential Skill,Role,4
1361,Workday,Software Skill,Transferable,3
1362,Active Learning,Essential Skill,Role,3
1362,Active Listening,Essential Skill,Role,4
1362,Adobe Illustrator,Software Skill,Role,4
1362,Adobe Photoshop,Software Skill,Role,4
1362,Critical Thinking,Essential Skill,Role,4
1362,Microsoft Azure,Software Skill,Transferable,3
1362,Speaking,Essential Skill,Role,3
1363,Active Listening,Essential Skill,Role,3
1363,Adobe Photoshop,Software Skill,Role,4
1363,Autodesk AutoCAD,Software Skill,Role,4
1363,Learning Strategies,Essential Skill,Role,4
1363,Microsoft Outlook,Software Skill,Role,4
1363,Microsoft PowerPoint,Software Skill,Role,4
1364,Active Listening,Essential Skill,Role,3
1364,Microsoft Excel,Software Skill,Role,3
1364,Microsoft Office,Software Skill,Role,4
1364,Microsoft Word,Software Skill,Role,3
1364,Monitoring,Essential Skill,Role,2
1364,Reading Comprehension,Essential Skill,Role,3
1364,Salesforce,Software Skill,Role,3
1367,Active Listening,Essential Skill,Role,5
1367,Critical Thinking,Essential Skill,Role,4
1367,Microsoft Office,Software Skill,Role,5
1367,Microsoft Outlook,Software Skill,Role,4
1367,Microsoft PowerPoint,Software Skill,Role,4
1368,Adobe After Effects,Software Skill,Transferable,2
1368,Adobe InDesign,Software Skill,Transferable,4
1368,Google Docs,Software Skill,Role,3
1368,MEDITECH,Software Skill,Role,2
1368,Microsoft PowerPoint,Software Skill,Role,2
1368,Speaking,Essential Skill,Role,3
1369,Microsoft Office,Software Skill,Role,4
1369,Microsoft Outlook,Software Skill,Role,3
1369,Monitoring,Essential Skill,Role,5
1369,Reading Comprehension,Essential Skill,Role,3
1369,Science,Essential Skill,Role,3
1371,Active Listening,Essential Skill,Role,2
1371,Cisco Webex,Software Skill,Transferable,3
1371,Critical Thinking,Essential Skill,Role,1
1371,Learning Strategies,Essential Skill,Transferable,3
1371,Mathematics,Essential Skill,Role,3
1371,Microsoft Excel,Software Skill,Role,2
1371,Microsoft Office,Software Skill,Role,3
1371,Microsoft Outlook,Software Skill,Role,2
1371,Salesforce,Software Skill,Role,3
1371,Speaking,Essential Skill,Role,3
1371,Writing,Essential Skill,Role,2
1372,Active Learning,Essential Skill,Role,5
1372,Adobe Acrobat,Software Skill,Role,4
1372,Mathematics,Essential Skill,Role,5
1372,Microsoft Office,Software Skill,Role,4
1372,Microsoft PowerPoint,Software Skill,Role,4
1372,Monitoring,Essential Skill,Role,4
1372,Salesforce,Software Skill,Role,5
1373,Active Learning,Essential Skill,Role,3
1373,Adobe Acrobat,Software Skill,Role,4
1373,Critical Thinking,Essential Skill,Role,4
1373,Microsoft Excel,Software Skill,Role,3
1373,Microsoft Office,Software Skill,Role,5
1373,Microsoft PowerPoint,Software Skill,Role,4
1373,Microsoft SharePoint,Software Skill,Transferable,4
1373,Monitoring,Essential Skill,Role,4
1373,SAP,Software Skill,Role,4
1373,Science,Essential Skill,Transferable,5
1374,Active Learning,Essential Skill,Role,3
1374,Adobe Photoshop,Software Skill,Role,3
1374,Atlassian JIRA,Software Skill,Transferable,3
1374,Electronic Medical Record (EMR),Software Skill,Transferable,1
1374,MATLAB,Software Skill,Role,2
1374,Microsoft Excel,Software Skill,Role,2
1374,Python,Software Skill,Role,2
1374,R,Software Skill,Role,2
1374,Science,Essential Skill,Role,2
1375,Active Learning,Essential Skill,Role,3
1375,Amazon Web Services (AWS),Software Skill,Role,3
1375,Google Workspace,Software Skill,Role,2
1375,Microsoft Excel,Software Skill,Role,3
1375,Microsoft Outlook,Software Skill,Role,2
1375,Reading Comprehension,Essential Skill,Role,2
1377,Active Listening,Essential Skill,Role,2
1377,Critical Thinking,Essential Skill,Role,4
1377,Electronic Medical Record (EMR),Software Skill,Role,3
1377,MEDITECH,Software Skill,Role,3
1377,Microsoft Excel,Software Skill,Role,4
1377,Microsoft Outlook,Software Skill,Role,2
1377,Microsoft PowerPoint,Software Skill,Role,3
1377,Microsoft Word,Software Skill,Role,3
1377,SAP,Software Skill,Role,2
1377,Science,Essential Skill,Role,4
1377,Speaking,Essential Skill,Role,4
1379,Active Learning,Essential Skill,Role,3
1379,Adobe Acrobat,Software Skill,Transferable,2
1379,IBM SPSS Statistics,Software Skill,Role,2
1379,Mathematics,Essential Skill,Role,4
1379,Microsoft Office,Software Skill,Role,3
1379,Microsoft Project,Software Skill,Role,2
1379,Microsoft Word,Software Skill,Role,3
1379,Salesforce,Software Skill,Role,2
1380,Active Learning,Essential Skill,Role,2
1380,Critical Thinking,Essential Skill,Role,3
1380,Microsoft Outlook,Software Skill,Role,3
1380,Monitoring,Essential Skill,Role,4
1380,Reading Comprehension,Essential Skill,Role,3
1380,Salesforce,Software Skill,Role,2
1380,Speaking,Essential Skill,Role,4
1382,Active Learning,Essential Skill,Role,4
1382,MATLAB,Software Skill,Role,3
1382,Python,Software Skill,Role,3
1382,R,Software Skill,Role,3
1382,Science,Essential Skill,Role,3
1382,Speaking,Essential Skill,Role,4
1382,Writing,Essential Skill,Role,2
1383,Cisco Webex,Software Skill,Transferable,3
1383,Critical Thinking,Essential Skill,Role,3
1383,Email,Software Skill,Transferable,4
1383,Microsoft Excel,Software Skill,Role,4
1383,Microsoft Office,Software Skill,Role,3
1383,Speaking,Essential Skill,Role,5
1387,Adobe After Effects,Software Skill,Transferable,4
1387,Adobe InDesign,Software Skill,Role,2
1387,Microsoft Office,Software Skill,Role,3
1387,Microsoft SharePoint,Software Skill,Transferable,3
1387,Salesforce,Software Skill,Role,3
1387,Speaking,Essential Skill,Role,4
1389,Active Learning,Essential Skill,Role,2
1389,Active Listening,Essential Skill,Role,4
1389,Adobe Photoshop,Software Skill,Role,4
1389,Learning Strategies,Essential Skill,Role,3
1389,Microsoft Outlook,Software Skill,Role,3
1389,Reading Comprehension,Essential Skill,Role,4
1389,Speaking,Essential Skill,Role,5
1390,Active Learning,Essential Skill,Role,3
1390,Active Listening,Essential Skill,Role,3
1390,Adobe Acrobat,Software Skill,Role,4
1390,Adobe Illustrator,Software Skill,Role,3
1390,Adobe Photoshop,Software Skill,Role,4
1390,Critical Thinking,Essential Skill,Role,3
1390,Google Analytics,Software Skill,Transferable,3
1390,Microsoft Outlook,Software Skill,Role,3
1390,Microsoft PowerPoint,Software Skill,Role,4
1390,Microsoft Project,Software Skill,Transferable,4
1390,Monitoring,Essential Skill,Role,3
1390,Speaking,Essential Skill,Role,3
1391,Active Listening,Essential Skill,Role,4
1391,Mathematics,Essential Skill,Role,3
1391,Microsoft Excel,Software Skill,Role,4
1391,Microsoft Office,Software Skill,Role,3
1391,Microsoft Outlook,Software Skill,Role,4
1391,Reading Comprehension,Essential Skill,Role,2
1391,Salesforce,Software Skill,Role,4
1391,Speaking,Essential Skill,Role,5
1391,Writing,Essential Skill,Role,4
1392,Active Learning,Essential Skill,Role,3
1392,Active Listening,Essential Skill,Role,4
1392,Adobe Creative Cloud,Software Skill,Transferable,4
1392,ESRI ArcGIS,Software Skill,Role,5
1392,IBM SPSS Statistics,Software Skill,Role,3
1392,MATLAB,Software Skill,Role,4
1392,Microsoft Office,Software Skill,Role,3
1392,Microsoft Project,Software Skill,Role,4
1392,Python,Software Skill,Role,3
1392,SAP,Software Skill,Transferable,4
1392,SAS,Software Skill,Role,5
1392,Science,Essential Skill,Role,3
1392,Speaking,Essential Skill,Role,3
1392,Writing,Essential Skill,Role,5
1394,Active Learning,Essential Skill,Role,2
1394,Critical Thinking,Essential Skill,Role,2
1394,Learning Strategies,Essential Skill,Transferable,1
1394,SAP,Software Skill,Transferable,4
1395,Active Learning,Essential Skill,Role,2
1395,Adobe InDesign,Software Skill,Role,3
1395,Microsoft Azure,Software Skill,Transferable,3
1395,Microsoft Office,Software Skill,Role,2
1395,Monitoring,Essential Skill,Role,3
1395,Reading Comprehension,Essential Skill,Role,2
1395,Salesforce,Software Skill,Role,2
1395,Writing,Essential Skill,Role,2
1396,Adobe Creative Cloud,Software Skill,Role,1
1396,Critical Thinking,Essential Skill,Role,3
1396,Mathematics,Essential Skill,Role,2
1396,Microsoft Excel,Software Skill,Role,2
1396,Microsoft Outlook,Software Skill,Role,3
1396,Microsoft PowerPoint,Software Skill,Role,2
1396,Reading Comprehension,Essential Skill,Role,2
1396,Speaking,Essential Skill,Role,3
1397,Active Learning,Essential Skill,Role,3
1397,Google Docs,Software Skill,Transferable,3
1397,Microsoft Access,Software Skill,Role,4
1397,Microsoft Word,Software Skill,Transferable,4
1397,Monitoring,Essential Skill,Role,4
1397,Reading Comprehension,Essential Skill,Role,5
1397,Writing,Essential Skill,Role,3
1399,Active Listening,Essential Skill,Role,2
1399,Adobe Illustrator,Software Skill,Role,2
1399,Adobe Photoshop,Software Skill,Role,2
1399,Apache Hadoop,Software Skill,Transferable,3
1399,Critical Thinking,Essential Skill,Role,3
1399,Microsoft Office,Software Skill,Role,3
1399,Microsoft Outlook,Software Skill,Role,3
1399,Microsoft PowerPoint,Software Skill,Role,4
1399,Reading Comprehension,Essential Skill,Role,3
1399,Salesforce,Software Skill,Role,2
1399,Speaking,Essential Skill,Role,4
1399,Writing,Essential Skill,Role,1
1401,Active Learning,Essential Skill,Role,5
1401,Critical Thinking,Essential Skill,Role,4
1401,Microsoft Office,Software Skill,Role,4
1401,Microsoft Outlook,Software Skill,Role,4
1401,Speaking,Essential Skill,Role,4
1402,Active Listening,Essential Skill,Role,4
1402,Adobe Photoshop,Software Skill,Role,5
1402,Critical Thinking,Essential Skill,Role,4
1402,Microsoft Excel,Software Skill,Role,4
1402,Microsoft Project,Software Skill,Role,4
1402,Salesforce,Software Skill,Transferable,3
1402,Speaking,Essential Skill,Role,3
1402,Writing,Essential Skill,Role,4
1403,Critical Thinking,Essential Skill,Role,4
1403,Microsoft Excel,Software Skill,Role,4
1403,Microsoft Office,Software Skill,Role,3
1403,Microsoft Outlook,Software Skill,Role,4
1403,Monitoring,Essential Skill,Role,3
1405,Active Learning,Essential Skill,Role,2
1405,MATLAB,Software Skill,Role,4
1405,SAS,Software Skill,Role,3
1405,Speaking,Essential Skill,Role,4
1405,Writing,Essential Skill,Role,2
1407,Active Learning,Essential Skill,Role,2
1407,Critical Thinking,Essential Skill,Role,3
1407,Microsoft Project,Software Skill,Role,3
1407,SAS,Software Skill,Role,2
1408,Active Listening,Essential Skill,Role,5
1408,Apple macOS,Software Skill,Role,3
1408,Atlassian Confluence,Software Skill,Role,4
1408,Atlassian JIRA,Software Skill,Role,4
1408,Autodesk AutoCAD,Software Skill,Role,5
1408,Critical Thinking,Essential Skill,Role,4
1408,Google Analytics,Software Skill,Role,3
1408,Learning Strategies,Essential Skill,Role,4
1408,MEDITECH,Software Skill,Transferable,4
1408,Microsoft PowerPoint,Software Skill,Role,5
1408,Oracle HRIS,Software Skill,Transferable,4
1408,Speaking,Essential Skill,Role,5
1409,Critical Thinking,Essential Skill,Role,3
1409,Microsoft Excel,Software Skill,Role,3
1409,Microsoft Office,Software Skill,Role,3
1409,Oracle HRIS,Software Skill,Transferable,4
1409,Speaking,Essential Skill,Role,4
1409,Writing,Essential Skill,Role,2
1411,Active Listening,Essential Skill,Role,3
1411,Critical Thinking,Essential Skill,Role,4
1411,Google Docs,Software Skill,Role,3
1411,Microsoft Excel,Software Skill,Role,3
1411,Monitoring,Essential Skill,Role,4
1411,Reading Comprehension,Essential Skill,Role,4
1411,SAP,Software Skill,Role,3
1411,Writing,Essential Skill,Role,3
1412,Adobe Acrobat,Software Skill,Role,4
1412,Adobe After Effects,Software Skill,Role,3
1412,Autodesk AutoCAD,Software Skill,Role,4
1412,MATLAB,Software Skill,Transferable,3
1412,Microsoft Access,Software Skill,Transferable,4
1412,Microsoft Excel,Software Skill,Role,3
1412,SAP,Software Skill,Role,3
1415,Active Learning,Essential Skill,Role,3
1415,Microsoft Office,Software Skill,Role,3
1415,Monitoring,Essential Skill,Role,3
1415,Reading Comprehension,Essential Skill,Role,4
1415,Speaking,Essential Skill,Role,3
1415,Writing,Essential Skill,Role,2
1417,Critical Thinking,Essential Skill,Role,4
1417,Email,Software Skill,Role,3
1417,Learning Strategies,Essential Skill,Transferable,3
1417,Microsoft Outlook,Software Skill,Role,3
1417,SAP,Software Skill,Role,3
1419,Active Learning,Essential Skill,Role,4
1419,Adobe Photoshop,Software Skill,Role,3
1419,Applicant Tracking System (ATS),Software Skill,Role,2
1419,Cisco Webex,Software Skill,Role,3
1419,Critical Thinking,Essential Skill,Role,4
1419,HubSpot,Software Skill,Transferable,2
1419,Microsoft Outlook,Software Skill,Role,2
1419,Microsoft Word,Software Skill,Transferable,3
1419,Monitoring,Essential Skill,Role,3
1419,Reading Comprehension,Essential Skill,Role,4
1419,Speaking,Essential Skill,Role,3
1419,Workday,Software Skill,Role,4
1420,Adobe InDesign,Software Skill,Transferable,3
1420,Atlassian JIRA,Software Skill,Transferable,3
1420,Electronic Medical Record (EMR),Software Skill,Role,4
1420,Email,Software Skill,Role,4
1420,Google Docs,Software Skill,Role,4
1420,MEDITECH,Software Skill,Role,4
1420,Microsoft Excel,Software Skill,Role,3
1420,Microsoft Office,Software Skill,Role,4
1420,Microsoft PowerPoint,Software Skill,Role,4
1420,Microsoft Word,Software Skill,Role,3
1420,Monitoring,Essential Skill,Role,3
1420,Reading Comprehension,Essential Skill,Role,3
1420,Science,Essential Skill,Role,4
1420,Speaking,Essential Skill,Role,3
1420,Writing,Essential Skill,Role,3
1421,Amazon Web Services (AWS),Software Skill,Role,3
1421,Google Workspace,Software Skill,Role,4
1421,Linux,Software Skill,Role,3
1421,MATLAB,Software Skill,Transferable,3
1421,Mathematics,Essential Skill,Role,3
1421,Monitoring,Essential Skill,Role,3
1422,Active Learning,Essential Skill,Role,4
1422,Adobe Acrobat,Software Skill,Role,4
1422,Autodesk AutoCAD,Software Skill,Transferable,4
1422,Critical Thinking,Essential Skill,Role,5
1422,IBM SPSS Statistics,Software Skill,Role,4
1422,Microsoft Access,Software Skill,Role,3
1422,Microsoft Azure,Software Skill,Transferable,4
1422,Microsoft Office,Software Skill,Role,4
1422,Microsoft Project,Software Skill,Role,5
1422,Reading Comprehension,Essential Skill,Role,3
1422,Science,Essential Skill,Role,4
1422,Speaking,Essential Skill,Role,5
1423,Active Learning,Essential Skill,Role,4
1423,Adobe Acrobat,Software Skill,Role,4
1423,IBM SPSS Statistics,Software Skill,Role,4
1423,Learning Strategies,Essential Skill,Transferable,4
1423,Microsoft Excel,Software Skill,Role,5
1423,Microsoft Office,Software Skill,Role,5
1423,Microsoft PowerPoint,Software Skill,Role,5
1423,Microsoft Project,Software Skill,Role,4
1423,Monitoring,Essential Skill,Role,4
1423,Oracle HRIS,Software Skill,Transferable,4
1423,Reading Comprehension,Essential Skill,Role,4
1423,Science,Essential Skill,Role,4
1423,Speaking,Essential Skill,Role,4
1423,Writing,Essential Skill,Role,4
1424,Active Listening,Essential Skill,Role,5
1424,Critical Thinking,Essential Skill,Role,4
1424,ESRI ArcGIS,Software Skill,Role,5
1424,Microsoft Access,Software Skill,Role,5
1424,Microsoft Office,Software Skill,Role,4
1424,Microsoft PowerPoint,Software Skill,Role,5
1424,Microsoft SharePoint,Software Skill,Role,5
1424,Monitoring,Essential Skill,Role,5
1424,Science,Essential Skill,Role,3
1424,Speaking,Essential Skill,Role,4
1424,Writing,Essential Skill,Role,4
1425,Active Learning,Essential Skill,Role,4
1425,Active Listening,Essential Skill,Role,4
1425,Adobe Creative Cloud,Software Skill,Role,4
1425,Adobe Photoshop,Software Skill,Role,3
1425,Critical Thinking,Essential Skill,Role,4
1425,Google Analytics,Software Skill,Transferable,4
1425,Microsoft Excel,Software Skill,Role,4
1425,Microsoft Office,Software Skill,Role,3
1425,Microsoft Outlook,Software Skill,Role,4
1425,Microsoft PowerPoint,Software Skill,Role,4
1425,Salesforce,Software Skill,Role,2
1425,Speaking,Essential Skill,Role,4
1425,Writing,Essential Skill,Role,5
1427,Active Listening,Essential Skill,Role,3
1427,Critical Thinking,Essential Skill,Role,3
1427,HubSpot,Software Skill,Role,2
1427,IBM SPSS Statistics,Software Skill,Role,2
1427,Microsoft Office,Software Skill,Role,4
1427,Salesforce,Software Skill,Role,3
1427,Speaking,Essential Skill,Role,3
1428,Active Learning,Essential Skill,Role,3
1428,Adobe Illustrator,Software Skill,Role,4
1428,Adobe InDesign,Software Skill,Role,3
1428,Adobe Photoshop,Software Skill,Role,3
1428,Amazon Web Services (AWS),Software Skill,Transferable,4
1428,Critical Thinking,Essential Skill,Role,4
1428,Microsoft Excel,Software Skill,Role,3
1428,Microsoft Office,Software Skill,Role,3
1428,Microsoft PowerPoint,Software Skill,Role,4
1428,Reading Comprehension,Essential Skill,Role,4
1428,Salesforce,Software Skill,Role,4
1428,Speaking,Essential Skill,Role,3
1430,Adobe Acrobat,Software Skill,Role,4
1430,Critical Thinking,Essential Skill,Role,4
1430,ESRI ArcGIS,Software Skill,Role,4
1430,Mathematics,Essential Skill,Transferable,4
1430,Microsoft Azure,Software Skill,Transferable,4
1430,Microsoft Excel,Software Skill,Role,5
1430,Microsoft Office,Software Skill,Role,4
1430,Microsoft PowerPoint,Software Skill,Role,4
1430,Microsoft Project,Software Skill,Role,2
1430,Microsoft SharePoint,Software Skill,Role,4
1430,Monitoring,Essential Skill,Role,3
1430,Writing,Essential Skill,Role,4
1431,Adobe Photoshop,Software Skill,Role,4
1431,Applicant Tracking System (ATS),Software Skill,Transferable,3
1431,Critical Thinking,Essential Skill,Role,3
1431,Google Analytics,Software Skill,Transferable,2
1431,Mathematics,Essential Skill,Role,3
1431,Microsoft Excel,Software Skill,Role,3
1431,Microsoft Office,Software Skill,Role,3
1431,Python,Software Skill,Role,2
1431,R,Software Skill,Role,3
1431,Writing,Essential Skill,Role,3
1433,Active Learning,Essential Skill,Role,3
1433,Active Listening,Essential Skill,Role,1
1433,MATLAB,Software Skill,Role,3
1433,Microsoft Excel,Software Skill,Role,2
1433,Microsoft Office,Software Skill,Role,2
1433,Python,Software Skill,Role,3
1433,R,Software Skill,Role,3
1433,Reading Comprehension,Essential Skill,Role,3
1433,Speaking,Essential Skill,Role,3
1433,Writing,Essential Skill,Role,3
1434,Critical Thinking,Essential Skill,Role,4
1434,Electronic Medical Record (EMR),Software Skill,Role,3
1434,Microsoft PowerPoint,Software Skill,Role,3
1434,Microsoft SharePoint,Software Skill,Transferable,3
1434,Microsoft Word,Software Skill,Role,2
1434,Writing,Essential Skill,Role,3
1435,Active Learning,Essential Skill,Role,3
1435,Atlassian Confluence,Software Skill,Transferable,4
1435,Critical Thinking,Essential Skill,Role,4
1435,Google Docs,Software Skill,Role,3
1435,MEDITECH,Software Skill,Role,3
1435,Microsoft Office,Software Skill,Role,4
1435,Speaking,Essential Skill,Role,3
1435,Writing,Essential Skill,Role,4
1436,Active Learning,Essential Skill,Role,4
1436,Active Listening,Essential Skill,Role,4
1436,Adobe Creative Cloud,Software Skill,Role,4
1436,Adobe Illustrator,Software Skill,Role,4
1436,Critical Thinking,Essential Skill,Role,3
1436,Google Workspace,Software Skill,Transferable,3
1436,Microsoft Excel,Software Skill,Role,4
1436,Microsoft Outlook,Software Skill,Role,5
1436,Microsoft PowerPoint,Software Skill,Role,3
1436,Reading Comprehension,Essential Skill,Role,4
1436,Writing,Essential Skill,Role,4
1438,Active Learning,Essential Skill,Role,3
1438,Active Listening,Essential Skill,Role,3
1438,IBM SPSS Statistics,Software Skill,Role,3
1438,Microsoft Office,Software Skill,Role,4
1438,Reading Comprehension,Essential Skill,Role,3
1438,Science,Essential Skill,Role,3
1439,Active Learning,Essential Skill,Role,2
1439,Monitoring,Essential Skill,Role,2
1439,Reading Comprehension,Essential Skill,Role,2
1440,Active Listening,Essential Skill,Role,2
1440,Applicant Tracking System (ATS),Software Skill,Transferable,3
1440,Email,Software Skill,Role,4
1440,Google Docs,Software Skill,Role,2
1440,MEDITECH,Software Skill,Role,2
1440,Microsoft Office,Software Skill,Role,3
1440,Microsoft Visio,Software Skill,Transferable,3
1440,Microsoft Word,Software Skill,Role,2
1440,Speaking,Essential Skill,Role,4
1441,Active Listening,Essential Skill,Role,2
1441,Adobe InDesign,Software Skill,Transferable,2
1441,Adobe Photoshop,Software Skill,Role,3
1441,IBM SPSS Statistics,Software Skill,Role,2
1441,MATLAB,Software Skill,Role,2
1441,Mathematics,Essential Skill,Role,3
1441,Microsoft Office,Software Skill,Role,3
1441,Reading Comprehension,Essential Skill,Role,3
1441,SAS,Software Skill,Role,3
1441,Science,Essential Skill,Role,2
1441,Speaking,Essential Skill,Role,2
1441,Workday,Software Skill,Transferable,3
1443,Critical Thinking,Essential Skill,Role,4
1443,ESRI ArcGIS,Software Skill,Role,4
1443,IBM SPSS Statistics,Software Skill,Role,4
1443,Microsoft Excel,Software Skill,Role,4
1443,Microsoft PowerPoint,Software Skill,Role,4
1443,Microsoft Project,Software Skill,Role,4
1443,Microsoft SharePoint,Software Skill,Role,4
1443,Monitoring,Essential Skill,Role,4
1443,Science,Essential Skill,Role,4
1443,Writing,Essential Skill,Role,5
1445,Adobe Acrobat,Software Skill,Role,3
1445,Atlassian JIRA,Software Skill,Transferable,3
1445,Critical Thinking,Essential Skill,Role,3
1445,Google Analytics,Software Skill,Transferable,3
1445,Mathematics,Essential Skill,Role,3
1445,Microsoft Outlook,Software Skill,Role,3
1445,Microsoft PowerPoint,Software Skill,Role,3
1446,Active Listening,Essential Skill,Role,4
1446,Amazon Web Services (AWS),Software Skill,Transferable,4
1446,Critical Thinking,Essential Skill,Role,3
1446,Microsoft Excel,Software Skill,Role,3
1446,Microsoft PowerPoint,Software Skill,Role,4
1446,Reading Comprehension,Essential Skill,Role,4
1446,Speaking,Essential Skill,Role,4
1446,Writing,Essential Skill,Role,5
1447,Adobe Photoshop,Software Skill,Transferable,4
1447,Atlassian JIRA,Software Skill,Transferable,3
1447,Critical Thinking,Essential Skill,Role,2
1447,SAP,Software Skill,Role,3
1447,Science,Essential Skill,Role,3
1448,IBM SPSS Statistics,Software Skill,Role,3
1448,Microsoft Office,Software Skill,Role,3
1448,Reading Comprehension,Essential Skill,Role,2
1448,Speaking,Essential Skill,Role,3
1449,Active Learning,Essential Skill,Role,4
1449,Active Listening,Essential Skill,Role,3
1449,Adobe After Effects,Software Skill,Transferable,3
1449,Email,Software Skill,Role,4
1449,Microsoft Office,Software Skill,Role,3
1449,Microsoft Outlook,Software Skill,Role,3
1449,Microsoft PowerPoint,Software Skill,Role,3
1449,SAP,Software Skill,Role,3
1449,Science,Essential Skill,Role,3
1449,Writing,Essential Skill,Role,4
1453,Adobe Acrobat,Software Skill,Role,4
1453,Adobe Creative Cloud,Software Skill,Role,3
1453,Microsoft Excel,Software Skill,Role,4
1453,Microsoft Office,Software Skill,Role,3
1453,Microsoft Outlook,Software Skill,Role,4
1453,Monitoring,Essential Skill,Role,4
1453,Salesforce,Software Skill,Role,3
1453,Speaking,Essential Skill,Role,3
1453,Writing,Essential Skill,Role,3
1457,Active Listening,Essential Skill,Role,3
1457,Adobe Creative Cloud,Software Skill,Role,3
1457,Critical Thinking,Essential Skill,Role,3
1457,Mathematics,Essential Skill,Role,3
1457,Microsoft Excel,Software Skill,Role,4
1457,Microsoft Office,Software Skill,Role,5
1457,Microsoft PowerPoint,Software Skill,Role,4
1457,Reading Comprehension,Essential Skill,Role,4
1457,Salesforce,Software Skill,Role,4
1457,Speaking,Essential Skill,Role,3
1457,Writing,Essential Skill,Role,3
1458,Active Learning,Essential Skill,Role,2
1458,Adobe Photoshop,Software Skill,Transferable,2
1458,Critical Thinking,Essential Skill,Role,3
1458,Electronic Medical Record (EMR),Software Skill,Role,2
1458,Email,Software Skill,Role,3
1458,Microsoft Excel,Software Skill,Role,3
1458,Microsoft Outlook,Software Skill,Role,4
1458,Microsoft PowerPoint,Software Skill,Role,3
1458,Writing,Essential Skill,Role,3
1459,Active Learning,Essential Skill,Role,3
1459,Active Listening,Essential Skill,Role,4
1459,Adobe After Effects,Software Skill,Role,5
1459,Autodesk AutoCAD,Software Skill,Role,3
1459,Critical Thinking,Essential Skill,Role,4
1459,ESRI ArcGIS,Software Skill,Transferable,4
1459,Learning Strategies,Essential Skill,Role,4
1459,Microsoft Excel,Software Skill,Role,3
1459,Microsoft Outlook,Software Skill,Role,4
1459,Monitoring,Essential Skill,Role,5
1459,SAP,Software Skill,Role,4
1459,Speaking,Essential Skill,Role,5
1460,Apache Hadoop,Software Skill,Role,3
1460,Email,Software Skill,Transferable,4
1460,Google Workspace,Software Skill,Role,4
1460,Mathematics,Essential Skill,Role,4
1460,Monitoring,Essential Skill,Role,4
1460,Reading Comprehension,Essential Skill,Role,4
1460,Speaking,Essential Skill,Role,4
1461,Active Learning,Essential Skill,Role,3
1461,Adobe Photoshop,Software Skill,Role,3
1461,Amazon Web Services (AWS),Software Skill,Transferable,3
1461,Google Analytics,Software Skill,Transferable,3
1461,Microsoft Excel,Software Skill,Role,2
1461,Microsoft Office,Software Skill,Role,4
1461,Microsoft Outlook,Software Skill,Role,2
1461,Writing,Essential Skill,Role,3
1464,Active Listening,Essential Skill,Role,2
1464,Critical Thinking,Essential Skill,Role,3
1464,Microsoft Excel,Software Skill,Role,2
1464,Microsoft Office,Software Skill,Role,4
1464,Microsoft Outlook,Software Skill,Role,2
1464,Microsoft PowerPoint,Software Skill,Role,3
1464,Microsoft Visio,Software Skill,Transferable,4
1464,Science,Essential Skill,Role,3
1465,Active Listening,Essential Skill,Role,3
1465,Adobe Acrobat,Software Skill,Role,3
1465,Learning Strategies,Essential Skill,Role,4
1465,Microsoft Office,Software Skill,Role,4
1465,Microsoft Project,Software Skill,Transferable,3
1465,Monitoring,Essential Skill,Role,4
1465,SAP,Software Skill,Role,4
1465,Speaking,Essential Skill,Role,4
1466,Active Learning,Essential Skill,Role,3
1466,Active Listening,Essential Skill,Role,4
1466,Microsoft Excel,Software Skill,Role,3
1466,Microsoft Outlook,Software Skill,Role,2
1466,Microsoft PowerPoint,Software Skill,Role,2
1466,Monitoring,Essential Skill,Role,4
1466,Reading Comprehension,Essential Skill,Role,3
1467,Applicant Tracking System (ATS),Software Skill,Role,3
1467,Microsoft Excel,Software Skill,Role,2
1467,Microsoft PowerPoint,Software Skill,Role,3
1467,Oracle HRIS,Software Skill,Role,3
1467,Reading Comprehension,Essential Skill,Role,2
1467,Writing,Essential Skill,Role,4
1468,Active Learning,Essential Skill,Role,3
1468,Active Listening,Essential Skill,Role,3
1468,Adobe Acrobat,Software Skill,Role,3
1468,Microsoft Access,Software Skill,Role,4
1468,Microsoft Excel,Software Skill,Role,4
1468,Microsoft Office,Software Skill,Role,3
1468,Microsoft Outlook,Software Skill,Transferable,3
1468,Microsoft PowerPoint,Software Skill,Role,4
1468,Monitoring,Essential Skill,Role,3
1468,Reading Comprehension,Essential Skill,Role,4
1468,Salesforce,Software Skill,Transferable,3
1468,Science,Essential Skill,Role,3
1468,Writing,Essential Skill,Role,4
1469,Active Learning,Essential Skill,Role,3
1469,Adobe Creative Cloud,Software Skill,Role,3
1469,Adobe Illustrator,Software Skill,Role,3
1469,Mathematics,Essential Skill,Role,3
1469,Microsoft Office,Software Skill,Role,2
1469,Microsoft Outlook,Software Skill,Role,4
1469,Speaking,Essential Skill,Role,2
1469,Writing,Essential Skill,Role,3
1471,Email,Software Skill,Role,4
1471,Microsoft Excel,Software Skill,Role,3
1471,Microsoft Office,Software Skill,Role,3
1471,Microsoft Outlook,Software Skill,Role,4
1471,Microsoft PowerPoint,Software Skill,Role,3
1471,Microsoft Word,Software Skill,Role,2
1471,Speaking,Essential Skill,Role,2
1472,ESRI ArcGIS,Software Skill,Role,4
1472,HubSpot,Software Skill,Transferable,5
1472,Microsoft Excel,Software Skill,Role,4
1472,Microsoft Visio,Software Skill,Role,5
1472,Monitoring,Essential Skill,Role,5
1472,Reading Comprehension,Essential Skill,Role,5
1473,Active Listening,Essential Skill,Role,4
1473,Amazon Web Services (AWS),Software Skill,Role,4
1473,Google Workspace,Software Skill,Role,2
1473,Microsoft Excel,Software Skill,Role,4
1473,Microsoft Office,Software Skill,Role,4
1473,Monitoring,Essential Skill,Role,4
1473,Reading Comprehension,Essential Skill,Role,4
1473,Salesforce,Software Skill,Role,3
1473,Speaking,Essential Skill,Role,4
1474,Active Learning,Essential Skill,Role,3
1474,Active Listening,Essential Skill,Role,3
1474,ESRI ArcGIS,Software Skill,Role,2
1474,Email,Software Skill,Transferable,4
1474,MATLAB,Software Skill,Role,2
1474,Mathematics,Essential Skill,Role,3
1474,Microsoft Project,Software Skill,Role,3
1474,R,Software Skill,Role,4
1474,Reading Comprehension,Essential Skill,Role,3
1474,Speaking,Essential Skill,Role,3
1474,Writing,Essential Skill,Role,2
1475,Active Listening,Essential Skill,Role,3
1475,Critical Thinking,Essential Skill,Role,3
1475,MATLAB,Software Skill,Role,2
1475,Mathematics,Essential Skill,Role,3
1475,Microsoft Excel,Software Skill,Role,2
1475,Oracle HRIS,Software Skill,Transferable,5
1475,R,Software Skill,Role,4
1475,Reading Comprehension,Essential Skill,Role,4
1475,Writing,Essential Skill,Role,3
1477,Active Learning,Essential Skill,Role,3
1477,Monitoring,Essential Skill,Role,2
1477,Reading Comprehension,Essential Skill,Role,4
1477,Speaking,Essential Skill,Role,3
1478,Active Learning,Essential Skill,Role,4
1478,Atlassian Confluence,Software Skill,Transferable,3
1478,Mathematics,Essential Skill,Role,3
1478,Microsoft Office,Software Skill,Role,4
1478,Microsoft PowerPoint,Software Skill,Role,3
1478,SAS,Software Skill,Transferable,4
1478,Salesforce,Software Skill,Role,4
1478,Speaking,Essential Skill,Role,3
1479,Active Learning,Essential Skill,Role,2
1479,Adobe InDesign,Software Skill,Role,3
1479,Adobe Photoshop,Software Skill,Role,3
1479,Critical Thinking,Essential Skill,Role,2
1479,Mathematics,Essential Skill,Role,2
1479,Salesforce,Software Skill,Role,1
1479,Speaking,Essential Skill,Role,2
1480,Critical Thinking,Essential Skill,Role,2
1480,Microsoft Excel,Software Skill,Role,3
1480,Microsoft Office,Software Skill,Role,3
1480,Microsoft PowerPoint,Software Skill,Role,3
1480,R,Software Skill,Transferable,3
1481,Active Learning,Essential Skill,Role,5
1481,Active Listening,Essential Skill,Role,3
1481,Adobe Creative Cloud,Software Skill,Role,4
1481,Adobe Photoshop,Software Skill,Role,3
1481,Critical Thinking,Essential Skill,Role,4
1481,MEDITECH,Software Skill,Transferable,4
1481,Microsoft Office,Software Skill,Role,3
1481,Reading Comprehension,Essential Skill,Role,4
1481,Speaking,Essential Skill,Role,4
1482,Active Learning,Essential Skill,Role,4
1482,IBM SPSS Statistics,Software Skill,Role,3
1482,MATLAB,Software Skill,Role,2
1482,Microsoft Excel,Software Skill,Role,3
1482,R,Software Skill,Role,2
1482,Science,Essential Skill,Role,2
1483,Active Listening,Essential Skill,Role,3
1483,MATLAB,Software Skill,Role,3
1483,Mathematics,Essential Skill,Role,4
1483,Microsoft Office,Software Skill,Role,4
1483,Microsoft Project,Software Skill,Role,3
1483,Speaking,Essential Skill,Role,2
1484,Active Listening,Essential Skill,Role,4
1484,Amazon Web Services (AWS),Software Skill,Role,4
1484,Mathematics,Essential Skill,Role,4
1484,Microsoft Access,Software Skill,Role,4
1484,Microsoft Azure,Software Skill,Role,5
1484,Microsoft Office,Software Skill,Role,4
1484,Microsoft Outlook,Software Skill,Role,4
1484,Monitoring,Essential Skill,Role,5
1484,Reading Comprehension,Essential Skill,Role,4
1484,Salesforce,Software Skill,Role,4
1484,Speaking,Essential Skill,Role,4
1484,Writing,Essential Skill,Role,5
1485,IBM SPSS Statistics,Software Skill,Role,4
1485,Mathematics,Essential Skill,Transferable,4
1485,Microsoft Excel,Software Skill,Role,4
1485,Microsoft Outlook,Software Skill,Transferable,3
1485,Microsoft PowerPoint,Software Skill,Role,4
1485,Microsoft SharePoint,Software Skill,Role,3
1485,Monitoring,Essential Skill,Role,4
1485,Reading Comprehension,Essential Skill,Role,3
1485,Writing,Essential Skill,Role,3
1486,Active Listening,Essential Skill,Role,1
1486,HubSpot,Software Skill,Role,3
1486,Microsoft Excel,Software Skill,Role,3
1486,Microsoft Office,Software Skill,Role,4
1486,Microsoft Outlook,Software Skill,Role,2
1486,Salesforce,Software Skill,Role,3
1487,Active Learning,Essential Skill,Role,3
1487,Adobe Creative Cloud,Software Skill,Role,3
1487,ESRI ArcGIS,Software Skill,Transferable,3
1487,Electronic Medical Record (EMR),Software Skill,Transferable,3
1487,Mathematics,Essential Skill,Role,4
1487,Microsoft Office,Software Skill,Role,3
1487,Microsoft Outlook,Software Skill,Role,2
1487,Microsoft PowerPoint,Software Skill,Role,2
1489,Active Listening,Essential Skill,Role,4
1489,Adobe Acrobat,Software Skill,Role,4
1489,Adobe Photoshop,Software Skill,Role,3
1489,Learning Strategies,Essential Skill,Transferable,3
1489,Microsoft Visio,Software Skill,Transferable,4
1489,Reading Comprehension,Essential Skill,Role,3
1489,Writing,Essential Skill,Role,4
1492,IBM SPSS Statistics,Software Skill,Role,3
1492,Microsoft Excel,Software Skill,Role,2
1492,Microsoft Office,Software Skill,Role,2
1492,Microsoft Outlook,Software Skill,Role,1
1492,Microsoft PowerPoint,Software Skill,Role,2
1492,Microsoft Word,Software Skill,Role,2
1492,Oracle HRIS,Software Skill,Transferable,2
1494,Adobe InDesign,Software Skill,Transferable,3
1494,Critical Thinking,Essential Skill,Role,4
1494,Electronic Medical Record (EMR),Software Skill,Role,3
1494,Microsoft Office,Software Skill,Role,2
1494,Microsoft PowerPoint,Software Skill,Role,1
1494,Microsoft Word,Software Skill,Role,3
1494,Science,Essential Skill,Role,3
1495,Active Learning,Essential Skill,Role,3
1495,Active Listening,Essential Skill,Role,3
1495,IBM SPSS Statistics,Software Skill,Role,3
1495,Microsoft Outlook,Software Skill,Role,2
1495,Microsoft Project,Software Skill,Role,2
1496,Active Learning,Essential Skill,Role,4
1496,Critical Thinking,Essential Skill,Role,3
1496,Learning Strategies,Essential Skill,Role,3
1496,Microsoft Excel,Software Skill,Role,4
1496,Microsoft Outlook,Software Skill,Role,3
1496,Microsoft PowerPoint,Software Skill,Role,2
1496,SAP,Software Skill,Role,3
1496,Speaking,Essential Skill,Role,3
1496,Writing,Essential Skill,Role,4
1497,Active Learning,Essential Skill,Role,4
1497,Active Listening,Essential Skill,Role,4
1497,Adobe Acrobat,Software Skill,Role,3
1497,Applicant Tracking System (ATS),Software Skill,Transferable,3
1497,Critical Thinking,Essential Skill,Role,3
1497,Microsoft Excel,Software Skill,Role,4
1497,Microsoft Office,Software Skill,Role,3
1497,Microsoft Outlook,Software Skill,Role,3
1497,Microsoft PowerPoint,Software Skill,Role,4
1497,Reading Comprehension,Essential Skill,Role,3
1499,Active Listening,Essential Skill,Role,3
1499,Oracle HRIS,Software Skill,Role,2
1499,Reading Comprehension,Essential Skill,Role,2
1499,Speaking,Essential Skill,Role,3
1501,Apache Hadoop,Software Skill,Role,2
1501,Linux,Software Skill,Role,4
1501,Microsoft Office,Software Skill,Role,3
1501,Reading Comprehension,Essential Skill,Role,3
1501,Salesforce,Software Skill,Role,3
1502,Active Learning,Essential Skill,Role,4
1502,Active Listening,Essential Skill,Role,4
1502,Amazon Web Services (AWS),Software Skill,Transferable,3
1502,Critical Thinking,Essential Skill,Role,3
1502,Google Docs,Software Skill,Role,4
1502,Microsoft Office,Software Skill,Role,3
1502,Microsoft Outlook,Software Skill,Role,4
1502,Microsoft PowerPoint,Software Skill,Role,2
1502,Microsoft Word,Software Skill,Role,3
1502,Monitoring,Essential Skill,Role,4
1502,Reading Comprehension,Essential Skill,Role,3
1502,Writing,Essential Skill,Role,3
1503,Active Listening,Essential Skill,Role,5
1503,Adobe Creative Cloud,Software Skill,Role,3
1503,Adobe Illustrator,Software Skill,Role,3
1503,Critical Thinking,Essential Skill,Role,3
1503,Microsoft Office,Software Skill,Role,3
1503,Microsoft Outlook,Software Skill,Role,3
1503,Salesforce,Software Skill,Role,4
1503,Speaking,Essential Skill,Role,3
1504,Adobe Photoshop,Software Skill,Transferable,3
1504,Electronic Medical Record (EMR),Software Skill,Role,3
1504,Email,Software Skill,Role,2
1504,Microsoft Azure,Software Skill,Transferable,3
1506,Adobe Photoshop,Software Skill,Role,3
1506,ESRI ArcGIS,Software Skill,Role,3
1506,MATLAB,Software Skill,Role,2
1506,Microsoft Excel,Software Skill,Role,2
1506,R,Software Skill,Role,4
1506,Science,Essential Skill,Role,3
1506,Speaking,Essential Skill,Role,4
1507,Adobe Creative Cloud,Software Skill,Role,3
1507,Cisco Webex,Software Skill,Transferable,4
1507,Critical Thinking,Essential Skill,Role,3
1507,Linux,Software Skill,Transferable,3
1507,Microsoft Office,Software Skill,Role,3
1507,Monitoring,Essential Skill,Role,4
1507,Salesforce,Software Skill,Role,3
1507,Speaking,Essential Skill,Role,3
1507,Writing,Essential Skill,Role,3
1509,Active Learning,Essential Skill,Role,3
1509,Critical Thinking,Essential Skill,Role,2
1509,Electronic Medical Record (EMR),Software Skill,Role,4
1509,Google Docs,Software Skill,Role,4
1509,MEDITECH,Software Skill,Role,3
1509,Microsoft Office,Software Skill,Role,4
1509,Monitoring,Essential Skill,Role,3
1513,Active Learning,Essential Skill,Role,2
1513,Active Listening,Essential Skill,Role,2
1513,MEDITECH,Software Skill,Role,3
1513,Microsoft Excel,Software Skill,Role,2
1513,Microsoft PowerPoint,Software Skill,Role,2
1513,Reading Comprehension,Essential Skill,Role,3
1513,Writing,Essential Skill,Role,3
1514,Adobe Photoshop,Software Skill,Role,3
1514,Autodesk AutoCAD,Software Skill,Role,3
1514,Reading Comprehension,Essential Skill,Role,3
1514,Writing,Essential Skill,Role,3
1515,Active Listening,Essential Skill,Role,4
1515,Amazon Web Services (AWS),Software Skill,Role,4
1515,Atlassian JIRA,Software Skill,Transferable,5
1515,Critical Thinking,Essential Skill,Role,3
1515,Email,Software Skill,Transferable,4
1515,Linux,Software Skill,Role,4
1515,Microsoft Access,Software Skill,Role,5
1515,Microsoft Outlook,Software Skill,Role,3
1515,Monitoring,Essential Skill,Role,3
1515,Reading Comprehension,Essential Skill,Role,4
1515,Speaking,Essential Skill,Role,4
1516,Active Listening,Essential Skill,Role,4
1516,Adobe Photoshop,Software Skill,Role,4
1516,Apple macOS,Software Skill,Role,4
1516,Autodesk AutoCAD,Software Skill,Role,4
1516,Microsoft Excel,Software Skill,Role,5
1516,Microsoft PowerPoint,Software Skill,Role,4
1516,Microsoft Visio,Software Skill,Transferable,3
1516,Reading Comprehension,Essential Skill,Role,3
1516,Speaking,Essential Skill,Role,3
1520,Active Learning,Essential Skill,Role,3
1520,Active Listening,Essential Skill,Role,5
1520,Adobe Acrobat,Software Skill,Role,5
1520,Adobe Photoshop,Software Skill,Role,4
1520,Apple macOS,Software Skill,Role,5
1520,IBM SPSS Statistics,Software Skill,Transferable,4
1520,Microsoft Excel,Software Skill,Role,4
1520,Microsoft Office,Software Skill,Role,4
1520,Microsoft PowerPoint,Software Skill,Role,5
1520,Monitoring,Essential Skill,Role,4
1520,Reading Comprehension,Essential Skill,Role,5
1522,Active Learning,Essential Skill,Role,2
1522,Active Listening,Essential Skill,Role,3
1522,ESRI ArcGIS,Software Skill,Role,3
1522,MATLAB,Software Skill,Role,3
1522,Mathematics,Essential Skill,Role,3
1522,Microsoft Excel,Software Skill,Role,3
1522,Microsoft Office,Software Skill,Role,3
1522,SAP,Software Skill,Transferable,4
1522,Science,Essential Skill,Role,3
1523,Active Learning,Essential Skill,Role,3
1523,Adobe Acrobat,Software Skill,Role,4
1523,Critical Thinking,Essential Skill,Role,4
1523,Mathematics,Essential Skill,Transferable,4
1523,Microsoft Excel,Software Skill,Role,4
1523,Microsoft PowerPoint,Software Skill,Role,4
1523,Microsoft Project,Software Skill,Role,4
1523,Monitoring,Essential Skill,Role,4
1523,Oracle HRIS,Software Skill,Transferable,4
1523,Reading Comprehension,Essential Skill,Role,5
1523,Science,Essential Skill,Role,4
1523,Speaking,Essential Skill,Role,4
1525,Active Learning,Essential Skill,Role,4
1525,Active Listening,Essential Skill,Role,4
1525,Adobe Acrobat,Software Skill,Role,3
1525,Adobe InDesign,Software Skill,Role,3
1525,Adobe Photoshop,Software Skill,Role,3
1525,Atlassian JIRA,Software Skill,Transferable,5
1525,Cisco Webex,Software Skill,Transferable,3
1525,Critical Thinking,Essential Skill,Role,3
1525,Learning Strategies,Essential Skill,Role,4
1525,Microsoft Excel,Software Skill,Role,4
1525,Microsoft PowerPoint,Software Skill,Role,3
1525,SAP,Software Skill,Role,4
1525,Speaking,Essential Skill,Role,4
1527,Adobe Photoshop,Software Skill,Role,5
1527,Atlassian Confluence,Software Skill,Role,5
1527,Critical Thinking,Essential Skill,Role,4
1527,Learning Strategies,Essential Skill,Role,4
1527,Microsoft Excel,Software Skill,Role,4
1527,Microsoft Office,Software Skill,Role,5
1527,Microsoft PowerPoint,Software Skill,Role,4
1527,Monitoring,Essential Skill,Role,3
1527,Reading Comprehension,Essential Skill,Role,4
1527,Speaking,Essential Skill,Role,4
1529,Active Learning,Essential Skill,Role,4
1529,Applicant Tracking System (ATS),Software Skill,Transferable,4
1529,Critical Thinking,Essential Skill,Role,3
1529,Email,Software Skill,Transferable,5
1529,Linux,Software Skill,Role,4
1529,Mathematics,Essential Skill,Role,4
1529,Microsoft Azure,Software Skill,Role,3
1529,Microsoft Excel,Software Skill,Role,4
1529,Monitoring,Essential Skill,Role,3
1529,Reading Comprehension,Essential Skill,Role,2
1533,Active Learning,Essential Skill,Role,3
1533,Critical Thinking,Essential Skill,Role,3
1533,Electronic Medical Record (EMR),Software Skill,Role,2
1533,Google Docs,Software Skill,Role,3
1533,Microsoft Outlook,Software Skill,Role,3
1533,Monitoring,Essential Skill,Role,3
1533,Reading Comprehension,Essential Skill,Role,2
1533,SAP,Software Skill,Role,2
1533,SAS,Software Skill,Transferable,3
1533,Science,Essential Skill,Role,3
1534,Critical Thinking,Essential Skill,Role,3
1534,Electronic Medical Record (EMR),Software Skill,Role,2
1534,Microsoft Office,Software Skill,Role,2
1534,Microsoft Outlook,Software Skill,Role,4
1534,Microsoft PowerPoint,Software Skill,Role,4
1534,Reading Comprehension,Essential Skill,Role,3
1534,Science,Essential Skill,Role,2
1534,Writing,Essential Skill,Role,4
1535,Active Learning,Essential Skill,Role,4
1535,Active Listening,Essential Skill,Role,4
1535,Adobe Acrobat,Software Skill,Role,3
1535,Adobe Creative Cloud,Software Skill,Role,3
1535,Adobe Illustrator,Software Skill,Role,4
1535,Microsoft Office,Software Skill,Role,5
1535,Microsoft Outlook,Software Skill,Role,3
1535,Speaking,Essential Skill,Role,5
1537,Active Listening,Essential Skill,Role,2
1537,Critical Thinking,Essential Skill,Role,3
1537,IBM SPSS Statistics,Software Skill,Role,3
1537,MATLAB,Software Skill,Role,3
1537,MEDITECH,Software Skill,Transferable,4
1537,Python,Software Skill,Role,3
1537,Reading Comprehension,Essential Skill,Role,3
1537,Workday,Software Skill,Transferable,3
1539,Active Listening,Essential Skill,Role,5
1539,Adobe Acrobat,Software Skill,Role,4
1539,ESRI ArcGIS,Software Skill,Role,5
1539,Google Workspace,Software Skill,Transferable,4
1539,IBM SPSS Statistics,Software Skill,Role,5
1539,MATLAB,Software Skill,Transferable,5
1539,Microsoft Access,Software Skill,Role,4
1539,Microsoft Office,Software Skill,Role,5
1539,Microsoft PowerPoint,Software Skill,Role,4
1539,Microsoft Project,Software Skill,Role,4
1539,Microsoft SharePoint,Software Skill,Role,5
1539,Microsoft Visio,Software Skill,Role,5
1539,Monitoring,Essential Skill,Role,5
1539,Reading Comprehension,Essential Skill,Role,5
1539,Science,Essential Skill,Role,5
1539,Writing,Essential Skill,Role,4
1541,Adobe Photoshop,Software Skill,Transferable,4
1541,Cisco Webex,Software Skill,Transferable,2
1541,HubSpot,Software Skill,Role,3
1541,Microsoft Office,Software Skill,Role,2
1541,Microsoft PowerPoint,Software Skill,Role,2
1541,Monitoring,Essential Skill,Role,3
1542,Adobe Acrobat,Software Skill,Transferable,3
1542,Linux,Software Skill,Transferable,3
1542,MEDITECH,Software Skill,Role,2
1542,Microsoft Excel,Software Skill,Role,3
1542,Microsoft Outlook,Software Skill,Role,2
1542,SAP,Software Skill,Role,1
1542,Speaking,Essential Skill,Role,2
1543,ESRI ArcGIS,Software Skill,Role,3
1543,Mathematics,Essential Skill,Role,2
1543,Microsoft Office,Software Skill,Role,3
1543,R,Software Skill,Role,3
1543,Reading Comprehension,Essential Skill,Role,3
1543,SAS,Software Skill,Role,3
1543,Speaking,Essential Skill,Role,3
1543,Writing,Essential Skill,Role,3
1544,Active Listening,Essential Skill,Role,3
1544,Amazon Web Services (AWS),Software Skill,Role,2
1544,Google Workspace,Software Skill,Role,3
1544,Microsoft Office,Software Skill,Role,3
1544,Microsoft Outlook,Software Skill,Role,3
1544,Microsoft Visio,Software Skill,Transferable,3
1544,Writing,Essential Skill,Role,3
1545,Active Listening,Essential Skill,Role,3
1545,Adobe After Effects,Software Skill,Role,3
1545,Autodesk AutoCAD,Software Skill,Role,3
1545,Critical Thinking,Essential Skill,Role,3
1545,Learning Strategies,Essential Skill,Role,3
1545,Microsoft Excel,Software Skill,Role,3
1545,SAP,Software Skill,Role,4
1545,Speaking,Essential Skill,Role,2
1546,Active Listening,Essential Skill,Role,4
1546,Critical Thinking,Essential Skill,Role,3
1546,IBM SPSS Statistics,Software Skill,Role,3
1546,Microsoft Excel,Software Skill,Role,3
1546,Microsoft Project,Software Skill,Role,3
1546,R,Software Skill,Role,3
1546,Reading Comprehension,Essential Skill,Role,4
1546,Speaking,Essential Skill,Role,3
1547,Active Learning,Essential Skill,Role,4
1547,Amazon Web Services (AWS),Software Skill,Role,5
1547,Apache Hadoop,Software Skill,Role,3
1547,Microsoft Excel,Software Skill,Role,4
1547,Monitoring,Essential Skill,Role,5
1547,Reading Comprehension,Essential Skill,Role,3
1548,Adobe InDesign,Software Skill,Role,2
1548,Amazon Web Services (AWS),Software Skill,Transferable,2
1548,Critical Thinking,Essential Skill,Role,3
1548,Mathematics,Essential Skill,Role,3
1548,Microsoft Outlook,Software Skill,Role,4
1548,Microsoft PowerPoint,Software Skill,Role,3
1548,Reading Comprehension,Essential Skill,Role,3
1548,Salesforce,Software Skill,Role,2
1548,Speaking,Essential Skill,Role,3
1548,Writing,Essential Skill,Role,3
1549,Active Learning,Essential Skill,Role,5
1549,Active Listening,Essential Skill,Role,3
1549,Adobe Creative Cloud,Software Skill,Transferable,3
1549,Applicant Tracking System (ATS),Software Skill,Transferable,3
1549,Critical Thinking,Essential Skill,Role,3
1549,Electronic Medical Record (EMR),Software Skill,Role,4
1549,Microsoft PowerPoint,Software Skill,Role,4
1549,Reading Comprehension,Essential Skill,Role,3
1549,Science,Essential Skill,Role,3
1550,Active Learning,Essential Skill,Role,3
1550,Adobe Acrobat,Software Skill,Role,4
1550,Adobe Photoshop,Software Skill,Role,4
1550,Critical Thinking,Essential Skill,Role,3
1550,Microsoft Excel,Software Skill,Role,3
1550,Microsoft PowerPoint,Software Skill,Role,5
1550,Microsoft SharePoint,Software Skill,Transferable,3
1550,SAS,Software Skill,Transferable,4
1550,Speaking,Essential Skill,Role,3
1550,Writing,Essential Skill,Role,4
1551,Active Listening,Essential Skill,Role,3
1551,Microsoft Excel,Software Skill,Role,1
1551,Microsoft Office,Software Skill,Role,2
1551,Microsoft Outlook,Software Skill,Role,3
1551,Microsoft PowerPoint,Software Skill,Role,3
1551,R,Software Skill,Transferable,3
1552,Active Listening,Essential Skill,Role,4
1552,ESRI ArcGIS,Software Skill,Transferable,2
1552,Mathematics,Essential Skill,Role,2
1552,Microsoft Access,Software Skill,Role,1
1552,Microsoft Office,Software Skill,Role,3
1552,Microsoft Outlook,Software Skill,Role,3
1552,Speaking,Essential Skill,Role,2
1553,Active Learning,Essential Skill,Role,4
1553,Adobe Acrobat,Software Skill,Transferable,3
1553,Microsoft Excel,Software Skill,Role,3
1553,Microsoft Visio,Software Skill,Transferable,2
1553,Salesforce,Software Skill,Role,4
1554,Critical Thinking,Essential Skill,Role,2
1554,Learning Strategies,Essential Skill,Transferable,3
1554,Mathematics,Essential Skill,Role,3
1554,Microsoft Excel,Software Skill,Role,3
1554,Microsoft Office,Software Skill,Role,1
1554,Microsoft Word,Software Skill,Role,3
1554,Reading Comprehension,Essential Skill,Role,3
1554,Salesforce,Software Skill,Role,3
1554,Speaking,Essential Skill,Role,3
1555,Active Listening,Essential Skill,Role,3
1555,Adobe Photoshop,Software Skill,Role,3
1555,Cisco Webex,Software Skill,Transferable,3
1555,Learning Strategies,Essential Skill,Transferable,3
1555,Mathematics,Essential Skill,Role,3
1555,Microsoft Excel,Software Skill,Role,3
1555,Microsoft Project,Software Skill,Role,2
1555,R,Software Skill,Role,1
1555,Reading Comprehension,Essential Skill,Role,3
1555,SAS,Software Skill,Role,3
1555,Science,Essential Skill,Role,4
1556,Active Learning,Essential Skill,Role,3
1556,Active Listening,Essential Skill,Role,4
1556,Adobe Illustrator,Software Skill,Transferable,4
1556,Cisco Webex,Software Skill,Transferable,4
1556,HubSpot,Software Skill,Role,3
1556,Microsoft Excel,Software Skill,Role,3
1556,Microsoft PowerPoint,Software Skill,Role,4
1556,Salesforce,Software Skill,Role,3
1556,Speaking,Essential Skill,Role,3
1556,Writing,Essential Skill,Role,4
1557,Active Listening,Essential Skill,Role,3
1557,Adobe Acrobat,Software Skill,Role,3
1557,Adobe InDesign,Software Skill,Role,4
1557,Monitoring,Essential Skill,Role,4
1557,Salesforce,Software Skill,Role,4
1557,Writing,Essential Skill,Role,5
1558,Adobe Acrobat,Software Skill,Transferable,3
1558,Cisco Webex,Software Skill,Transferable,3
1558,IBM SPSS Statistics,Software Skill,Role,3
1558,MATLAB,Software Skill,Role,3
1558,Microsoft Excel,Software Skill,Role,2
1558,Microsoft Project,Software Skill,Role,2
1558,R,Software Skill,Role,3
1558,SAS,Software Skill,Role,3
1558,Science,Essential Skill,Role,4
1560,Active Listening,Essential Skill,Role,5
1560,Adobe Acrobat,Software Skill,Role,4
1560,Adobe Creative Cloud,Software Skill,Role,4
1560,Adobe Illustrator,Software Skill,Role,4
1560,Adobe Photoshop,Software Skill,Role,5
1560,Critical Thinking,Essential Skill,Role,4
1560,MATLAB,Software Skill,Transferable,4
1560,Microsoft Excel,Software Skill,Role,2
1560,Microsoft Office,Software Skill,Role,3
1560,Microsoft Outlook,Software Skill,Role,4
1560,Microsoft PowerPoint,Software Skill,Role,4
1560,Monitoring,Essential Skill,Role,4
1560,Salesforce,Software Skill,Role,4
1562,Active Learning,Essential Skill,Role,4
1562,Active Listening,Essential Skill,Role,3
1562,Adobe After Effects,Software Skill,Transferable,4
1562,Adobe Creative Cloud,Software Skill,Role,3
1562,Adobe Illustrator,Software Skill,Role,3
1562,Atlassian JIRA,Software Skill,Transferable,3
1562,Critical Thinking,Essential Skill,Role,3
1562,Mathematics,Essential Skill,Role,3
1562,Microsoft Excel,Software Skill,Role,4
1562,Microsoft Office,Software Skill,Role,3
1562,Microsoft Outlook,Software Skill,Role,4
1562,Microsoft PowerPoint,Software Skill,Role,4
1562,Monitoring,Essential Skill,Role,4
1562,Speaking,Essential Skill,Role,3
1562,Writing,Essential Skill,Role,3
1563,Atlassian Confluence,Software Skill,Transferable,3
1563,Critical Thinking,Essential Skill,Role,4
1563,Learning Strategies,Essential Skill,Role,3
1563,Microsoft Office,Software Skill,Role,3
1563,Microsoft Outlook,Software Skill,Role,3
1563,Microsoft PowerPoint,Software Skill,Role,3
1563,Oracle HRIS,Software Skill,Role,3
1563,Reading Comprehension,Essential Skill,Role,3
1563,Writing,Essential Skill,Role,4
1564,Microsoft Azure,Software Skill,Transferable,3
1564,Salesforce,Software Skill,Transferable,3
1564,Speaking,Essential Skill,Role,3
1568,Active Learning,Essential Skill,Role,4
1568,Active Listening,Essential Skill,Role,4
1568,Microsoft Excel,Software Skill,Role,4
1568,Microsoft PowerPoint,Software Skill,Role,4
1568,Monitoring,Essential Skill,Role,3
1568,Oracle HRIS,Software Skill,Transferable,3
1568,SAS,Software Skill,Transferable,4
1569,Critical Thinking,Essential Skill,Role,2
1569,Electronic Medical Record (EMR),Software Skill,Role,3
1569,Monitoring,Essential Skill,Role,2
1569,Reading Comprehension,Essential Skill,Role,4
1569,Speaking,Essential Skill,Role,2
1572,Active Learning,Essential Skill,Role,4
1572,Active Listening,Essential Skill,Role,5
1572,Adobe After Effects,Software Skill,Role,5
1572,Adobe Photoshop,Software Skill,Role,5
1572,Critical Thinking,Essential Skill,Role,5
1572,Learning Strategies,Essential Skill,Role,4
1572,Microsoft Excel,Software Skill,Role,4
1572,Microsoft Office,Software Skill,Role,5
1572,Microsoft Outlook,Software Skill,Role,5
1572,Reading Comprehension,Essential Skill,Role,4
1572,SAP,Software Skill,Role,4
1572,Speaking,Essential Skill,Role,5
1573,Adobe Photoshop,Software Skill,Role,3
1573,Google Docs,Software Skill,Transferable,3
1573,Microsoft Outlook,Software Skill,Role,2
1573,Microsoft PowerPoint,Software Skill,Role,3
1573,Monitoring,Essential Skill,Role,2
1573,Python,Software Skill,Transferable,4
1573,SAP,Software Skill,Role,4
1574,Active Listening,Essential Skill,Role,4
1574,Adobe Creative Cloud,Software Skill,Transferable,3
1574,Adobe Photoshop,Software Skill,Role,4
1574,MATLAB,Software Skill,Role,3
1574,Mathematics,Essential Skill,Role,3
1574,Microsoft Excel,Software Skill,Role,4
1574,Microsoft Project,Software Skill,Role,4
1574,Python,Software Skill,Role,3
1574,Speaking,Essential Skill,Role,4
1574,Writing,Essential Skill,Role,4
1576,Active Listening,Essential Skill,Role,4
1576,Adobe InDesign,Software Skill,Transferable,3
1576,Adobe Photoshop,Software Skill,Role,3
1576,IBM SPSS Statistics,Software Skill,Role,4
1576,MATLAB,Software Skill,Role,4
1576,Microsoft Excel,Software Skill,Role,3
1576,Reading Comprehension,Essential Skill,Role,3
1576,Speaking,Essential Skill,Role,4
1577,Active Learning,Essential Skill,Role,3
1577,Adobe Photoshop,Software Skill,Role,3
1577,R,Software Skill,Role,3
1577,Reading Comprehension,Essential Skill,Role,3
1577,Science,Essential Skill,Role,2
1578,Active Learning,Essential Skill,Role,4
1578,Active Listening,Essential Skill,Role,5
1578,Adobe Acrobat,Software Skill,Role,5
1578,Adobe Photoshop,Software Skill,Role,5
1578,Atlassian JIRA,Software Skill,Role,5
1578,Microsoft Excel,Software Skill,Role,5
1578,Microsoft Office,Software Skill,Role,5
1578,Monitoring,Essential Skill,Role,4
1578,Reading Comprehension,Essential Skill,Role,5
1578,Speaking,Essential Skill,Role,5
1580,Active Learning,Essential Skill,Role,4
1580,Adobe Photoshop,Software Skill,Role,2
1580,Email,Software Skill,Transferable,3
1580,Microsoft Excel,Software Skill,Role,4
1580,Microsoft Office,Software Skill,Role,3
1580,Python,Software Skill,Role,2
1580,SAS,Software Skill,Role,3
1580,Science,Essential Skill,Role,3
1580,Writing,Essential Skill,Role,3
1581,Active Listening,Essential Skill,Role,2
1581,ESRI ArcGIS,Software Skill,Role,3
1581,Microsoft Excel,Software Skill,Role,3
1581,Microsoft Project,Software Skill,Role,3
1582,Active Listening,Essential Skill,Role,4
1582,Adobe Photoshop,Software Skill,Role,4
1582,Apple macOS,Software Skill,Transferable,3
1582,Mathematics,Essential Skill,Role,3
1582,Monitoring,Essential Skill,Role,3
1582,Reading Comprehension,Essential Skill,Role,3
1582,Writing,Essential Skill,Role,3
1583,Active Listening,Essential Skill,Role,4
1583,Adobe Creative Cloud,Software Skill,Role,4
1583,Adobe Illustrator,Software Skill,Role,2
1583,Adobe InDesign,Software Skill,Role,2
1583,Atlassian Confluence,Software Skill,Transferable,3
1583,Microsoft Excel,Software Skill,Role,3
1583,Microsoft Office,Software Skill,Role,3
1583,Microsoft Visio,Software Skill,Transferable,4
1583,Monitoring,Essential Skill,Role,4
1583,Reading Comprehension,Essential Skill,Role,3
1583,Salesforce,Software Skill,Role,3
1583,Speaking,Essential Skill,Role,4
1585,Active Learning,Essential Skill,Role,5
1585,Active Listening,Essential Skill,Role,4
1585,Adobe Acrobat,Software Skill,Role,3
1585,Adobe Creative Cloud,Software Skill,Role,3
1585,Adobe Photoshop,Software Skill,Role,4
1585,Atlassian Confluence,Software Skill,Transferable,4
1585,Critical Thinking,Essential Skill,Role,4
1585,Mathematics,Essential Skill,Role,4
1585,Microsoft Excel,Software Skill,Role,5
1585,Microsoft Office,Software Skill,Role,3
1585,Microsoft Outlook,Software Skill,Role,4
1585,Microsoft PowerPoint,Software Skill,Role,4
1585,Microsoft SharePoint,Software Skill,Transferable,4
1585,Reading Comprehension,Essential Skill,Role,4
1585,Salesforce,Software Skill,Role,4
1585,Speaking,Essential Skill,Role,4
1585,Writing,Essential Skill,Role,5
1586,Email,Software Skill,Role,3
1586,Microsoft Office,Software Skill,Role,2
1587,Active Listening,Essential Skill,Role,3
1587,ESRI ArcGIS,Software Skill,Transferable,3
1587,Microsoft Azure,Software Skill,Role,3
1587,Microsoft Office,Software Skill,Role,3
1587,Microsoft Outlook,Software Skill,Role,4
1587,Microsoft Project,Software Skill,Transferable,4
1587,Speaking,Essential Skill,Role,4
1587,Writing,Essential Skill,Role,3
1588,Active Learning,Essential Skill,Role,4
1588,Active Listening,Essential Skill,Role,4
1588,Adobe Creative Cloud,Software Skill,Role,3
1588,Microsoft Excel,Software Skill,Role,4
1588,Microsoft Office,Software Skill,Role,4
1588,Microsoft Outlook,Software Skill,Role,4
1588,Monitoring,Essential Skill,Role,3
1588,Oracle HRIS,Software Skill,Transferable,5
1588,Reading Comprehension,Essential Skill,Role,2
1588,Salesforce,Software Skill,Role,3
1588,Speaking,Essential Skill,Role,4
1588,Writing,Essential Skill,Role,2
1590,Active Listening,Essential Skill,Role,2
1590,Mathematics,Essential Skill,Role,2
1591,Active Learning,Essential Skill,Role,4
1591,Adobe Acrobat,Software Skill,Role,5
1591,Apple macOS,Software Skill,Role,4
1591,Atlassian Confluence,Software Skill,Role,5
1591,Atlassian JIRA,Software Skill,Role,4
1591,Google Analytics,Software Skill,Role,4
1591,Learning Strategies,Essential Skill,Role,4
1591,Microsoft Excel,Software Skill,Role,4
1591,Microsoft Office,Software Skill,Role,5
1591,Microsoft PowerPoint,Software Skill,Role,4
1591,Monitoring,Essential Skill,Role,4
1591,Writing,Essential Skill,Role,5
1592,Active Learning,Essential Skill,Role,3
1592,Linux,Software Skill,Transferable,2
1592,Microsoft Excel,Software Skill,Role,3
1592,Writing,Essential Skill,Role,2
1594,Active Listening,Essential Skill,Role,4
1594,Critical Thinking,Essential Skill,Role,4
1594,Electronic Medical Record (EMR),Software Skill,Role,2
1594,Microsoft Excel,Software Skill,Role,4
1594,Microsoft PowerPoint,Software Skill,Role,4
1594,SAP,Software Skill,Role,3
1594,Science,Essential Skill,Role,3
1594,Workday,Software Skill,Transferable,4
1595,Active Listening,Essential Skill,Role,4
1595,Adobe Photoshop,Software Skill,Role,3
1595,Atlassian Confluence,Software Skill,Role,4
1595,Atlassian JIRA,Software Skill,Role,4
1595,Microsoft Excel,Software Skill,Role,5
1595,Microsoft PowerPoint,Software Skill,Role,4
1595,Monitoring,Essential Skill,Role,4
1595,Reading Comprehension,Essential Skill,Role,5
1595,Speaking,Essential Skill,Role,4
1595,Writing,Essential Skill,Role,4
1596,Active Listening,Essential Skill,Role,4
1596,Electronic Medical Record (EMR),Software Skill,Role,3
1596,Google Docs,Software Skill,Role,3
1596,Microsoft Office,Software Skill,Role,3
1596,Microsoft PowerPoint,Software Skill,Role,3
1596,Microsoft Word,Software Skill,Role,3
1596,Monitoring,Essential Skill,Role,4
1596,Science,Essential Skill,Role,3
1596,Speaking,Essential Skill,Role,3
1597,Active Listening,Essential Skill,Role,3
1597,Cisco Webex,Software Skill,Transferable,3
1597,Critical Thinking,Essential Skill,Role,3
1597,Google Workspace,Software Skill,Role,5
1597,Microsoft Outlook,Software Skill,Role,4
1597,Monitoring,Essential Skill,Role,4
1597,Salesforce,Software Skill,Role,4
1598,Adobe Illustrator,Software Skill,Role,2
1598,Microsoft Excel,Software Skill,Role,3
1598,Monitoring,Essential Skill,Role,3
1599,Active Listening,Essential Skill,Role,2
1599,Critical Thinking,Essential Skill,Role,4
1599,Microsoft Office,Software Skill,Role,3
1599,Microsoft PowerPoint,Software Skill,Role,2
1599,Microsoft Visio,Software Skill,Transferable,4
1599,Writing,Essential Skill,Role,3
1601,Active Learning,Essential Skill,Role,2
1601,Amazon Web Services (AWS),Software Skill,Transferable,2
1601,MEDITECH,Software Skill,Role,4
1601,Microsoft Excel,Software Skill,Role,2
1601,Microsoft Word,Software Skill,Role,2
1601,Reading Comprehension,Essential Skill,Role,3
1602,Active Learning,Essential Skill,Role,5
1602,Apple macOS,Software Skill,Role,5
1602,Atlassian Confluence,Software Skill,Role,4
1602,Critical Thinking,Essential Skill,Role,5
1602,Google Analytics,Software Skill,Role,5
1602,Learning Strategies,Essential Skill,Role,5
1602,Microsoft Excel,Software Skill,Role,5
1602,Microsoft Office,Software Skill,Role,4
1602,Monitoring,Essential Skill,Role,5
1602,Reading Comprehension,Essential Skill,Role,4
1602,Speaking,Essential Skill,Role,5
1602,Writing,Essential Skill,Role,3
1604,Active Learning,Essential Skill,Role,2
1604,Email,Software Skill,Role,3
1604,Microsoft PowerPoint,Software Skill,Role,2
1604,Speaking,Essential Skill,Role,3
1605,Adobe Illustrator,Software Skill,Transferable,2
1605,Adobe Photoshop,Software Skill,Role,2
1605,ESRI ArcGIS,Software Skill,Role,3
1605,MATLAB,Software Skill,Role,3
1605,Microsoft Project,Software Skill,Role,3
1605,R,Software Skill,Role,4
1605,Reading Comprehension,Essential Skill,Role,3
1605,Speaking,Essential Skill,Role,3
1605,Writing,Essential Skill,Role,2
1606,Active Learning,Essential Skill,Role,4
1606,Active Listening,Essential Skill,Role,5
1606,Adobe Illustrator,Software Skill,Transferable,4
1606,Amazon Web Services (AWS),Software Skill,Role,4
1606,Apache Hadoop,Software Skill,Role,5
1606,Google Workspace,Software Skill,Role,4
1606,Mathematics,Essential Skill,Role,5
1606,Microsoft Access,Software Skill,Role,4
1606,Microsoft Excel,Software Skill,Role,4
1606,Microsoft Office,Software Skill,Role,5
1606,Microsoft Outlook,Software Skill,Role,4
1606,Monitoring,Essential Skill,Role,5
1606,Reading Comprehension,Essential Skill,Role,5
1606,Salesforce,Software Skill,Role,4
1606,Speaking,Essential Skill,Role,4
1606,Writing,Essential Skill,Role,5
1607,Adobe Photoshop,Software Skill,Role,3
1607,Critical Thinking,Essential Skill,Role,2
1607,ESRI ArcGIS,Software Skill,Role,3
1607,IBM SPSS Statistics,Software Skill,Role,3
1607,Speaking,Essential Skill,Role,3
1608,Active Listening,Essential Skill,Role,5
1608,ESRI ArcGIS,Software Skill,Role,5
1608,Microsoft Excel,Software Skill,Role,2
1608,Microsoft Office,Software Skill,Role,4
1608,Microsoft PowerPoint,Software Skill,Role,5
1608,Microsoft Project,Software Skill,Role,5
1608,Microsoft Visio,Software Skill,Role,5
1608,Reading Comprehension,Essential Skill,Role,4
1608,Speaking,Essential Skill,Role,5
1608,Writing,Essential Skill,Role,3
1609,Active Learning,Essential Skill,Role,3
1609,Active Listening,Essential Skill,Role,2
1609,Critical Thinking,Essential Skill,Role,4
1609,IBM SPSS Statistics,Software Skill,Role,4
1609,MATLAB,Software Skill,Role,4
1609,Mathematics,Essential Skill,Role,3
1609,Microsoft Office,Software Skill,Role,2
1609,Reading Comprehension,Essential Skill,Role,4
1609,Science,Essential Skill,Role,2
1611,Active Listening,Essential Skill,Role,3
1611,Critical Thinking,Essential Skill,Role,4
1611,Electronic Medical Record (EMR),Software Skill,Role,4
1611,Google Docs,Software Skill,Role,3
1611,Microsoft Access,Software Skill,Transferable,4
1611,Microsoft Outlook,Software Skill,Role,4
1611,Microsoft Word,Software Skill,Role,4
1611,Reading Comprehension,Essential Skill,Role,4
1611,SAP,Software Skill,Role,4
1611,Science,Essential Skill,Role,3
1612,Active Learning,Essential Skill,Role,3
1612,Active Listening,Essential Skill,Role,3
1612,Adobe InDesign,Software Skill,Role,3
1612,Google Docs,Software Skill,Transferable,4
1612,Microsoft Excel,Software Skill,Role,3
1612,Microsoft PowerPoint,Software Skill,Role,4
1612,Salesforce,Software Skill,Role,3
1612,Speaking,Essential Skill,Role,3
1613,Active Listening,Essential Skill,Role,4
1613,Adobe Creative Cloud,Software Skill,Role,3
1613,Autodesk AutoCAD,Software Skill,Transferable,3
1613,Mathematics,Essential Skill,Role,3
1613,Microsoft Access,Software Skill,Transferable,4
1613,Microsoft Outlook,Software Skill,Role,4
1613,Speaking,Essential Skill,Role,4
1614,Adobe Acrobat,Software Skill,Role,3
1614,Adobe After Effects,Software Skill,Role,4
1614,Adobe InDesign,Software Skill,Role,2
1614,Critical Thinking,Essential Skill,Role,4
1614,Learning Strategies,Essential Skill,Role,4
1614,Microsoft Outlook,Software Skill,Role,3
1614,Speaking,Essential Skill,Role,3
1615,Adobe Acrobat,Software Skill,Role,5
1615,Autodesk AutoCAD,Software Skill,Role,3
1615,Critical Thinking,Essential Skill,Role,3
1615,Learning Strategies,Essential Skill,Role,3
1615,Microsoft Excel,Software Skill,Role,3
1615,Microsoft Office,Software Skill,Role,4
1615,R,Software Skill,Transferable,3
1615,Writing,Essential Skill,Role,3
1617,Active Learning,Essential Skill,Role,4
1617,Active Listening,Essential Skill,Role,4
1617,Critical Thinking,Essential Skill,Role,3
1617,Learning Strategies,Essential Skill,Transferable,3
1617,MEDITECH,Software Skill,Role,3
1617,Microsoft Excel,Software Skill,Role,4
1617,Microsoft PowerPoint,Software Skill,Role,4
1617,Monitoring,Essential Skill,Role,3
1617,SAP,Software Skill,Role,3
1617,Writing,Essential Skill,Role,4
1618,Active Learning,Essential Skill,Role,3
1618,Active Listening,Essential Skill,Role,3
1618,Adobe Photoshop,Software Skill,Role,4
1618,Atlassian Confluence,Software Skill,Transferable,3
1618,Autodesk AutoCAD,Software Skill,Role,4
1618,Critical Thinking,Essential Skill,Role,3
1618,Microsoft Excel,Software Skill,Role,3
1618,Microsoft Outlook,Software Skill,Role,3
1618,Microsoft PowerPoint,Software Skill,Role,4
1618,Writing,Essential Skill,Role,4
1619,Apple macOS,Software Skill,Transferable,4
1619,Atlassian JIRA,Software Skill,Transferable,3
1619,Google Docs,Software Skill,Role,3
1619,Microsoft Outlook,Software Skill,Role,3
1619,Microsoft PowerPoint,Software Skill,Role,3
1619,Microsoft Word,Software Skill,Role,2
1619,Monitoring,Essential Skill,Role,4
1619,Reading Comprehension,Essential Skill,Role,3
1621,Active Learning,Essential Skill,Role,5
1621,Active Listening,Essential Skill,Role,4
1621,Critical Thinking,Essential Skill,Role,4
1621,ESRI ArcGIS,Software Skill,Role,4
1621,Mathematics,Essential Skill,Role,4
1621,Microsoft Excel,Software Skill,Role,4
1621,Microsoft Project,Software Skill,Role,5
1621,Python,Software Skill,Role,3
1621,R,Software Skill,Role,4
1621,SAS,Software Skill,Role,4
1621,Science,Essential Skill,Role,4
1622,Adobe Acrobat,Software Skill,Role,2
1622,Adobe After Effects,Software Skill,Role,3
1622,Adobe InDesign,Software Skill,Role,4
1622,Critical Thinking,Essential Skill,Role,3
1622,Learning Strategies,Essential Skill,Role,3
1622,Microsoft Outlook,Software Skill,Role,3
1622,Monitoring,Essential Skill,Role,4
1623,Active Listening,Essential Skill,Role,2
1623,IBM SPSS Statistics,Software Skill,Role,3
1623,Microsoft Excel,Software Skill,Role,3
1623,SAS,Software Skill,Role,3
1623,Science,Essential Skill,Role,2
1624,Apple macOS,Software Skill,Role,2
1624,Critical Thinking,Essential Skill,Role,3
1624,HubSpot,Software Skill,Role,2
1624,Microsoft Word,Software Skill,Role,3
1624,Monitoring,Essential Skill,Role,3
1624,Salesforce,Software Skill,Role,2
1625,Active Learning,Essential Skill,Role,4
1625,Active Listening,Essential Skill,Role,5
1625,Adobe Acrobat,Software Skill,Role,5
1625,Apache Hadoop,Software Skill,Transferable,4
1625,Apple macOS,Software Skill,Role,4
1625,Atlassian Confluence,Software Skill,Role,4
1625,Atlassian JIRA,Software Skill,Role,3
1625,Autodesk AutoCAD,Software Skill,Role,5
1625,ESRI ArcGIS,Software Skill,Transferable,4
1625,Microsoft Excel,Software Skill,Role,5
1625,Microsoft Office,Software Skill,Role,4
1625,Microsoft PowerPoint,Software Skill,Role,5
1625,Monitoring,Essential Skill,Role,4
1625,Speaking,Essential Skill,Role,4
1625,Writing,Essential Skill,Role,4
1627,Active Learning,Essential Skill,Role,4
1627,Critical Thinking,Essential Skill,Role,3
1627,Electronic Medical Record (EMR),Software Skill,Role,3
1627,Email,Software Skill,Role,3
1627,MEDITECH,Software Skill,Role,3
1627,Microsoft Office,Software Skill,Role,3
1627,Microsoft PowerPoint,Software Skill,Role,3
1627,Microsoft Word,Software Skill,Role,2
1627,SAP,Software Skill,Role,3
1628,Adobe Photoshop,Software Skill,Role,3
1628,Amazon Web Services (AWS),Software Skill,Transferable,2
1628,Autodesk AutoCAD,Software Skill,Role,3
1628,Critical Thinking,Essential Skill,Role,4
1628,Google Analytics,Software Skill,Transferable,4
1628,Microsoft Office,Software Skill,Role,4
1628,Microsoft Outlook,Software Skill,Role,4
1628,Monitoring,Essential Skill,Role,5
1628,Speaking,Essential Skill,Role,3
1630,Active Learning,Essential Skill,Role,3
1630,Active Listening,Essential Skill,Role,4
1630,Apple macOS,Software Skill,Transferable,4
1630,Critical Thinking,Essential Skill,Role,4
1630,Linux,Software Skill,Role,4
1630,Microsoft Office,Software Skill,Role,4
1630,Microsoft Outlook,Software Skill,Role,3
1630,Reading Comprehension,Essential Skill,Role,4
1631,Active Listening,Essential Skill,Role,4
1631,Adobe After Effects,Software Skill,Role,4
1631,Adobe Photoshop,Software Skill,Role,3
1631,Critical Thinking,Essential Skill,Role,3
1631,Microsoft Excel,Software Skill,Role,3
1631,Microsoft Office,Software Skill,Role,3
1631,Microsoft PowerPoint,Software Skill,Role,3
1631,Reading Comprehension,Essential Skill,Role,4
1631,Speaking,Essential Skill,Role,3
1633,Active Learning,Essential Skill,Role,3
1633,Microsoft Excel,Software Skill,Role,4
1633,Microsoft Outlook,Software Skill,Role,4
1633,Microsoft PowerPoint,Software Skill,Role,2
1633,Microsoft Visio,Software Skill,Transferable,4
1633,Reading Comprehension,Essential Skill,Role,3
1633,SAP,Software Skill,Role,3
1633,Science,Essential Skill,Transferable,3
1633,Speaking,Essential Skill,Role,3
1635,Active Listening,Essential Skill,Role,3
1635,Adobe After Effects,Software Skill,Role,3
1635,Adobe Photoshop,Software Skill,Role,3
1635,Autodesk AutoCAD,Software Skill,Role,4
1635,Critical Thinking,Essential Skill,Role,3
1635,Learning Strategies,Essential Skill,Role,2
1635,Linux,Software Skill,Transferable,3
1635,Mathematics,Essential Skill,Transferable,3
1635,Microsoft Excel,Software Skill,Role,4
1635,Microsoft Office,Software Skill,Role,4
1635,Monitoring,Essential Skill,Role,3
1635,Writing,Essential Skill,Role,3
1638,Email,Software Skill,Transferable,3
1638,Google Analytics,Software Skill,Transferable,4
1638,Microsoft Excel,Software Skill,Role,4
1638,Microsoft Outlook,Software Skill,Role,3
1638,Microsoft PowerPoint,Software Skill,Role,4
1638,Reading Comprehension,Essential Skill,Role,4
1638,Speaking,Essential Skill,Role,3
1639,Active Learning,Essential Skill,Role,4
1639,Adobe Illustrator,Software Skill,Role,5
1639,Adobe Photoshop,Software Skill,Role,4
1639,Critical Thinking,Essential Skill,Role,4
1639,Microsoft Excel,Software Skill,Role,4
1639,Microsoft Office,Software Skill,Role,5
1639,Microsoft Outlook,Software Skill,Role,3
1639,Microsoft PowerPoint,Software Skill,Role,4
1639,Monitoring,Essential Skill,Role,4
1639,Salesforce,Software Skill,Role,4
1639,Speaking,Essential Skill,Role,4
1640,Active Learning,Essential Skill,Role,3
1640,Adobe Photoshop,Software Skill,Role,2
1640,MATLAB,Software Skill,Role,2
1640,Microsoft Excel,Software Skill,Role,2
1640,Microsoft Office,Software Skill,Role,3
1640,R,Software Skill,Role,3
1640,Reading Comprehension,Essential Skill,Role,3
1640,Science,Essential Skill,Role,3
1641,Active Learning,Essential Skill,Role,5
1641,Adobe Photoshop,Software Skill,Role,4
1641,Critical Thinking,Essential Skill,Role,3
1641,Google Workspace,Software Skill,Transferable,4
1641,Learning Strategies,Essential Skill,Role,5
1641,Mathematics,Essential Skill,Transferable,4
1641,Microsoft Office,Software Skill,Role,4
1641,Microsoft Outlook,Software Skill,Role,3
1641,SAP,Software Skill,Role,4
1641,Speaking,Essential Skill,Role,4
1642,Active Learning,Essential Skill,Role,3
1642,Active Listening,Essential Skill,Role,4
1642,Critical Thinking,Essential Skill,Role,4
1642,Learning Strategies,Essential Skill,Role,3
1642,Microsoft Excel,Software Skill,Role,4
1642,Microsoft Office,Software Skill,Role,4
1642,Microsoft Outlook,Software Skill,Role,3
1642,Microsoft PowerPoint,Software Skill,Role,3
1642,Monitoring,Essential Skill,Role,4
1642,Oracle HRIS,Software Skill,Role,3
1642,Reading Comprehension,Essential Skill,Role,4
1642,SAP,Software Skill,Transferable,4
1642,Writing,Essential Skill,Role,4
1644,Active Listening,Essential Skill,Role,4
1644,Adobe Acrobat,Software Skill,Role,3
1644,Atlassian Confluence,Software Skill,Role,5
1644,Autodesk AutoCAD,Software Skill,Role,4
1644,Google Analytics,Software Skill,Role,4
1644,Microsoft Office,Software Skill,Role,4
1644,Microsoft PowerPoint,Software Skill,Role,4
1644,Monitoring,Essential Skill,Role,4
1644,Reading Comprehension,Essential Skill,Role,4
1644,Writing,Essential Skill,Role,4
1645,Active Learning,Essential Skill,Role,2
1645,Adobe InDesign,Software Skill,Role,3
1645,Adobe Photoshop,Software Skill,Role,2
1645,Microsoft Excel,Software Skill,Role,3
1645,Microsoft Outlook,Software Skill,Role,3
1645,Microsoft PowerPoint,Software Skill,Role,3
1645,Reading Comprehension,Essential Skill,Role,3
1645,Salesforce,Software Skill,Role,4
1645,Writing,Essential Skill,Role,4
1646,IBM SPSS Statistics,Software Skill,Role,2
1646,Mathematics,Essential Skill,Role,1
1646,SAS,Software Skill,Role,3
1646,Science,Essential Skill,Role,3
1646,Speaking,Essential Skill,Role,2
1647,Active Listening,Essential Skill,Role,2
1647,Adobe After Effects,Software Skill,Transferable,3
1647,Microsoft Azure,Software Skill,Transferable,3
1647,Microsoft Office,Software Skill,Role,3
1647,R,Software Skill,Role,1
1647,Speaking,Essential Skill,Role,2
1647,Writing,Essential Skill,Role,3
1648,Active Listening,Essential Skill,Role,3
1648,Applicant Tracking System (ATS),Software Skill,Transferable,2
1648,Critical Thinking,Essential Skill,Role,2
1648,IBM SPSS Statistics,Software Skill,Role,2
1648,MATLAB,Software Skill,Role,3
1648,Mathematics,Essential Skill,Role,2
1648,Reading Comprehension,Essential Skill,Role,2
1648,SAS,Software Skill,Role,3
1649,Critical Thinking,Essential Skill,Role,2
1649,Google Docs,Software Skill,Role,3
1649,Microsoft Word,Software Skill,Role,3
1649,Reading Comprehension,Essential Skill,Role,3
1649,SAP,Software Skill,Role,3
1649,Science,Essential Skill,Role,1
1649,Writing,Essential Skill,Role,4
1650,Active Learning,Essential Skill,Role,3
1650,Adobe Acrobat,Software Skill,Role,3
1650,Adobe Illustrator,Software Skill,Role,3
1650,Apache Hadoop,Software Skill,Transferable,4
1650,Critical Thinking,Essential Skill,Role,3
1650,Microsoft Outlook,Software Skill,Role,2
1650,Oracle HRIS,Software Skill,Transferable,3
1650,Reading Comprehension,Essential Skill,Role,3
1650,Speaking,Essential Skill,Role,3
1650,Writing,Essential Skill,Role,3
1651,Active Listening,Essential Skill,Role,4
1651,Amazon Web Services (AWS),Software Skill,Role,4
1651,Critical Thinking,Essential Skill,Role,4
1651,Google Workspace,Software Skill,Role,4
1651,Linux,Software Skill,Role,5
1651,Microsoft Access,Software Skill,Role,3
1651,Microsoft Azure,Software Skill,Role,3
1651,Microsoft Outlook,Software Skill,Role,5
1651,Microsoft Project,Software Skill,Transferable,5
1651,Reading Comprehension,Essential Skill,Role,5
1651,Salesforce,Software Skill,Role,3
1651,Speaking,Essential Skill,Role,4
1653,Adobe Acrobat,Software Skill,Role,3
1653,Adobe Illustrator,Software Skill,Transferable,3
1653,Adobe InDesign,Software Skill,Role,3
1653,Adobe Photoshop,Software Skill,Role,3
1653,Learning Strategies,Essential Skill,Role,3
1653,MEDITECH,Software Skill,Transferable,2
1653,Microsoft PowerPoint,Software Skill,Role,4
1653,Monitoring,Essential Skill,Role,3
1653,Reading Comprehension,Essential Skill,Role,3
1654,Adobe After Effects,Software Skill,Role,3
1654,Adobe InDesign,Software Skill,Role,3
1654,Adobe Photoshop,Software Skill,Role,2
1654,Apache Hadoop,Software Skill,Transferable,4
1654,Atlassian JIRA,Software Skill,Transferable,4
1654,Autodesk AutoCAD,Software Skill,Role,4
1654,Monitoring,Essential Skill,Role,3
1654,Writing,Essential Skill,Role,4
1655,Active Learning,Essential Skill,Role,5
1655,Critical Thinking,Essential Skill,Role,4
1655,IBM SPSS Statistics,Software Skill,Role,4
1655,Microsoft Office,Software Skill,Role,4
1655,Microsoft PowerPoint,Software Skill,Role,4
1655,Microsoft Visio,Software Skill,Role,5
1655,Science,Essential Skill,Role,4
1656,Active Learning,Essential Skill,Role,4
1656,Active Listening,Essential Skill,Role,4
1656,Critical Thinking,Essential Skill,Role,3
1656,Email,Software Skill,Transferable,4
1656,Microsoft Azure,Software Skill,Transferable,5
1656,Microsoft Excel,Software Skill,Role,5
1656,Microsoft Office,Software Skill,Role,4
1656,Microsoft SharePoint,Software Skill,Role,3
1656,Microsoft Visio,Software Skill,Role,5
1656,Monitoring,Essential Skill,Role,3
1656,Speaking,Essential Skill,Role,5
1656,Writing,Essential Skill,Role,4
1657,Atlassian JIRA,Software Skill,Transferable,3
1657,Microsoft Project,Software Skill,Role,4
1657,Microsoft Word,Software Skill,Role,3
1657,SAP,Software Skill,Transferable,3
1658,Adobe Creative Cloud,Software Skill,Transferable,4
1658,Mathematics,Essential Skill,Role,3
1658,Microsoft Excel,Software Skill,Role,3
1658,Science,Essential Skill,Role,3
1658,Speaking,Essential Skill,Role,3
1659,Active Learning,Essential Skill,Role,4
1659,Cisco Webex,Software Skill,Transferable,5
1659,Critical Thinking,Essential Skill,Role,3
1659,Electronic Medical Record (EMR),Software Skill,Role,4
1659,Google Docs,Software Skill,Role,4
1659,Microsoft Excel,Software Skill,Role,2
1659,Microsoft Office,Software Skill,Role,4
1659,Microsoft Visio,Software Skill,Transferable,3
1659,Reading Comprehension,Essential Skill,Role,4
1661,Active Learning,Essential Skill,Role,3
1661,Active Listening,Essential Skill,Role,3
1661,Amazon Web Services (AWS),Software Skill,Role,4
1661,Apache Hadoop,Software Skill,Role,3
1661,Linux,Software Skill,Role,3
1661,Microsoft Office,Software Skill,Role,5
1661,Microsoft Outlook,Software Skill,Role,5
1661,Speaking,Essential Skill,Role,5
1662,Adobe Acrobat,Software Skill,Role,5
1662,Autodesk AutoCAD,Software Skill,Role,4
1662,Critical Thinking,Essential Skill,Role,5
1662,Microsoft Excel,Software Skill,Role,4
1662,Microsoft Office,Software Skill,Role,3
1662,Microsoft PowerPoint,Software Skill,Role,4
1662,Python,Software Skill,Transferable,4
1662,Reading Comprehension,Essential Skill,Role,3
1662,Speaking,Essential Skill,Role,3
1664,Google Docs,Software Skill,Transferable,2
1664,Linux,Software Skill,Role,4
1664,Microsoft Azure,Software Skill,Role,3
1664,Monitoring,Essential Skill,Role,3
1664,Salesforce,Software Skill,Role,4
1664,Speaking,Essential Skill,Role,3
1664,Writing,Essential Skill,Role,4
1665,Active Learning,Essential Skill,Role,4
1665,Active Listening,Essential Skill,Role,5
1665,Adobe Photoshop,Software Skill,Role,5
1665,Critical Thinking,Essential Skill,Role,5
1665,Google Analytics,Software Skill,Role,4
1665,Microsoft Excel,Software Skill,Role,5
1665,Microsoft Office,Software Skill,Role,4
1665,Microsoft PowerPoint,Software Skill,Role,4
1665,Monitoring,Essential Skill,Role,4
1665,Reading Comprehension,Essential Skill,Role,5
1665,Speaking,Essential Skill,Role,5
1666,Active Learning,Essential Skill,Role,5
1666,Adobe Acrobat,Software Skill,Role,3
1666,ESRI ArcGIS,Software Skill,Role,2
1666,Microsoft Azure,Software Skill,Transferable,3
1666,Microsoft Office,Software Skill,Role,4
1666,Microsoft PowerPoint,Software Skill,Role,4
1666,SAP,Software Skill,Transferable,3
1667,Active Learning,Essential Skill,Role,4
1667,Active Listening,Essential Skill,Role,4
1667,Adobe Creative Cloud,Software Skill,Role,4
1667,Critical Thinking,Essential Skill,Role,3
1667,Mathematics,Essential Skill,Role,4
1667,Microsoft Excel,Software Skill,Role,4
1667,Microsoft Office,Software Skill,Role,4
1667,Microsoft PowerPoint,Software Skill,Role,3
1667,Reading Comprehension,Essential Skill,Role,4
1667,Speaking,Essential Skill,Role,3
1668,Adobe Photoshop,Software Skill,Role,2
1668,MATLAB,Software Skill,Role,4
1668,Mathematics,Essential Skill,Role,3
1668,Microsoft Office,Software Skill,Role,3
1668,Python,Software Skill,Role,3
1668,R,Software Skill,Role,4
1668,SAS,Software Skill,Role,4
1668,Science,Essential Skill,Role,4
1668,Speaking,Essential Skill,Role,2
1669,Active Learning,Essential Skill,Role,3
1669,Adobe InDesign,Software Skill,Role,3
1669,Learning Strategies,Essential Skill,Transferable,3
1669,Microsoft PowerPoint,Software Skill,Role,3
1669,Microsoft SharePoint,Software Skill,Transferable,3
1669,Reading Comprehension,Essential Skill,Role,4
1669,Speaking,Essential Skill,Role,3
1670,Active Learning,Essential Skill,Role,3
1670,Active Listening,Essential Skill,Role,3
1670,Adobe Creative Cloud,Software Skill,Role,3
1670,Adobe Illustrator,Software Skill,Role,3
1670,Critical Thinking,Essential Skill,Role,3
1670,Microsoft Excel,Software Skill,Role,3
1670,Microsoft Office,Software Skill,Role,3
1670,Microsoft PowerPoint,Software Skill,Role,4
1670,Monitoring,Essential Skill,Role,3
1671,Microsoft Excel,Software Skill,Role,3
1671,Microsoft Office,Software Skill,Role,2
1671,Microsoft Project,Software Skill,Role,3
1671,Python,Software Skill,Role,3
1671,Reading Comprehension,Essential Skill,Role,3
1671,SAS,Software Skill,Role,4
1671,Writing,Essential Skill,Role,3
1673,Active Listening,Essential Skill,Role,4
1673,Adobe Illustrator,Software Skill,Role,4
1673,Adobe Photoshop,Software Skill,Role,3
1673,Autodesk AutoCAD,Software Skill,Transferable,3
1673,Critical Thinking,Essential Skill,Role,4
1673,Google Analytics,Software Skill,Transferable,4
1673,Mathematics,Essential Skill,Role,4
1673,Microsoft Excel,Software Skill,Role,4
1673,Microsoft Outlook,Software Skill,Role,3
1673,Reading Comprehension,Essential Skill,Role,5
1673,Salesforce,Software Skill,Role,3
1673,Writing,Essential Skill,Role,3
1674,Critical Thinking,Essential Skill,Role,3
1674,MEDITECH,Software Skill,Role,3
1674,Microsoft Excel,Software Skill,Role,4
1674,Reading Comprehension,Essential Skill,Role,3
1674,Speaking,Essential Skill,Role,3
1675,Active Learning,Essential Skill,Role,3
1675,Active Listening,Essential Skill,Role,3
1675,Critical Thinking,Essential Skill,Role,3
1675,IBM SPSS Statistics,Software Skill,Transferable,3
1675,MEDITECH,Software Skill,Role,3
1675,Microsoft Office,Software Skill,Role,3
1675,Microsoft PowerPoint,Software Skill,Role,3
1675,Microsoft Word,Software Skill,Role,3
1675,SAP,Software Skill,Role,2
1675,SAS,Software Skill,Transferable,3
1675,Speaking,Essential Skill,Role,4
1676,Active Learning,Essential Skill,Role,5
1676,Active Listening,Essential Skill,Role,4
1676,Adobe Photoshop,Software Skill,Role,5
1676,Apple macOS,Software Skill,Role,5
1676,Atlassian Confluence,Software Skill,Role,5
1676,Critical Thinking,Essential Skill,Role,4
1676,Microsoft Excel,Software Skill,Role,4
1676,Microsoft PowerPoint,Software Skill,Role,4
1676,Monitoring,Essential Skill,Role,5
1676,Reading Comprehension,Essential Skill,Role,5
1676,Speaking,Essential Skill,Role,4
1676,Workday,Software Skill,Transferable,5
1677,Active Listening,Essential Skill,Role,4
1677,Atlassian Confluence,Software Skill,Role,4
1677,Autodesk AutoCAD,Software Skill,Role,4
1677,Critical Thinking,Essential Skill,Role,5
1677,Google Analytics,Software Skill,Role,4
1677,Microsoft PowerPoint,Software Skill,Role,4
1677,Reading Comprehension,Essential Skill,Role,5
1677,Speaking,Essential Skill,Role,3
1678,Adobe Acrobat,Software Skill,Role,4
1678,Adobe Illustrator,Software Skill,Role,4
1678,Adobe Photoshop,Software Skill,Role,3
1678,Atlassian JIRA,Software Skill,Transferable,3
1678,Learning Strategies,Essential Skill,Transferable,4
1678,Microsoft Excel,Software Skill,Role,3
1678,Microsoft Office,Software Skill,Role,4
1678,Microsoft Outlook,Software Skill,Role,4
1678,Monitoring,Essential Skill,Role,3
1678,Speaking,Essential Skill,Role,3
1680,Active Listening,Essential Skill,Role,2
1680,Apple macOS,Software Skill,Role,3
1680,Mathematics,Essential Skill,Role,2
1680,Microsoft Excel,Software Skill,Role,2
1680,Microsoft Project,Software Skill,Role,2
1680,Microsoft Word,Software Skill,Role,2
1680,Python,Software Skill,Transferable,1
1681,Adobe Acrobat,Software Skill,Role,3
1681,Microsoft Excel,Software Skill,Role,4
1681,Microsoft Outlook,Software Skill,Role,4
1681,Microsoft PowerPoint,Software Skill,Role,3
1681,Microsoft Visio,Software Skill,Transferable,2
1681,Speaking,Essential Skill,Role,3
1682,Active Listening,Essential Skill,Role,4
1682,Adobe After Effects,Software Skill,Transferable,4
1682,Adobe Illustrator,Software Skill,Transferable,4
1682,Google Workspace,Software Skill,Role,3
1682,Microsoft Office,Software Skill,Role,2
1682,Microsoft Outlook,Software Skill,Role,3
1682,Speaking,Essential Skill,Role,4
1683,Active Learning,Essential Skill,Role,2
1683,Critical Thinking,Essential Skill,Role,3
1683,Learning Strategies,Essential Skill,Role,2
1683,Microsoft Outlook,Software Skill,Role,3
1683,Oracle HRIS,Software Skill,Role,3
1683,Speaking,Essential Skill,Role,3
1684,Critical Thinking,Essential Skill,Role,3
1684,Google Workspace,Software Skill,Transferable,2
1684,MEDITECH,Software Skill,Role,2
1684,Microsoft Outlook,Software Skill,Role,3
1684,Microsoft SharePoint,Software Skill,Transferable,3
1684,Science,Essential Skill,Role,3
1687,Critical Thinking,Essential Skill,Role,3
1687,Google Docs,Software Skill,Role,2
1687,Microsoft Excel,Software Skill,Role,3
1687,Monitoring,Essential Skill,Role,3
1687,Reading Comprehension,Essential Skill,Role,3
1687,Speaking,Essential Skill,Role,2
1689,Amazon Web Services (AWS),Software Skill,Role,3
1689,Critical Thinking,Essential Skill,Role,5
1689,Google Workspace,Software Skill,Role,5
1689,Microsoft Excel,Software Skill,Role,3
1689,Microsoft Outlook,Software Skill,Role,3
1689,Reading Comprehension,Essential Skill,Role,3
1689,Salesforce,Software Skill,Role,4
1691,Apple macOS,Software Skill,Role,3
1691,HubSpot,Software Skill,Role,4
1691,MEDITECH,Software Skill,Transferable,3
1691,Mathematics,Essential Skill,Role,3
1691,Microsoft Excel,Software Skill,Role,4
1691,Microsoft Office,Software Skill,Role,3
1691,Microsoft PowerPoint,Software Skill,Role,3
1691,Microsoft Project,Software Skill,Role,3
1691,Monitoring,Essential Skill,Role,3
1691,Reading Comprehension,Essential Skill,Role,3
1691,Speaking,Essential Skill,Role,4
1692,Critical Thinking,Essential Skill,Role,2
1692,Email,Software Skill,Role,3
1692,Google Docs,Software Skill,Role,2
1692,MEDITECH,Software Skill,Role,4
1692,Microsoft Excel,Software Skill,Role,3
1692,Microsoft Outlook,Software Skill,Role,4
1692,Microsoft PowerPoint,Software Skill,Role,4
1692,Microsoft Word,Software Skill,Role,2
1692,Reading Comprehension,Essential Skill,Role,4
1692,SAP,Software Skill,Role,2
1692,Speaking,Essential Skill,Role,3
1692,Writing,Essential Skill,Role,3
1693,Active Learning,Essential Skill,Role,4
1693,Active Listening,Essential Skill,Role,4
1693,Adobe Photoshop,Software Skill,Transferable,4
1693,Google Docs,Software Skill,Role,4
1693,Microsoft Excel,Software Skill,Role,3
1693,Microsoft Office,Software Skill,Role,3
1693,Microsoft Word,Software Skill,Role,3
1693,Monitoring,Essential Skill,Role,3
1693,Reading Comprehension,Essential Skill,Role,3
1693,SAS,Software Skill,Transferable,3
1693,Science,Essential Skill,Role,4
1693,Writing,Essential Skill,Role,4
1694,Active Listening,Essential Skill,Role,3
1694,Microsoft Project,Software Skill,Role,4
1694,Science,Essential Skill,Role,3
1696,Active Learning,Essential Skill,Role,2
1696,Active Listening,Essential Skill,Role,3
1696,Email,Software Skill,Role,3
1696,Google Docs,Software Skill,Role,3
1696,Microsoft Excel,Software Skill,Role,3
1696,Microsoft Office,Software Skill,Role,3
1696,Monitoring,Essential Skill,Role,4
1697,Active Listening,Essential Skill,Role,4
1697,Amazon Web Services (AWS),Software Skill,Role,4
1697,Google Workspace,Software Skill,Role,4
1697,Microsoft Office,Software Skill,Role,4
1697,Microsoft Outlook,Software Skill,Role,4
1697,Salesforce,Software Skill,Role,4
1698,Active Learning,Essential Skill,Role,4
1698,Adobe InDesign,Software Skill,Transferable,3
1698,Critical Thinking,Essential Skill,Role,5
1698,Email,Software Skill,Role,4
1698,Google Workspace,Software Skill,Transferable,2
1698,MEDITECH,Software Skill,Role,4
1698,Microsoft Excel,Software Skill,Role,3
1698,Microsoft Office,Software Skill,Role,4
1698,Microsoft PowerPoint,Software Skill,Role,3
1698,Science,Essential Skill,Role,3
1698,Writing,Essential Skill,Role,3
1700,Active Learning,Essential Skill,Role,3
1700,Adobe Acrobat,Software Skill,Role,4
1700,Adobe Creative Cloud,Software Skill,Role,4
1700,Mathematics,Essential Skill,Role,4
1700,Microsoft Excel,Software Skill,Role,4
1700,Microsoft PowerPoint,Software Skill,Role,3
1700,Reading Comprehension,Essential Skill,Role,4
1700,Salesforce,Software Skill,Role,3
1700,Writing,Essential Skill,Role,2
1701,Active Listening,Essential Skill,Role,4
1701,Adobe Photoshop,Software Skill,Role,3
1701,ESRI ArcGIS,Software Skill,Role,4
1701,Google Docs,Software Skill,Transferable,2
1701,Microsoft Excel,Software Skill,Role,3
1701,Workday,Software Skill,Transferable,2
1702,Active Learning,Essential Skill,Role,3
1702,Microsoft PowerPoint,Software Skill,Role,3
1702,Reading Comprehension,Essential Skill,Role,3
1702,Writing,Essential Skill,Role,3
1703,Active Learning,Essential Skill,Role,4
1703,Apache Hadoop,Software Skill,Role,3
1703,Critical Thinking,Essential Skill,Role,4
1703,Microsoft Azure,Software Skill,Role,4
1703,Microsoft Office,Software Skill,Role,2
1703,Monitoring,Essential Skill,Role,2
1703,Reading Comprehension,Essential Skill,Role,3
1703,Speaking,Essential Skill,Role,3
1703,Writing,Essential Skill,Role,4
1704,Active Learning,Essential Skill,Role,3
1704,Active Listening,Essential Skill,Role,4
1704,MATLAB,Software Skill,Role,4
1704,Microsoft Project,Software Skill,Role,3
1704,Python,Software Skill,Role,3
1704,Writing,Essential Skill,Role,4
1706,Active Listening,Essential Skill,Role,3
1706,Adobe InDesign,Software Skill,Role,3
1706,Adobe Photoshop,Software Skill,Role,4
1706,Microsoft Outlook,Software Skill,Role,3
1706,Microsoft PowerPoint,Software Skill,Role,2
1706,Monitoring,Essential Skill,Role,3
1706,Reading Comprehension,Essential Skill,Role,3
1706,Salesforce,Software Skill,Role,3
1706,Writing,Essential Skill,Role,3
1707,Active Listening,Essential Skill,Role,3
1707,ESRI ArcGIS,Software Skill,Role,2
1707,Microsoft Excel,Software Skill,Role,3
1707,Microsoft Office,Software Skill,Role,3
1707,R,Software Skill,Role,2
1707,Science,Essential Skill,Role,2
1707,Writing,Essential Skill,Role,3
1708,Active Learning,Essential Skill,Role,4
1708,Active Listening,Essential Skill,Role,4
1708,Critical Thinking,Essential Skill,Role,4
1708,MATLAB,Software Skill,Transferable,3
1708,Microsoft Excel,Software Skill,Role,3
1708,Microsoft Office,Software Skill,Role,5
1708,Microsoft PowerPoint,Software Skill,Role,3
1708,Monitoring,Essential Skill,Role,3
1708,R,Software Skill,Transferable,4
1708,Reading Comprehension,Essential Skill,Role,2
1708,Salesforce,Software Skill,Role,4
1708,Speaking,Essential Skill,Role,3
1708,Writing,Essential Skill,Role,4
1709,Active Listening,Essential Skill,Role,4
1709,Critical Thinking,Essential Skill,Role,4
1709,Email,Software Skill,Role,3
1709,Google Docs,Software Skill,Role,3
1709,MEDITECH,Software Skill,Role,3
1709,Microsoft Word,Software Skill,Role,3
1709,Reading Comprehension,Essential Skill,Role,3
1709,SAP,Software Skill,Role,3
1709,Speaking,Essential Skill,Role,2
1709,Writing,Essential Skill,Role,4
1710,Active Learning,Essential Skill,Role,4
1710,Active Listening,Essential Skill,Role,4
1710,Critical Thinking,Essential Skill,Role,3
1710,Email,Software Skill,Transferable,4
1710,Microsoft Outlook,Software Skill,Role,4
1710,Microsoft PowerPoint,Software Skill,Role,5
1710,Monitoring,Essential Skill,Role,4
1710,Salesforce,Software Skill,Role,3
1710,Writing,Essential Skill,Role,4
1712,Critical Thinking,Essential Skill,Role,3
1712,Electronic Medical Record (EMR),Software Skill,Transferable,4
1712,Mathematics,Essential Skill,Role,4
1712,Microsoft Access,Software Skill,Role,4
1712,Microsoft Outlook,Software Skill,Role,4
1712,Salesforce,Software Skill,Role,3
1712,Speaking,Essential Skill,Role,3
1712,Writing,Essential Skill,Role,4
1714,Active Listening,Essential Skill,Role,2
1714,Cisco Webex,Software Skill,Role,2
1714,Google Workspace,Software Skill,Transferable,2
1714,Microsoft Outlook,Software Skill,Role,2
1714,Microsoft PowerPoint,Software Skill,Role,3
1714,Monitoring,Essential Skill,Role,2
1714,Workday,Software Skill,Role,3
1716,Active Listening,Essential Skill,Role,3
1716,Adobe Creative Cloud,Software Skill,Role,4
1716,Adobe InDesign,Software Skill,Role,4
1716,Google Docs,Software Skill,Transferable,5
1716,Microsoft Excel,Software Skill,Role,3
1716,Monitoring,Essential Skill,Role,5
1716,Writing,Essential Skill,Role,4
1718,Critical Thinking,Essential Skill,Role,3
1718,Electronic Medical Record (EMR),Software Skill,Role,3
1718,Email,Software Skill,Role,3
1718,MEDITECH,Software Skill,Role,3
1718,Microsoft Office,Software Skill,Role,3
1718,Microsoft Project,Software Skill,Transferable,3
1718,Microsoft Word,Software Skill,Role,4
1718,SAP,Software Skill,Role,3
1718,Science,Essential Skill,Role,3
1718,Writing,Essential Skill,Role,4
1719,Active Listening,Essential Skill,Role,3
1719,Adobe Acrobat,Software Skill,Role,4
1719,Adobe Creative Cloud,Software Skill,Transferable,3
1719,Critical Thinking,Essential Skill,Role,4
1719,ESRI ArcGIS,Software Skill,Role,4
1719,Google Analytics,Software Skill,Transferable,4
1719,Microsoft Excel,Software Skill,Role,4
1719,Microsoft PowerPoint,Software Skill,Role,4
1719,Reading Comprehension,Essential Skill,Role,4
1719,Science,Essential Skill,Role,4
1719,Speaking,Essential Skill,Role,3
1719,Writing,Essential Skill,Role,4
1720,Active Learning,Essential Skill,Role,3
1720,Critical Thinking,Essential Skill,Role,3
1720,ESRI ArcGIS,Software Skill,Role,3
1720,Microsoft Excel,Software Skill,Role,2
1720,R,Software Skill,Role,2
1720,Science,Essential Skill,Role,2
1720,Writing,Essential Skill,Role,4
1721,Active Learning,Essential Skill,Role,3
1721,Critical Thinking,Essential Skill,Role,3
1721,Electronic Medical Record (EMR),Software Skill,Role,3
1721,Email,Software Skill,Role,3
1721,Google Docs,Software Skill,Role,2
1721,Microsoft Office,Software Skill,Role,1
1721,Microsoft PowerPoint,Software Skill,Role,3
1721,Microsoft Visio,Software Skill,Transferable,3
1721,Microsoft Word,Software Skill,Role,3
1721,Reading Comprehension,Essential Skill,Role,3
1721,SAP,Software Skill,Role,2
1722,Active Learning,Essential Skill,Role,3
1722,Active Listening,Essential Skill,Role,5
1722,Atlassian JIRA,Software Skill,Transferable,3
1722,Cisco Webex,Software Skill,Role,5
1722,Microsoft Excel,Software Skill,Role,2
1722,Microsoft Outlook,Software Skill,Role,4
1722,Microsoft PowerPoint,Software Skill,Role,3
1722,Reading Comprehension,Essential Skill,Role,3
1722,Speaking,Essential Skill,Role,4
1722,Workday,Software Skill,Role,4
1722,Writing,Essential Skill,Role,5
1724,Critical Thinking,Essential Skill,Role,2
1724,Google Analytics,Software Skill,Transferable,3
1724,Microsoft Outlook,Software Skill,Role,3
1724,Microsoft PowerPoint,Software Skill,Role,3
1724,R,Software Skill,Transferable,4
1724,SAP,Software Skill,Role,3
1724,Speaking,Essential Skill,Role,4
1725,Microsoft Office,Software Skill,Role,2
1725,Microsoft PowerPoint,Software Skill,Role,2
1725,Microsoft Word,Software Skill,Role,2
1725,Reading Comprehension,Essential Skill,Role,3
1725,Science,Essential Skill,Role,2
1727,Active Listening,Essential Skill,Role,3
1727,Adobe Creative Cloud,Software Skill,Transferable,4
1727,Amazon Web Services (AWS),Software Skill,Role,5
1727,Critical Thinking,Essential Skill,Role,3
1727,Google Workspace,Software Skill,Role,3
1727,Linux,Software Skill,Role,3
1727,Mathematics,Essential Skill,Role,4
1727,Microsoft Outlook,Software Skill,Role,4
1727,Monitoring,Essential Skill,Role,3
1727,Reading Comprehension,Essential Skill,Role,3
1727,Salesforce,Software Skill,Role,3
1727,Speaking,Essential Skill,Role,3
1727,Writing,Essential Skill,Role,4
1728,Active Listening,Essential Skill,Role,5
1728,Adobe After Effects,Software Skill,Role,2
1728,Autodesk AutoCAD,Software Skill,Role,4
1728,Critical Thinking,Essential Skill,Role,4
1728,Microsoft Excel,Software Skill,Role,3
1728,Microsoft Outlook,Software Skill,Role,4
1728,Microsoft PowerPoint,Software Skill,Role,3
1728,Microsoft SharePoint,Software Skill,Transferable,4
1728,Reading Comprehension,Essential Skill,Role,4
1729,Adobe Photoshop,Software Skill,Role,2
1729,Microsoft Office,Software Skill,Role,2
1729,SAS,Software Skill,Role,2
1729,Writing,Essential Skill,Role,3
1731,Active Listening,Essential Skill,Role,3
1731,Adobe Acrobat,Software Skill,Role,3
1731,Adobe InDesign,Software Skill,Role,3
1731,Adobe Photoshop,Software Skill,Role,2
1731,Autodesk AutoCAD,Software Skill,Transferable,2
1731,Critical Thinking,Essential Skill,Role,3
1731,Monitoring,Essential Skill,Role,2
1731,Speaking,Essential Skill,Role,3
1731,Writing,Essential Skill,Role,3
1732,Active Listening,Essential Skill,Role,4
1732,Adobe Creative Cloud,Software Skill,Role,4
1732,Adobe Illustrator,Software Skill,Role,4
1732,Adobe Photoshop,Software Skill,Role,3
1732,Applicant Tracking System (ATS),Software Skill,Transferable,4
1732,Critical Thinking,Essential Skill,Role,4
1732,Mathematics,Essential Skill,Role,3
1732,Microsoft Excel,Software Skill,Role,4
1732,Microsoft Outlook,Software Skill,Role,2
1732,Microsoft Project,Software Skill,Transferable,4
1732,Reading Comprehension,Essential Skill,Role,3
1732,Salesforce,Software Skill,Role,3
1732,Speaking,Essential Skill,Role,4
1732,Writing,Essential Skill,Role,3
1733,Active Listening,Essential Skill,Role,3
1733,Adobe Creative Cloud,Software Skill,Role,4
1733,Adobe InDesign,Software Skill,Role,5
1733,Critical Thinking,Essential Skill,Role,4
1733,Microsoft Excel,Software Skill,Role,5
1733,Microsoft Office,Software Skill,Role,3
1733,Microsoft Outlook,Software Skill,Role,4
1733,Microsoft Visio,Software Skill,Transferable,4
1733,SAP,Software Skill,Transferable,5
1733,Writing,Essential Skill,Role,5
1734,Active Learning,Essential Skill,Role,4
1734,Adobe Acrobat,Software Skill,Role,4
1734,Adobe Creative Cloud,Software Skill,Role,3
1734,Adobe Photoshop,Software Skill,Role,3
1734,Microsoft Excel,Software Skill,Role,4
1734,Microsoft Office,Software Skill,Role,3
1734,Microsoft Outlook,Software Skill,Role,3
1734,Monitoring,Essential Skill,Role,2
1734,Reading Comprehension,Essential Skill,Role,3
1734,Writing,Essential Skill,Role,2
1735,Active Listening,Essential Skill,Role,2
1735,Autodesk AutoCAD,Software Skill,Transferable,2
1735,Electronic Medical Record (EMR),Software Skill,Role,2
1735,Google Docs,Software Skill,Role,2
1735,HubSpot,Software Skill,Transferable,2
1735,Microsoft Excel,Software Skill,Role,2
1735,Microsoft Office,Software Skill,Role,2
1735,Writing,Essential Skill,Role,4
1736,Active Listening,Essential Skill,Role,2
1736,Adobe InDesign,Software Skill,Role,3
1736,Adobe Photoshop,Software Skill,Role,2
1736,Autodesk AutoCAD,Software Skill,Role,2
1736,Google Docs,Software Skill,Transferable,3
1736,Microsoft Excel,Software Skill,Role,3
1736,Microsoft Outlook,Software Skill,Role,3
1737,Active Listening,Essential Skill,Role,2
1737,Critical Thinking,Essential Skill,Role,3
1737,Mathematics,Essential Skill,Transferable,4
1737,Microsoft Excel,Software Skill,Role,2
1737,Microsoft Office,Software Skill,Role,3
1737,Microsoft PowerPoint,Software Skill,Role,4
1737,Microsoft SharePoint,Software Skill,Transferable,3
1737,Monitoring,Essential Skill,Role,3
1737,Reading Comprehension,Essential Skill,Role,2
1737,SAP,Software Skill,Role,2
1739,Active Learning,Essential Skill,Role,4
1739,Adobe Creative Cloud,Software Skill,Role,3
1739,Adobe InDesign,Software Skill,Role,3
1739,Mathematics,Essential Skill,Role,2
1739,Microsoft Excel,Software Skill,Role,3
1739,Microsoft Office,Software Skill,Role,3
1739,Microsoft Outlook,Software Skill,Role,4
1739,Microsoft PowerPoint,Software Skill,Role,3
1739,Monitoring,Essential Skill,Role,2
1739,Reading Comprehension,Essential Skill,Role,3
1739,Salesforce,Software Skill,Role,2
1739,Speaking,Essential Skill,Role,3
1740,Adobe Photoshop,Software Skill,Role,5
1740,Autodesk AutoCAD,Software Skill,Role,4
1740,Critical Thinking,Essential Skill,Role,5
1740,Microsoft Excel,Software Skill,Role,4
1740,Microsoft PowerPoint,Software Skill,Role,4
1740,Monitoring,Essential Skill,Role,5
1740,Speaking,Essential Skill,Role,5
1744,Active Listening,Essential Skill,Role,4
1744,Adobe Photoshop,Software Skill,Role,4
1744,Microsoft Office,Software Skill,Role,3
1744,Microsoft Outlook,Software Skill,Role,5
1744,Microsoft PowerPoint,Software Skill,Role,4
1744,Monitoring,Essential Skill,Role,4
1744,Speaking,Essential Skill,Role,3
1745,Active Learning,Essential Skill,Role,3
1745,ESRI ArcGIS,Software Skill,Role,3
1745,IBM SPSS Statistics,Software Skill,Role,2
1745,MATLAB,Software Skill,Role,4
1745,Mathematics,Essential Skill,Role,3
1745,Microsoft Excel,Software Skill,Role,3
1745,Microsoft Office,Software Skill,Role,3
1745,R,Software Skill,Role,3
1745,Reading Comprehension,Essential Skill,Role,3
1745,SAS,Software Skill,Role,3
1745,Speaking,Essential Skill,Role,4
1746,Active Listening,Essential Skill,Role,2
1746,Adobe Acrobat,Software Skill,Role,4
1746,Applicant Tracking System (ATS),Software Skill,Role,4
1746,Critical Thinking,Essential Skill,Role,3
1746,Learning Strategies,Essential Skill,Role,3
1746,Microsoft Excel,Software Skill,Role,3
1746,Microsoft Outlook,Software Skill,Role,2
1746,Microsoft PowerPoint,Software Skill,Role,2
1746,Oracle HRIS,Software Skill,Role,3
1746,Reading Comprehension,Essential Skill,Role,3
1746,Workday,Software Skill,Role,2
1746,Writing,Essential Skill,Role,3
1747,Active Learning,Essential Skill,Role,2
1747,Adobe Photoshop,Software Skill,Role,3
1747,Applicant Tracking System (ATS),Software Skill,Role,3
1747,Electronic Medical Record (EMR),Software Skill,Transferable,3
1747,Microsoft Office,Software Skill,Role,4
1747,Microsoft Outlook,Software Skill,Role,3
1747,Reading Comprehension,Essential Skill,Role,3
1747,Workday,Software Skill,Role,3
1749,Active Listening,Essential Skill,Role,3
1749,Adobe InDesign,Software Skill,Role,3
1749,Microsoft Office,Software Skill,Role,3
1749,Monitoring,Essential Skill,Role,3
1749,Reading Comprehension,Essential Skill,Role,3
1749,Salesforce,Software Skill,Role,3
1749,Speaking,Essential Skill,Role,4
1751,Active Listening,Essential Skill,Role,2
1751,Adobe Photoshop,Software Skill,Role,3
1751,Cisco Webex,Software Skill,Transferable,4
1751,Critical Thinking,Essential Skill,Role,3
1751,ESRI ArcGIS,Software Skill,Role,2
1751,Google Analytics,Software Skill,Transferable,3
1751,Mathematics,Essential Skill,Role,2
1751,Microsoft Office,Software Skill,Role,3
1751,Speaking,Essential Skill,Role,2
1752,Atlassian JIRA,Software Skill,Transferable,2
1752,HubSpot,Software Skill,Role,3
1752,MATLAB,Software Skill,Transferable,2
1752,Microsoft PowerPoint,Software Skill,Role,3
1752,Microsoft Project,Software Skill,Role,2
1752,Microsoft Word,Software Skill,Role,3
1753,Active Learning,Essential Skill,Role,3
1753,Linux,Software Skill,Role,4
1753,Microsoft Excel,Software Skill,Role,4
1753,Microsoft Outlook,Software Skill,Role,3
1754,Active Listening,Essential Skill,Role,2
1754,Microsoft Excel,Software Skill,Role,3
1754,Microsoft Office,Software Skill,Role,3
1754,Microsoft Outlook,Software Skill,Role,2
1754,Microsoft PowerPoint,Software Skill,Role,3
1755,Adobe InDesign,Software Skill,Transferable,4
1755,Adobe Photoshop,Software Skill,Role,3
1755,Mathematics,Essential Skill,Role,3
1755,Reading Comprehension,Essential Skill,Role,2
1755,SAP,Software Skill,Transferable,3
1755,Science,Essential Skill,Role,2
1756,Active Learning,Essential Skill,Role,4
1756,Adobe Photoshop,Software Skill,Role,3
1756,Critical Thinking,Essential Skill,Role,4
1756,Linux,Software Skill,Transferable,3
1756,Mathematics,Essential Skill,Role,3
1756,Microsoft Office,Software Skill,Role,4
1756,Microsoft PowerPoint,Software Skill,Role,4
1756,Reading Comprehension,Essential Skill,Role,3
1756,Speaking,Essential Skill,Role,3
1756,Writing,Essential Skill,Role,2
1757,Adobe InDesign,Software Skill,Role,4
1757,Microsoft Excel,Software Skill,Role,3
1757,Microsoft Office,Software Skill,Role,3
1757,Monitoring,Essential Skill,Role,2
1757,Salesforce,Software Skill,Role,4
1757,Speaking,Essential Skill,Role,4
1758,Active Learning,Essential Skill,Role,3
1758,Active Listening,Essential Skill,Role,3
1758,Adobe Creative Cloud,Software Skill,Role,3
1758,Critical Thinking,Essential Skill,Role,3
1758,Microsoft Outlook,Software Skill,Role,3
1758,Microsoft PowerPoint,Software Skill,Role,4
1758,Salesforce,Software Skill,Role,3
1758,Speaking,Essential Skill,Role,3
1758,Writing,Essential Skill,Role,2
1760,Active Listening,Essential Skill,Role,3
1760,Electronic Medical Record (EMR),Software Skill,Role,4
1760,IBM SPSS Statistics,Software Skill,Transferable,2
1760,Microsoft Outlook,Software Skill,Role,3
1760,Microsoft PowerPoint,Software Skill,Role,3
1760,Microsoft Word,Software Skill,Role,2
1760,R,Software Skill,Transferable,2
1760,Speaking,Essential Skill,Role,2
1761,Active Learning,Essential Skill,Role,3
1761,Active Listening,Essential Skill,Role,4
1761,Adobe Acrobat,Software Skill,Role,3
1761,Atlassian JIRA,Software Skill,Transferable,3
1761,Critical Thinking,Essential Skill,Role,4
1761,Microsoft Excel,Software Skill,Role,4
1761,Microsoft Office,Software Skill,Role,3
1761,Microsoft Outlook,Software Skill,Role,4
1761,Monitoring,Essential Skill,Role,5
1761,Reading Comprehension,Essential Skill,Role,3
1761,Salesforce,Software Skill,Role,5
1762,Active Listening,Essential Skill,Role,2
1762,Adobe Creative Cloud,Software Skill,Transferable,2
1762,Adobe Photoshop,Software Skill,Role,4
1762,Critical Thinking,Essential Skill,Role,2
1762,MATLAB,Software Skill,Role,2
1762,Microsoft Azure,Software Skill,Transferable,3
1762,Microsoft Excel,Software Skill,Role,3
1762,SAS,Software Skill,Role,2
1762,Speaking,Essential Skill,Role,2
1763,Active Listening,Essential Skill,Role,3
1763,Adobe Illustrator,Software Skill,Transferable,3
1763,Critical Thinking,Essential Skill,Role,3
1763,ESRI ArcGIS,Software Skill,Transferable,3
1763,Microsoft Office,Software Skill,Role,2
1763,Monitoring,Essential Skill,Role,4
1763,Reading Comprehension,Essential Skill,Role,4
1763,Salesforce,Software Skill,Role,3
1764,Active Learning,Essential Skill,Role,5
1764,Active Listening,Essential Skill,Role,4
1764,Adobe Photoshop,Software Skill,Role,3
1764,Microsoft Excel,Software Skill,Role,2
1764,R,Software Skill,Role,3
1764,Reading Comprehension,Essential Skill,Role,3
1764,Writing,Essential Skill,Role,3
1766,Active Listening,Essential Skill,Role,4
1766,Amazon Web Services (AWS),Software Skill,Role,2
1766,Apache Hadoop,Software Skill,Role,4
1766,Critical Thinking,Essential Skill,Role,4
1766,Electronic Medical Record (EMR),Software Skill,Transferable,2
1766,Microsoft Access,Software Skill,Role,3
1766,Microsoft Office,Software Skill,Role,2
1766,Microsoft Outlook,Software Skill,Role,5
1767,Active Learning,Essential Skill,Role,3
1767,Adobe Photoshop,Software Skill,Role,3
1767,Atlassian JIRA,Software Skill,Transferable,3
1767,HubSpot,Software Skill,Transferable,3
1767,Mathematics,Essential Skill,Role,3
1767,Microsoft Office,Software Skill,Role,4
1767,R,Software Skill,Role,4
1767,Speaking,Essential Skill,Role,4
1767,Writing,Essential Skill,Role,3
1768,Microsoft Office,Software Skill,Role,3
1768,Microsoft Word,Software Skill,Role,2
1768,Reading Comprehension,Essential Skill,Role,4
1768,SAP,Software Skill,Role,3
1768,Science,Essential Skill,Role,3
1768,Speaking,Essential Skill,Role,3
1770,Active Listening,Essential Skill,Role,4
1770,Adobe Acrobat,Software Skill,Role,4
1770,ESRI ArcGIS,Software Skill,Role,4
1770,IBM SPSS Statistics,Software Skill,Role,3
1770,Microsoft Access,Software Skill,Role,4
1770,Microsoft Excel,Software Skill,Role,5
1770,Microsoft Office,Software Skill,Role,5
1770,Microsoft PowerPoint,Software Skill,Role,5
1770,Microsoft SharePoint,Software Skill,Role,3
1770,Microsoft Visio,Software Skill,Role,5
1770,Monitoring,Essential Skill,Role,5
1770,Reading Comprehension,Essential Skill,Role,4
1771,Adobe Photoshop,Software Skill,Role,3
1771,ESRI ArcGIS,Software Skill,Role,2
1771,MATLAB,Software Skill,Role,3
1771,Mathematics,Essential Skill,Role,4
1771,Microsoft Project,Software Skill,Role,4
1771,Science,Essential Skill,Role,2
1771,Speaking,Essential Skill,Role,4
1771,Writing,Essential Skill,Role,3
1772,Active Listening,Essential Skill,Role,3
1772,Adobe Illustrator,Software Skill,Transferable,3
1772,Email,Software Skill,Role,4
1772,Google Docs,Software Skill,Role,3
1772,Microsoft Excel,Software Skill,Role,3
1772,Microsoft Office,Software Skill,Role,4
1772,Monitoring,Essential Skill,Role,3
1772,SAP,Software Skill,Role,3
1772,Science,Essential Skill,Role,3
1774,Active Learning,Essential Skill,Role,3
1774,Adobe Illustrator,Software Skill,Role,3
1774,Adobe Photoshop,Software Skill,Role,4
1774,Autodesk AutoCAD,Software Skill,Transferable,4
1774,Mathematics,Essential Skill,Role,3
1774,Microsoft Outlook,Software Skill,Role,3
1774,Microsoft Project,Software Skill,Transferable,3
1774,Salesforce,Software Skill,Role,4
1774,Writing,Essential Skill,Role,4
1775,Active Listening,Essential Skill,Role,3
1775,Adobe Photoshop,Software Skill,Role,4
1775,Autodesk AutoCAD,Software Skill,Role,5
1775,Critical Thinking,Essential Skill,Role,5
1775,Learning Strategies,Essential Skill,Role,3
1775,Microsoft Excel,Software Skill,Role,5
1775,Microsoft Outlook,Software Skill,Role,4
1775,Microsoft PowerPoint,Software Skill,Role,4
1775,SAP,Software Skill,Role,5
1775,Speaking,Essential Skill,Role,4
1778,Active Learning,Essential Skill,Role,2
1778,Adobe Acrobat,Software Skill,Role,3
1778,Google Analytics,Software Skill,Transferable,2
1778,Microsoft Excel,Software Skill,Role,3
1778,Microsoft Office,Software Skill,Role,4
1778,Microsoft Outlook,Software Skill,Role,3
1778,Microsoft PowerPoint,Software Skill,Role,3
1778,Monitoring,Essential Skill,Role,3
1778,Salesforce,Software Skill,Transferable,3
1778,Workday,Software Skill,Role,3
1778,Writing,Essential Skill,Role,3
1779,Adobe Illustrator,Software Skill,Role,3
1779,Critical Thinking,Essential Skill,Role,3
1779,Google Workspace,Software Skill,Transferable,2
1779,Microsoft Office,Software Skill,Role,3
1779,Microsoft Outlook,Software Skill,Role,2
1779,Monitoring,Essential Skill,Role,2
1779,Salesforce,Software Skill,Role,2
1780,Active Learning,Essential Skill,Role,3
1780,Apache Hadoop,Software Skill,Transferable,2
1780,Atlassian Confluence,Software Skill,Transferable,2
1780,Mathematics,Essential Skill,Role,2
1780,Microsoft Office,Software Skill,Role,3
1780,Microsoft Word,Software Skill,Role,3
1780,Salesforce,Software Skill,Role,3
1782,Active Listening,Essential Skill,Role,3
1782,Adobe InDesign,Software Skill,Transferable,3
1782,Electronic Medical Record (EMR),Software Skill,Role,3
1782,Google Docs,Software Skill,Role,3
1782,Microsoft Office,Software Skill,Role,1
1782,Monitoring,Essential Skill,Role,3
1782,Reading Comprehension,Essential Skill,Role,2
1782,Writing,Essential Skill,Role,2
1783,Active Learning,Essential Skill,Role,2
1783,Email,Software Skill,Role,2
1783,Microsoft PowerPoint,Software Skill,Role,2
1783,Microsoft SharePoint,Software Skill,Transferable,2
1783,Monitoring,Essential Skill,Role,2
1783,Reading Comprehension,Essential Skill,Role,2
1783,Science,Essential Skill,Role,2
1784,Adobe Illustrator,Software Skill,Role,4
1784,MATLAB,Software Skill,Transferable,3
1784,Microsoft PowerPoint,Software Skill,Role,3
1784,Monitoring,Essential Skill,Role,4
1784,Reading Comprehension,Essential Skill,Role,4
1784,Salesforce,Software Skill,Role,4
1784,Speaking,Essential Skill,Role,3
1784,Writing,Essential Skill,Role,3
1786,Active Listening,Essential Skill,Role,2
1786,Apple macOS,Software Skill,Role,3
1786,Autodesk AutoCAD,Software Skill,Role,4
1786,Critical Thinking,Essential Skill,Role,4
1786,Learning Strategies,Essential Skill,Role,4
1786,Microsoft Excel,Software Skill,Role,3
1786,Microsoft Office,Software Skill,Role,4
1786,Salesforce,Software Skill,Transferable,3
1786,Speaking,Essential Skill,Role,4
1786,Writing,Essential Skill,Role,4
1787,Active Listening,Essential Skill,Role,3
1787,Adobe Acrobat,Software Skill,Role,3
1787,Adobe Creative Cloud,Software Skill,Role,2
1787,Mathematics,Essential Skill,Role,2
1787,Microsoft PowerPoint,Software Skill,Role,3
1787,Monitoring,Essential Skill,Role,3
1787,Writing,Essential Skill,Role,2
1789,Active Learning,Essential Skill,Role,4
1789,Active Listening,Essential Skill,Role,4
1789,ESRI ArcGIS,Software Skill,Role,5
1789,Google Analytics,Software Skill,Transferable,5
1789,IBM SPSS Statistics,Software Skill,Role,4
1789,Microsoft Access,Software Skill,Role,5
1789,Microsoft Excel,Software Skill,Role,5
1789,Microsoft Office,Software Skill,Role,4
1789,Microsoft PowerPoint,Software Skill,Role,4
1789,Microsoft Project,Software Skill,Role,5
1789,Reading Comprehension,Essential Skill,Role,5
1789,SAS,Software Skill,Transferable,5
1789,Science,Essential Skill,Role,5
1790,Critical Thinking,Essential Skill,Role,3
1790,Google Workspace,Software Skill,Role,4
1790,Learning Strategies,Essential Skill,Transferable,4
1790,Microsoft Access,Software Skill,Role,4
1790,Microsoft Excel,Software Skill,Role,3
1790,Microsoft Office,Software Skill,Role,2
1790,Monitoring,Essential Skill,Role,4
1790,Oracle HRIS,Software Skill,Transferable,3
1790,Reading Comprehension,Essential Skill,Role,4
1790,Speaking,Essential Skill,Role,5
1790,Writing,Essential Skill,Role,3
1792,Atlassian Confluence,Software Skill,Transferable,3
1792,Email,Software Skill,Transferable,2
1792,MATLAB,Software Skill,Role,3
1792,Microsoft Project,Software Skill,Role,2
1792,Python,Software Skill,Role,3
1794,Active Learning,Essential Skill,Role,3
1794,Cisco Webex,Software Skill,Role,4
1794,Google Workspace,Software Skill,Transferable,3
1794,Learning Strategies,Essential Skill,Role,3
1794,Microsoft Outlook,Software Skill,Role,3
1794,Microsoft PowerPoint,Software Skill,Role,4
1794,Monitoring,Essential Skill,Role,3
1794,Oracle HRIS,Software Skill,Role,3
1794,SAP,Software Skill,Transferable,3
1794,Speaking,Essential Skill,Role,3
1797,Active Learning,Essential Skill,Role,3
1797,Active Listening,Essential Skill,Role,2
1797,Adobe Acrobat,Software Skill,Role,4
1797,Adobe InDesign,Software Skill,Role,3
1797,MEDITECH,Software Skill,Transferable,3
1797,Mathematics,Essential Skill,Role,3
1797,Microsoft Excel,Software Skill,Role,2
1797,Microsoft Office,Software Skill,Role,3
1797,Microsoft Outlook,Software Skill,Role,4
1798,ESRI ArcGIS,Software Skill,Role,2
1798,MATLAB,Software Skill,Role,4
1798,Microsoft Access,Software Skill,Transferable,4
1798,Microsoft Project,Software Skill,Role,3
1798,Python,Software Skill,Role,3
1798,Speaking,Essential Skill,Role,3
1799,Active Listening,Essential Skill,Role,3
1799,Microsoft Project,Software Skill,Role,4
1799,R,Software Skill,Role,2
1799,Reading Comprehension,Essential Skill,Role,3
1799,Science,Essential Skill,Role,4
1799,Writing,Essential Skill,Role,3
1800,Active Listening,Essential Skill,Role,3
1800,ESRI ArcGIS,Software Skill,Role,2
1800,IBM SPSS Statistics,Software Skill,Role,3
1800,Microsoft Access,Software Skill,Role,3
1800,Microsoft Excel,Software Skill,Role,4
1800,Microsoft Project,Software Skill,Role,2
1800,Microsoft Visio,Software Skill,Role,3
1800,Monitoring,Essential Skill,Role,3
1800,SAP,Software Skill,Transferable,2
1800,SAS,Software Skill,Transferable,3
1800,Writing,Essential Skill,Role,2
1801,Active Learning,Essential Skill,Role,4
1801,Active Listening,Essential Skill,Role,3
1801,Adobe Acrobat,Software Skill,Role,2
1801,Adobe Illustrator,Software Skill,Role,3
1801,Adobe Photoshop,Software Skill,Role,1
1801,Apple macOS,Software Skill,Transferable,2
1801,Autodesk AutoCAD,Software Skill,Transferable,2
1801,Microsoft Outlook,Software Skill,Role,3
1801,Microsoft PowerPoint,Software Skill,Role,3
1801,Monitoring,Essential Skill,Role,2
1801,Reading Comprehension,Essential Skill,Role,2
1801,Salesforce,Software Skill,Role,3
1801,Speaking,Essential Skill,Role,3
1801,Writing,Essential Skill,Role,3
1802,MEDITECH,Software Skill,Role,2
1802,Microsoft Office,Software Skill,Role,3
1802,Reading Comprehension,Essential Skill,Role,2
1802,Science,Essential Skill,Role,3
1803,Active Learning,Essential Skill,Role,3
1803,Active Listening,Essential Skill,Role,3
1803,Amazon Web Services (AWS),Software Skill,Role,3
1803,Atlassian JIRA,Software Skill,Transferable,3
1803,Critical Thinking,Essential Skill,Role,4
1803,Linux,Software Skill,Role,2
1803,Microsoft Excel,Software Skill,Role,3
1803,Microsoft Outlook,Software Skill,Role,3
1803,Monitoring,Essential Skill,Role,3
1803,Reading Comprehension,Essential Skill,Role,4
1803,SAP,Software Skill,Transferable,3
1803,Salesforce,Software Skill,Role,3
1804,Active Learning,Essential Skill,Role,3
1804,Active Listening,Essential Skill,Role,4
1804,Adobe InDesign,Software Skill,Role,3
1804,Adobe Photoshop,Software Skill,Role,3
1804,Microsoft Azure,Software Skill,Transferable,3
1804,Microsoft Excel,Software Skill,Role,4
1804,Microsoft Office,Software Skill,Role,3
1804,Monitoring,Essential Skill,Role,3
1804,Reading Comprehension,Essential Skill,Role,3
1805,Active Learning,Essential Skill,Role,4
1805,Active Listening,Essential Skill,Role,3
1805,Microsoft Outlook,Software Skill,Role,3
1805,Reading Comprehension,Essential Skill,Role,4
1805,Workday,Software Skill,Role,3
1805,Writing,Essential Skill,Role,3
1807,Active Listening,Essential Skill,Role,3
1807,Apache Hadoop,Software Skill,Transferable,3
1807,Microsoft Excel,Software Skill,Role,3
1807,Microsoft Office,Software Skill,Role,2
1807,Microsoft Word,Software Skill,Role,4
1807,Monitoring,Essential Skill,Role,3
1807,Python,Software Skill,Transferable,3
1807,Writing,Essential Skill,Role,4
1809,Active Listening,Essential Skill,Role,3
1809,Adobe Acrobat,Software Skill,Role,4
1809,Adobe Photoshop,Software Skill,Role,2
1809,Critical Thinking,Essential Skill,Role,3
1809,ESRI ArcGIS,Software Skill,Transferable,3
1809,Google Workspace,Software Skill,Transferable,3
1809,Microsoft Excel,Software Skill,Role,3
1809,Monitoring,Essential Skill,Role,4
1809,SAP,Software Skill,Role,3
1809,Speaking,Essential Skill,Role,3
1809,Writing,Essential Skill,Role,4
1812,Active Learning,Essential Skill,Role,3
1812,Adobe Acrobat,Software Skill,Role,3
1812,Adobe Illustrator,Software Skill,Role,3
1812,Adobe Photoshop,Software Skill,Role,3
1812,Mathematics,Essential Skill,Role,3
1812,Microsoft Office,Software Skill,Role,4
1812,Microsoft PowerPoint,Software Skill,Role,2
1812,Writing,Essential Skill,Role,4
1813,Active Learning,Essential Skill,Role,3
1813,Adobe InDesign,Software Skill,Transferable,1
1813,Mathematics,Essential Skill,Role,3
1813,Microsoft Excel,Software Skill,Role,3
1813,Microsoft Project,Software Skill,Role,2
1813,Python,Software Skill,Role,3
1814,Amazon Web Services (AWS),Software Skill,Role,4
1814,Apache Hadoop,Software Skill,Role,3
1814,Google Workspace,Software Skill,Role,3
1814,MATLAB,Software Skill,Transferable,5
1814,Microsoft Azure,Software Skill,Role,5
1814,Microsoft Excel,Software Skill,Role,3
1814,Microsoft Office,Software Skill,Role,4
1814,Reading Comprehension,Essential Skill,Role,4
1814,Salesforce,Software Skill,Role,3
1815,Active Learning,Essential Skill,Role,3
1815,Adobe Acrobat,Software Skill,Role,3
1815,Adobe Photoshop,Software Skill,Role,4
1815,Critical Thinking,Essential Skill,Role,3
1815,Microsoft Office,Software Skill,Role,4
1815,Microsoft Outlook,Software Skill,Role,3
1815,Microsoft PowerPoint,Software Skill,Role,3
1815,Monitoring,Essential Skill,Role,5
1815,Reading Comprehension,Essential Skill,Role,4
1815,Salesforce,Software Skill,Role,3
1815,Speaking,Essential Skill,Role,3
1815,Writing,Essential Skill,Role,3
1816,Active Listening,Essential Skill,Role,3
1816,Adobe Acrobat,Software Skill,Role,3
1816,Adobe Illustrator,Software Skill,Transferable,3
1816,Adobe InDesign,Software Skill,Role,3
1816,Adobe Photoshop,Software Skill,Role,4
1816,Autodesk AutoCAD,Software Skill,Role,3
1816,Critical Thinking,Essential Skill,Role,4
1816,Learning Strategies,Essential Skill,Role,3
1816,Microsoft Excel,Software Skill,Role,3
1816,Microsoft Office,Software Skill,Role,4
1816,Microsoft Outlook,Software Skill,Role,4
1816,Microsoft PowerPoint,Software Skill,Role,4
1818,Active Learning,Essential Skill,Role,2
1818,Atlassian JIRA,Software Skill,Transferable,3
1818,Mathematics,Essential Skill,Transferable,3
1818,Microsoft Office,Software Skill,Role,2
1818,Monitoring,Essential Skill,Role,3
1818,Oracle HRIS,Software Skill,Role,4
1818,Reading Comprehension,Essential Skill,Role,3
1821,Adobe Illustrator,Software Skill,Transferable,2
1821,Atlassian JIRA,Software Skill,Transferable,2
1821,Critical Thinking,Essential Skill,Role,3
1821,Mathematics,Essential Skill,Role,3
1821,Microsoft Access,Software Skill,Role,3
1821,Microsoft Office,Software Skill,Role,3
1821,Monitoring,Essential Skill,Role,3
1821,Salesforce,Software Skill,Role,4
1822,Autodesk AutoCAD,Software Skill,Transferable,2
1822,Microsoft Azure,Software Skill,Role,3
1822,Microsoft Excel,Software Skill,Role,4
1822,Microsoft Office,Software Skill,Role,4
1822,Microsoft Outlook,Software Skill,Role,2
1822,Reading Comprehension,Essential Skill,Role,4
1822,SAS,Software Skill,Transferable,3
1822,Salesforce,Software Skill,Role,3
1822,Writing,Essential Skill,Role,3
1823,Active Learning,Essential Skill,Role,4
1823,Active Listening,Essential Skill,Role,2
1823,Adobe InDesign,Software Skill,Role,3
1823,Email,Software Skill,Transferable,3
1823,Google Docs,Software Skill,Transferable,3
1823,Microsoft Excel,Software Skill,Role,3
1823,Microsoft Outlook,Software Skill,Role,3
1823,Microsoft PowerPoint,Software Skill,Role,3
1823,Salesforce,Software Skill,Role,2
1824,Active Learning,Essential Skill,Role,4
1824,Apple macOS,Software Skill,Role,3
1824,Atlassian JIRA,Software Skill,Role,4
1824,Autodesk AutoCAD,Software Skill,Role,4
1824,Critical Thinking,Essential Skill,Role,4
1824,Microsoft PowerPoint,Software Skill,Role,4
1824,Monitoring,Essential Skill,Role,4
1824,Reading Comprehension,Essential Skill,Role,5
1826,Email,Software Skill,Role,2
1826,Microsoft PowerPoint,Software Skill,Role,3
1826,Science,Essential Skill,Role,1
1826,Speaking,Essential Skill,Role,4
1826,Writing,Essential Skill,Role,4
1827,Active Learning,Essential Skill,Role,4
1827,Adobe After Effects,Software Skill,Role,4
1827,Adobe Photoshop,Software Skill,Role,4
1827,Critical Thinking,Essential Skill,Role,4
1827,Microsoft Excel,Software Skill,Role,4
1827,Microsoft Outlook,Software Skill,Role,4
1827,Monitoring,Essential Skill,Role,3
1827,Reading Comprehension,Essential Skill,Role,4
1827,Writing,Essential Skill,Role,3
1829,Active Listening,Essential Skill,Role,3
1829,Apache Hadoop,Software Skill,Role,4
1829,Microsoft Access,Software Skill,Role,5
1829,Microsoft Azure,Software Skill,Role,3
1829,Microsoft Office,Software Skill,Role,4
1829,Salesforce,Software Skill,Role,4
1829,Speaking,Essential Skill,Role,3
1830,Active Learning,Essential Skill,Role,3
1830,ESRI ArcGIS,Software Skill,Role,4
1830,IBM SPSS Statistics,Software Skill,Role,3
1830,Microsoft Excel,Software Skill,Role,4
1830,Microsoft Office,Software Skill,Role,2
1830,SAS,Software Skill,Role,3
1830,Science,Essential Skill,Role,3
1830,Speaking,Essential Skill,Role,3
1830,Writing,Essential Skill,Role,4
1833,Adobe Creative Cloud,Software Skill,Role,3
1833,Adobe Illustrator,Software Skill,Role,4
1833,Adobe InDesign,Software Skill,Role,4
1833,Critical Thinking,Essential Skill,Role,3
1833,Microsoft Office,Software Skill,Role,4
1833,Microsoft Outlook,Software Skill,Role,3
1833,Reading Comprehension,Essential Skill,Role,3
1833,Salesforce,Software Skill,Role,3
1833,Writing,Essential Skill,Role,2
1834,Active Learning,Essential Skill,Role,3
1834,Adobe Photoshop,Software Skill,Role,4
1834,IBM SPSS Statistics,Software Skill,Role,3
1834,Microsoft Excel,Software Skill,Role,3
1834,R,Software Skill,Role,4
1834,Reading Comprehension,Essential Skill,Role,3
1834,SAS,Software Skill,Role,3
1834,Speaking,Essential Skill,Role,2
1834,Writing,Essential Skill,Role,3
1835,Active Learning,Essential Skill,Role,2
1835,Active Listening,Essential Skill,Role,4
1835,Critical Thinking,Essential Skill,Role,4
1835,HubSpot,Software Skill,Role,4
1835,Mathematics,Essential Skill,Role,3
1835,Microsoft Excel,Software Skill,Role,4
1835,Microsoft PowerPoint,Software Skill,Role,4
1835,Microsoft Project,Software Skill,Role,5
1836,Active Learning,Essential Skill,Role,2
1836,Microsoft Office,Software Skill,Role,3
1836,Writing,Essential Skill,Role,3
1837,Active Learning,Essential Skill,Role,5
1837,Active Listening,Essential Skill,Role,5
1837,Adobe Acrobat,Software Skill,Role,4
1837,Critical Thinking,Essential Skill,Role,4
1837,ESRI ArcGIS,Software Skill,Role,4
1837,Microsoft Access,Software Skill,Role,5
1837,Microsoft Excel,Software Skill,Role,4
1837,Microsoft Office,Software Skill,Role,4
1837,Microsoft PowerPoint,Software Skill,Role,5
1837,Microsoft Project,Software Skill,Role,4
1837,Monitoring,Essential Skill,Role,5
1837,Reading Comprehension,Essential Skill,Role,4
1837,Science,Essential Skill,Role,5
1837,Writing,Essential Skill,Role,5
1839,Critical Thinking,Essential Skill,Role,3
1839,IBM SPSS Statistics,Software Skill,Role,3
1839,MATLAB,Software Skill,Role,2
1839,Mathematics,Essential Skill,Role,2
1839,Microsoft Excel,Software Skill,Role,3
1839,Reading Comprehension,Essential Skill,Role,3
1839,SAS,Software Skill,Role,2
1839,Science,Essential Skill,Role,3
1839,Writing,Essential Skill,Role,3
1842,Adobe Acrobat,Software Skill,Role,4
1842,Applicant Tracking System (ATS),Software Skill,Role,4
1842,Cisco Webex,Software Skill,Role,3
1842,Critical Thinking,Essential Skill,Role,4
1842,Google Analytics,Software Skill,Transferable,3
1842,HubSpot,Software Skill,Transferable,3
1842,Microsoft Office,Software Skill,Role,3
1842,Microsoft PowerPoint,Software Skill,Role,3
1842,Oracle HRIS,Software Skill,Role,3
1842,Speaking,Essential Skill,Role,4
1842,Workday,Software Skill,Role,3
1844,Applicant Tracking System (ATS),Software Skill,Role,4
1844,Microsoft Outlook,Software Skill,Role,2
1844,Workday,Software Skill,Role,2
1844,Writing,Essential Skill,Role,3
1845,Active Listening,Essential Skill,Role,4
1845,Adobe Photoshop,Software Skill,Role,5
1845,Critical Thinking,Essential Skill,Role,4
1845,MATLAB,Software Skill,Transferable,4
1845,Microsoft Office,Software Skill,Role,3
1845,Microsoft Outlook,Software Skill,Role,3
1845,Reading Comprehension,Essential Skill,Role,4
1845,Salesforce,Software Skill,Role,3
1847,Active Learning,Essential Skill,Role,4
1847,ESRI ArcGIS,Software Skill,Role,2
1847,Electronic Medical Record (EMR),Software Skill,Transferable,3
1847,MATLAB,Software Skill,Role,4
1847,Microsoft Excel,Software Skill,Role,4
1847,R,Software Skill,Role,5
1847,SAS,Software Skill,Role,4
1847,Science,Essential Skill,Role,3
1847,Writing,Essential Skill,Role,3
1849,Active Learning,Essential Skill,Role,3
1849,Active Listening,Essential Skill,Role,3
1849,Adobe Acrobat,Software Skill,Role,5
1849,Adobe Creative Cloud,Software Skill,Role,3
1849,Adobe Photoshop,Software Skill,Role,2
1849,Critical Thinking,Essential Skill,Role,5
1849,Microsoft Office,Software Skill,Role,4
1849,Microsoft PowerPoint,Software Skill,Role,4
1849,Reading Comprehension,Essential Skill,Role,5
1849,Speaking,Essential Skill,Role,3
1850,Active Learning,Essential Skill,Role,3
1850,Critical Thinking,Essential Skill,Role,4
1850,Google Docs,Software Skill,Role,2
1850,MEDITECH,Software Skill,Role,3
1850,Microsoft Outlook,Software Skill,Role,2
1850,Microsoft Word,Software Skill,Role,3
1850,Monitoring,Essential Skill,Role,2
1852,Electronic Medical Record (EMR),Software Skill,Role,3
1852,Email,Software Skill,Role,2
1852,MEDITECH,Software Skill,Role,3
1852,Microsoft PowerPoint,Software Skill,Role,3
1852,Reading Comprehension,Essential Skill,Role,2
1852,Salesforce,Software Skill,Transferable,2
1852,Science,Essential Skill,Role,3
1853,Active Learning,Essential Skill,Role,2
1853,Adobe Acrobat,Software Skill,Role,3
1853,Adobe Photoshop,Software Skill,Role,2
1853,Critical Thinking,Essential Skill,Role,4
1853,ESRI ArcGIS,Software Skill,Transferable,3
1853,MEDITECH,Software Skill,Transferable,3
1853,Microsoft Office,Software Skill,Role,4
1853,Reading Comprehension,Essential Skill,Role,5
1853,Speaking,Essential Skill,Role,4
1853,Writing,Essential Skill,Role,3
1854,Critical Thinking,Essential Skill,Role,4
1854,ESRI ArcGIS,Software Skill,Role,3
1854,Electronic Medical Record (EMR),Software Skill,Transferable,2
1854,IBM SPSS Statistics,Software Skill,Role,3
1854,Microsoft Office,Software Skill,Role,2
1854,Microsoft Project,Software Skill,Role,4
1854,Reading Comprehension,Essential Skill,Role,4
1854,Science,Essential Skill,Role,3
1854,Speaking,Essential Skill,Role,3
1856,Active Listening,Essential Skill,Role,4
1856,Adobe InDesign,Software Skill,Transferable,3
1856,Critical Thinking,Essential Skill,Role,3
1856,Electronic Medical Record (EMR),Software Skill,Role,2
1856,Google Docs,Software Skill,Role,4
1856,Microsoft Outlook,Software Skill,Role,3
1856,Microsoft PowerPoint,Software Skill,Role,3
1856,Reading Comprehension,Essential Skill,Role,2
1856,Science,Essential Skill,Role,3
1856,Writing,Essential Skill,Role,4
1857,Adobe Acrobat,Software Skill,Role,3
1857,Adobe After Effects,Software Skill,Role,3
1857,Adobe InDesign,Software Skill,Role,3
1857,Autodesk AutoCAD,Software Skill,Role,3
1857,Critical Thinking,Essential Skill,Role,3
1857,Microsoft Excel,Software Skill,Role,3
1857,Microsoft PowerPoint,Software Skill,Role,4
1857,Reading Comprehension,Essential Skill,Role,5
1857,Speaking,Essential Skill,Role,4
1858,Active Listening,Essential Skill,Role,2
1858,Adobe Acrobat,Software Skill,Role,2
1858,Adobe Photoshop,Software Skill,Role,2
1858,Atlassian Confluence,Software Skill,Transferable,2
1858,Cisco Webex,Software Skill,Role,2
1858,Reading Comprehension,Essential Skill,Role,2
1858,Workday,Software Skill,Role,4
1859,Mathematics,Essential Skill,Role,3
1859,Microsoft Azure,Software Skill,Role,3
1859,Microsoft Outlook,Software Skill,Role,3
1859,Microsoft Visio,Software Skill,Transferable,4
1859,Salesforce,Software Skill,Role,3
1859,Science,Essential Skill,Transferable,3
1860,Active Learning,Essential Skill,Role,2
1860,Active Listening,Essential Skill,Role,3
1860,Adobe InDesign,Software Skill,Transferable,2
1860,Critical Thinking,Essential Skill,Role,3
1860,Electronic Medical Record (EMR),Software Skill,Role,2
1860,Microsoft Office,Software Skill,Role,3
1860,Microsoft PowerPoint,Software Skill,Role,3
1860,Monitoring,Essential Skill,Role,4
1860,Science,Essential Skill,Role,2
1862,Active Learning,Essential Skill,Role,3
1862,Active Listening,Essential Skill,Role,3
1862,Adobe InDesign,Software Skill,Role,4
1862,IBM SPSS Statistics,Software Skill,Transferable,3
1862,Mathematics,Essential Skill,Role,3
1862,Microsoft Excel,Software Skill,Role,4
1862,Microsoft Outlook,Software Skill,Role,5
1862,Microsoft PowerPoint,Software Skill,Role,4
1862,Python,Software Skill,Transferable,3
1862,Reading Comprehension,Essential Skill,Role,3
1862,Speaking,Essential Skill,Role,4
1863,Active Learning,Essential Skill,Role,5
1863,Active Listening,Essential Skill,Role,4
1863,Adobe Acrobat,Software Skill,Role,4
1863,Adobe Photoshop,Software Skill,Role,4
1863,Critical Thinking,Essential Skill,Role,4
1863,Microsoft Excel,Software Skill,Role,4
1863,Microsoft Office,Software Skill,Role,4
1863,Microsoft Outlook,Software Skill,Role,4
1863,Microsoft PowerPoint,Software Skill,Role,4
1863,Monitoring,Essential Skill,Role,5
1863,Reading Comprehension,Essential Skill,Role,4
1863,Salesforce,Software Skill,Role,4
1863,Speaking,Essential Skill,Role,5
1863,Writing,Essential Skill,Role,4
1864,Adobe Photoshop,Software Skill,Transferable,4
1864,HubSpot,Software Skill,Role,3
1864,Microsoft Excel,Software Skill,Role,4
1864,Microsoft Office,Software Skill,Role,2
1864,Salesforce,Software Skill,Role,3
1864,Writing,Essential Skill,Role,2
1865,Cisco Webex,Software Skill,Role,2
1865,Critical Thinking,Essential Skill,Role,2
1865,Monitoring,Essential Skill,Role,3
1866,Active Learning,Essential Skill,Role,5
1866,Active Listening,Essential Skill,Role,4
1866,Apple macOS,Software Skill,Role,3
1866,Critical Thinking,Essential Skill,Role,5
1866,Google Analytics,Software Skill,Role,4
1866,Google Workspace,Software Skill,Transferable,3
1866,Microsoft Office,Software Skill,Role,4
1866,Microsoft PowerPoint,Software Skill,Role,5
1866,Monitoring,Essential Skill,Role,5
1866,Reading Comprehension,Essential Skill,Role,5
1866,Speaking,Essential Skill,Role,5
1867,Active Listening,Essential Skill,Role,4
1867,Critical Thinking,Essential Skill,Role,4
1867,Microsoft Excel,Software Skill,Role,5
1867,Microsoft Office,Software Skill,Role,5
1867,Microsoft PowerPoint,Software Skill,Role,5
1867,Microsoft SharePoint,Software Skill,Role,5
1867,Microsoft Visio,Software Skill,Role,5
1867,R,Software Skill,Transferable,5
1867,Reading Comprehension,Essential Skill,Role,5
1867,Science,Essential Skill,Role,5
1867,Speaking,Essential Skill,Role,5
1868,Active Learning,Essential Skill,Role,1
1868,Active Listening,Essential Skill,Role,3
1868,Critical Thinking,Essential Skill,Role,2
1868,Linux,Software Skill,Transferable,4
1868,MATLAB,Software Skill,Role,3
1868,Mathematics,Essential Skill,Role,3
1868,Microsoft Excel,Software Skill,Role,3
1868,Microsoft Office,Software Skill,Role,3
1868,SAS,Software Skill,Role,2
1868,Speaking,Essential Skill,Role,3
1869,Active Learning,Essential Skill,Role,4
1869,Adobe Acrobat,Software Skill,Role,3
1869,Adobe Creative Cloud,Software Skill,Role,4
1869,Adobe Illustrator,Software Skill,Role,4
1869,HubSpot,Software Skill,Transferable,4
1869,Microsoft Office,Software Skill,Role,4
1869,Microsoft PowerPoint,Software Skill,Role,5
1869,Monitoring,Essential Skill,Role,3
1869,Reading Comprehension,Essential Skill,Role,5
1869,SAS,Software Skill,Transferable,4
1869,Salesforce,Software Skill,Role,3
1869,Speaking,Essential Skill,Role,3
1869,Writing,Essential Skill,Role,4
1870,Adobe Photoshop,Software Skill,Role,3
1870,Apache Hadoop,Software Skill,Transferable,3
1870,ESRI ArcGIS,Software Skill,Role,3
1870,IBM SPSS Statistics,Software Skill,Role,3
1870,MEDITECH,Software Skill,Transferable,2
1870,Microsoft Excel,Software Skill,Role,3
1870,Microsoft Office,Software Skill,Role,3
1870,Microsoft Project,Software Skill,Role,3
1871,Active Learning,Essential Skill,Role,4
1871,Adobe Photoshop,Software Skill,Role,3
1871,ESRI ArcGIS,Software Skill,Role,4
1871,Mathematics,Essential Skill,Role,3
1871,SAS,Software Skill,Role,4
1871,Writing,Essential Skill,Role,5
1873,Active Listening,Essential Skill,Role,5
1873,Adobe Photoshop,Software Skill,Role,4
1873,ESRI ArcGIS,Software Skill,Role,3
1873,IBM SPSS Statistics,Software Skill,Role,3
1873,MATLAB,Software Skill,Role,4
1873,Microsoft PowerPoint,Software Skill,Transferable,4
1873,Microsoft Project,Software Skill,Role,4
1873,Monitoring,Essential Skill,Transferable,4
1873,Python,Software Skill,Role,4
1873,SAS,Software Skill,Role,3
1873,Speaking,Essential Skill,Role,2
1875,Critical Thinking,Essential Skill,Role,2
1875,IBM SPSS Statistics,Software Skill,Role,2
1875,Microsoft Word,Software Skill,Role,1
1875,Reading Comprehension,Essential Skill,Role,2
1875,Writing,Essential Skill,Role,3
1876,Active Listening,Essential Skill,Role,3
1876,Adobe InDesign,Software Skill,Transferable,3
1876,Apple macOS,Software Skill,Role,4
1876,HubSpot,Software Skill,Role,3
1876,Linux,Software Skill,Transferable,3
1876,Mathematics,Essential Skill,Role,4
1876,Microsoft Excel,Software Skill,Role,3
1876,Reading Comprehension,Essential Skill,Role,2
1876,Salesforce,Software Skill,Role,3
1878,Active Learning,Essential Skill,Role,2
1878,Adobe Acrobat,Software Skill,Transferable,1
1878,Amazon Web Services (AWS),Software Skill,Transferable,2
1878,MATLAB,Software Skill,Role,1
1878,Microsoft Excel,Software Skill,Role,2
1880,Active Listening,Essential Skill,Role,4
1880,Adobe Acrobat,Software Skill,Role,3
1880,Adobe Creative Cloud,Software Skill,Role,3
1880,Adobe InDesign,Software Skill,Role,4
1880,Adobe Photoshop,Software Skill,Role,3
1880,Critical Thinking,Essential Skill,Role,3
1880,Learning Strategies,Essential Skill,Transferable,4
1880,Mathematics,Essential Skill,Role,3
1880,Microsoft Excel,Software Skill,Role,4
1880,Salesforce,Software Skill,Role,4
1880,Speaking,Essential Skill,Role,4
1880,Writing,Essential Skill,Role,3
1881,Active Listening,Essential Skill,Role,3
1881,Critical Thinking,Essential Skill,Role,4
1881,Email,Software Skill,Role,4
1881,Google Docs,Software Skill,Role,4
1881,Microsoft Office,Software Skill,Role,4
1881,Microsoft Outlook,Software Skill,Role,3
1881,Reading Comprehension,Essential Skill,Role,3
1881,SAP,Software Skill,Role,3
1881,Science,Essential Skill,Role,4
1881,Speaking,Essential Skill,Role,4
1882,Adobe Photoshop,Software Skill,Role,4
1882,Mathematics,Essential Skill,Role,4
1882,Microsoft Excel,Software Skill,Role,4
1883,Atlassian JIRA,Software Skill,Transferable,2
1883,Email,Software Skill,Role,3
1883,MEDITECH,Software Skill,Role,2
1883,Microsoft Office,Software Skill,Role,3
1883,Monitoring,Essential Skill,Role,2
1883,SAP,Software Skill,Role,4
1885,Adobe Photoshop,Software Skill,Role,4
1885,ESRI ArcGIS,Software Skill,Role,5
1885,MATLAB,Software Skill,Role,4
1885,Microsoft Office,Software Skill,Role,4
1885,R,Software Skill,Role,3
1885,Writing,Essential Skill,Role,3
1886,Adobe After Effects,Software Skill,Role,3
1886,Adobe InDesign,Software Skill,Role,3
1886,IBM SPSS Statistics,Software Skill,Transferable,3
1886,Learning Strategies,Essential Skill,Role,3
1886,Microsoft Office,Software Skill,Role,3
1886,Microsoft Outlook,Software Skill,Role,3
1886,SAS,Software Skill,Transferable,2
1888,Active Learning,Essential Skill,Role,3
1888,Adobe After Effects,Software Skill,Role,4
1888,Autodesk AutoCAD,Software Skill,Role,3
1888,Learning Strategies,Essential Skill,Role,3
1888,Microsoft Outlook,Software Skill,Role,2
1888,Reading Comprehension,Essential Skill,Role,3
1888,Speaking,Essential Skill,Role,2
1888,Writing,Essential Skill,Role,2
1890,Active Learning,Essential Skill,Role,2
1890,Adobe Acrobat,Software Skill,Role,3
1890,Adobe Photoshop,Software Skill,Role,2
1890,Cisco Webex,Software Skill,Role,3
1890,Critical Thinking,Essential Skill,Role,3
1890,Electronic Medical Record (EMR),Software Skill,Transferable,3
1890,Microsoft Azure,Software Skill,Transferable,3
1890,Microsoft Excel,Software Skill,Role,2
1890,Speaking,Essential Skill,Role,2
1890,Workday,Software Skill,Role,3
1892,Adobe Photoshop,Software Skill,Role,4
1892,Apple macOS,Software Skill,Role,4
1892,Atlassian JIRA,Software Skill,Role,4
1892,Autodesk AutoCAD,Software Skill,Role,4
1892,Critical Thinking,Essential Skill,Role,3
1892,Microsoft PowerPoint,Software Skill,Role,4
1892,Monitoring,Essential Skill,Role,5
1892,Reading Comprehension,Essential Skill,Role,4
1892,Speaking,Essential Skill,Role,5
1892,Workday,Software Skill,Transferable,4
1892,Writing,Essential Skill,Role,3
1893,Microsoft Project,Software Skill,Role,3
1893,Science,Essential Skill,Role,3
1893,Speaking,Essential Skill,Role,2
1898,Active Learning,Essential Skill,Role,4
1898,Active Listening,Essential Skill,Role,3
1898,Adobe InDesign,Software Skill,Role,3
1898,Critical Thinking,Essential Skill,Role,3
1898,Microsoft Excel,Software Skill,Role,3
1898,Microsoft Office,Software Skill,Role,3
1898,Monitoring,Essential Skill,Role,3
1898,SAP,Software Skill,Transferable,2
1898,Writing,Essential Skill,Role,3
1900,Active Learning,Essential Skill,Role,3
1900,Adobe Photoshop,Software Skill,Role,3
1900,Apple macOS,Software Skill,Role,5
1900,Autodesk AutoCAD,Software Skill,Role,5
1900,Google Analytics,Software Skill,Role,4
1900,Microsoft Excel,Software Skill,Role,3
1900,Microsoft Office,Software Skill,Role,5
1900,Microsoft PowerPoint,Software Skill,Role,5
1900,Monitoring,Essential Skill,Role,3
1900,Reading Comprehension,Essential Skill,Role,3
1900,Speaking,Essential Skill,Role,4
1900,Writing,Essential Skill,Role,4
1903,Active Listening,Essential Skill,Role,4
1903,Apache Hadoop,Software Skill,Role,3
1903,ESRI ArcGIS,Software Skill,Transferable,3
1903,Google Workspace,Software Skill,Role,3
1903,Linux,Software Skill,Role,3
1903,Microsoft Excel,Software Skill,Role,4
1903,Microsoft Office,Software Skill,Role,2
1903,Microsoft Outlook,Software Skill,Role,4
1903,Monitoring,Essential Skill,Role,3
1905,Active Listening,Essential Skill,Role,3
1905,Apache Hadoop,Software Skill,Transferable,3
1905,ESRI ArcGIS,Software Skill,Role,3
1905,IBM SPSS Statistics,Software Skill,Role,3
1905,Mathematics,Essential Skill,Role,3
1905,Microsoft Office,Software Skill,Role,3
1905,Microsoft Project,Software Skill,Role,3
1905,Salesforce,Software Skill,Transferable,2
1905,Science,Essential Skill,Role,4
1907,Google Workspace,Software Skill,Transferable,2
1907,Microsoft Excel,Software Skill,Role,3
1907,Microsoft Office,Software Skill,Role,3
1907,Microsoft Word,Software Skill,Role,2
1907,Writing,Essential Skill,Role,3
1908,Adobe Creative Cloud,Software Skill,Role,3
1908,Google Analytics,Software Skill,Transferable,4
1908,SAP,Software Skill,Transferable,3
1908,Salesforce,Software Skill,Role,3
1908,Speaking,Essential Skill,Role,3
1909,Adobe Acrobat,Software Skill,Role,3
1909,Adobe Creative Cloud,Software Skill,Role,4
1909,Adobe Illustrator,Software Skill,Role,4
1909,Critical Thinking,Essential Skill,Role,3
1909,Microsoft Office,Software Skill,Role,2
1909,Microsoft Outlook,Software Skill,Role,4
1909,Reading Comprehension,Essential Skill,Role,4
1909,Speaking,Essential Skill,Role,4
1911,Adobe Acrobat,Software Skill,Role,4
1911,Critical Thinking,Essential Skill,Role,3
1911,Microsoft Access,Software Skill,Role,3
1911,Microsoft Office,Software Skill,Role,4
1911,Microsoft SharePoint,Software Skill,Role,5
1911,Microsoft Word,Software Skill,Transferable,4
1911,Reading Comprehension,Essential Skill,Role,5
1911,Speaking,Essential Skill,Role,3
1911,Writing,Essential Skill,Role,3
1912,Microsoft PowerPoint,Software Skill,Role,3
1912,Microsoft SharePoint,Software Skill,Transferable,3
1912,SAS,Software Skill,Transferable,4
1912,Speaking,Essential Skill,Role,3
1912,Writing,Essential Skill,Role,2
1915,Active Learning,Essential Skill,Role,2
1915,Adobe Photoshop,Software Skill,Role,3
1915,MEDITECH,Software Skill,Transferable,3
1915,Mathematics,Essential Skill,Role,3
1915,R,Software Skill,Transferable,3
1916,Active Learning,Essential Skill,Role,3
1916,Email,Software Skill,Role,3
1916,Google Analytics,Software Skill,Transferable,3
1916,MEDITECH,Software Skill,Role,2
1916,Microsoft Azure,Software Skill,Transferable,3
1916,Microsoft Office,Software Skill,Role,2
1916,Microsoft Outlook,Software Skill,Role,3
1916,Monitoring,Essential Skill,Role,3
1916,Science,Essential Skill,Role,2
1916,Writing,Essential Skill,Role,2
1918,Critical Thinking,Essential Skill,Role,3
1918,Google Workspace,Software Skill,Transferable,4
1918,Learning Strategies,Essential Skill,Transferable,4
1918,Monitoring,Essential Skill,Role,2
1918,Reading Comprehension,Essential Skill,Role,3
1918,SAP,Software Skill,Role,2
1918,Science,Essential Skill,Role,3
1918,Speaking,Essential Skill,Role,3
1918,Writing,Essential Skill,Role,3
1922,Active Learning,Essential Skill,Role,4
1922,Active Listening,Essential Skill,Role,3
1922,Amazon Web Services (AWS),Software Skill,Role,4
1922,Linux,Software Skill,Role,4
1922,Microsoft Azure,Software Skill,Role,3
1922,Microsoft Outlook,Software Skill,Role,3
1922,Monitoring,Essential Skill,Role,4
1922,Speaking,Essential Skill,Role,3
1922,Writing,Essential Skill,Role,3
1924,Active Listening,Essential Skill,Role,4
1924,Adobe InDesign,Software Skill,Role,3
1924,Mathematics,Essential Skill,Role,4
1924,Microsoft Excel,Software Skill,Role,4
1924,Salesforce,Software Skill,Role,2
1924,Speaking,Essential Skill,Role,3
1924,Writing,Essential Skill,Role,3
1927,Active Listening,Essential Skill,Role,2
1927,Adobe Creative Cloud,Software Skill,Role,3
1927,Adobe Illustrator,Software Skill,Role,3
1927,Autodesk AutoCAD,Software Skill,Transferable,3
1927,Critical Thinking,Essential Skill,Role,3
1927,Microsoft Excel,Software Skill,Role,4
1927,Microsoft Outlook,Software Skill,Role,3
1927,Monitoring,Essential Skill,Role,2
1927,Reading Comprehension,Essential Skill,Role,2
1928,Critical Thinking,Essential Skill,Role,4
1928,Microsoft Access,Software Skill,Transferable,3
1928,Microsoft Excel,Software Skill,Role,2
1928,Microsoft Office,Software Skill,Role,3
1928,Microsoft Outlook,Software Skill,Role,1
1928,Microsoft PowerPoint,Software Skill,Role,3
1928,Microsoft Word,Software Skill,Role,3
1928,Monitoring,Essential Skill,Role,3
1928,Salesforce,Software Skill,Role,2
1929,Adobe Illustrator,Software Skill,Role,2
1929,Adobe Photoshop,Software Skill,Role,3
1929,Autodesk AutoCAD,Software Skill,Transferable,3
1929,Microsoft Excel,Software Skill,Role,4
1929,Microsoft Office,Software Skill,Role,4
1929,Monitoring,Essential Skill,Role,4
1929,Reading Comprehension,Essential Skill,Role,2
1929,Salesforce,Software Skill,Role,4
1931,Active Learning,Essential Skill,Role,3
1931,ESRI ArcGIS,Software Skill,Role,3
1931,Learning Strategies,Essential Skill,Transferable,3
1931,MATLAB,Software Skill,Role,3
1931,Microsoft Office,Software Skill,Role,2
1931,Microsoft Project,Software Skill,Role,3
1931,R,Software Skill,Role,3
1931,Reading Comprehension,Essential Skill,Role,4
1931,Speaking,Essential Skill,Role,4
1931,Writing,Essential Skill,Role,3
1932,Active Listening,Essential Skill,Role,3
1932,Google Workspace,Software Skill,Transferable,4
1932,MATLAB,Software Skill,Role,4
1932,Microsoft Project,Software Skill,Role,4
1932,R,Software Skill,Role,3
1932,Writing,Essential Skill,Role,4
1933,Active Listening,Essential Skill,Role,3
1933,Critical Thinking,Essential Skill,Role,3
1933,Reading Comprehension,Essential Skill,Role,4
1933,Salesforce,Software Skill,Role,3
1933,Writing,Essential Skill,Role,2
1934,Active Listening,Essential Skill,Role,3
1934,Adobe Photoshop,Software Skill,Role,3
1934,Applicant Tracking System (ATS),Software Skill,Transferable,4
1934,ESRI ArcGIS,Software Skill,Role,4
1934,MATLAB,Software Skill,Role,4
1934,Microsoft Excel,Software Skill,Role,4
1934,Microsoft Office,Software Skill,Role,3
1934,Microsoft Project,Software Skill,Role,4
1934,Oracle HRIS,Software Skill,Transferable,4
1934,Science,Essential Skill,Role,4
1935,Active Listening,Essential Skill,Role,5
1935,Adobe Creative Cloud,Software Skill,Role,2
1935,Adobe Illustrator,Software Skill,Role,4
1935,Autodesk AutoCAD,Software Skill,Transferable,4
1935,Microsoft Office,Software Skill,Role,3
1935,Reading Comprehension,Essential Skill,Role,3
1935,Salesforce,Software Skill,Role,4
1936,Active Learning,Essential Skill,Role,3
1936,Apple macOS,Software Skill,Transferable,4
1936,Critical Thinking,Essential Skill,Role,3
1936,Google Workspace,Software Skill,Transferable,2
1936,Learning Strategies,Essential Skill,Role,4
1936,Microsoft Excel,Software Skill,Role,3
1936,Microsoft Outlook,Software Skill,Role,3
1936,Speaking,Essential Skill,Role,3
1936,Writing,Essential Skill,Role,3
1937,Active Listening,Essential Skill,Role,3
1937,ESRI ArcGIS,Software Skill,Role,4
1937,Mathematics,Essential Skill,Role,4
1937,Microsoft Excel,Software Skill,Role,4
1937,Microsoft Project,Software Skill,Role,3
1937,Python,Software Skill,Role,3
1937,Reading Comprehension,Essential Skill,Role,4
1937,Speaking,Essential Skill,Role,4
1938,Adobe Acrobat,Software Skill,Role,4
1938,Adobe Photoshop,Software Skill,Role,3
1938,Apple macOS,Software Skill,Role,5
1938,Atlassian Confluence,Software Skill,Role,3
1938,Google Analytics,Software Skill,Role,4
1938,Reading Comprehension,Essential Skill,Role,4
1938,Salesforce,Software Skill,Transferable,4
1938,Speaking,Essential Skill,Role,3
1939,Active Listening,Essential Skill,Role,2
1939,Critical Thinking,Essential Skill,Role,3
1939,ESRI ArcGIS,Software Skill,Role,3
1939,Mathematics,Essential Skill,Role,3
1939,Microsoft Excel,Software Skill,Role,3
1939,Microsoft Office,Software Skill,Role,3
1939,R,Software Skill,Role,2
1939,Reading Comprehension,Essential Skill,Role,4
1939,SAS,Software Skill,Role,3
1939,Science,Essential Skill,Role,2
1940,Active Learning,Essential Skill,Role,2
1940,Active Listening,Essential Skill,Role,3
1940,Adobe After Effects,Software Skill,Transferable,2
1940,ESRI ArcGIS,Software Skill,Role,3
1940,Microsoft Excel,Software Skill,Role,3
1940,Science,Essential Skill,Role,2
1940,Writing,Essential Skill,Role,4
1941,Active Learning,Essential Skill,Role,5
1941,Active Listening,Essential Skill,Role,4
1941,Amazon Web Services (AWS),Software Skill,Transferable,4
1941,Critical Thinking,Essential Skill,Role,4
1941,ESRI ArcGIS,Software Skill,Role,4
1941,Microsoft Access,Software Skill,Role,4
1941,Microsoft PowerPoint,Software Skill,Role,4
1941,Microsoft Visio,Software Skill,Role,4
1941,Monitoring,Essential Skill,Role,3
1941,Reading Comprehension,Essential Skill,Role,4
1941,Science,Essential Skill,Role,4
1941,Writing,Essential Skill,Role,3
1943,Active Listening,Essential Skill,Role,4
1943,Adobe Creative Cloud,Software Skill,Role,3
1943,Adobe Illustrator,Software Skill,Role,4
1943,Adobe Photoshop,Software Skill,Role,4
1943,Amazon Web Services (AWS),Software Skill,Transferable,4
1943,Mathematics,Essential Skill,Role,4
1943,Microsoft Office,Software Skill,Role,3
1943,Speaking,Essential Skill,Role,4
1944,Active Learning,Essential Skill,Role,3
1944,Adobe Photoshop,Software Skill,Role,2
1944,Applicant Tracking System (ATS),Software Skill,Role,3
1944,Critical Thinking,Essential Skill,Role,2
1944,Microsoft Outlook,Software Skill,Role,3
1944,Speaking,Essential Skill,Role,2
1944,Workday,Software Skill,Role,3
1944,Writing,Essential Skill,Role,2
1945,Active Learning,Essential Skill,Role,4
1945,Active Listening,Essential Skill,Role,3
1945,Adobe Photoshop,Software Skill,Role,4
1945,Critical Thinking,Essential Skill,Role,3
1945,Microsoft PowerPoint,Software Skill,Role,4
1945,Reading Comprehension,Essential Skill,Role,2
1945,Salesforce,Software Skill,Role,3
1945,Writing,Essential Skill,Role,4
1947,Active Listening,Essential Skill,Role,3
1947,Atlassian Confluence,Software Skill,Transferable,1
1947,MATLAB,Software Skill,Role,4
1947,Microsoft PowerPoint,Software Skill,Transferable,3
1947,Microsoft Project,Software Skill,Role,3
1947,SAS,Software Skill,Role,4
1947,Science,Essential Skill,Role,2
1948,Active Listening,Essential Skill,Role,3
1948,Adobe Acrobat,Software Skill,Transferable,4
1948,Critical Thinking,Essential Skill,Role,4
1948,Google Workspace,Software Skill,Transferable,3
1948,MATLAB,Software Skill,Role,3
1948,Science,Essential Skill,Role,2
1948,Writing,Essential Skill,Role,3
1949,Google Docs,Software Skill,Role,2
1949,Microsoft Excel,Software Skill,Role,3
1949,Microsoft Office,Software Skill,Role,4
1949,Microsoft Outlook,Software Skill,Role,3
1949,Microsoft PowerPoint,Software Skill,Role,3
1949,Microsoft Word,Software Skill,Role,3
1949,Monitoring,Essential Skill,Role,3
1949,Reading Comprehension,Essential Skill,Role,4
1950,Adobe Creative Cloud,Software Skill,Role,3
1950,Adobe Photoshop,Software Skill,Role,3
1950,Google Analytics,Software Skill,Transferable,2
1950,Microsoft Office,Software Skill,Role,5
1950,Microsoft PowerPoint,Software Skill,Role,3
1950,Monitoring,Essential Skill,Role,4
1950,R,Software Skill,Transferable,5
1950,Salesforce,Software Skill,Role,4
1950,Speaking,Essential Skill,Role,3
1950,Writing,Essential Skill,Role,4
1951,Google Workspace,Software Skill,Transferable,4
1951,Microsoft Excel,Software Skill,Role,4
1951,Microsoft Office,Software Skill,Role,4
1951,Microsoft Outlook,Software Skill,Role,4
1951,Reading Comprehension,Essential Skill,Role,3
1951,Speaking,Essential Skill,Role,3
1951,Writing,Essential Skill,Role,4
1952,Critical Thinking,Essential Skill,Role,2
1952,Electronic Medical Record (EMR),Software Skill,Role,3
1952,Google Docs,Software Skill,Role,2
1952,Microsoft Access,Software Skill,Transferable,3
1952,Microsoft Excel,Software Skill,Role,3
1952,Microsoft Office,Software Skill,Role,3
1952,Microsoft SharePoint,Software Skill,Transferable,3
1952,Microsoft Word,Software Skill,Role,3
1952,Reading Comprehension,Essential Skill,Role,4
1952,Speaking,Essential Skill,Role,3
1954,Adobe InDesign,Software Skill,Transferable,3
1954,Amazon Web Services (AWS),Software Skill,Role,3
1954,Apache Hadoop,Software Skill,Role,3
1954,Google Workspace,Software Skill,Role,3
1954,Linux,Software Skill,Role,4
1954,Mathematics,Essential Skill,Role,3
1954,Microsoft Access,Software Skill,Role,4
1954,Microsoft Office,Software Skill,Role,4
1954,Microsoft Outlook,Software Skill,Role,2
1954,Workday,Software Skill,Transferable,3
1955,Active Learning,Essential Skill,Role,3
1955,Active Listening,Essential Skill,Role,4
1955,Mathematics,Essential Skill,Role,3
1955,Microsoft Azure,Software Skill,Role,3
1955,Microsoft Excel,Software Skill,Role,3
1955,Microsoft Outlook,Software Skill,Role,4
1955,Monitoring,Essential Skill,Role,3
1955,Reading Comprehension,Essential Skill,Role,4
1955,Salesforce,Software Skill,Role,4
1955,Writing,Essential Skill,Role,3
1956,Active Learning,Essential Skill,Role,3
1956,Adobe Photoshop,Software Skill,Role,3
1956,HubSpot,Software Skill,Transferable,4
1956,Microsoft Excel,Software Skill,Role,4
1956,Microsoft Project,Software Skill,Role,4
1956,Speaking,Essential Skill,Role,3
1960,Active Listening,Essential Skill,Role,2
1960,MEDITECH,Software Skill,Role,4
1960,Microsoft Excel,Software Skill,Role,3
1960,Microsoft Office,Software Skill,Role,3
1961,Active Learning,Essential Skill,Role,3
1961,Adobe InDesign,Software Skill,Transferable,4
1961,Critical Thinking,Essential Skill,Role,3
1961,Mathematics,Essential Skill,Role,4
1961,Microsoft Excel,Software Skill,Role,2
1961,Microsoft PowerPoint,Software Skill,Role,3
1961,Salesforce,Software Skill,Role,3
1961,Speaking,Essential Skill,Role,3
1961,Writing,Essential Skill,Role,3
1962,Adobe Illustrator,Software Skill,Role,3
1962,Email,Software Skill,Transferable,3
1962,Microsoft Excel,Software Skill,Role,3
1962,Microsoft Outlook,Software Skill,Role,3
1962,Microsoft PowerPoint,Software Skill,Role,4
1962,Monitoring,Essential Skill,Role,3
1962,Speaking,Essential Skill,Role,3
1965,Active Listening,Essential Skill,Role,4
1965,Adobe Illustrator,Software Skill,Role,4
1965,Adobe InDesign,Software Skill,Role,4
1965,Adobe Photoshop,Software Skill,Role,3
1965,Amazon Web Services (AWS),Software Skill,Transferable,4
1965,Apple macOS,Software Skill,Transferable,3
1965,Mathematics,Essential Skill,Role,4
1965,Microsoft Excel,Software Skill,Role,4
1965,Microsoft Outlook,Software Skill,Role,3
1965,Microsoft PowerPoint,Software Skill,Role,3
1965,Monitoring,Essential Skill,Role,2
1965,Speaking,Essential Skill,Role,4
1965,Writing,Essential Skill,Role,3
1966,Active Learning,Essential Skill,Role,3
1966,Adobe After Effects,Software Skill,Role,4
1966,Adobe InDesign,Software Skill,Role,3
1966,Adobe Photoshop,Software Skill,Role,4
1966,Atlassian JIRA,Software Skill,Transferable,3
1966,Microsoft Excel,Software Skill,Role,3
1966,Microsoft Office,Software Skill,Role,4
1966,Monitoring,Essential Skill,Role,4
1966,Reading Comprehension,Essential Skill,Role,4
1966,SAP,Software Skill,Role,2
1966,Speaking,Essential Skill,Role,3
1966,Writing,Essential Skill,Role,3
1967,Active Learning,Essential Skill,Role,3
1967,Adobe Acrobat,Software Skill,Role,5
1967,Adobe Creative Cloud,Software Skill,Role,3
1967,Mathematics,Essential Skill,Role,2
1967,Microsoft Office,Software Skill,Role,4
1967,Microsoft Outlook,Software Skill,Role,4
1967,Salesforce,Software Skill,Role,4
1968,Active Listening,Essential Skill,Role,4
1968,Adobe Acrobat,Software Skill,Role,4
1968,Adobe Illustrator,Software Skill,Role,4
1968,Critical Thinking,Essential Skill,Role,3
1968,Mathematics,Essential Skill,Role,4
1968,Microsoft Office,Software Skill,Role,3
1968,Microsoft Outlook,Software Skill,Role,4
1968,Monitoring,Essential Skill,Role,4
1969,Active Learning,Essential Skill,Role,3
1969,Adobe Illustrator,Software Skill,Transferable,3
1969,Critical Thinking,Essential Skill,Role,3
1969,MATLAB,Software Skill,Role,3
1969,R,Software Skill,Role,2
1969,Writing,Essential Skill,Role,2
1970,Active Listening,Essential Skill,Role,2
1970,Adobe InDesign,Software Skill,Transferable,4
1970,Apache Hadoop,Software Skill,Role,3
1970,Google Workspace,Software Skill,Role,3
1970,Microsoft Access,Software Skill,Role,3
1970,Microsoft Outlook,Software Skill,Role,3
1970,Microsoft Word,Software Skill,Transferable,3
1970,Speaking,Essential Skill,Role,2
1971,Active Learning,Essential Skill,Role,3
1971,Apache Hadoop,Software Skill,Role,3
1971,Critical Thinking,Essential Skill,Role,4
1971,Google Workspace,Software Skill,Role,4
1971,HubSpot,Software Skill,Transferable,3
1971,Linux,Software Skill,Role,3
1971,Microsoft Azure,Software Skill,Role,4
1971,Microsoft Excel,Software Skill,Role,3
1971,Microsoft Outlook,Software Skill,Role,4
1971,SAP,Software Skill,Transferable,4
1971,Speaking,Essential Skill,Role,4
1972,Active Listening,Essential Skill,Role,4
1972,Cisco Webex,Software Skill,Role,4
1972,Linux,Software Skill,Transferable,2
1972,Speaking,Essential Skill,Role,4
1972,Workday,Software Skill,Role,3
1972,Writing,Essential Skill,Role,3
1973,Active Learning,Essential Skill,Role,4
1973,Active Listening,Essential Skill,Role,4
1973,Adobe Acrobat,Software Skill,Role,5
1973,Adobe Photoshop,Software Skill,Role,4
1973,Apple macOS,Software Skill,Role,5
1973,Autodesk AutoCAD,Software Skill,Role,4
1973,Critical Thinking,Essential Skill,Role,5
1973,Microsoft Excel,Software Skill,Role,4
1973,Microsoft PowerPoint,Software Skill,Role,5
1973,Monitoring,Essential Skill,Role,5
1973,Reading Comprehension,Essential Skill,Role,3
1973,Writing,Essential Skill,Role,4
1974,MEDITECH,Software Skill,Role,2
1974,Microsoft Excel,Software Skill,Role,2
1974,Microsoft PowerPoint,Software Skill,Role,2
1974,Oracle HRIS,Software Skill,Transferable,2
1974,SAP,Software Skill,Role,1
1974,SAS,Software Skill,Transferable,2
1974,Speaking,Essential Skill,Role,2
1975,Active Learning,Essential Skill,Role,5
1975,Active Listening,Essential Skill,Role,5
1975,Adobe Illustrator,Software Skill,Role,4
1975,Adobe InDesign,Software Skill,Role,4
1975,Adobe Photoshop,Software Skill,Role,5
1975,Apple macOS,Software Skill,Transferable,4
1975,Microsoft Access,Software Skill,Transferable,4
1975,Microsoft Office,Software Skill,Role,4
1975,Microsoft Outlook,Software Skill,Role,4
1975,Reading Comprehension,Essential Skill,Role,5
1975,Speaking,Essential Skill,Role,4
1976,Adobe Photoshop,Software Skill,Role,3
1976,Atlassian JIRA,Software Skill,Transferable,2
1976,ESRI ArcGIS,Software Skill,Role,4
1976,IBM SPSS Statistics,Software Skill,Role,4
1976,Microsoft Excel,Software Skill,Role,4
1976,Microsoft Project,Software Skill,Role,3
1976,Python,Software Skill,Role,3
1976,R,Software Skill,Role,4
1976,Reading Comprehension,Essential Skill,Role,3
1976,SAS,Software Skill,Role,3
1979,Active Listening,Essential Skill,Role,4
1979,Adobe Acrobat,Software Skill,Role,4
1979,Microsoft Access,Software Skill,Role,4
1979,Microsoft Office,Software Skill,Role,4
1979,Microsoft PowerPoint,Software Skill,Role,3
1979,Microsoft Project,Software Skill,Role,4
1979,Microsoft Visio,Software Skill,Role,4
1979,Monitoring,Essential Skill,Role,1
1979,Science,Essential Skill,Role,4
1980,Active Learning,Essential Skill,Role,3
1980,Adobe Acrobat,Software Skill,Role,4
1980,Adobe After Effects,Software Skill,Role,3
1980,Adobe Photoshop,Software Skill,Role,3
1980,Learning Strategies,Essential Skill,Role,2
1980,Microsoft Outlook,Software Skill,Role,2
1980,Microsoft PowerPoint,Software Skill,Role,2
1980,Monitoring,Essential Skill,Role,2
1980,Speaking,Essential Skill,Role,4
1981,Critical Thinking,Essential Skill,Role,3
1981,Google Workspace,Software Skill,Role,3
1981,Mathematics,Essential Skill,Role,3
1981,Microsoft Excel,Software Skill,Role,2
1981,Microsoft Outlook,Software Skill,Role,3
1981,Microsoft PowerPoint,Software Skill,Transferable,4
1981,Speaking,Essential Skill,Role,2
1982,Active Learning,Essential Skill,Role,3
1982,Apache Hadoop,Software Skill,Transferable,3
1982,Critical Thinking,Essential Skill,Role,3
1982,Google Docs,Software Skill,Role,3
1982,Microsoft Access,Software Skill,Transferable,2
1982,Microsoft Office,Software Skill,Role,3
1982,Monitoring,Essential Skill,Role,3
1982,Speaking,Essential Skill,Role,3
1985,Critical Thinking,Essential Skill,Role,4
1985,Electronic Medical Record (EMR),Software Skill,Role,4
1985,Google Docs,Software Skill,Role,4
1985,MEDITECH,Software Skill,Role,3
1985,Reading Comprehension,Essential Skill,Role,3
1985,SAP,Software Skill,Role,3
1985,Science,Essential Skill,Role,3
1985,Speaking,Essential Skill,Role,4
1986,Adobe Acrobat,Software Skill,Role,3
1986,Adobe Illustrator,Software Skill,Role,2
1986,Microsoft PowerPoint,Software Skill,Role,3
1986,Microsoft Visio,Software Skill,Transferable,3
1986,Monitoring,Essential Skill,Role,4
1986,Salesforce,Software Skill,Role,3
1986,Speaking,Essential Skill,Role,3
1986,Writing,Essential Skill,Role,4
1987,Active Learning,Essential Skill,Role,5
1987,Active Listening,Essential Skill,Role,3
1987,Adobe Photoshop,Software Skill,Role,2
1987,Cisco Webex,Software Skill,Role,4
1987,Learning Strategies,Essential Skill,Role,4
1987,Microsoft Office,Software Skill,Role,3
1987,Reading Comprehension,Essential Skill,Role,3
1989,Active Listening,Essential Skill,Role,3
1989,Electronic Medical Record (EMR),Software Skill,Role,4
1989,Email,Software Skill,Role,3
1989,Google Docs,Software Skill,Role,2
1989,IBM SPSS Statistics,Software Skill,Transferable,3
1989,MEDITECH,Software Skill,Role,3
1989,Microsoft Excel,Software Skill,Role,3
1989,Microsoft Project,Software Skill,Transferable,4
1992,MEDITECH,Software Skill,Role,1
1992,Microsoft Word,Software Skill,Role,3
1992,Reading Comprehension,Essential Skill,Role,2
1992,Science,Essential Skill,Role,1
1993,Active Learning,Essential Skill,Role,4
1993,Active Listening,Essential Skill,Role,4
1993,Adobe InDesign,Software Skill,Transferable,5
1993,Amazon Web Services (AWS),Software Skill,Role,3
1993,Applicant Tracking System (ATS),Software Skill,Transferable,3
1993,Critical Thinking,Essential Skill,Role,3
1993,Mathematics,Essential Skill,Role,5
1993,Microsoft Excel,Software Skill,Role,4
1993,Microsoft Outlook,Software Skill,Role,3
1993,Reading Comprehension,Essential Skill,Role,4
1993,Speaking,Essential Skill,Role,5
1993,Writing,Essential Skill,Role,5
1994,Active Listening,Essential Skill,Role,3
1994,Microsoft Excel,Software Skill,Role,2
1994,Microsoft Outlook,Software Skill,Role,1
1994,Microsoft PowerPoint,Software Skill,Role,2
1994,SAP,Software Skill,Role,3
1994,Speaking,Essential Skill,Role,3
1994,Writing,Essential Skill,Role,3
1995,Adobe Creative Cloud,Software Skill,Role,3
1995,Adobe Illustrator,Software Skill,Role,4
1995,Applicant Tracking System (ATS),Software Skill,Transferable,4
1995,Critical Thinking,Essential Skill,Role,4
1995,Microsoft Excel,Software Skill,Role,2
1995,Microsoft Outlook,Software Skill,Role,4
1995,Monitoring,Essential Skill,Role,4
1995,Reading Comprehension,Essential Skill,Role,4
1995,Speaking,Essential Skill,Role,4
1996,HubSpot,Software Skill,Role,2
1996,Microsoft Outlook,Software Skill,Role,3
1996,Microsoft PowerPoint,Software Skill,Role,3
1996,Microsoft Project,Software Skill,Role,2
1996,Microsoft Word,Software Skill,Role,2
1996,Salesforce,Software Skill,Role,2
1996,Speaking,Essential Skill,Role,2
1997,Adobe Photoshop,Software Skill,Role,3
1997,Autodesk AutoCAD,Software Skill,Role,3
1997,MEDITECH,Software Skill,Transferable,4
1997,Microsoft Office,Software Skill,Role,3
1997,Microsoft PowerPoint,Software Skill,Role,3
1997,Monitoring,Essential Skill,Role,3
1997,Oracle HRIS,Software Skill,Transferable,4
1997,SAP,Software Skill,Role,2
1997,Speaking,Essential Skill,Role,3
1998,ESRI ArcGIS,Software Skill,Role,3
1998,Microsoft Excel,Software Skill,Role,3
1998,Microsoft Office,Software Skill,Role,4
1998,Python,Software Skill,Role,3
1998,SAS,Software Skill,Role,3
1998,Speaking,Essential Skill,Role,4
1999,Google Workspace,Software Skill,Transferable,3
1999,MATLAB,Software Skill,Role,2
1999,Microsoft Excel,Software Skill,Role,3
1999,Microsoft Office,Software Skill,Role,3
1999,Microsoft Project,Software Skill,Role,4
1999,R,Software Skill,Role,4
1999,Reading Comprehension,Essential Skill,Role,3
1999,SAS,Software Skill,Role,3
1999,Science,Essential Skill,Role,4
1999,Writing,Essential Skill,Role,3
2000,Active Listening,Essential Skill,Role,3
2000,Adobe Acrobat,Software Skill,Role,3
2000,Adobe After Effects,Software Skill,Transferable,3
2000,Autodesk AutoCAD,Software Skill,Transferable,3
2000,Critical Thinking,Essential Skill,Role,2
2000,IBM SPSS Statistics,Software Skill,Role,3
2000,Microsoft Office,Software Skill,Role,3
2000,Microsoft PowerPoint,Software Skill,Role,3
2000,Writing,Essential Skill,Role,4
2003,Active Listening,Essential Skill,Role,3
2003,Critical Thinking,Essential Skill,Role,2
2003,Google Docs,Software Skill,Role,3
2003,Google Workspace,Software Skill,Transferable,4
2003,Microsoft Outlook,Software Skill,Role,3
2003,Microsoft PowerPoint,Software Skill,Role,3
2003,Microsoft SharePoint,Software Skill,Transferable,3
2003,Microsoft Word,Software Skill,Role,3
2003,Reading Comprehension,Essential Skill,Role,2
2003,Science,Essential Skill,Role,3
2007,Active Learning,Essential Skill,Role,4
2007,Applicant Tracking System (ATS),Software Skill,Transferable,2
2007,ESRI ArcGIS,Software Skill,Role,3
2007,IBM SPSS Statistics,Software Skill,Role,3
2008,Autodesk AutoCAD,Software Skill,Transferable,4
2008,Google Analytics,Software Skill,Transferable,3
2008,IBM SPSS Statistics,Software Skill,Role,4
2008,MATLAB,Software Skill,Role,4
2008,Mathematics,Essential Skill,Role,4
2008,Microsoft Excel,Software Skill,Role,4
2008,Microsoft Project,Software Skill,Role,5
2008,Speaking,Essential Skill,Role,4
2008,Writing,Essential Skill,Role,4
2009,Active Listening,Essential Skill,Role,3
2009,Amazon Web Services (AWS),Software Skill,Role,3
2009,Microsoft Azure,Software Skill,Role,3
2009,Microsoft Office,Software Skill,Role,3
2009,Microsoft Outlook,Software Skill,Role,3
2009,Speaking,Essential Skill,Role,3
2009,Writing,Essential Skill,Role,2
2010,Active Learning,Essential Skill,Role,3
2010,Adobe Illustrator,Software Skill,Transferable,4
2010,Critical Thinking,Essential Skill,Role,2
2010,Email,Software Skill,Role,3
2010,Microsoft Office,Software Skill,Role,4
2010,Microsoft PowerPoint,Software Skill,Role,4
2010,Microsoft Visio,Software Skill,Transferable,4
2010,SAP,Software Skill,Role,4
2010,Science,Essential Skill,Role,2
2010,Speaking,Essential Skill,Role,2
2010,Writing,Essential Skill,Role,3
2012,Active Learning,Essential Skill,Role,4
2012,Google Docs,Software Skill,Role,4
2012,MEDITECH,Software Skill,Role,4
2012,Microsoft Outlook,Software Skill,Role,3
2012,Microsoft PowerPoint,Software Skill,Role,3
2012,Microsoft Visio,Software Skill,Transferable,3
2012,Oracle HRIS,Software Skill,Transferable,3
2012,Reading Comprehension,Essential Skill,Role,3
2012,SAP,Software Skill,Role,3
2012,Speaking,Essential Skill,Role,4
2013,Active Learning,Essential Skill,Role,3
2013,Active Listening,Essential Skill,Role,3
2013,Linux,Software Skill,Transferable,3
2013,Microsoft Excel,Software Skill,Role,3
2013,Microsoft Office,Software Skill,Role,2
2013,Reading Comprehension,Essential Skill,Role,4
2014,Active Learning,Essential Skill,Role,3
2014,Google Docs,Software Skill,Transferable,4
2014,HubSpot,Software Skill,Transferable,3
2014,IBM SPSS Statistics,Software Skill,Role,3
2014,MATLAB,Software Skill,Role,3
2014,Science,Essential Skill,Role,2
2014,Speaking,Essential Skill,Role,3
2015,Active Learning,Essential Skill,Role,4
2015,IBM SPSS Statistics,Software Skill,Role,4
2015,Microsoft Excel,Software Skill,Role,4
2015,Microsoft Office,Software Skill,Role,4
2015,Microsoft PowerPoint,Software Skill,Role,2
2015,Microsoft Project,Software Skill,Role,4
2015,Science,Essential Skill,Role,3
2016,Active Learning,Essential Skill,Role,3
2016,Active Listening,Essential Skill,Role,4
2016,Adobe Creative Cloud,Software Skill,Role,3
2016,IBM SPSS Statistics,Software Skill,Transferable,4
2016,Microsoft Excel,Software Skill,Role,4
2016,Microsoft Office,Software Skill,Role,3
2016,Microsoft Outlook,Software Skill,Role,4
2016,Monitoring,Essential Skill,Role,4
2016,Writing,Essential Skill,Role,4
2017,Active Listening,Essential Skill,Role,3
2017,Adobe InDesign,Software Skill,Transferable,4
2017,Critical Thinking,Essential Skill,Role,3
2017,Microsoft Access,Software Skill,Role,3
2017,Microsoft Excel,Software Skill,Role,4
2017,Microsoft Visio,Software Skill,Role,3
2017,Science,Essential Skill,Role,3
2018,Active Listening,Essential Skill,Role,3
2018,Adobe Creative Cloud,Software Skill,Role,3
2018,Electronic Medical Record (EMR),Software Skill,Transferable,2
2018,Microsoft Office,Software Skill,Role,3
2018,Microsoft PowerPoint,Software Skill,Role,4
2018,Monitoring,Essential Skill,Role,2
2018,Salesforce,Software Skill,Role,2
2019,Active Listening,Essential Skill,Role,2
2019,Apple macOS,Software Skill,Role,4
2019,Mathematics,Essential Skill,Role,4
2019,Microsoft Office,Software Skill,Role,4
2019,Microsoft Outlook,Software Skill,Role,4
2019,Monitoring,Essential Skill,Role,3
2019,Reading Comprehension,Essential Skill,Role,4
2019,Salesforce,Software Skill,Role,3
2019,Writing,Essential Skill,Role,4
2020,Critical Thinking,Essential Skill,Role,3
2020,MATLAB,Software Skill,Role,4
2020,Mathematics,Essential Skill,Role,3
2020,Microsoft Excel,Software Skill,Role,3
2020,Microsoft Office,Software Skill,Role,2
2020,R,Software Skill,Role,3
2020,Speaking,Essential Skill,Role,4
2020,Writing,Essential Skill,Role,3
2021,Active Learning,Essential Skill,Role,2
2021,Active Listening,Essential Skill,Role,2
2021,Adobe After Effects,Software Skill,Transferable,3
2021,IBM SPSS Statistics,Software Skill,Role,2
2021,Microsoft PowerPoint,Software Skill,Role,3
2021,Reading Comprehension,Essential Skill,Role,3
2022,Active Learning,Essential Skill,Role,4
2022,Active Listening,Essential Skill,Role,4
2022,Adobe Acrobat,Software Skill,Role,3
2022,Adobe Photoshop,Software Skill,Role,4
2022,Apache Hadoop,Software Skill,Transferable,3
2022,Autodesk AutoCAD,Software Skill,Role,4
2022,Critical Thinking,Essential Skill,Role,5
2022,MEDITECH,Software Skill,Transferable,3
2022,Microsoft Excel,Software Skill,Role,4
2022,Microsoft Office,Software Skill,Role,4
2022,Reading Comprehension,Essential Skill,Role,4
2022,Writing,Essential Skill,Role,5
2023,Active Learning,Essential Skill,Role,2
2023,Adobe Illustrator,Software Skill,Transferable,2
2023,Apple macOS,Software Skill,Role,1
2023,Critical Thinking,Essential Skill,Role,2
2023,HubSpot,Software Skill,Role,1
2023,Microsoft Excel,Software Skill,Role,2
2023,Microsoft Project,Software Skill,Role,2
2023,Python,Software Skill,Transferable,3
2023,Reading Comprehension,Essential Skill,Role,3
2023,Salesforce,Software Skill,Role,3
2024,Active Listening,Essential Skill,Role,3
2024,Adobe Illustrator,Software Skill,Role,3
2024,Atlassian JIRA,Software Skill,Transferable,3
2024,Microsoft Office,Software Skill,Role,2
2024,Microsoft Outlook,Software Skill,Role,3
2024,Monitoring,Essential Skill,Role,3
2024,Oracle HRIS,Software Skill,Transferable,3
2024,Salesforce,Software Skill,Role,3
2024,Speaking,Essential Skill,Role,4
2024,Writing,Essential Skill,Role,4
2025,Active Listening,Essential Skill,Role,3
2025,Adobe Acrobat,Software Skill,Role,3
2025,Adobe InDesign,Software Skill,Role,3
2025,Adobe Photoshop,Software Skill,Role,2
2025,Apache Hadoop,Software Skill,Transferable,4
2025,Critical Thinking,Essential Skill,Role,3
2025,Microsoft PowerPoint,Software Skill,Role,4
2025,Monitoring,Essential Skill,Role,2
2025,Reading Comprehension,Essential Skill,Role,4
2025,SAP,Software Skill,Role,4
2026,Active Learning,Essential Skill,Role,4
2026,Amazon Web Services (AWS),Software Skill,Role,4
2026,Google Workspace,Software Skill,Role,4
2026,Mathematics,Essential Skill,Role,4
2026,Microsoft Azure,Software Skill,Role,3
2026,Microsoft Office,Software Skill,Role,3
2026,Microsoft Outlook,Software Skill,Role,5
2026,Microsoft Word,Software Skill,Transferable,3
2026,Monitoring,Essential Skill,Role,3
2026,Reading Comprehension,Essential Skill,Role,4
2026,Speaking,Essential Skill,Role,3
2026,Workday,Software Skill,Transferable,3
2027,Critical Thinking,Essential Skill,Role,3
2027,MEDITECH,Software Skill,Transferable,3
2027,Mathematics,Essential Skill,Role,4
2027,Microsoft Excel,Software Skill,Role,3
2027,SAS,Software Skill,Role,3
2027,Science,Essential Skill,Role,3
2031,Active Learning,Essential Skill,Role,4
2031,Active Listening,Essential Skill,Role,4
2031,Adobe Acrobat,Software Skill,Role,4
2031,Apple macOS,Software Skill,Role,4
2031,Critical Thinking,Essential Skill,Role,5
2031,Microsoft Excel,Software Skill,Role,3
2031,Microsoft Office,Software Skill,Role,4
2031,Microsoft PowerPoint,Software Skill,Role,4
2031,Reading Comprehension,Essential Skill,Role,4
2031,Speaking,Essential Skill,Role,4
2031,Writing,Essential Skill,Role,4
2032,Google Analytics,Software Skill,Transferable,3
2032,MATLAB,Software Skill,Transferable,3
2032,Microsoft PowerPoint,Software Skill,Role,3
2032,SAP,Software Skill,Role,3
2032,Speaking,Essential Skill,Role,3
2034,Active Listening,Essential Skill,Role,4
2034,Adobe Acrobat,Software Skill,Role,4
2034,Adobe InDesign,Software Skill,Role,4
2034,Autodesk AutoCAD,Software Skill,Role,4
2034,Critical Thinking,Essential Skill,Role,4
2034,Learning Strategies,Essential Skill,Role,5
2034,Linux,Software Skill,Transferable,5
2034,Microsoft Excel,Software Skill,Role,5
2034,Microsoft Office,Software Skill,Role,4
2034,Microsoft Visio,Software Skill,Transferable,4
2034,Monitoring,Essential Skill,Role,4
2034,Reading Comprehension,Essential Skill,Role,3
2034,Speaking,Essential Skill,Role,4
2034,Writing,Essential Skill,Role,3
2035,Adobe Acrobat,Software Skill,Role,2
2035,Adobe Creative Cloud,Software Skill,Role,3
2035,Critical Thinking,Essential Skill,Role,3
2035,Email,Software Skill,Transferable,3
2035,Google Docs,Software Skill,Transferable,3
2035,Microsoft Office,Software Skill,Role,3
2035,Microsoft Outlook,Software Skill,Role,2
2035,Microsoft PowerPoint,Software Skill,Role,4
2035,Monitoring,Essential Skill,Role,3
2035,Speaking,Essential Skill,Role,3
2035,Writing,Essential Skill,Role,3
2036,Active Learning,Essential Skill,Role,4
2036,Active Listening,Essential Skill,Role,4
2036,Adobe Illustrator,Software Skill,Role,5
2036,Critical Thinking,Essential Skill,Role,3
2036,Google Workspace,Software Skill,Transferable,3
2036,Microsoft Excel,Software Skill,Role,4
2036,Microsoft Office,Software Skill,Role,4
2036,Microsoft Outlook,Software Skill,Role,3
2036,Microsoft PowerPoint,Software Skill,Role,5
2036,Monitoring,Essential Skill,Role,3
2036,Speaking,Essential Skill,Role,4
2036,Writing,Essential Skill,Role,3
2037,Active Listening,Essential Skill,Role,3
2037,Adobe Photoshop,Software Skill,Role,3
2037,Mathematics,Essential Skill,Role,4
2037,Microsoft Project,Software Skill,Transferable,3
2037,Monitoring,Essential Skill,Role,4
2037,Speaking,Essential Skill,Role,4
2037,Writing,Essential Skill,Role,3
2038,Active Listening,Essential Skill,Role,2
2038,MATLAB,Software Skill,Role,3
2038,Mathematics,Essential Skill,Role,3
2038,R,Software Skill,Role,3
2040,Active Learning,Essential Skill,Role,3
2040,Active Listening,Essential Skill,Role,4
2040,Applicant Tracking System (ATS),Software Skill,Role,4
2040,Critical Thinking,Essential Skill,Role,4
2040,Learning Strategies,Essential Skill,Role,2
2040,Microsoft Office,Software Skill,Role,3
2040,Microsoft PowerPoint,Software Skill,Role,5
2040,Reading Comprehension,Essential Skill,Role,4
2041,Active Listening,Essential Skill,Role,2
2041,Adobe Illustrator,Software Skill,Role,4
2041,Adobe InDesign,Software Skill,Role,3
2041,Autodesk AutoCAD,Software Skill,Transferable,3
2041,Mathematics,Essential Skill,Role,3
2041,Microsoft Office,Software Skill,Role,3
2041,Microsoft PowerPoint,Software Skill,Role,2
2041,Salesforce,Software Skill,Role,2
2041,Speaking,Essential Skill,Role,2
2044,Active Learning,Essential Skill,Role,3
2044,Adobe Acrobat,Software Skill,Role,4
2044,Adobe Illustrator,Software Skill,Role,4
2044,Microsoft Excel,Software Skill,Role,4
2044,Monitoring,Essential Skill,Role,5
2044,Reading Comprehension,Essential Skill,Role,2
2044,Salesforce,Software Skill,Role,4
2045,Active Listening,Essential Skill,Role,3
2045,Adobe Illustrator,Software Skill,Role,3
2045,Critical Thinking,Essential Skill,Role,2
2045,Electronic Medical Record (EMR),Software Skill,Transferable,4
2045,Microsoft Outlook,Software Skill,Role,3
2045,Microsoft PowerPoint,Software Skill,Role,4
2045,Salesforce,Software Skill,Role,3
2046,Active Listening,Essential Skill,Role,4
2046,Adobe Creative Cloud,Software Skill,Role,3
2046,Apple macOS,Software Skill,Transferable,3
2046,Critical Thinking,Essential Skill,Role,2
2046,Mathematics,Essential Skill,Role,3
2046,Microsoft Office,Software Skill,Role,3
2046,Microsoft PowerPoint,Software Skill,Role,3
2046,Reading Comprehension,Essential Skill,Role,2
2046,Salesforce,Software Skill,Role,3
2046,Writing,Essential Skill,Role,2
2048,Active Learning,Essential Skill,Role,3
2048,Active Listening,Essential Skill,Role,2
2048,Adobe Photoshop,Software Skill,Role,3
2048,Apache Hadoop,Software Skill,Transferable,3
2048,Microsoft Excel,Software Skill,Role,4
2048,Microsoft Office,Software Skill,Role,3
2048,Microsoft Project,Software Skill,Role,2
2048,R,Software Skill,Role,4
2048,Science,Essential Skill,Role,4
2049,Active Learning,Essential Skill,Role,3
2049,Amazon Web Services (AWS),Software Skill,Role,4
2049,Apache Hadoop,Software Skill,Role,3
2049,Google Workspace,Software Skill,Role,3
2049,Mathematics,Essential Skill,Role,3
2049,Microsoft Azure,Software Skill,Role,4
2049,Microsoft Excel,Software Skill,Role,4
2049,Microsoft Office,Software Skill,Role,2
2049,Reading Comprehension,Essential Skill,Role,4
2049,Speaking,Essential Skill,Role,3
2049,Writing,Essential Skill,Role,3
2051,Adobe Photoshop,Software Skill,Role,4
2051,ESRI ArcGIS,Software Skill,Role,4
2051,Microsoft Excel,Software Skill,Role,3
2051,Microsoft Office,Software Skill,Role,3
2051,Microsoft Project,Software Skill,Role,4
2051,Reading Comprehension,Essential Skill,Role,3
2051,Salesforce,Software Skill,Transferable,3
2051,Speaking,Essential Skill,Role,4
2051,Writing,Essential Skill,Role,4
2052,Active Learning,Essential Skill,Role,2
2052,Adobe Photoshop,Software Skill,Role,4
2052,Critical Thinking,Essential Skill,Role,4
2052,ESRI ArcGIS,Software Skill,Role,3
2052,MATLAB,Software Skill,Role,4
2052,MEDITECH,Software Skill,Transferable,4
2052,SAS,Software Skill,Role,3
2052,Science,Essential Skill,Role,2
2052,Writing,Essential Skill,Role,3
2053,Active Listening,Essential Skill,Role,2
2053,Microsoft Office,Software Skill,Role,3
2053,Microsoft Word,Software Skill,Role,4
2053,Monitoring,Essential Skill,Role,4
2053,Writing,Essential Skill,Role,4
2054,Active Listening,Essential Skill,Role,3
2054,Critical Thinking,Essential Skill,Role,4
2054,ESRI ArcGIS,Software Skill,Role,2
2054,IBM SPSS Statistics,Software Skill,Role,3
2054,Microsoft Excel,Software Skill,Role,4
2054,Microsoft Project,Software Skill,Role,2
2054,Microsoft Visio,Software Skill,Transferable,4
2054,Reading Comprehension,Essential Skill,Role,3
2054,Science,Essential Skill,Role,3
2054,Speaking,Essential Skill,Role,4
2055,Adobe Creative Cloud,Software Skill,Role,4
2055,Adobe Photoshop,Software Skill,Role,3
2055,Critical Thinking,Essential Skill,Role,4
2055,Microsoft Office,Software Skill,Role,4
2055,Microsoft Outlook,Software Skill,Role,4
2055,Microsoft PowerPoint,Software Skill,Role,4
2055,Salesforce,Software Skill,Role,5
2055,Workday,Software Skill,Transferable,3
2056,Active Learning,Essential Skill,Role,4
2056,Active Listening,Essential Skill,Role,2
2056,Adobe Creative Cloud,Software Skill,Role,3
2056,Critical Thinking,Essential Skill,Role,2
2056,Google Workspace,Software Skill,Transferable,4
2056,IBM SPSS Statistics,Software Skill,Transferable,4
2056,Mathematics,Essential Skill,Role,3
2056,Microsoft Excel,Software Skill,Role,2
2057,Active Learning,Essential Skill,Role,3
2057,Active Listening,Essential Skill,Role,4
2057,Adobe Acrobat,Software Skill,Role,2
2057,Critical Thinking,Essential Skill,Role,3
2057,HubSpot,Software Skill,Transferable,3
2057,Microsoft Outlook,Software Skill,Role,2
2057,Monitoring,Essential Skill,Role,4
2057,Writing,Essential Skill,Role,4
2060,Active Learning,Essential Skill,Role,2
2060,Critical Thinking,Essential Skill,Role,2
2060,Microsoft Excel,Software Skill,Role,2
2060,Microsoft PowerPoint,Software Skill,Role,3
2060,Reading Comprehension,Essential Skill,Role,2
2061,Active Listening,Essential Skill,Role,3
2061,Email,Software Skill,Role,3
2061,Microsoft PowerPoint,Software Skill,Role,3
2061,Monitoring,Essential Skill,Role,4
2061,Reading Comprehension,Essential Skill,Role,4
2061,Science,Essential Skill,Role,3
2061,Speaking,Essential Skill,Role,4
2062,Adobe Creative Cloud,Software Skill,Transferable,3
2062,Apple macOS,Software Skill,Transferable,3
2062,Linux,Software Skill,Role,2
2062,Microsoft Excel,Software Skill,Role,2
2062,Microsoft Office,Software Skill,Role,2
2062,Speaking,Essential Skill,Role,3
2062,Writing,Essential Skill,Role,2
2064,Adobe Acrobat,Software Skill,Role,3
2064,Critical Thinking,Essential Skill,Role,3
2064,Microsoft Outlook,Software Skill,Role,3
2064,Microsoft PowerPoint,Software Skill,Role,3
2064,Monitoring,Essential Skill,Role,2
2064,Speaking,Essential Skill,Role,3
2064,Writing,Essential Skill,Role,3
2065,Active Learning,Essential Skill,Role,3
2065,Adobe Acrobat,Software Skill,Role,4
2065,Adobe Illustrator,Software Skill,Role,4
2065,Applicant Tracking System (ATS),Software Skill,Transferable,5
2065,Critical Thinking,Essential Skill,Role,4
2065,Microsoft Excel,Software Skill,Role,3
2065,Microsoft Office,Software Skill,Role,3
2065,Microsoft PowerPoint,Software Skill,Role,4
2065,Reading Comprehension,Essential Skill,Role,4
2065,SAP,Software Skill,Transferable,4
2065,Salesforce,Software Skill,Role,4
2065,Writing,Essential Skill,Role,4
2068,Amazon Web Services (AWS),Software Skill,Transferable,3
2068,Critical Thinking,Essential Skill,Role,3
2068,MEDITECH,Software Skill,Role,3
2068,Mathematics,Essential Skill,Transferable,3
2068,Microsoft Excel,Software Skill,Role,3
2068,Microsoft Word,Software Skill,Role,3
2068,Monitoring,Essential Skill,Role,3
