EmployeeID,Department,JobRole,ReviewPeriod,EngagementScore,JobSatisfactionScore,JobInvolvementScore,EnvironmentSatisfactionScore,WorkLifeBalanceScore,RelationshipSatisfactionScore,PerformanceRating,TrainingTimesLastYear
1,Sales,Sales Executive,2026-H1,53.3,100.0,66.7,33.3,0.0,0.0,3,0
2,Research & Development,Research Scientist,2026-H1,51.7,33.3,33.3,66.7,66.7,100.0,4,3
4,Research & Development,Laboratory Technician,2026-H1,61.7,66.7,33.3,100.0,66.7,33.3,3,3
5,Research & Development,Research Scientist,2026-H1,73.4,66.7,66.7,100.0,66.7,66.7,3,3
7,Research & Development,Laboratory Technician,2026-H1,46.7,33.3,66.7,0.0,66.7,100.0,3,3
8,Research & Development,Laboratory Technician,2026-H1,78.3,100.0,66.7,100.0,33.3,66.7,3,2
10,Research & Development,Laboratory Technician,2026-H1,43.3,0.0,100.0,66.7,33.3,0.0,4,3
11,Research & Development,Laboratory Technician,2026-H1,70.0,66.7,66.7,100.0,66.7,33.3,4,2
12,Research & Development,Manufacturing Director,2026-H1,61.7,66.7,33.3,100.0,66.7,33.3,4,2
13,Research & Development,Healthcare Representative,2026-H1,58.4,66.7,66.7,66.7,33.3,33.3,3,3
14,Research & Development,Laboratory Technician,2026-H1,51.7,33.3,100.0,0.0,66.7,66.7,3,5
15,Research & Development,Laboratory Technician,2026-H1,68.3,66.7,33.3,100.0,66.7,100.0,3,3
16,Research & Development,Research Scientist,2026-H1,51.7,66.7,66.7,0.0,33.3,100.0,3,1
18,Research & Development,Laboratory Technician,2026-H1,70.0,100.0,66.7,33.3,66.7,66.7,3,2
19,Research & Development,Laboratory Technician,2026-H1,55.0,66.7,33.3,66.7,66.7,33.3,3,4
20,Research & Development,Manufacturing Director,2026-H1,48.3,0.0,100.0,33.3,66.7,66.7,3,1
21,Research & Development,Research Scientist,2026-H1,50.0,33.3,100.0,0.0,33.3,100.0,3,5
22,Research & Development,Laboratory Technician,2026-H1,83.3,100.0,100.0,100.0,33.3,33.3,3,2
23,Sales,Manager,2026-H1,55.0,100.0,33.3,0.0,66.7,66.7,3,3
24,Research & Development,Research Scientist,2026-H1,83.4,100.0,66.7,100.0,66.7,66.7,3,3
26,Research & Development,Manufacturing Director,2026-H1,60.0,66.7,100.0,0.0,33.3,100.0,3,5
27,Sales,Sales Representative,2026-H1,35.0,0.0,33.3,66.7,66.7,33.3,4,4
28,Research & Development,Research Director,2026-H1,43.3,33.3,66.7,0.0,66.7,66.7,3,4
30,Research & Development,Research Scientist,2026-H1,80.0,100.0,66.7,66.7,66.7,100.0,3,6
31,Research & Development,Research Scientist,2026-H1,40.0,0.0,66.7,33.3,66.7,66.7,3,2
32,Research & Development,Manager,2026-H1,65.0,66.7,66.7,66.7,33.3,100.0,3,3
33,Research & Development,Research Scientist,2026-H1,20.0,0.0,0.0,33.3,66.7,33.3,4,5
35,Sales,Sales Executive,2026-H1,60.0,33.3,66.7,66.7,66.7,100.0,3,2
36,Research & Development,Healthcare Representative,2026-H1,58.3,100.0,33.3,0.0,66.7,100.0,3,4
38,Sales,Manager,2026-H1,38.3,0.0,66.7,33.3,33.3,100.0,3,2
39,Research & Development,Laboratory Technician,2026-H1,80.0,100.0,66.7,66.7,66.7,100.0,3,3
40,Research & Development,Healthcare Representative,2026-H1,91.7,100.0,66.7,100.0,100.0,100.0,3,5
41,Research & Development,Laboratory Technician,2026-H1,58.3,66.7,33.3,100.0,66.7,0.0,3,5
42,Sales,Sales Representative,2026-H1,88.3,100.0,66.7,100.0,100.0,66.7,3,6
45,Research & Development,Research Scientist,2026-H1,58.3,100.0,66.7,33.3,33.3,0.0,3,2
46,Research & Development,Research Scientist,2026-H1,80.0,66.7,100.0,100.0,33.3,100.0,3,3
47,Sales,Sales Representative,2026-H1,45.0,66.7,33.3,0.0,66.7,66.7,3,2
49,Sales,Sales Representative,2026-H1,76.7,100.0,66.7,100.0,66.7,0.0,3,3
51,Research & Development,Research Scientist,2026-H1,40.0,0.0,33.3,33.3,100.0,100.0,3,3
52,Sales,Sales Executive,2026-H1,48.3,0.0,100.0,66.7,66.7,0.0,3,3
53,Research & Development,Laboratory Technician,2026-H1,76.7,100.0,66.7,66.7,66.7,66.7,3,3
54,Research & Development,Laboratory Technician,2026-H1,56.7,0.0,66.7,100.0,66.7,100.0,3,6
55,Research & Development,Laboratory Technician,2026-H1,31.7,66.7,0.0,0.0,33.3,66.7,3,2
56,Sales,Sales Executive,2026-H1,76.7,66.7,66.7,100.0,66.7,100.0,3,0
57,Research & Development,Laboratory Technician,2026-H1,80.0,100.0,66.7,66.7,66.7,100.0,4,2
58,Research & Development,Research Director,2026-H1,63.4,66.7,66.7,33.3,66.7,100.0,3,0
60,Sales,Sales Executive,2026-H1,60.0,66.7,66.7,33.3,66.7,66.7,4,2
61,Research & Development,Research Scientist,2026-H1,43.3,33.3,66.7,33.3,66.7,0.0,4,1
62,Sales,Sales Executive,2026-H1,63.4,100.0,66.7,0.0,66.7,66.7,4,4
63,Research & Development,Laboratory Technician,2026-H1,95.0,100.0,100.0,100.0,66.7,100.0,3,2
64,Research & Development,Laboratory Technician,2026-H1,48.3,66.7,33.3,0.0,66.7,100.0,3,2
65,Research & Development,Laboratory Technician,2026-H1,61.7,66.7,66.7,66.7,33.3,66.7,3,3
68,Sales,Sales Executive,2026-H1,35.0,0.0,66.7,33.3,33.3,66.7,4,2
70,Research & Development,Healthcare Representative,2026-H1,38.3,0.0,33.3,66.7,66.7,66.7,3,3
72,Sales,Sales Executive,2026-H1,63.3,100.0,33.3,66.7,33.3,66.7,3,2
73,Research & Development,Research Director,2026-H1,63.4,100.0,66.7,0.0,66.7,66.7,3,1
74,Sales,Sales Executive,2026-H1,38.3,0.0,66.7,33.3,33.3,100.0,4,3
75,Research & Development,Laboratory Technician,2026-H1,46.7,0.0,66.7,66.7,66.7,66.7,3,3
76,Research & Development,Laboratory Technician,2026-H1,81.7,100.0,66.7,100.0,33.3,100.0,4,3
77,Research & Development,Manufacturing Director,2026-H1,50.0,66.7,33.3,0.0,100.0,66.7,3,2
78,Research & Development,Manufacturing Director,2026-H1,60.0,100.0,66.7,0.0,66.7,33.3,4,3
79,Research & Development,Laboratory Technician,2026-H1,86.7,100.0,66.7,100.0,66.7,100.0,3,2
80,Research & Development,Research Director,2026-H1,50.0,66.7,33.3,33.3,33.3,100.0,3,2
81,Sales,Sales Executive,2026-H1,31.7,0.0,66.7,0.0,33.3,100.0,3,3
83,Research & Development,Healthcare Representative,2026-H1,63.4,66.7,66.7,66.7,66.7,33.3,3,2
84,Research & Development,Manager,2026-H1,73.4,66.7,66.7,100.0,66.7,66.7,3,2
85,Research & Development,Manufacturing Director,2026-H1,41.6,33.3,33.3,33.3,66.7,66.7,3,3
86,Research & Development,Research Scientist,2026-H1,40.0,0.0,66.7,33.3,66.7,66.7,3,2
88,Research & Development,Research Scientist,2026-H1,38.3,0.0,66.7,33.3,33.3,100.0,3,2
90,Research & Development,Research Scientist,2026-H1,53.3,66.7,33.3,100.0,33.3,0.0,3,0
91,Sales,Sales Executive,2026-H1,43.3,66.7,33.3,0.0,33.3,100.0,3,2
94,Research & Development,Research Scientist,2026-H1,60.0,33.3,66.7,66.7,66.7,100.0,4,3
95,Research & Development,Research Scientist,2026-H1,53.3,33.3,66.7,66.7,66.7,33.3,3,4
96,Research & Development,Research Scientist,2026-H1,46.7,33.3,66.7,33.3,66.7,33.3,3,3
97,Research & Development,Laboratory Technician,2026-H1,75.0,100.0,100.0,33.3,66.7,33.3,3,3
98,Research & Development,Manufacturing Director,2026-H1,80.0,100.0,66.7,66.7,66.7,100.0,4,2
100,Sales,Sales Executive,2026-H1,35.0,0.0,33.3,66.7,66.7,33.3,3,2
101,Research & Development,Research Director,2026-H1,55.0,0.0,66.7,100.0,100.0,33.3,3,3
102,Research & Development,Research Director,2026-H1,51.7,66.7,66.7,0.0,100.0,0.0,3,3
103,Human Resources,Human Resources,2026-H1,53.3,33.3,66.7,33.3,66.7,100.0,4,2
104,Research & Development,Laboratory Technician,2026-H1,70.0,100.0,33.3,100.0,33.3,66.7,3,1
105,Research & Development,Research Scientist,2026-H1,45.0,66.7,33.3,33.3,66.7,0.0,3,3
106,Sales,Sales Executive,2026-H1,66.7,100.0,66.7,0.0,66.7,100.0,3,4
107,Research & Development,Research Scientist,2026-H1,56.7,100.0,0.0,33.3,66.7,100.0,3,3
110,Research & Development,Manufacturing Director,2026-H1,43.3,33.3,66.7,0.0,66.7,66.7,3,2
112,Research & Development,Manufacturing Director,2026-H1,55.0,100.0,0.0,100.0,33.3,0.0,3,3
113,Sales,Sales Representative,2026-H1,46.7,0.0,66.7,66.7,66.7,66.7,3,3
116,Research & Development,Laboratory Technician,2026-H1,80.0,100.0,66.7,100.0,66.7,33.3,4,4
117,Research & Development,Healthcare Representative,2026-H1,61.7,100.0,33.3,66.7,66.7,0.0,3,3
118,Sales,Sales Executive,2026-H1,71.7,100.0,33.3,66.7,66.7,100.0,3,3
119,Research & Development,Healthcare Representative,2026-H1,46.6,33.3,33.3,66.7,33.3,100.0,4,3
120,Sales,Sales Executive,2026-H1,70.0,100.0,66.7,66.7,0.0,100.0,4,2
121,Sales,Sales Executive,2026-H1,40.0,33.3,33.3,66.7,33.3,33.3,3,4
124,Research & Development,Healthcare Representative,2026-H1,33.3,0.0,33.3,66.7,33.3,66.7,3,5
125,Sales,Sales Executive,2026-H1,53.4,66.7,66.7,33.3,66.7,0.0,3,0
126,Research & Development,Research Director,2026-H1,36.7,66.7,66.7,0.0,0.0,0.0,3,5
128,Sales,Sales Executive,2026-H1,41.7,66.7,66.7,0.0,33.3,0.0,4,2
129,Sales,Sales Executive,2026-H1,61.7,66.7,66.7,33.3,100.0,33.3,3,3
131,Sales,Sales Executive,2026-H1,68.4,66.7,66.7,100.0,33.3,66.7,3,1
132,Research & Development,Laboratory Technician,2026-H1,55.0,33.3,66.7,33.3,100.0,66.7,3,3
133,Human Resources,Human Resources,2026-H1,50.0,0.0,66.7,66.7,66.7,100.0,4,3
134,Research & Development,Research Scientist,2026-H1,56.7,0.0,66.7,100.0,66.7,100.0,3,2
137,Research & Development,Laboratory Technician,2026-H1,71.7,100.0,33.3,100.0,66.7,33.3,3,5
138,Research & Development,Research Scientist,2026-H1,53.4,66.7,66.7,0.0,66.7,66.7,3,3
139,Research & Development,Healthcare Representative,2026-H1,76.7,100.0,33.3,66.7,100.0,100.0,3,2
140,Human Resources,Manager,2026-H1,71.7,100.0,33.3,66.7,66.7,100.0,4,3
141,Research & Development,Research Director,2026-H1,31.7,33.3,66.7,0.0,33.3,0.0,3,1
142,Sales,Sales Executive,2026-H1,61.7,66.7,33.3,66.7,66.7,100.0,3,1
143,Research & Development,Research Scientist,2026-H1,75.0,100.0,33.3,100.0,66.7,66.7,3,2
144,Research & Development,Laboratory Technician,2026-H1,70.0,100.0,66.7,33.3,66.7,66.7,3,5
145,Research & Development,Healthcare Representative,2026-H1,20.0,0.0,33.3,0.0,33.3,66.7,4,1
147,Research & Development,Laboratory Technician,2026-H1,40.0,66.7,0.0,0.0,66.7,100.0,4,3
148,Human Resources,Manager,2026-H1,91.7,100.0,100.0,100.0,66.7,66.7,3,3
150,Research & Development,Laboratory Technician,2026-H1,60.0,66.7,66.7,33.3,66.7,66.7,3,2
151,Research & Development,Research Scientist,2026-H1,48.3,33.3,33.3,66.7,66.7,66.7,3,3
152,Sales,Sales Executive,2026-H1,70.0,100.0,66.7,66.7,66.7,0.0,3,3
153,Research & Development,Manager,2026-H1,41.7,0.0,33.3,66.7,66.7,100.0,3,6
154,Sales,Sales Executive,2026-H1,70.0,100.0,66.7,33.3,66.7,66.7,3,6
155,Research & Development,Laboratory Technician,2026-H1,56.7,100.0,66.7,0.0,66.7,0.0,4,2
158,Sales,Manager,2026-H1,85.0,100.0,66.7,66.7,100.0,100.0,3,3
159,Research & Development,Research Scientist,2026-H1,31.7,66.7,0.0,0.0,33.3,66.7,4,2
160,Sales,Sales Executive,2026-H1,55.0,33.3,66.7,66.7,100.0,0.0,3,2
161,Research & Development,Research Scientist,2026-H1,43.3,33.3,66.7,33.3,66.7,0.0,3,2
162,Research & Development,Research Director,2026-H1,53.4,66.7,66.7,0.0,66.7,66.7,3,5
163,Sales,Sales Executive,2026-H1,35.0,66.7,0.0,33.3,33.3,33.3,3,3
164,Research & Development,Research Scientist,2026-H1,43.3,33.3,33.3,66.7,33.3,66.7,3,3
165,Research & Development,Healthcare Representative,2026-H1,81.7,100.0,66.7,100.0,33.3,100.0,3,3
167,Sales,Sales Representative,2026-H1,71.7,66.7,66.7,100.0,33.3,100.0,3,2
169,Research & Development,Laboratory Technician,2026-H1,76.7,100.0,66.7,66.7,66.7,66.7,3,2
170,Research & Development,Manufacturing Director,2026-H1,41.7,0.0,66.7,66.7,33.3,66.7,3,2
171,Research & Development,Research Scientist,2026-H1,71.7,66.7,100.0,33.3,66.7,100.0,3,2
174,Sales,Sales Executive,2026-H1,80.0,100.0,66.7,66.7,66.7,100.0,3,3
175,Sales,Sales Executive,2026-H1,43.3,66.7,0.0,33.3,66.7,66.7,3,2
176,Sales,Sales Executive,2026-H1,66.7,66.7,66.7,66.7,66.7,66.7,3,2
177,Human Resources,Human Resources,2026-H1,70.0,66.7,66.7,66.7,66.7,100.0,4,3
178,Research & Development,Manufacturing Director,2026-H1,53.3,33.3,66.7,33.3,66.7,100.0,4,0
179,Research & Development,Manufacturing Director,2026-H1,50.0,100.0,0.0,0.0,66.7,100.0,3,2
182,Sales,Sales Executive,2026-H1,70.0,66.7,33.3,100.0,100.0,66.7,3,1
183,Sales,Sales Executive,2026-H1,48.3,66.7,33.3,0.0,66.7,100.0,3,3
184,Human Resources,Human Resources,2026-H1,70.0,100.0,66.7,66.7,0.0,100.0,3,2
190,Research & Development,Laboratory Technician,2026-H1,31.7,0.0,66.7,0.0,100.0,0.0,4,2
192,Research & Development,Research Scientist,2026-H1,68.3,100.0,66.7,66.7,33.3,33.3,3,2
193,Research & Development,Research Scientist,2026-H1,70.0,66.7,66.7,100.0,66.7,33.3,4,2
194,Research & Development,Research Scientist,2026-H1,48.4,66.7,66.7,0.0,33.3,66.7,3,4
195,Sales,Sales Executive,2026-H1,75.0,100.0,0.0,100.0,100.0,100.0,3,2
197,Research & Development,Research Scientist,2026-H1,56.7,0.0,66.7,100.0,66.7,100.0,3,3
198,Research & Development,Laboratory Technician,2026-H1,65.0,100.0,33.3,33.3,66.7,100.0,3,3
199,Research & Development,Manager,2026-H1,36.6,0.0,33.3,100.0,33.3,33.3,3,2
200,Research & Development,Laboratory Technician,2026-H1,50.0,0.0,66.7,66.7,66.7,100.0,4,2
201,Research & Development,Laboratory Technician,2026-H1,53.3,33.3,66.7,33.3,66.7,100.0,3,3
202,Research & Development,Research Scientist,2026-H1,43.3,33.3,66.7,33.3,66.7,0.0,3,2
204,Sales,Sales Executive,2026-H1,50.0,33.3,66.7,66.7,66.7,0.0,3,3
205,Sales,Sales Representative,2026-H1,53.3,66.7,66.7,33.3,0.0,100.0,4,3
206,Research & Development,Laboratory Technician,2026-H1,40.0,33.3,66.7,33.3,0.0,66.7,3,2
207,Sales,Sales Executive,2026-H1,73.3,100.0,66.7,33.3,66.7,100.0,3,2
208,Research & Development,Manufacturing Director,2026-H1,66.7,66.7,66.7,100.0,66.7,0.0,3,1
211,Research & Development,Manufacturing Director,2026-H1,51.7,66.7,33.3,33.3,66.7,66.7,3,2
214,Research & Development,Research Scientist,2026-H1,33.3,33.3,33.3,33.3,33.3,33.3,4,3
215,Sales,Sales Executive,2026-H1,56.7,100.0,33.3,66.7,33.3,0.0,3,2
216,Sales,Sales Representative,2026-H1,70.0,66.7,66.7,66.7,66.7,100.0,3,3
217,Research & Development,Research Scientist,2026-H1,70.0,100.0,66.7,66.7,66.7,0.0,4,6
218,Research & Development,Research Scientist,2026-H1,56.7,33.3,66.7,100.0,0.0,100.0,3,1
221,Research & Development,Research Scientist,2026-H1,66.7,100.0,66.7,66.7,0.0,66.7,3,2
223,Research & Development,Healthcare Representative,2026-H1,71.7,100.0,100.0,66.7,0.0,33.3,3,2
224,Research & Development,Research Scientist,2026-H1,56.7,66.7,33.3,66.7,33.3,100.0,3,2
226,Research & Development,Manager,2026-H1,53.3,33.3,66.7,66.7,66.7,33.3,3,5
227,Research & Development,Research Scientist,2026-H1,46.7,66.7,66.7,0.0,66.7,0.0,3,2
228,Sales,Sales Executive,2026-H1,70.0,100.0,66.7,33.3,66.7,66.7,3,2
230,Sales,Sales Executive,2026-H1,60.0,100.0,33.3,0.0,100.0,66.7,4,2
231,Research & Development,Research Scientist,2026-H1,60.0,66.7,66.7,66.7,66.7,0.0,4,2
233,Research & Development,Research Scientist,2026-H1,55.0,33.3,66.7,66.7,33.3,100.0,3,3
235,Sales,Sales Representative,2026-H1,28.3,0.0,0.0,66.7,100.0,0.0,4,5
238,Research & Development,Laboratory Technician,2026-H1,58.3,33.3,66.7,100.0,33.3,66.7,3,3
239,Research & Development,Laboratory Technician,2026-H1,46.7,0.0,66.7,66.7,66.7,66.7,3,4
240,Sales,Sales Executive,2026-H1,45.0,0.0,66.7,66.7,100.0,0.0,3,3
241,Research & Development,Research Scientist,2026-H1,46.7,0.0,66.7,66.7,66.7,66.7,3,3
242,Research & Development,Research Scientist,2026-H1,75.0,100.0,66.7,66.7,100.0,0.0,3,2
243,Research & Development,Laboratory Technician,2026-H1,56.6,100.0,33.3,33.3,33.3,66.7,4,3
244,Sales,Sales Executive,2026-H1,40.0,0.0,66.7,33.3,66.7,66.7,4,2
245,Research & Development,Laboratory Technician,2026-H1,76.7,100.0,66.7,66.7,66.7,66.7,3,3
246,Research & Development,Research Scientist,2026-H1,76.7,100.0,66.7,66.7,66.7,66.7,4,0
247,Research & Development,Research Scientist,2026-H1,66.7,33.3,66.7,100.0,66.7,100.0,3,3
248,Sales,Sales Representative,2026-H1,48.3,33.3,66.7,33.3,33.3,100.0,4,5
249,Research & Development,Laboratory Technician,2026-H1,56.7,66.7,33.3,66.7,33.3,100.0,3,2
250,Research & Development,Manufacturing Director,2026-H1,61.7,0.0,100.0,100.0,66.7,66.7,3,3
252,Research & Development,Research Scientist,2026-H1,66.7,33.3,66.7,100.0,66.7,100.0,3,5
253,Research & Development,Manager,2026-H1,70.0,66.7,66.7,100.0,66.7,33.3,3,2
254,Research & Development,Research Director,2026-H1,68.3,33.3,100.0,66.7,66.7,100.0,3,3
256,Research & Development,Manufacturing Director,2026-H1,60.0,66.7,33.3,100.0,33.3,66.7,3,2
258,Research & Development,Healthcare Representative,2026-H1,63.3,33.3,66.7,100.0,66.7,66.7,3,6
259,Research & Development,Manager,2026-H1,51.7,66.7,33.3,66.7,66.7,0.0,3,5
260,Research & Development,Research Scientist,2026-H1,61.7,33.3,66.7,100.0,33.3,100.0,3,2
261,Research & Development,Manufacturing Director,2026-H1,45.0,66.7,33.3,33.3,66.7,0.0,3,1
262,Research & Development,Research Scientist,2026-H1,100.0,100.0,100.0,100.0,100.0,100.0,3,3
264,Research & Development,Manager,2026-H1,58.3,100.0,33.3,0.0,66.7,100.0,4,1
267,Research & Development,Research Scientist,2026-H1,36.7,0.0,100.0,33.3,33.3,0.0,3,3
269,Research & Development,Laboratory Technician,2026-H1,53.3,33.3,66.7,33.3,66.7,100.0,3,5
270,Research & Development,Manufacturing Director,2026-H1,63.4,66.7,66.7,66.7,66.7,33.3,3,5
271,Research & Development,Manufacturing Director,2026-H1,70.0,66.7,66.7,100.0,66.7,33.3,3,3
273,Research & Development,Manufacturing Director,2026-H1,66.7,100.0,66.7,100.0,0.0,0.0,3,3
274,Research & Development,Manufacturing Director,2026-H1,38.3,0.0,33.3,66.7,66.7,66.7,3,1
275,Research & Development,Manufacturing Director,2026-H1,76.7,100.0,66.7,100.0,66.7,0.0,3,0
277,Research & Development,Research Scientist,2026-H1,81.7,66.7,66.7,100.0,100.0,100.0,3,4
281,Research & Development,Laboratory Technician,2026-H1,81.7,100.0,66.7,66.7,100.0,66.7,3,2
282,Research & Development,Healthcare Representative,2026-H1,36.7,0.0,66.7,33.3,66.7,33.3,3,2
283,Sales,Sales Executive,2026-H1,68.3,100.0,66.7,33.3,33.3,100.0,4,3
284,Research & Development,Research Scientist,2026-H1,60.0,33.3,100.0,100.0,33.3,0.0,3,2
286,Research & Development,Laboratory Technician,2026-H1,63.3,100.0,66.7,33.3,66.7,0.0,3,2
287,Research & Development,Healthcare Representative,2026-H1,68.3,100.0,33.3,100.0,0.0,100.0,3,5
288,Research & Development,Healthcare Representative,2026-H1,53.4,0.0,66.7,100.0,66.7,66.7,3,3
291,Sales,Sales Executive,2026-H1,61.7,100.0,0.0,100.0,33.3,66.7,3,2
292,Research & Development,Manufacturing Director,2026-H1,58.4,66.7,33.3,66.7,66.7,66.7,4,2
293,Sales,Sales Executive,2026-H1,76.7,66.7,66.7,100.0,66.7,100.0,3,2
296,Research & Development,Research Director,2026-H1,35.0,33.3,33.3,33.3,0.0,100.0,3,5
297,Research & Development,Research Scientist,2026-H1,53.4,0.0,66.7,100.0,66.7,66.7,3,5
298,Sales,Manager,2026-H1,83.4,100.0,66.7,100.0,66.7,66.7,3,3
299,Sales,Sales Executive,2026-H1,33.3,0.0,33.3,66.7,33.3,66.7,3,5
300,Research & Development,Research Scientist,2026-H1,65.0,66.7,66.7,66.7,33.3,100.0,3,1
302,Sales,Sales Executive,2026-H1,78.3,100.0,33.3,100.0,66.7,100.0,3,2
303,Sales,Sales Executive,2026-H1,56.7,0.0,66.7,100.0,66.7,100.0,3,4
304,Research & Development,Laboratory Technician,2026-H1,71.7,33.3,66.7,100.0,100.0,100.0,3,3
305,Research & Development,Research Scientist,2026-H1,51.7,33.3,33.3,66.7,66.7,100.0,4,3
306,Research & Development,Research Director,2026-H1,70.0,100.0,66.7,33.3,66.7,66.7,3,1
307,Sales,Sales Executive,2026-H1,48.4,66.7,66.7,0.0,33.3,66.7,3,6
308,Research & Development,Manufacturing Director,2026-H1,53.4,66.7,0.0,66.7,66.7,100.0,3,2
309,Research & Development,Research Scientist,2026-H1,61.7,100.0,33.3,66.7,66.7,0.0,3,6
311,Sales,Sales Representative,2026-H1,63.4,100.0,66.7,0.0,66.7,66.7,3,2
312,Sales,Sales Executive,2026-H1,73.3,100.0,66.7,33.3,66.7,100.0,3,5
314,Sales,Sales Executive,2026-H1,65.0,66.7,66.7,66.7,100.0,0.0,3,3
315,Research & Development,Research Scientist,2026-H1,63.3,100.0,33.3,66.7,33.3,66.7,3,3
316,Research & Development,Laboratory Technician,2026-H1,60.0,100.0,33.3,66.7,33.3,33.3,3,3
319,Research & Development,Manager,2026-H1,80.0,100.0,66.7,66.7,66.7,100.0,3,3
321,Human Resources,Human Resources,2026-H1,58.3,66.7,66.7,33.3,33.3,100.0,3,2
323,Sales,Manager,2026-H1,78.3,100.0,66.7,100.0,33.3,66.7,3,3
325,Research & Development,Laboratory Technician,2026-H1,66.7,100.0,66.7,66.7,0.0,66.7,3,2
327,Sales,Manager,2026-H1,83.4,100.0,66.7,100.0,66.7,66.7,4,3
328,Research & Development,Laboratory Technician,2026-H1,31.7,0.0,66.7,0.0,100.0,0.0,4,3
329,Sales,Manager,2026-H1,53.3,66.7,33.3,0.0,100.0,100.0,3,2
330,Sales,Sales Representative,2026-H1,50.0,33.3,66.7,66.7,66.7,0.0,3,5
331,Research & Development,Laboratory Technician,2026-H1,58.3,66.7,33.3,100.0,0.0,100.0,3,2
332,Research & Development,Laboratory Technician,2026-H1,66.7,66.7,66.7,66.7,66.7,66.7,3,1
333,Sales,Sales Executive,2026-H1,70.0,100.0,66.7,66.7,66.7,0.0,3,2
334,Research & Development,Research Scientist,2026-H1,35.0,0.0,66.7,66.7,33.3,0.0,3,2
335,Research & Development,Research Scientist,2026-H1,56.7,100.0,66.7,0.0,66.7,0.0,3,3
336,Research & Development,Manager,2026-H1,85.0,100.0,100.0,66.7,66.7,66.7,3,2
337,Research & Development,Research Director,2026-H1,53.4,66.7,66.7,33.3,66.7,0.0,3,3
338,Research & Development,Research Scientist,2026-H1,63.3,100.0,33.3,66.7,33.3,66.7,3,2
339,Research & Development,Manufacturing Director,2026-H1,41.7,0.0,33.3,100.0,66.7,33.3,3,3
340,Research & Development,Research Scientist,2026-H1,26.7,0.0,33.3,66.7,33.3,0.0,3,2
341,Research & Development,Manufacturing Director,2026-H1,65.0,66.7,100.0,0.0,66.7,100.0,3,1
342,Research & Development,Manufacturing Director,2026-H1,50.0,66.7,66.7,0.0,66.7,33.3,3,5
343,Research & Development,Healthcare Representative,2026-H1,70.0,66.7,66.7,66.7,66.7,100.0,4,1
346,Research & Development,Research Scientist,2026-H1,70.0,100.0,66.7,66.7,66.7,0.0,3,1
347,Research & Development,Research Scientist,2026-H1,61.7,0.0,100.0,100.0,66.7,66.7,3,1
349,Sales,Sales Executive,2026-H1,86.7,100.0,66.7,100.0,66.7,100.0,3,2
350,Research & Development,Manufacturing Director,2026-H1,56.7,66.7,66.7,0.0,66.7,100.0,3,3
351,Research & Development,Laboratory Technician,2026-H1,45.0,0.0,33.3,100.0,66.7,66.7,3,4
352,Research & Development,Research Director,2026-H1,56.7,66.7,66.7,0.0,66.7,100.0,3,5
353,Research & Development,Research Scientist,2026-H1,68.3,100.0,66.7,66.7,33.3,33.3,3,0
355,Research & Development,Laboratory Technician,2026-H1,50.0,33.3,33.3,66.7,100.0,33.3,3,2
359,Research & Development,Laboratory Technician,2026-H1,48.3,33.3,100.0,33.3,0.0,66.7,4,3
361,Sales,Sales Executive,2026-H1,78.3,100.0,33.3,100.0,66.7,100.0,3,0
362,Research & Development,Laboratory Technician,2026-H1,48.3,0.0,33.3,100.0,66.7,100.0,3,5
363,Sales,Manager,2026-H1,31.7,33.3,0.0,66.7,33.3,33.3,3,2
364,Research & Development,Laboratory Technician,2026-H1,43.4,66.7,66.7,0.0,0.0,66.7,3,5
366,Sales,Sales Executive,2026-H1,31.6,33.3,33.3,0.0,66.7,33.3,3,2
367,Research & Development,Healthcare Representative,2026-H1,58.3,100.0,33.3,33.3,66.7,33.3,4,2
369,Research & Development,Healthcare Representative,2026-H1,51.7,0.0,100.0,33.3,66.7,100.0,3,2
372,Research & Development,Healthcare Representative,2026-H1,73.4,100.0,66.7,66.7,66.7,33.3,3,2
373,Research & Development,Laboratory Technician,2026-H1,83.4,100.0,66.7,100.0,66.7,66.7,3,4
374,Research & Development,Manager,2026-H1,53.4,0.0,66.7,100.0,66.7,66.7,3,2
376,Research & Development,Manager,2026-H1,41.7,33.3,66.7,0.0,33.3,100.0,3,2
377,Research & Development,Research Scientist,2026-H1,81.7,100.0,66.7,100.0,33.3,100.0,4,3
378,Sales,Sales Executive,2026-H1,78.3,100.0,66.7,66.7,100.0,33.3,3,5
379,Research & Development,Research Scientist,2026-H1,63.3,66.7,33.3,100.0,100.0,0.0,3,4
380,Research & Development,Research Director,2026-H1,56.7,100.0,66.7,0.0,66.7,0.0,3,2
381,Research & Development,Manager,2026-H1,50.0,33.3,100.0,33.3,33.3,33.3,3,6
382,Sales,Sales Executive,2026-H1,41.7,0.0,100.0,0.0,66.7,66.7,4,3
384,Research & Development,Manufacturing Director,2026-H1,40.0,33.3,66.7,66.7,0.0,0.0,4,6
385,Research & Development,Research Director,2026-H1,31.7,33.3,66.7,0.0,33.3,0.0,3,4
386,Research & Development,Research Director,2026-H1,65.0,66.7,66.7,66.7,33.3,100.0,3,5
387,Sales,Sales Executive,2026-H1,60.0,66.7,66.7,33.3,66.7,66.7,4,3
388,Sales,Sales Executive,2026-H1,58.3,100.0,66.7,33.3,33.3,0.0,3,3
389,Research & Development,Laboratory Technician,2026-H1,73.3,100.0,66.7,33.3,66.7,100.0,3,4
390,Research & Development,Healthcare Representative,2026-H1,33.4,0.0,66.7,0.0,66.7,66.7,3,3
391,Research & Development,Research Scientist,2026-H1,80.0,100.0,66.7,100.0,66.7,33.3,3,3
392,Research & Development,Laboratory Technician,2026-H1,66.7,66.7,66.7,100.0,0.0,100.0,4,0
393,Research & Development,Healthcare Representative,2026-H1,80.0,100.0,66.7,100.0,66.7,33.3,3,2
394,Research & Development,Laboratory Technician,2026-H1,46.7,33.3,66.7,0.0,66.7,100.0,3,2
395,Research & Development,Research Scientist,2026-H1,86.7,100.0,66.7,100.0,66.7,100.0,4,3
396,Research & Development,Research Director,2026-H1,50.0,0.0,66.7,66.7,66.7,100.0,3,4
397,Research & Development,Research Scientist,2026-H1,60.0,33.3,66.7,66.7,66.7,100.0,3,2
399,Sales,Sales Representative,2026-H1,58.3,33.3,66.7,100.0,33.3,66.7,3,5
401,Sales,Sales Executive,2026-H1,71.7,100.0,33.3,100.0,66.7,33.3,3,0
403,Research & Development,Research Scientist,2026-H1,65.0,100.0,66.7,33.3,33.3,66.7,3,3
404,Sales,Sales Executive,2026-H1,65.0,33.3,66.7,66.7,100.0,100.0,3,2
405,Research & Development,Laboratory Technician,2026-H1,66.7,66.7,66.7,66.7,66.7,66.7,3,2
406,Sales,Sales Executive,2026-H1,51.7,33.3,66.7,66.7,33.3,66.7,3,3
407,Research & Development,Laboratory Technician,2026-H1,88.3,100.0,100.0,66.7,66.7,100.0,3,2
408,Research & Development,Manufacturing Director,2026-H1,50.0,33.3,0.0,100.0,66.7,100.0,3,3
410,Sales,Manager,2026-H1,60.0,33.3,66.7,100.0,66.7,33.3,3,2
411,Sales,Sales Representative,2026-H1,58.3,66.7,33.3,100.0,66.7,0.0,3,2
412,Research & Development,Healthcare Representative,2026-H1,48.3,0.0,100.0,33.3,66.7,66.7,3,2
416,Sales,Sales Executive,2026-H1,70.0,100.0,100.0,33.3,33.3,33.3,3,3
417,Research & Development,Healthcare Representative,2026-H1,73.3,100.0,100.0,66.7,33.3,0.0,3,5
419,Research & Development,Laboratory Technician,2026-H1,50.0,33.3,66.7,33.3,66.7,66.7,3,3
420,Sales,Sales Executive,2026-H1,60.0,66.7,33.3,100.0,33.3,66.7,3,3
421,Research & Development,Research Director,2026-H1,35.0,33.3,33.3,0.0,66.7,66.7,3,2
422,Research & Development,Healthcare Representative,2026-H1,60.0,66.7,0.0,100.0,66.7,100.0,3,2
423,Research & Development,Research Scientist,2026-H1,76.7,100.0,66.7,66.7,66.7,66.7,3,4
424,Human Resources,Human Resources,2026-H1,28.3,0.0,33.3,0.0,66.7,100.0,3,1
425,Research & Development,Laboratory Technician,2026-H1,26.7,0.0,66.7,0.0,66.7,0.0,3,2
426,Research & Development,Research Scientist,2026-H1,63.3,100.0,66.7,66.7,0.0,33.3,3,2
428,Research & Development,Manager,2026-H1,60.0,33.3,66.7,100.0,66.7,33.3,3,2
429,Research & Development,Manager,2026-H1,50.0,0.0,66.7,66.7,66.7,100.0,3,3
430,Research & Development,Laboratory Technician,2026-H1,70.0,100.0,66.7,66.7,66.7,0.0,3,5
431,Research & Development,Healthcare Representative,2026-H1,61.7,66.7,33.3,66.7,66.7,100.0,3,2
433,Research & Development,Research Scientist,2026-H1,36.6,33.3,33.3,66.7,33.3,0.0,3,3
434,Research & Development,Research Scientist,2026-H1,48.3,33.3,66.7,66.7,33.3,33.3,3,2
436,Sales,Sales Executive,2026-H1,51.7,33.3,33.3,66.7,66.7,100.0,3,2
437,Sales,Sales Executive,2026-H1,66.7,66.7,66.7,100.0,66.7,0.0,3,3
438,Sales,Sales Executive,2026-H1,86.7,100.0,66.7,100.0,66.7,100.0,3,3
439,Research & Development,Research Scientist,2026-H1,66.7,100.0,100.0,0.0,33.3,66.7,3,0
440,Research & Development,Research Scientist,2026-H1,45.0,100.0,0.0,0.0,33.3,100.0,3,4
441,Research & Development,Research Scientist,2026-H1,86.7,100.0,66.7,100.0,66.7,100.0,3,2
442,Research & Development,Manufacturing Director,2026-H1,51.7,66.7,33.3,66.7,66.7,0.0,4,2
444,Research & Development,Manager,2026-H1,61.7,100.0,33.3,66.7,66.7,0.0,3,2
445,Sales,Sales Executive,2026-H1,61.7,66.7,66.7,100.0,33.3,0.0,3,3
446,Sales,Sales Executive,2026-H1,56.6,100.0,33.3,33.3,33.3,66.7,3,6
447,Research & Development,Research Director,2026-H1,70.0,66.7,66.7,100.0,66.7,33.3,3,2
448,Research & Development,Laboratory Technician,2026-H1,60.0,66.7,33.3,66.7,100.0,33.3,3,3
449,Sales,Sales Executive,2026-H1,60.0,33.3,66.7,66.7,66.7,100.0,3,0
450,Research & Development,Research Scientist,2026-H1,71.7,66.7,66.7,100.0,33.3,100.0,3,4
451,Research & Development,Healthcare Representative,2026-H1,35.0,0.0,66.7,66.7,33.3,0.0,3,1
452,Research & Development,Research Scientist,2026-H1,76.7,100.0,66.7,100.0,66.7,0.0,3,3
453,Sales,Sales Executive,2026-H1,48.3,100.0,0.0,33.3,33.3,66.7,4,2
454,Research & Development,Laboratory Technician,2026-H1,21.7,0.0,0.0,33.3,33.3,100.0,3,4
455,Research & Development,Laboratory Technician,2026-H1,61.7,100.0,33.3,33.3,66.7,66.7,3,2
456,Sales,Sales Executive,2026-H1,65.0,66.7,33.3,100.0,66.7,66.7,3,2
458,Sales,Sales Executive,2026-H1,43.3,33.3,66.7,33.3,66.7,0.0,3,3
460,Research & Development,Manufacturing Director,2026-H1,78.3,100.0,66.7,100.0,33.3,66.7,3,2
461,Research & Development,Research Director,2026-H1,65.0,100.0,33.3,66.7,66.7,33.3,3,3
462,Research & Development,Manufacturing Director,2026-H1,71.7,100.0,66.7,66.7,33.3,66.7,3,2
463,Sales,Sales Executive,2026-H1,48.3,33.3,33.3,100.0,66.7,0.0,3,2
464,Research & Development,Manufacturing Director,2026-H1,60.0,33.3,66.7,66.7,66.7,100.0,3,5
465,Research & Development,Research Scientist,2026-H1,71.7,100.0,66.7,66.7,33.3,66.7,3,2
466,Research & Development,Manufacturing Director,2026-H1,58.3,33.3,33.3,100.0,66.7,100.0,3,3
467,Sales,Sales Representative,2026-H1,53.4,66.7,66.7,33.3,66.7,0.0,3,3
468,Research & Development,Research Director,2026-H1,60.0,100.0,66.7,0.0,66.7,33.3,3,2
469,Sales,Sales Executive,2026-H1,61.7,66.7,66.7,100.0,33.3,0.0,3,3
470,Human Resources,Human Resources,2026-H1,66.7,66.7,66.7,66.7,66.7,66.7,3,5
471,Research & Development,Laboratory Technician,2026-H1,56.7,33.3,66.7,66.7,66.7,66.7,3,4
473,Sales,Manager,2026-H1,40.0,66.7,66.7,0.0,0.0,33.3,4,3
474,Research & Development,Research Scientist,2026-H1,48.3,0.0,100.0,66.7,66.7,0.0,3,2
475,Sales,Sales Executive,2026-H1,75.0,66.7,66.7,100.0,100.0,33.3,3,2
476,Sales,Sales Executive,2026-H1,63.4,66.7,66.7,66.7,66.7,33.3,3,3
477,Research & Development,Healthcare Representative,2026-H1,51.7,100.0,33.3,0.0,66.7,33.3,4,6
478,Sales,Sales Representative,2026-H1,35.0,33.3,33.3,0.0,66.7,66.7,3,3
479,Sales,Sales Executive,2026-H1,80.0,100.0,66.7,100.0,66.7,33.3,3,6
481,Sales,Sales Executive,2026-H1,48.3,100.0,33.3,0.0,66.7,0.0,3,2
482,Research & Development,Healthcare Representative,2026-H1,73.4,66.7,66.7,100.0,66.7,66.7,3,2
483,Research & Development,Laboratory Technician,2026-H1,81.7,66.7,100.0,100.0,66.7,66.7,3,3
484,Sales,Sales Representative,2026-H1,58.3,100.0,66.7,0.0,33.3,66.7,4,3
485,Sales,Sales Representative,2026-H1,70.0,66.7,66.7,100.0,66.7,33.3,3,2
486,Research & Development,Laboratory Technician,2026-H1,43.4,0.0,66.7,66.7,66.7,33.3,4,3
487,Research & Development,Manufacturing Director,2026-H1,71.7,66.7,66.7,66.7,100.0,66.7,3,2
488,Sales,Sales Executive,2026-H1,43.3,33.3,66.7,0.0,66.7,66.7,3,5
491,Research & Development,Healthcare Representative,2026-H1,78.3,100.0,33.3,100.0,66.7,100.0,3,2
492,Sales,Sales Executive,2026-H1,51.7,66.7,33.3,66.7,66.7,0.0,3,6
493,Research & Development,Research Scientist,2026-H1,51.7,33.3,33.3,66.7,66.7,100.0,3,5
494,Sales,Sales Representative,2026-H1,68.3,33.3,100.0,66.7,66.7,100.0,3,0
495,Research & Development,Research Scientist,2026-H1,86.7,100.0,66.7,100.0,66.7,100.0,3,4
496,Research & Development,Healthcare Representative,2026-H1,48.3,33.3,33.3,66.7,66.7,66.7,3,5
497,Research & Development,Laboratory Technician,2026-H1,60.0,33.3,66.7,100.0,66.7,33.3,3,2
498,Sales,Sales Executive,2026-H1,73.3,100.0,66.7,33.3,66.7,100.0,3,1
499,Research & Development,Healthcare Representative,2026-H1,51.7,66.7,33.3,33.3,66.7,66.7,4,2
500,Sales,Sales Executive,2026-H1,71.7,100.0,66.7,66.7,33.3,66.7,3,2
501,Research & Development,Research Scientist,2026-H1,70.0,66.7,66.7,100.0,66.7,33.3,3,3
502,Sales,Sales Executive,2026-H1,63.3,100.0,100.0,0.0,33.3,33.3,3,3
505,Research & Development,Manager,2026-H1,76.7,100.0,66.7,66.7,66.7,66.7,3,2
507,Sales,Sales Executive,2026-H1,81.7,66.7,66.7,100.0,100.0,100.0,3,2
508,Sales,Sales Representative,2026-H1,50.0,33.3,66.7,66.7,66.7,0.0,3,3
510,Research & Development,Research Scientist,2026-H1,46.7,0.0,66.7,66.7,66.7,66.7,4,2
511,Research & Development,Research Scientist,2026-H1,46.7,33.3,66.7,0.0,66.7,100.0,3,1
513,Sales,Sales Executive,2026-H1,48.3,66.7,33.3,33.3,66.7,33.3,3,2
514,Research & Development,Research Scientist,2026-H1,76.7,100.0,66.7,66.7,66.7,66.7,4,4
515,Research & Development,Laboratory Technician,2026-H1,48.3,0.0,66.7,100.0,33.3,66.7,3,2
516,Sales,Sales Executive,2026-H1,63.3,33.3,66.7,100.0,66.7,66.7,3,5
517,Research & Development,Laboratory Technician,2026-H1,36.7,0.0,66.7,33.3,66.7,33.3,3,5
518,Research & Development,Manufacturing Director,2026-H1,55.0,33.3,66.7,66.7,33.3,100.0,3,2
520,Research & Development,Research Director,2026-H1,35.0,33.3,33.3,0.0,66.7,66.7,3,3
521,Research & Development,Laboratory Technician,2026-H1,48.3,66.7,33.3,33.3,66.7,33.3,4,3
522,Research & Development,Research Director,2026-H1,28.3,0.0,66.7,0.0,33.3,66.7,3,4
523,Sales,Sales Executive,2026-H1,60.0,66.7,66.7,66.7,66.7,0.0,3,3
524,Research & Development,Manufacturing Director,2026-H1,26.7,0.0,66.7,33.3,0.0,33.3,3,5
525,Research & Development,Laboratory Technician,2026-H1,76.7,100.0,66.7,100.0,66.7,0.0,4,1
526,Research & Development,Healthcare Representative,2026-H1,70.0,66.7,66.7,66.7,66.7,100.0,3,3
527,Sales,Sales Executive,2026-H1,58.3,100.0,33.3,33.3,66.7,33.3,3,3
529,Research & Development,Research Scientist,2026-H1,53.4,66.7,66.7,33.3,66.7,0.0,3,2
530,Research & Development,Laboratory Technician,2026-H1,45.0,0.0,33.3,100.0,66.7,66.7,3,3
531,Research & Development,Manager,2026-H1,60.0,66.7,66.7,33.3,66.7,66.7,3,3
532,Sales,Sales Executive,2026-H1,53.3,0.0,100.0,66.7,33.3,100.0,3,0
533,Sales,Sales Executive,2026-H1,56.7,66.7,66.7,33.3,66.7,33.3,3,6
534,Sales,Sales Executive,2026-H1,48.3,0.0,100.0,33.3,66.7,66.7,3,2
536,Research & Development,Laboratory Technician,2026-H1,50.0,0.0,66.7,66.7,66.7,100.0,3,2
538,Research & Development,Laboratory Technician,2026-H1,33.4,0.0,66.7,0.0,66.7,66.7,3,5
543,Research & Development,Manufacturing Director,2026-H1,65.0,66.7,33.3,100.0,66.7,66.7,3,4
544,Research & Development,Research Scientist,2026-H1,61.7,100.0,66.7,0.0,33.3,100.0,4,3
546,Research & Development,Manager,2026-H1,76.7,100.0,66.7,100.0,0.0,100.0,3,2
547,Research & Development,Research Scientist,2026-H1,50.0,66.7,66.7,0.0,66.7,33.3,3,3
548,Research & Development,Manufacturing Director,2026-H1,60.0,100.0,0.0,66.7,66.7,66.7,4,2
549,Research & Development,Manager,2026-H1,26.7,0.0,66.7,0.0,0.0,100.0,3,5
550,Research & Development,Manufacturing Director,2026-H1,61.7,66.7,66.7,66.7,33.3,66.7,3,5
551,Research & Development,Healthcare Representative,2026-H1,83.3,100.0,33.3,100.0,100.0,100.0,3,4
554,Sales,Sales Representative,2026-H1,40.0,33.3,66.7,0.0,66.7,33.3,3,4
555,Sales,Sales Representative,2026-H1,55.0,66.7,0.0,100.0,33.3,100.0,3,3
556,Research & Development,Laboratory Technician,2026-H1,83.4,100.0,66.7,100.0,66.7,66.7,4,3
558,Sales,Manager,2026-H1,70.0,66.7,66.7,66.7,66.7,100.0,3,2
560,Research & Development,Research Scientist,2026-H1,50.0,100.0,66.7,0.0,0.0,33.3,4,3
562,Research & Development,Laboratory Technician,2026-H1,66.7,100.0,66.7,66.7,0.0,66.7,3,3
564,Research & Development,Research Director,2026-H1,51.7,66.7,33.3,33.3,66.7,66.7,3,2
565,Research & Development,Research Scientist,2026-H1,50.0,33.3,33.3,66.7,100.0,33.3,3,2
566,Human Resources,Human Resources,2026-H1,60.0,100.0,33.3,0.0,100.0,66.7,3,3
567,Sales,Sales Executive,2026-H1,46.7,0.0,66.7,66.7,66.7,66.7,3,3
568,Sales,Manager,2026-H1,50.0,100.0,33.3,0.0,33.3,66.7,3,3
569,Research & Development,Manager,2026-H1,48.3,66.7,33.3,33.3,66.7,33.3,3,2
571,Research & Development,Laboratory Technician,2026-H1,71.7,100.0,66.7,66.7,33.3,66.7,3,2
573,Sales,Sales Executive,2026-H1,46.7,0.0,33.3,66.7,100.0,100.0,3,5
574,Research & Development,Manufacturing Director,2026-H1,63.4,100.0,66.7,0.0,66.7,66.7,3,2
575,Research & Development,Research Director,2026-H1,43.4,66.7,66.7,0.0,0.0,66.7,3,2
577,Research & Development,Laboratory Technician,2026-H1,56.7,66.7,0.0,100.0,66.7,66.7,3,2
578,Research & Development,Laboratory Technician,2026-H1,66.7,66.7,66.7,66.7,66.7,66.7,3,3
579,Research & Development,Research Scientist,2026-H1,65.0,66.7,33.3,100.0,66.7,66.7,3,3
580,Sales,Sales Executive,2026-H1,68.3,100.0,33.3,66.7,66.7,66.7,3,3
581,Research & Development,Manufacturing Director,2026-H1,65.0,33.3,66.7,66.7,100.0,100.0,4,6
582,Research & Development,Manager,2026-H1,68.3,66.7,66.7,33.3,100.0,100.0,3,2
584,Research & Development,Laboratory Technician,2026-H1,40.0,100.0,0.0,0.0,66.7,0.0,3,2
585,Sales,Sales Representative,2026-H1,56.7,33.3,66.7,100.0,66.7,0.0,3,3
586,Research & Development,Healthcare Representative,2026-H1,73.4,66.7,66.7,100.0,66.7,66.7,3,2
587,Research & Development,Healthcare Representative,2026-H1,46.7,66.7,66.7,0.0,66.7,0.0,3,2
590,Human Resources,Human Resources,2026-H1,40.0,0.0,66.7,33.3,66.7,66.7,3,2
591,Research & Development,Laboratory Technician,2026-H1,63.4,66.7,66.7,33.3,66.7,100.0,3,4
592,Sales,Sales Executive,2026-H1,68.3,100.0,66.7,33.3,33.3,100.0,3,3
593,Research & Development,Laboratory Technician,2026-H1,58.4,66.7,33.3,66.7,66.7,66.7,3,3
595,Sales,Sales Executive,2026-H1,63.3,100.0,66.7,33.3,66.7,0.0,3,2
597,Sales,Manager,2026-H1,46.7,33.3,66.7,0.0,66.7,100.0,4,2
599,Sales,Sales Executive,2026-H1,86.7,100.0,66.7,100.0,66.7,100.0,3,3
600,Sales,Sales Executive,2026-H1,60.0,66.7,66.7,33.3,66.7,66.7,3,2
601,Research & Development,Manufacturing Director,2026-H1,60.0,66.7,66.7,33.3,66.7,66.7,3,3
602,Research & Development,Laboratory Technician,2026-H1,60.0,66.7,66.7,66.7,66.7,0.0,3,3
604,Sales,Sales Executive,2026-H1,75.0,100.0,66.7,33.3,100.0,66.7,3,2
605,Research & Development,Manufacturing Director,2026-H1,51.7,0.0,66.7,100.0,33.3,100.0,4,5
606,Sales,Sales Executive,2026-H1,65.0,33.3,66.7,100.0,100.0,33.3,3,3
608,Human Resources,Human Resources,2026-H1,51.7,66.7,66.7,33.3,33.3,33.3,3,2
611,Research & Development,Manufacturing Director,2026-H1,85.0,100.0,66.7,100.0,100.0,33.3,3,2
612,Research & Development,Research Director,2026-H1,61.7,66.7,100.0,0.0,66.7,66.7,3,2
613,Sales,Manager,2026-H1,63.3,100.0,33.3,66.7,33.3,66.7,4,3
614,Sales,Sales Representative,2026-H1,53.3,33.3,66.7,33.3,66.7,100.0,3,3
615,Sales,Sales Executive,2026-H1,30.0,0.0,0.0,66.7,66.7,66.7,3,2
616,Research & Development,Healthcare Representative,2026-H1,38.3,66.7,33.3,0.0,66.7,0.0,3,3
618,Sales,Sales Executive,2026-H1,46.7,66.7,66.7,0.0,66.7,0.0,3,5
620,Sales,Sales Executive,2026-H1,56.7,66.7,66.7,0.0,66.7,100.0,3,3
621,Sales,Sales Executive,2026-H1,95.0,100.0,100.0,100.0,66.7,100.0,3,3
622,Research & Development,Laboratory Technician,2026-H1,46.7,100.0,0.0,66.7,0.0,33.3,3,3
623,Research & Development,Manufacturing Director,2026-H1,78.3,100.0,66.7,33.3,100.0,100.0,3,3
624,Research & Development,Healthcare Representative,2026-H1,51.7,66.7,66.7,0.0,33.3,100.0,3,3
625,Sales,Manager,2026-H1,36.7,0.0,66.7,33.3,66.7,33.3,3,2
626,Sales,Sales Executive,2026-H1,46.7,33.3,66.7,0.0,66.7,100.0,3,6
630,Research & Development,Research Scientist,2026-H1,50.0,0.0,66.7,100.0,66.7,33.3,3,3
631,Sales,Sales Executive,2026-H1,85.0,66.7,100.0,100.0,66.7,100.0,3,2
632,Sales,Sales Representative,2026-H1,83.4,100.0,66.7,100.0,66.7,66.7,3,3
634,Research & Development,Healthcare Representative,2026-H1,66.7,66.7,66.7,66.7,66.7,66.7,3,4
635,Research & Development,Manufacturing Director,2026-H1,41.6,33.3,66.7,33.3,33.3,33.3,3,2
638,Research & Development,Research Director,2026-H1,65.0,66.7,33.3,100.0,66.7,66.7,3,5
639,Research & Development,Research Scientist,2026-H1,75.0,100.0,100.0,33.3,66.7,33.3,3,3
641,Sales,Sales Executive,2026-H1,51.7,33.3,66.7,0.0,100.0,100.0,4,5
643,Research & Development,Laboratory Technician,2026-H1,58.3,33.3,33.3,100.0,66.7,100.0,4,2
644,Human Resources,Manager,2026-H1,43.3,33.3,66.7,0.0,66.7,66.7,3,2
645,Sales,Sales Representative,2026-H1,60.0,66.7,66.7,33.3,66.7,66.7,3,1
647,Research & Development,Laboratory Technician,2026-H1,56.7,66.7,66.7,0.0,66.7,100.0,3,4
648,Sales,Sales Representative,2026-H1,36.7,0.0,33.3,33.3,100.0,66.7,3,2
649,Research & Development,Research Scientist,2026-H1,65.0,100.0,33.3,33.3,66.7,100.0,3,3
650,Sales,Sales Executive,2026-H1,30.0,0.0,66.7,33.3,0.0,66.7,3,2
652,Research & Development,Laboratory Technician,2026-H1,58.3,100.0,33.3,0.0,66.7,100.0,3,3
653,Sales,Sales Executive,2026-H1,80.0,100.0,100.0,0.0,100.0,100.0,4,4
655,Research & Development,Research Scientist,2026-H1,40.0,66.7,33.3,0.0,33.3,66.7,3,5
656,Sales,Sales Executive,2026-H1,68.4,66.7,66.7,100.0,33.3,66.7,3,3
657,Research & Development,Research Scientist,2026-H1,63.3,33.3,33.3,100.0,100.0,100.0,3,0
659,Research & Development,Healthcare Representative,2026-H1,73.4,100.0,66.7,66.7,66.7,33.3,3,4
661,Research & Development,Research Director,2026-H1,56.6,100.0,33.3,33.3,33.3,66.7,3,3
662,Research & Development,Research Scientist,2026-H1,45.0,0.0,66.7,66.7,33.3,100.0,3,3
663,Research & Development,Laboratory Technician,2026-H1,70.0,66.7,66.7,100.0,66.7,33.3,3,3
664,Research & Development,Manager,2026-H1,28.3,0.0,33.3,100.0,0.0,0.0,3,3
665,Human Resources,Human Resources,2026-H1,46.7,66.7,33.3,0.0,100.0,33.3,3,1
666,Sales,Sales Representative,2026-H1,70.0,66.7,66.7,66.7,66.7,100.0,3,3
667,Sales,Sales Representative,2026-H1,43.4,0.0,66.7,66.7,66.7,33.3,3,3
669,Sales,Sales Representative,2026-H1,66.7,66.7,66.7,66.7,66.7,66.7,3,2
671,Research & Development,Manager,2026-H1,81.7,100.0,66.7,100.0,100.0,0.0,3,2
675,Research & Development,Research Scientist,2026-H1,56.7,66.7,66.7,0.0,66.7,100.0,4,3
677,Sales,Sales Executive,2026-H1,70.0,66.7,66.7,66.7,66.7,100.0,3,3
679,Research & Development,Research Scientist,2026-H1,61.7,100.0,66.7,0.0,33.3,100.0,3,2
680,Research & Development,Research Scientist,2026-H1,66.7,66.7,66.7,66.7,66.7,66.7,4,2
682,Sales,Sales Executive,2026-H1,61.7,0.0,66.7,100.0,100.0,100.0,4,2
683,Research & Development,Research Scientist,2026-H1,68.3,100.0,66.7,33.3,33.3,100.0,3,4
684,Sales,Sales Executive,2026-H1,36.7,0.0,66.7,0.0,66.7,100.0,3,4
686,Research & Development,Laboratory Technician,2026-H1,76.7,100.0,66.7,66.7,66.7,66.7,3,2
689,Research & Development,Manufacturing Director,2026-H1,66.7,66.7,66.7,66.7,66.7,66.7,3,2
690,Sales,Sales Executive,2026-H1,48.3,66.7,66.7,33.3,33.3,0.0,3,5
691,Research & Development,Research Scientist,2026-H1,50.0,100.0,0.0,33.3,66.7,33.3,3,3
692,Research & Development,Healthcare Representative,2026-H1,66.7,100.0,66.7,66.7,0.0,66.7,4,2
698,Human Resources,Human Resources,2026-H1,61.7,33.3,66.7,66.7,100.0,66.7,3,1
699,Research & Development,Manufacturing Director,2026-H1,41.6,33.3,33.3,33.3,66.7,66.7,3,2
700,Research & Development,Research Scientist,2026-H1,58.3,100.0,33.3,0.0,66.7,100.0,3,0
701,Research & Development,Research Scientist,2026-H1,76.7,66.7,66.7,100.0,66.7,100.0,3,5
702,Research & Development,Research Scientist,2026-H1,26.7,0.0,66.7,0.0,66.7,0.0,3,3
704,Research & Development,Laboratory Technician,2026-H1,58.4,66.7,33.3,66.7,66.7,66.7,3,3
705,Research & Development,Research Scientist,2026-H1,40.0,0.0,100.0,0.0,100.0,0.0,3,3
707,Sales,Sales Executive,2026-H1,71.7,33.3,100.0,100.0,66.7,66.7,4,4
709,Sales,Sales Executive,2026-H1,68.3,100.0,33.3,100.0,66.7,0.0,4,2
710,Research & Development,Research Scientist,2026-H1,56.7,100.0,0.0,33.3,66.7,100.0,3,5
712,Sales,Sales Executive,2026-H1,61.7,33.3,100.0,33.3,66.7,100.0,3,3
714,Sales,Sales Executive,2026-H1,88.3,100.0,100.0,100.0,66.7,33.3,4,3
715,Research & Development,Research Scientist,2026-H1,85.0,100.0,100.0,100.0,66.7,0.0,3,2
716,Research & Development,Laboratory Technician,2026-H1,81.7,66.7,100.0,100.0,66.7,66.7,3,3
717,Research & Development,Healthcare Representative,2026-H1,56.6,33.3,33.3,100.0,100.0,33.3,3,3
720,Sales,Sales Executive,2026-H1,46.7,66.7,66.7,0.0,66.7,0.0,3,3
721,Research & Development,Healthcare Representative,2026-H1,58.3,66.7,33.3,100.0,66.7,0.0,3,4
722,Sales,Sales Executive,2026-H1,81.7,100.0,66.7,100.0,33.3,100.0,3,2
723,Sales,Sales Executive,2026-H1,53.4,66.7,66.7,33.3,66.7,0.0,3,4
724,Research & Development,Healthcare Representative,2026-H1,73.3,100.0,100.0,33.3,33.3,66.7,3,4
725,Research & Development,Manufacturing Director,2026-H1,50.0,0.0,66.7,66.7,66.7,100.0,3,3
727,Research & Development,Research Director,2026-H1,80.0,100.0,66.7,66.7,66.7,100.0,3,6
728,Sales,Sales Executive,2026-H1,56.7,0.0,66.7,100.0,66.7,100.0,3,2
729,Sales,Sales Executive,2026-H1,45.0,0.0,33.3,100.0,66.7,66.7,4,2
730,Research & Development,Research Director,2026-H1,75.0,66.7,100.0,66.7,66.7,66.7,3,3
731,Human Resources,Manager,2026-H1,53.3,100.0,33.3,33.3,33.3,33.3,3,2
732,Sales,Sales Executive,2026-H1,36.7,0.0,66.7,0.0,66.7,100.0,3,1
733,Research & Development,Manufacturing Director,2026-H1,48.3,0.0,66.7,100.0,33.3,66.7,4,4
734,Human Resources,Manager,2026-H1,61.7,66.7,33.3,100.0,66.7,33.3,3,3
738,Sales,Sales Representative,2026-H1,66.7,33.3,66.7,100.0,66.7,100.0,3,2
741,Research & Development,Research Scientist,2026-H1,30.0,33.3,0.0,0.0,66.7,100.0,3,4
742,Research & Development,Research Director,2026-H1,35.0,0.0,100.0,0.0,66.7,0.0,3,2
743,Research & Development,Manufacturing Director,2026-H1,75.0,66.7,66.7,66.7,100.0,100.0,3,4
744,Research & Development,Laboratory Technician,2026-H1,36.7,66.7,0.0,0.0,66.7,66.7,3,5
746,Sales,Sales Executive,2026-H1,71.7,66.7,66.7,100.0,33.3,100.0,3,2
747,Sales,Sales Executive,2026-H1,75.0,100.0,66.7,66.7,33.3,100.0,4,2
749,Sales,Sales Representative,2026-H1,66.7,66.7,66.7,66.7,66.7,66.7,3,6
752,Research & Development,Research Scientist,2026-H1,78.4,66.7,100.0,66.7,66.7,100.0,3,2
754,Sales,Sales Executive,2026-H1,75.0,100.0,33.3,100.0,66.7,66.7,3,5
757,Research & Development,Healthcare Representative,2026-H1,63.4,66.7,66.7,33.3,66.7,100.0,3,2
758,Research & Development,Laboratory Technician,2026-H1,48.3,0.0,66.7,33.3,100.0,100.0,3,2
760,Human Resources,Human Resources,2026-H1,55.0,33.3,100.0,66.7,0.0,66.7,3,3
762,Research & Development,Healthcare Representative,2026-H1,71.7,100.0,66.7,66.7,33.3,66.7,3,1
763,Research & Development,Research Scientist,2026-H1,73.3,100.0,33.3,100.0,33.3,100.0,4,2
764,Research & Development,Healthcare Representative,2026-H1,28.3,0.0,33.3,100.0,0.0,0.0,3,2
766,Sales,Sales Representative,2026-H1,66.7,33.3,66.7,100.0,66.7,100.0,3,2
769,Research & Development,Laboratory Technician,2026-H1,86.7,100.0,66.7,100.0,66.7,100.0,3,4
771,Research & Development,Healthcare Representative,2026-H1,51.7,0.0,66.7,100.0,100.0,0.0,3,2
772,Research & Development,Laboratory Technician,2026-H1,66.7,100.0,66.7,0.0,66.7,100.0,3,2
773,Research & Development,Research Scientist,2026-H1,60.0,66.7,66.7,100.0,0.0,33.3,3,0
775,Research & Development,Manufacturing Director,2026-H1,40.0,0.0,66.7,33.3,66.7,66.7,3,3
776,Sales,Manager,2026-H1,36.7,0.0,33.3,66.7,100.0,0.0,3,3
780,Research & Development,Research Scientist,2026-H1,78.3,100.0,66.7,100.0,33.3,66.7,3,2
781,Sales,Sales Executive,2026-H1,68.3,100.0,66.7,66.7,33.3,33.3,4,5
783,Sales,Sales Representative,2026-H1,36.7,66.7,0.0,33.3,66.7,0.0,3,3
784,Research & Development,Research Scientist,2026-H1,65.0,66.7,100.0,0.0,66.7,100.0,3,3
785,Sales,Sales Executive,2026-H1,71.7,66.7,100.0,33.3,66.7,100.0,3,2
786,Sales,Sales Executive,2026-H1,83.4,100.0,66.7,100.0,66.7,66.7,4,5
787,Research & Development,Manager,2026-H1,56.7,0.0,66.7,100.0,66.7,100.0,3,2
789,Sales,Sales Executive,2026-H1,21.7,0.0,33.3,0.0,66.7,33.3,3,1
791,Research & Development,Research Scientist,2026-H1,76.7,100.0,66.7,100.0,66.7,0.0,3,3
792,Research & Development,Laboratory Technician,2026-H1,40.0,100.0,0.0,0.0,66.7,0.0,3,2
793,Research & Development,Healthcare Representative,2026-H1,48.3,66.7,66.7,33.3,33.3,0.0,3,3
796,Sales,Sales Executive,2026-H1,40.0,0.0,33.3,100.0,33.3,66.7,3,2
797,Research & Development,Research Scientist,2026-H1,78.3,100.0,100.0,33.3,66.7,66.7,3,2
799,Research & Development,Manufacturing Director,2026-H1,50.0,0.0,66.7,100.0,66.7,33.3,3,4
800,Sales,Sales Executive,2026-H1,73.4,100.0,66.7,66.7,66.7,33.3,3,3
802,Research & Development,Research Scientist,2026-H1,45.0,0.0,66.7,100.0,33.3,33.3,3,3
803,Research & Development,Manufacturing Director,2026-H1,45.0,0.0,100.0,0.0,66.7,100.0,3,2
804,Research & Development,Research Scientist,2026-H1,38.3,0.0,33.3,66.7,66.7,66.7,3,3
805,Sales,Sales Representative,2026-H1,55.0,100.0,66.7,0.0,33.3,33.3,3,1
806,Research & Development,Laboratory Technician,2026-H1,56.7,66.7,0.0,100.0,66.7,66.7,4,2
807,Research & Development,Healthcare Representative,2026-H1,68.3,33.3,100.0,66.7,66.7,100.0,4,2
808,Sales,Sales Executive,2026-H1,43.4,0.0,66.7,66.7,66.7,33.3,3,1
809,Research & Development,Manager,2026-H1,61.7,100.0,66.7,33.3,33.3,33.3,3,4
811,Research & Development,Laboratory Technician,2026-H1,55.0,0.0,100.0,66.7,66.7,66.7,4,2
812,Research & Development,Laboratory Technician,2026-H1,48.3,33.3,33.3,66.7,66.7,66.7,3,4
813,Research & Development,Laboratory Technician,2026-H1,70.0,66.7,66.7,100.0,66.7,33.3,4,3
815,Research & Development,Research Director,2026-H1,70.0,66.7,66.7,66.7,66.7,100.0,3,3
816,Research & Development,Laboratory Technician,2026-H1,35.0,0.0,33.3,33.3,66.7,100.0,3,1
817,Research & Development,Research Director,2026-H1,75.0,66.7,66.7,66.7,100.0,100.0,3,3
819,Sales,Sales Executive,2026-H1,33.4,0.0,66.7,0.0,66.7,66.7,3,3
820,Research & Development,Manager,2026-H1,71.7,100.0,66.7,66.7,33.3,66.7,3,3
823,Research & Development,Manufacturing Director,2026-H1,50.0,33.3,66.7,66.7,66.7,0.0,3,2
824,Research & Development,Research Scientist,2026-H1,75.0,66.7,100.0,66.7,66.7,66.7,4,3
825,Research & Development,Research Director,2026-H1,66.7,33.3,66.7,100.0,66.7,100.0,3,2
826,Research & Development,Research Scientist,2026-H1,81.7,66.7,100.0,100.0,66.7,66.7,3,0
827,Research & Development,Manufacturing Director,2026-H1,78.3,100.0,33.3,100.0,66.7,100.0,3,4
828,Research & Development,Research Scientist,2026-H1,65.0,66.7,66.7,66.7,33.3,100.0,3,3
829,Human Resources,Human Resources,2026-H1,53.3,33.3,66.7,66.7,66.7,33.3,3,2
830,Research & Development,Manufacturing Director,2026-H1,58.4,66.7,33.3,66.7,66.7,66.7,3,3
832,Research & Development,Laboratory Technician,2026-H1,48.3,66.7,33.3,0.0,66.7,100.0,3,6
833,Research & Development,Manufacturing Director,2026-H1,60.0,100.0,33.3,66.7,33.3,33.3,4,4
834,Research & Development,Research Scientist,2026-H1,55.0,66.7,33.3,33.3,66.7,100.0,3,3
836,Research & Development,Manufacturing Director,2026-H1,48.3,33.3,66.7,33.3,33.3,100.0,3,3
837,Research & Development,Healthcare Representative,2026-H1,20.0,0.0,33.3,0.0,33.3,66.7,3,3
838,Research & Development,Research Scientist,2026-H1,68.3,100.0,33.3,66.7,66.7,66.7,3,3
840,Sales,Sales Executive,2026-H1,75.0,100.0,66.7,66.7,100.0,0.0,3,3
842,Sales,Sales Executive,2026-H1,71.7,100.0,66.7,66.7,33.3,66.7,3,3
843,Research & Development,Research Director,2026-H1,40.0,0.0,66.7,33.3,66.7,66.7,4,3
844,Research & Development,Research Director,2026-H1,65.0,100.0,33.3,66.7,66.7,33.3,3,3
845,Research & Development,Manufacturing Director,2026-H1,68.4,66.7,66.7,66.7,100.0,33.3,4,3
846,Sales,Sales Executive,2026-H1,43.3,33.3,66.7,33.3,66.7,0.0,4,2
847,Human Resources,Human Resources,2026-H1,66.7,100.0,66.7,66.7,0.0,66.7,3,1
848,Research & Development,Research Scientist,2026-H1,51.7,66.7,33.3,66.7,66.7,0.0,3,2
850,Research & Development,Research Scientist,2026-H1,78.3,100.0,66.7,100.0,33.3,66.7,3,6
851,Sales,Manager,2026-H1,48.4,66.7,66.7,0.0,33.3,66.7,3,2
852,Research & Development,Healthcare Representative,2026-H1,61.7,33.3,66.7,100.0,33.3,100.0,3,2
854,Research & Development,Research Scientist,2026-H1,36.7,0.0,100.0,0.0,33.3,66.7,3,3
855,Sales,Sales Executive,2026-H1,35.0,0.0,100.0,0.0,66.7,0.0,4,5
856,Research & Development,Research Scientist,2026-H1,36.7,0.0,33.3,66.7,33.3,100.0,3,3
857,Sales,Sales Executive,2026-H1,68.3,100.0,66.7,33.3,33.3,100.0,3,1
859,Sales,Sales Executive,2026-H1,65.0,100.0,66.7,33.3,33.3,66.7,3,3
861,Research & Development,Research Scientist,2026-H1,53.3,100.0,33.3,33.3,33.3,33.3,3,3
862,Sales,Sales Executive,2026-H1,58.3,100.0,33.3,0.0,66.7,100.0,3,3
864,Sales,Sales Executive,2026-H1,53.4,0.0,66.7,100.0,66.7,66.7,3,2
865,Research & Development,Research Scientist,2026-H1,70.0,66.7,100.0,66.7,33.3,66.7,3,3
867,Research & Development,Manufacturing Director,2026-H1,68.3,100.0,33.3,66.7,66.7,66.7,4,3
868,Sales,Sales Executive,2026-H1,68.3,66.7,33.3,100.0,66.7,100.0,3,2
869,Human Resources,Human Resources,2026-H1,65.0,100.0,33.3,33.3,66.7,100.0,3,6
872,Research & Development,Manufacturing Director,2026-H1,58.3,100.0,33.3,100.0,0.0,0.0,4,2
874,Research & Development,Laboratory Technician,2026-H1,66.7,100.0,100.0,0.0,33.3,66.7,4,2
875,Research & Development,Research Scientist,2026-H1,73.3,100.0,66.7,33.3,66.7,100.0,3,2
878,Human Resources,Human Resources,2026-H1,25.0,0.0,33.3,0.0,66.7,66.7,4,3
879,Sales,Sales Executive,2026-H1,50.0,0.0,66.7,66.7,66.7,100.0,3,3
880,Research & Development,Manufacturing Director,2026-H1,61.7,66.7,33.3,100.0,66.7,33.3,4,2
881,Research & Development,Research Scientist,2026-H1,51.7,33.3,66.7,100.0,33.3,0.0,3,3
882,Research & Development,Laboratory Technician,2026-H1,80.0,100.0,66.7,100.0,66.7,33.3,3,2
885,Sales,Sales Executive,2026-H1,36.7,0.0,33.3,66.7,100.0,0.0,3,1
887,Research & Development,Research Scientist,2026-H1,43.4,0.0,66.7,66.7,66.7,33.3,3,2
888,Research & Development,Laboratory Technician,2026-H1,53.3,100.0,33.3,0.0,33.3,100.0,3,2
889,Sales,Sales Executive,2026-H1,53.3,33.3,66.7,33.3,66.7,100.0,3,3
893,Sales,Sales Representative,2026-H1,45.0,33.3,33.3,33.3,66.7,100.0,3,3
894,Research & Development,Laboratory Technician,2026-H1,76.7,100.0,100.0,66.7,33.3,33.3,3,1
895,Research & Development,Research Scientist,2026-H1,80.0,100.0,66.7,100.0,66.7,33.3,3,2
896,Sales,Sales Representative,2026-H1,51.7,66.7,33.3,33.3,66.7,66.7,3,3
897,Sales,Sales Executive,2026-H1,63.4,100.0,66.7,0.0,66.7,66.7,3,3
899,Research & Development,Manufacturing Director,2026-H1,48.3,33.3,33.3,100.0,66.7,0.0,3,2
900,Sales,Sales Representative,2026-H1,73.4,100.0,66.7,66.7,66.7,33.3,3,3
901,Research & Development,Research Director,2026-H1,83.4,100.0,66.7,100.0,66.7,66.7,3,0
902,Research & Development,Healthcare Representative,2026-H1,75.0,100.0,66.7,100.0,33.3,33.3,3,2
903,Sales,Sales Executive,2026-H1,70.0,100.0,66.7,66.7,66.7,0.0,4,2
904,Sales,Sales Executive,2026-H1,46.7,33.3,66.7,0.0,66.7,100.0,3,2
905,Research & Development,Manager,2026-H1,36.7,0.0,66.7,0.0,66.7,100.0,3,3
909,Human Resources,Human Resources,2026-H1,75.0,100.0,33.3,100.0,66.7,66.7,3,2
910,Human Resources,Human Resources,2026-H1,68.3,33.3,66.7,100.0,100.0,66.7,3,4
911,Research & Development,Laboratory Technician,2026-H1,53.3,100.0,66.7,0.0,0.0,66.7,4,2
912,Research & Development,Laboratory Technician,2026-H1,55.0,100.0,33.3,0.0,66.7,66.7,3,5
913,Research & Development,Research Scientist,2026-H1,43.3,0.0,66.7,33.3,66.7,100.0,3,0
916,Sales,Sales Executive,2026-H1,60.0,100.0,66.7,0.0,66.7,33.3,3,3
918,Research & Development,Laboratory Technician,2026-H1,73.3,100.0,33.3,100.0,33.3,100.0,3,3
920,Research & Development,Manufacturing Director,2026-H1,48.3,33.3,66.7,0.0,100.0,66.7,4,2
922,Sales,Sales Representative,2026-H1,56.7,66.7,33.3,66.7,33.3,100.0,3,3
923,Research & Development,Research Scientist,2026-H1,71.7,100.0,66.7,100.0,33.3,0.0,3,3
924,Research & Development,Healthcare Representative,2026-H1,65.0,100.0,66.7,66.7,33.3,0.0,3,2
925,Sales,Sales Representative,2026-H1,63.3,100.0,33.3,100.0,33.3,0.0,3,3
926,Research & Development,Manufacturing Director,2026-H1,58.3,66.7,66.7,33.3,100.0,0.0,3,3
927,Research & Development,Laboratory Technician,2026-H1,48.3,100.0,0.0,33.3,33.3,66.7,3,1
930,Research & Development,Research Scientist,2026-H1,63.4,66.7,66.7,66.7,66.7,33.3,3,2
932,Research & Development,Laboratory Technician,2026-H1,46.7,0.0,66.7,100.0,0.0,100.0,4,2
933,Research & Development,Research Scientist,2026-H1,60.0,66.7,66.7,33.3,66.7,66.7,3,2
934,Research & Development,Laboratory Technician,2026-H1,46.7,33.3,66.7,33.3,66.7,33.3,3,3
936,Sales,Sales Executive,2026-H1,51.7,66.7,33.3,66.7,66.7,0.0,3,6
939,Research & Development,Research Scientist,2026-H1,35.0,0.0,33.3,66.7,66.7,33.3,3,1
940,Research & Development,Healthcare Representative,2026-H1,51.7,33.3,33.3,66.7,66.7,100.0,3,3
941,Sales,Sales Representative,2026-H1,53.3,66.7,33.3,33.3,100.0,33.3,3,2
942,Research & Development,Healthcare Representative,2026-H1,76.7,100.0,66.7,100.0,0.0,100.0,4,2
944,Research & Development,Laboratory Technician,2026-H1,38.3,33.3,66.7,0.0,33.3,66.7,3,3
945,Research & Development,Research Scientist,2026-H1,61.7,66.7,66.7,100.0,33.3,0.0,3,2
947,Sales,Sales Executive,2026-H1,71.7,66.7,66.7,100.0,33.3,100.0,3,2
949,Research & Development,Research Scientist,2026-H1,70.0,100.0,66.7,33.3,66.7,66.7,3,6
950,Research & Development,Research Director,2026-H1,50.0,0.0,66.7,100.0,66.7,33.3,3,3
951,Research & Development,Laboratory Technician,2026-H1,48.3,33.3,33.3,66.7,66.7,66.7,4,3
952,Sales,Sales Representative,2026-H1,48.3,33.3,33.3,66.7,66.7,66.7,3,2
954,Sales,Sales Executive,2026-H1,26.6,33.3,33.3,0.0,33.3,33.3,3,2
956,Sales,Sales Executive,2026-H1,35.0,0.0,33.3,66.7,66.7,33.3,3,2
957,Research & Development,Laboratory Technician,2026-H1,53.4,0.0,66.7,100.0,66.7,66.7,3,3
958,Research & Development,Laboratory Technician,2026-H1,66.7,66.7,66.7,66.7,66.7,66.7,4,6
959,Sales,Sales Representative,2026-H1,56.6,33.3,33.3,100.0,100.0,33.3,3,3
960,Research & Development,Laboratory Technician,2026-H1,30.0,0.0,66.7,0.0,66.7,33.3,3,2
961,Research & Development,Healthcare Representative,2026-H1,73.3,100.0,66.7,100.0,0.0,66.7,3,2
964,Research & Development,Research Scientist,2026-H1,66.7,33.3,66.7,100.0,66.7,100.0,3,2
966,Research & Development,Manufacturing Director,2026-H1,51.7,0.0,66.7,66.7,100.0,66.7,3,2
967,Sales,Sales Executive,2026-H1,61.7,100.0,33.3,66.7,66.7,0.0,3,6
969,Research & Development,Healthcare Representative,2026-H1,55.0,100.0,33.3,33.3,66.7,0.0,3,3
970,Sales,Sales Executive,2026-H1,35.0,66.7,33.3,0.0,0.0,66.7,3,2
972,Research & Development,Laboratory Technician,2026-H1,48.3,33.3,66.7,66.7,33.3,33.3,3,5
974,Sales,Sales Representative,2026-H1,73.4,100.0,66.7,66.7,66.7,33.3,3,5
975,Sales,Sales Executive,2026-H1,63.4,66.7,66.7,66.7,66.7,33.3,3,3
976,Research & Development,Manager,2026-H1,75.0,100.0,66.7,100.0,33.3,33.3,3,2
977,Research & Development,Research Scientist,2026-H1,66.7,66.7,66.7,100.0,66.7,0.0,4,4
981,Sales,Manager,2026-H1,71.7,66.7,66.7,66.7,100.0,66.7,3,3
982,Sales,Sales Executive,2026-H1,65.0,66.7,66.7,66.7,100.0,0.0,3,2
983,Sales,Sales Executive,2026-H1,73.4,100.0,66.7,66.7,66.7,33.3,3,1
984,Sales,Sales Executive,2026-H1,80.0,100.0,66.7,100.0,66.7,33.3,3,2
985,Sales,Sales Executive,2026-H1,65.0,66.7,100.0,0.0,66.7,100.0,3,3
986,Sales,Sales Executive,2026-H1,56.6,33.3,100.0,33.3,33.3,100.0,3,2
987,Research & Development,Manufacturing Director,2026-H1,80.0,66.7,100.0,66.7,100.0,66.7,3,3
990,Sales,Sales Executive,2026-H1,66.7,100.0,66.7,0.0,66.7,100.0,3,3
991,Research & Development,Research Scientist,2026-H1,31.7,0.0,33.3,66.7,66.7,0.0,4,0
992,Sales,Manager,2026-H1,76.7,66.7,66.7,100.0,66.7,100.0,3,2
994,Research & Development,Research Scientist,2026-H1,45.0,0.0,33.3,100.0,66.7,66.7,4,5
995,Research & Development,Research Scientist,2026-H1,63.3,100.0,66.7,33.3,66.7,0.0,3,4
996,Research & Development,Laboratory Technician,2026-H1,86.7,100.0,66.7,100.0,66.7,100.0,3,2
997,Research & Development,Research Director,2026-H1,78.3,100.0,66.7,100.0,33.3,66.7,4,1
998,Research & Development,Healthcare Representative,2026-H1,58.3,33.3,100.0,66.7,66.7,0.0,3,2
999,Research & Development,Research Director,2026-H1,55.0,66.7,66.7,0.0,100.0,33.3,3,2
1001,Research & Development,Laboratory Technician,2026-H1,53.3,33.3,66.7,66.7,66.7,33.3,3,2
1002,Research & Development,Laboratory Technician,2026-H1,53.4,0.0,66.7,100.0,66.7,66.7,3,2
1003,Sales,Sales Executive,2026-H1,83.4,100.0,66.7,100.0,66.7,66.7,3,0
1004,Research & Development,Research Scientist,2026-H1,50.0,66.7,66.7,0.0,66.7,33.3,3,2
1005,Research & Development,Manufacturing Director,2026-H1,76.7,66.7,66.7,100.0,66.7,100.0,3,2
1006,Research & Development,Research Scientist,2026-H1,58.4,66.7,66.7,66.7,33.3,33.3,3,0
1007,Research & Development,Manufacturing Director,2026-H1,70.0,66.7,66.7,100.0,66.7,33.3,3,3
1009,Research & Development,Manufacturing Director,2026-H1,61.7,66.7,33.3,100.0,66.7,33.3,3,6
1010,Research & Development,Laboratory Technician,2026-H1,41.7,33.3,33.3,66.7,0.0,100.0,4,2
1011,Research & Development,Manufacturing Director,2026-H1,46.7,0.0,66.7,66.7,66.7,66.7,3,1
1012,Research & Development,Research Scientist,2026-H1,73.3,100.0,66.7,33.3,66.7,100.0,3,2
1013,Research & Development,Manufacturing Director,2026-H1,66.7,66.7,66.7,66.7,66.7,66.7,3,2
1014,Research & Development,Healthcare Representative,2026-H1,61.7,66.7,66.7,66.7,33.3,66.7,3,3
1015,Research & Development,Research Director,2026-H1,43.3,0.0,100.0,33.3,33.3,66.7,3,4
1016,Research & Development,Research Scientist,2026-H1,38.3,0.0,33.3,100.0,66.7,0.0,3,2
1017,Research & Development,Laboratory Technician,2026-H1,43.3,33.3,66.7,33.3,66.7,0.0,3,3
1018,Research & Development,Manufacturing Director,2026-H1,88.3,100.0,100.0,100.0,66.7,33.3,3,2
1019,Research & Development,Laboratory Technician,2026-H1,11.7,0.0,0.0,33.3,33.3,0.0,3,3
1022,Research & Development,Healthcare Representative,2026-H1,48.3,66.7,33.3,0.0,66.7,100.0,3,0
1024,Research & Development,Healthcare Representative,2026-H1,55.0,66.7,33.3,66.7,66.7,33.3,3,3
1025,Research & Development,Manufacturing Director,2026-H1,70.0,66.7,66.7,100.0,66.7,33.3,3,6
1026,Research & Development,Manufacturing Director,2026-H1,75.0,100.0,33.3,100.0,66.7,66.7,3,3
1027,Research & Development,Manufacturing Director,2026-H1,60.0,100.0,66.7,0.0,66.7,33.3,3,2
1028,Research & Development,Laboratory Technician,2026-H1,58.3,100.0,66.7,33.3,33.3,0.0,4,4
1029,Sales,Manager,2026-H1,75.0,66.7,66.7,100.0,100.0,33.3,3,3
1030,Research & Development,Laboratory Technician,2026-H1,60.0,100.0,66.7,0.0,66.7,33.3,3,5
1032,Research & Development,Manufacturing Director,2026-H1,61.7,100.0,33.3,66.7,66.7,0.0,3,4
1033,Research & Development,Healthcare Representative,2026-H1,10.0,33.3,0.0,0.0,0.0,0.0,3,2
1034,Research & Development,Healthcare Representative,2026-H1,60.0,33.3,66.7,66.7,66.7,100.0,3,3
1035,Research & Development,Research Director,2026-H1,40.0,66.7,0.0,33.3,66.7,33.3,4,3
1036,Sales,Sales Executive,2026-H1,70.0,100.0,66.7,33.3,66.7,66.7,3,1
1037,Sales,Sales Executive,2026-H1,26.7,0.0,0.0,33.3,66.7,100.0,3,6
1038,Sales,Manager,2026-H1,50.0,100.0,0.0,0.0,66.7,100.0,3,3
1039,Sales,Sales Executive,2026-H1,91.7,100.0,100.0,100.0,66.7,66.7,3,2
1040,Sales,Sales Executive,2026-H1,66.7,66.7,66.7,100.0,66.7,0.0,3,3
1042,Research & Development,Laboratory Technician,2026-H1,55.0,0.0,100.0,66.7,66.7,66.7,3,1
1043,Research & Development,Manufacturing Director,2026-H1,53.4,0.0,66.7,100.0,66.7,66.7,3,2
1044,Sales,Sales Representative,2026-H1,60.0,100.0,33.3,33.3,33.3,100.0,3,2
1045,Sales,Manager,2026-H1,85.0,100.0,66.7,100.0,100.0,33.3,3,4
1046,Research & Development,Laboratory Technician,2026-H1,70.0,66.7,66.7,100.0,66.7,33.3,3,2
1047,Sales,Sales Executive,2026-H1,76.7,100.0,100.0,33.3,33.3,100.0,3,2
1048,Sales,Manager,2026-H1,60.0,100.0,66.7,33.3,0.0,66.7,3,1
1049,Human Resources,Human Resources,2026-H1,43.3,33.3,66.7,33.3,66.7,0.0,3,3
1050,Sales,Sales Executive,2026-H1,41.7,33.3,33.3,66.7,66.7,0.0,3,2
1052,Research & Development,Laboratory Technician,2026-H1,45.0,66.7,66.7,0.0,33.3,33.3,3,3
1053,Research & Development,Research Scientist,2026-H1,30.0,0.0,66.7,0.0,66.7,33.3,3,2
1055,Sales,Sales Representative,2026-H1,70.0,66.7,66.7,66.7,66.7,100.0,3,2
1056,Sales,Sales Representative,2026-H1,60.0,33.3,66.7,100.0,66.7,33.3,4,5
1060,Research & Development,Research Scientist,2026-H1,60.0,66.7,66.7,66.7,66.7,0.0,3,2
1061,Research & Development,Research Director,2026-H1,58.3,66.7,66.7,33.3,33.3,100.0,3,2
1062,Research & Development,Healthcare Representative,2026-H1,51.7,33.3,66.7,100.0,33.3,0.0,3,3
1066,Sales,Sales Executive,2026-H1,38.3,0.0,66.7,66.7,33.3,33.3,3,3
1068,Research & Development,Research Scientist,2026-H1,45.0,66.7,33.3,0.0,66.7,66.7,3,5
1069,Research & Development,Research Director,2026-H1,86.7,100.0,66.7,100.0,66.7,100.0,3,0
1070,Sales,Sales Executive,2026-H1,55.0,66.7,33.3,66.7,66.7,33.3,3,4
1071,Research & Development,Research Scientist,2026-H1,50.0,66.7,66.7,0.0,66.7,33.3,3,4
1073,Research & Development,Manufacturing Director,2026-H1,66.6,100.0,33.3,100.0,33.3,33.3,3,2
1074,Research & Development,Manager,2026-H1,40.0,0.0,33.3,66.7,100.0,33.3,3,3
1076,Sales,Sales Executive,2026-H1,68.3,100.0,33.3,66.7,66.7,66.7,3,5
1077,Sales,Sales Representative,2026-H1,80.0,100.0,66.7,100.0,66.7,33.3,3,3
1079,Research & Development,Laboratory Technician,2026-H1,26.7,0.0,33.3,66.7,33.3,0.0,3,6
1080,Research & Development,Research Scientist,2026-H1,38.3,0.0,33.3,100.0,66.7,0.0,4,2
1081,Research & Development,Research Scientist,2026-H1,58.4,66.7,66.7,0.0,100.0,66.7,3,2
1082,Research & Development,Healthcare Representative,2026-H1,20.0,0.0,33.3,33.3,33.3,0.0,3,2
1083,Research & Development,Laboratory Technician,2026-H1,18.3,0.0,33.3,0.0,66.7,0.0,3,2
1084,Research & Development,Manufacturing Director,2026-H1,41.7,0.0,66.7,66.7,33.3,66.7,3,1
1085,Research & Development,Research Scientist,2026-H1,68.3,66.7,100.0,33.3,66.7,66.7,3,3
1088,Research & Development,Healthcare Representative,2026-H1,46.7,66.7,33.3,66.7,33.3,0.0,3,4
1092,Research & Development,Healthcare Representative,2026-H1,66.7,100.0,66.7,0.0,66.7,100.0,4,6
1094,Research & Development,Laboratory Technician,2026-H1,40.0,66.7,0.0,0.0,66.7,100.0,3,4
1096,Research & Development,Manufacturing Director,2026-H1,60.0,33.3,66.7,100.0,66.7,33.3,3,4
1097,Research & Development,Research Scientist,2026-H1,75.0,66.7,66.7,66.7,100.0,100.0,3,4
1098,Human Resources,Human Resources,2026-H1,35.0,0.0,33.3,33.3,66.7,100.0,3,1
1099,Research & Development,Healthcare Representative,2026-H1,75.0,100.0,33.3,100.0,66.7,66.7,3,2
1100,Sales,Sales Executive,2026-H1,46.7,0.0,66.7,100.0,66.7,0.0,4,2
1101,Research & Development,Research Scientist,2026-H1,41.7,66.7,33.3,0.0,66.7,33.3,4,4
1102,Research & Development,Laboratory Technician,2026-H1,51.7,66.7,66.7,0.0,33.3,100.0,3,5
1103,Research & Development,Healthcare Representative,2026-H1,58.3,100.0,66.7,0.0,33.3,66.7,3,1
1105,Sales,Sales Executive,2026-H1,75.0,100.0,33.3,100.0,66.7,66.7,3,5
1106,Research & Development,Laboratory Technician,2026-H1,85.0,100.0,66.7,100.0,100.0,33.3,3,3
1107,Research & Development,Laboratory Technician,2026-H1,48.4,66.7,66.7,0.0,33.3,66.7,4,0
1108,Research & Development,Research Scientist,2026-H1,31.6,33.3,33.3,0.0,66.7,33.3,4,0
1109,Research & Development,Manager,2026-H1,56.7,0.0,66.7,100.0,66.7,100.0,3,3
1111,Research & Development,Laboratory Technician,2026-H1,28.3,33.3,33.3,0.0,66.7,0.0,3,2
1113,Sales,Sales Executive,2026-H1,76.7,66.7,66.7,100.0,66.7,100.0,3,4
1114,Sales,Sales Executive,2026-H1,63.3,33.3,66.7,100.0,66.7,66.7,3,3
1115,Research & Development,Research Scientist,2026-H1,71.7,100.0,33.3,66.7,66.7,100.0,3,2
1116,Research & Development,Manager,2026-H1,66.7,100.0,100.0,0.0,33.3,66.7,4,3
1117,Sales,Sales Executive,2026-H1,55.0,66.7,33.3,33.3,66.7,100.0,3,2
1118,Research & Development,Healthcare Representative,2026-H1,53.3,33.3,66.7,33.3,66.7,100.0,3,4
1119,Sales,Sales Executive,2026-H1,55.0,66.7,33.3,66.7,66.7,33.3,3,2
1120,Research & Development,Research Scientist,2026-H1,70.0,100.0,66.7,66.7,66.7,0.0,4,1
1121,Research & Development,Manufacturing Director,2026-H1,55.0,33.3,66.7,100.0,33.3,33.3,3,3
1124,Sales,Manager,2026-H1,56.7,66.7,66.7,0.0,66.7,100.0,3,3
1125,Sales,Sales Executive,2026-H1,63.3,33.3,66.7,100.0,66.7,66.7,3,2
1126,Research & Development,Manufacturing Director,2026-H1,46.7,0.0,66.7,66.7,66.7,66.7,3,1
1127,Research & Development,Healthcare Representative,2026-H1,66.7,100.0,66.7,0.0,66.7,100.0,3,4
1128,Research & Development,Research Director,2026-H1,56.7,66.7,33.3,66.7,100.0,0.0,3,2
1131,Research & Development,Research Scientist,2026-H1,60.0,33.3,33.3,100.0,100.0,66.7,3,6
1132,Research & Development,Laboratory Technician,2026-H1,51.7,33.3,66.7,66.7,33.3,66.7,3,2
1133,Research & Development,Manufacturing Director,2026-H1,56.7,100.0,66.7,0.0,66.7,0.0,4,0
1135,Sales,Sales Representative,2026-H1,78.3,100.0,100.0,66.7,66.7,0.0,3,4
1136,Research & Development,Research Scientist,2026-H1,18.3,33.3,33.3,0.0,0.0,0.0,3,2
1137,Sales,Sales Executive,2026-H1,86.7,100.0,66.7,100.0,66.7,100.0,3,3
1138,Sales,Sales Executive,2026-H1,51.6,33.3,33.3,100.0,66.7,33.3,3,3
1140,Research & Development,Manufacturing Director,2026-H1,71.7,66.7,66.7,100.0,33.3,100.0,3,3
1143,Research & Development,Research Scientist,2026-H1,61.7,33.3,66.7,100.0,33.3,100.0,3,2
1148,Research & Development,Laboratory Technician,2026-H1,46.7,100.0,0.0,33.3,66.7,0.0,3,3
1150,Research & Development,Manufacturing Director,2026-H1,56.6,100.0,33.3,33.3,33.3,66.7,3,2
1152,Human Resources,Human Resources,2026-H1,83.4,66.7,100.0,66.7,100.0,100.0,3,2
1154,Research & Development,Research Scientist,2026-H1,61.7,66.7,33.3,66.7,66.7,100.0,3,2
1156,Research & Development,Laboratory Technician,2026-H1,70.0,66.7,66.7,66.7,66.7,100.0,3,0
1157,Sales,Sales Executive,2026-H1,26.7,0.0,66.7,0.0,66.7,0.0,3,3
1158,Research & Development,Laboratory Technician,2026-H1,63.3,100.0,66.7,33.3,66.7,0.0,3,4
1160,Research & Development,Laboratory Technician,2026-H1,61.7,66.7,66.7,66.7,33.3,66.7,3,5
1161,Research & Development,Healthcare Representative,2026-H1,68.3,100.0,33.3,66.7,66.7,66.7,3,2
1162,Research & Development,Research Scientist,2026-H1,65.0,66.7,33.3,100.0,66.7,66.7,3,0
1163,Sales,Sales Executive,2026-H1,48.3,66.7,66.7,33.3,33.3,0.0,4,3
1164,Human Resources,Human Resources,2026-H1,53.4,66.7,66.7,66.7,0.0,33.3,3,2
1165,Sales,Sales Executive,2026-H1,28.3,0.0,33.3,100.0,0.0,0.0,3,3
1166,Research & Development,Research Director,2026-H1,55.0,66.7,66.7,33.3,33.3,66.7,3,3
1167,Sales,Sales Executive,2026-H1,38.3,0.0,66.7,66.7,33.3,33.3,3,2
1171,Sales,Sales Executive,2026-H1,48.3,0.0,66.7,33.3,100.0,100.0,3,3
1172,Research & Development,Laboratory Technician,2026-H1,61.7,66.7,33.3,100.0,66.7,33.3,3,2
1173,Research & Development,Laboratory Technician,2026-H1,66.7,33.3,66.7,100.0,66.7,100.0,4,2
1175,Research & Development,Laboratory Technician,2026-H1,75.0,100.0,66.7,66.7,33.3,100.0,3,4
1177,Research & Development,Laboratory Technician,2026-H1,68.3,100.0,100.0,0.0,66.7,33.3,4,2
1179,Sales,Sales Executive,2026-H1,51.7,66.7,33.3,66.7,66.7,0.0,3,3
1180,Research & Development,Research Scientist,2026-H1,61.7,100.0,33.3,66.7,0.0,100.0,3,3
1182,Research & Development,Manufacturing Director,2026-H1,50.0,33.3,33.3,66.7,100.0,33.3,3,2
1184,Research & Development,Healthcare Representative,2026-H1,45.0,0.0,33.3,100.0,66.7,66.7,4,3
1185,Research & Development,Laboratory Technician,2026-H1,76.7,100.0,33.3,100.0,100.0,33.3,3,2
1188,Sales,Sales Executive,2026-H1,28.3,66.7,0.0,0.0,33.3,33.3,3,2
1190,Sales,Sales Representative,2026-H1,46.7,0.0,66.7,66.7,66.7,66.7,3,3
1191,Research & Development,Manager,2026-H1,56.7,0.0,66.7,100.0,66.7,100.0,3,2
1192,Research & Development,Laboratory Technician,2026-H1,63.3,100.0,66.7,33.3,66.7,0.0,3,5
1193,Research & Development,Research Scientist,2026-H1,46.7,0.0,66.7,66.7,66.7,66.7,4,4
1195,Research & Development,Research Scientist,2026-H1,48.4,66.7,66.7,0.0,33.3,66.7,3,2
1196,Research & Development,Manufacturing Director,2026-H1,66.6,100.0,33.3,100.0,33.3,33.3,3,2
1198,Research & Development,Laboratory Technician,2026-H1,33.3,66.7,33.3,0.0,33.3,0.0,3,2
1200,Research & Development,Research Scientist,2026-H1,66.7,66.7,66.7,66.7,66.7,66.7,3,4
1201,Research & Development,Manager,2026-H1,70.0,66.7,66.7,100.0,66.7,33.3,3,6
1202,Research & Development,Research Scientist,2026-H1,41.7,100.0,0.0,33.3,33.3,0.0,3,2
1203,Research & Development,Research Scientist,2026-H1,65.0,100.0,33.3,66.7,66.7,33.3,3,5
1204,Sales,Manager,2026-H1,40.0,0.0,66.7,66.7,66.7,0.0,4,2
1206,Research & Development,Research Scientist,2026-H1,60.0,66.7,0.0,100.0,66.7,100.0,3,3
1207,Human Resources,Human Resources,2026-H1,63.4,66.7,66.7,33.3,66.7,100.0,3,2
1210,Research & Development,Research Scientist,2026-H1,8.3,0.0,33.3,0.0,0.0,0.0,3,2
1211,Sales,Sales Executive,2026-H1,46.7,0.0,66.7,66.7,66.7,66.7,3,3
1212,Sales,Sales Executive,2026-H1,53.3,33.3,66.7,33.3,66.7,100.0,3,2
1215,Research & Development,Manager,2026-H1,53.4,0.0,66.7,100.0,66.7,66.7,4,3
1216,Research & Development,Laboratory Technician,2026-H1,45.0,0.0,33.3,100.0,66.7,66.7,3,2
1217,Research & Development,Research Director,2026-H1,56.7,33.3,66.7,100.0,66.7,0.0,3,2
1218,Sales,Sales Executive,2026-H1,50.0,0.0,66.7,66.7,66.7,100.0,3,2
1219,Research & Development,Laboratory Technician,2026-H1,46.7,33.3,66.7,100.0,0.0,0.0,3,3
1220,Sales,Sales Executive,2026-H1,48.3,66.7,66.7,33.3,33.3,0.0,3,3
1221,Research & Development,Laboratory Technician,2026-H1,50.0,66.7,0.0,66.7,66.7,66.7,3,4
1224,Research & Development,Laboratory Technician,2026-H1,55.0,66.7,66.7,66.7,33.3,0.0,3,4
1225,Research & Development,Research Scientist,2026-H1,80.0,100.0,66.7,100.0,66.7,33.3,4,3
1226,Sales,Sales Representative,2026-H1,88.3,100.0,100.0,66.7,66.7,100.0,3,2
1228,Research & Development,Manufacturing Director,2026-H1,78.3,100.0,66.7,100.0,33.3,66.7,3,3
1231,Human Resources,Human Resources,2026-H1,60.0,0.0,100.0,100.0,100.0,0.0,3,3
1233,Sales,Sales Executive,2026-H1,75.0,100.0,100.0,33.3,66.7,33.3,3,3
1234,Research & Development,Laboratory Technician,2026-H1,48.3,33.3,33.3,66.7,66.7,66.7,4,2
1235,Research & Development,Research Scientist,2026-H1,76.7,66.7,66.7,100.0,66.7,100.0,3,2
1237,Research & Development,Manufacturing Director,2026-H1,30.0,0.0,0.0,66.7,66.7,66.7,4,2
1238,Research & Development,Research Scientist,2026-H1,60.0,100.0,66.7,0.0,66.7,33.3,3,5
1239,Sales,Sales Executive,2026-H1,43.3,33.3,33.3,33.3,100.0,33.3,3,2
1240,Sales,Sales Executive,2026-H1,73.4,100.0,66.7,66.7,66.7,33.3,3,4
1241,Research & Development,Research Scientist,2026-H1,56.7,33.3,66.7,100.0,66.7,0.0,4,2
1242,Research & Development,Research Director,2026-H1,33.4,0.0,66.7,0.0,66.7,66.7,3,6
1243,Sales,Sales Executive,2026-H1,60.0,100.0,33.3,66.7,33.3,33.3,3,6
1244,Research & Development,Research Scientist,2026-H1,31.7,0.0,66.7,0.0,33.3,100.0,3,3
1245,Research & Development,Manufacturing Director,2026-H1,56.7,66.7,66.7,100.0,0.0,0.0,3,2
1246,Research & Development,Research Scientist,2026-H1,75.0,100.0,100.0,0.0,66.7,100.0,3,5
1248,Research & Development,Research Scientist,2026-H1,36.6,33.3,33.3,0.0,100.0,33.3,4,2
1249,Research & Development,Research Scientist,2026-H1,56.7,100.0,66.7,0.0,66.7,0.0,3,5
1250,Research & Development,Research Director,2026-H1,76.7,100.0,66.7,100.0,66.7,0.0,3,2
1251,Research & Development,Healthcare Representative,2026-H1,45.0,0.0,66.7,66.7,33.3,100.0,3,2
1252,Research & Development,Healthcare Representative,2026-H1,35.0,0.0,33.3,66.7,66.7,33.3,3,2
1254,Sales,Sales Executive,2026-H1,71.7,100.0,33.3,66.7,66.7,100.0,3,2
1255,Research & Development,Research Director,2026-H1,56.7,100.0,0.0,66.7,66.7,33.3,3,2
1256,Research & Development,Manager,2026-H1,50.0,66.7,33.3,0.0,100.0,66.7,3,2
1257,Research & Development,Research Scientist,2026-H1,51.7,33.3,66.7,66.7,33.3,66.7,3,2
1258,Research & Development,Laboratory Technician,2026-H1,66.7,33.3,100.0,100.0,33.3,66.7,3,4
1259,Research & Development,Research Scientist,2026-H1,50.0,66.7,66.7,0.0,66.7,33.3,3,2
1260,Research & Development,Healthcare Representative,2026-H1,73.4,100.0,66.7,66.7,66.7,33.3,3,2
1263,Research & Development,Research Director,2026-H1,80.0,100.0,33.3,100.0,100.0,66.7,3,3
1264,Research & Development,Research Director,2026-H1,66.6,100.0,33.3,100.0,33.3,33.3,3,2
1265,Research & Development,Research Scientist,2026-H1,73.3,66.7,100.0,66.7,33.3,100.0,3,5
1267,Sales,Manager,2026-H1,50.0,33.3,66.7,33.3,66.7,66.7,3,5
1268,Sales,Sales Executive,2026-H1,85.0,66.7,100.0,100.0,66.7,100.0,3,3
1269,Research & Development,Research Scientist,2026-H1,81.7,100.0,100.0,33.3,66.7,100.0,3,2
1270,Research & Development,Research Scientist,2026-H1,76.7,66.7,66.7,100.0,66.7,100.0,4,2
1273,Sales,Sales Representative,2026-H1,63.3,100.0,0.0,66.7,66.7,100.0,3,4
1275,Research & Development,Research Scientist,2026-H1,68.3,100.0,66.7,66.7,33.3,33.3,4,2
1277,Sales,Manager,2026-H1,20.0,33.3,0.0,0.0,66.7,0.0,3,2
1278,Research & Development,Healthcare Representative,2026-H1,58.3,33.3,33.3,100.0,66.7,100.0,3,3
1279,Research & Development,Laboratory Technician,2026-H1,35.0,66.7,33.3,0.0,0.0,66.7,4,2
1280,Sales,Manager,2026-H1,55.0,33.3,33.3,100.0,66.7,66.7,3,2
1281,Sales,Sales Executive,2026-H1,50.0,0.0,66.7,66.7,66.7,100.0,3,3
1282,Sales,Manager,2026-H1,51.7,33.3,66.7,100.0,33.3,0.0,4,5
1283,Research & Development,Manufacturing Director,2026-H1,81.7,100.0,66.7,100.0,33.3,100.0,3,6
1285,Research & Development,Laboratory Technician,2026-H1,61.7,33.3,66.7,66.7,100.0,66.7,3,2
1286,Research & Development,Laboratory Technician,2026-H1,68.4,66.7,66.7,100.0,33.3,66.7,3,2
1288,Research & Development,Manager,2026-H1,53.3,0.0,100.0,66.7,33.3,100.0,3,4
1289,Human Resources,Human Resources,2026-H1,56.7,33.3,33.3,66.7,100.0,100.0,3,5
1291,Research & Development,Research Scientist,2026-H1,70.0,66.7,66.7,66.7,66.7,100.0,3,3
1292,Research & Development,Research Scientist,2026-H1,61.7,33.3,100.0,33.3,66.7,100.0,3,2
1293,Sales,Sales Executive,2026-H1,83.3,100.0,33.3,100.0,100.0,100.0,3,3
1294,Research & Development,Manufacturing Director,2026-H1,60.0,33.3,66.7,66.7,66.7,100.0,3,2
1295,Research & Development,Healthcare Representative,2026-H1,66.7,100.0,66.7,0.0,66.7,100.0,3,2
1296,Research & Development,Laboratory Technician,2026-H1,71.7,100.0,33.3,100.0,66.7,33.3,3,2
1297,Research & Development,Laboratory Technician,2026-H1,43.3,66.7,33.3,33.3,33.3,33.3,3,6
1298,Research & Development,Manufacturing Director,2026-H1,66.7,66.7,66.7,66.7,66.7,66.7,3,3
1299,Research & Development,Laboratory Technician,2026-H1,53.4,66.7,66.7,33.3,66.7,0.0,3,2
1301,Research & Development,Research Scientist,2026-H1,45.0,0.0,66.7,100.0,33.3,33.3,3,2
1303,Research & Development,Research Scientist,2026-H1,61.7,33.3,66.7,100.0,33.3,100.0,3,3
1304,Sales,Sales Executive,2026-H1,90.0,100.0,100.0,66.7,100.0,66.7,3,4
1306,Research & Development,Manager,2026-H1,50.0,33.3,66.7,33.3,66.7,66.7,4,4
1307,Research & Development,Manager,2026-H1,51.7,33.3,33.3,66.7,66.7,100.0,3,4
1308,Research & Development,Research Scientist,2026-H1,56.7,66.7,66.7,0.0,66.7,100.0,3,3
1309,Research & Development,Laboratory Technician,2026-H1,66.7,66.7,66.7,100.0,66.7,0.0,3,3
1310,Research & Development,Research Scientist,2026-H1,40.0,0.0,66.7,66.7,66.7,0.0,3,2
1311,Research & Development,Laboratory Technician,2026-H1,48.3,100.0,33.3,0.0,66.7,0.0,3,6
1312,Research & Development,Healthcare Representative,2026-H1,66.7,66.7,66.7,100.0,66.7,0.0,3,0
1314,Human Resources,Human Resources,2026-H1,58.3,0.0,66.7,100.0,100.0,66.7,3,3
1315,Research & Development,Laboratory Technician,2026-H1,53.3,100.0,0.0,66.7,66.7,0.0,3,6
1317,Research & Development,Research Director,2026-H1,50.0,0.0,66.7,100.0,66.7,33.3,3,2
1318,Sales,Sales Executive,2026-H1,55.0,33.3,33.3,100.0,66.7,66.7,3,2
1319,Sales,Sales Executive,2026-H1,45.0,33.3,66.7,33.3,33.3,66.7,3,2
1321,Research & Development,Manager,2026-H1,43.3,0.0,66.7,33.3,66.7,100.0,4,2
1322,Research & Development,Manufacturing Director,2026-H1,46.7,66.7,66.7,0.0,66.7,0.0,3,6
1324,Sales,Sales Executive,2026-H1,61.7,66.7,66.7,100.0,33.3,0.0,3,5
1329,Sales,Sales Executive,2026-H1,33.3,33.3,0.0,66.7,66.7,0.0,3,4
1331,Sales,Sales Representative,2026-H1,61.7,33.3,66.7,100.0,100.0,0.0,3,2
1333,Research & Development,Laboratory Technician,2026-H1,38.3,0.0,66.7,0.0,100.0,66.7,3,4
1334,Research & Development,Manager,2026-H1,65.0,66.7,66.7,66.7,33.3,100.0,3,3
1336,Research & Development,Manager,2026-H1,60.0,66.7,0.0,100.0,66.7,100.0,3,5
1338,Human Resources,Manager,2026-H1,56.7,33.3,66.7,100.0,66.7,0.0,3,4
1340,Research & Development,Research Scientist,2026-H1,63.4,66.7,66.7,66.7,66.7,33.3,3,0
1344,Research & Development,Healthcare Representative,2026-H1,81.7,100.0,66.7,100.0,33.3,100.0,3,0
1346,Research & Development,Research Scientist,2026-H1,76.7,100.0,66.7,66.7,66.7,66.7,3,4
1349,Sales,Sales Executive,2026-H1,50.0,0.0,66.7,66.7,66.7,100.0,3,2
1350,Research & Development,Research Scientist,2026-H1,63.4,66.7,66.7,66.7,66.7,33.3,3,3
1352,Human Resources,Manager,2026-H1,53.3,33.3,66.7,66.7,66.7,33.3,3,2
1355,Sales,Sales Executive,2026-H1,43.3,0.0,66.7,33.3,66.7,100.0,3,3
1356,Sales,Sales Executive,2026-H1,55.0,0.0,66.7,66.7,100.0,100.0,3,6
1358,Research & Development,Laboratory Technician,2026-H1,78.3,100.0,66.7,100.0,33.3,66.7,3,6
1360,Research & Development,Manufacturing Director,2026-H1,36.7,0.0,33.3,66.7,33.3,100.0,3,0
1361,Research & Development,Laboratory Technician,2026-H1,50.0,33.3,66.7,33.3,66.7,66.7,4,3
1362,Sales,Sales Executive,2026-H1,40.0,0.0,100.0,0.0,33.3,100.0,3,2
1363,Research & Development,Manufacturing Director,2026-H1,83.4,100.0,66.7,100.0,66.7,66.7,3,2
1364,Sales,Sales Representative,2026-H1,81.7,100.0,100.0,66.7,66.7,33.3,3,4
1367,Research & Development,Manufacturing Director,2026-H1,46.6,33.3,33.3,100.0,33.3,33.3,3,1
1368,Research & Development,Laboratory Technician,2026-H1,88.3,100.0,66.7,100.0,100.0,66.7,3,5
1369,Research & Development,Laboratory Technician,2026-H1,71.7,100.0,33.3,100.0,66.7,33.3,3,0
1371,Sales,Sales Executive,2026-H1,63.3,100.0,0.0,100.0,66.7,33.3,4,3
1372,Sales,Sales Executive,2026-H1,56.7,66.7,100.0,0.0,33.3,66.7,3,2
1373,Research & Development,Manufacturing Director,2026-H1,56.7,33.3,66.7,100.0,66.7,0.0,3,0
1374,Research & Development,Research Scientist,2026-H1,45.0,66.7,33.3,0.0,66.7,66.7,4,2
1375,Research & Development,Healthcare Representative,2026-H1,65.0,66.7,100.0,33.3,66.7,33.3,4,0
1377,Research & Development,Laboratory Technician,2026-H1,53.4,66.7,66.7,33.3,66.7,0.0,3,1
1379,Sales,Sales Representative,2026-H1,73.3,100.0,33.3,66.7,100.0,66.7,3,3
1380,Sales,Sales Executive,2026-H1,68.4,66.7,66.7,100.0,33.3,66.7,3,0
1382,Research & Development,Research Scientist,2026-H1,85.0,66.7,100.0,100.0,66.7,100.0,3,2
1383,Research & Development,Healthcare Representative,2026-H1,85.0,100.0,66.7,66.7,100.0,100.0,3,2
1387,Sales,Sales Executive,2026-H1,38.3,0.0,33.3,66.7,66.7,66.7,3,0
1389,Research & Development,Manufacturing Director,2026-H1,71.7,66.7,66.7,100.0,33.3,100.0,3,3
1390,Sales,Sales Executive,2026-H1,63.3,100.0,33.3,0.0,100.0,100.0,3,2
1391,Sales,Sales Executive,2026-H1,46.7,33.3,66.7,33.3,66.7,33.3,3,5
1392,Research & Development,Research Scientist,2026-H1,71.7,100.0,66.7,100.0,33.3,0.0,3,4
1394,Research & Development,Research Scientist,2026-H1,70.0,66.7,66.7,66.7,66.7,100.0,3,2
1395,Sales,Sales Executive,2026-H1,68.3,100.0,66.7,33.3,100.0,0.0,3,2
1396,Sales,Sales Executive,2026-H1,45.0,33.3,66.7,66.7,33.3,0.0,3,3
1397,Research & Development,Healthcare Representative,2026-H1,63.4,66.7,66.7,66.7,66.7,33.3,4,2
1399,Sales,Sales Executive,2026-H1,53.3,66.7,100.0,0.0,33.3,33.3,3,3
1401,Research & Development,Manufacturing Director,2026-H1,73.3,66.7,100.0,100.0,33.3,33.3,3,3
1402,Research & Development,Research Scientist,2026-H1,28.3,66.7,33.3,0.0,0.0,0.0,3,3
1403,Sales,Sales Executive,2026-H1,78.3,100.0,33.3,100.0,66.7,100.0,3,3
1405,Research & Development,Research Scientist,2026-H1,76.7,66.7,66.7,100.0,66.7,100.0,3,2
1407,Research & Development,Research Scientist,2026-H1,58.3,100.0,33.3,0.0,66.7,100.0,3,2
1408,Human Resources,Manager,2026-H1,46.7,0.0,66.7,66.7,66.7,66.7,3,5
1409,Research & Development,Laboratory Technician,2026-H1,36.7,0.0,66.7,66.7,0.0,66.7,3,2
1411,Research & Development,Laboratory Technician,2026-H1,46.7,66.7,66.7,0.0,66.7,0.0,3,6
1412,Research & Development,Manufacturing Director,2026-H1,76.7,100.0,66.7,66.7,66.7,66.7,3,2
1415,Research & Development,Laboratory Technician,2026-H1,55.0,100.0,66.7,0.0,33.3,33.3,3,2
1417,Research & Development,Laboratory Technician,2026-H1,58.3,0.0,100.0,66.7,66.7,100.0,3,2
1419,Human Resources,Human Resources,2026-H1,20.0,0.0,33.3,33.3,33.3,0.0,3,3
1420,Research & Development,Laboratory Technician,2026-H1,18.3,0.0,33.3,0.0,66.7,0.0,4,2
1421,Research & Development,Healthcare Representative,2026-H1,70.0,100.0,66.7,66.7,66.7,0.0,3,1
1422,Research & Development,Research Director,2026-H1,81.7,100.0,66.7,100.0,33.3,100.0,3,3
1423,Research & Development,Research Director,2026-H1,53.4,0.0,66.7,100.0,66.7,66.7,4,3
1424,Research & Development,Research Director,2026-H1,86.7,100.0,100.0,33.3,100.0,100.0,3,4
1425,Sales,Sales Executive,2026-H1,46.7,33.3,66.7,0.0,66.7,100.0,3,3
1427,Sales,Sales Representative,2026-H1,40.0,66.7,0.0,33.3,66.7,33.3,3,3
1428,Sales,Sales Executive,2026-H1,50.0,0.0,66.7,100.0,66.7,33.3,3,3
1430,Research & Development,Research Director,2026-H1,48.3,33.3,66.7,0.0,100.0,66.7,3,3
1431,Research & Development,Research Scientist,2026-H1,53.4,0.0,66.7,100.0,66.7,66.7,3,2
1433,Research & Development,Research Scientist,2026-H1,40.0,33.3,33.3,0.0,100.0,66.7,3,3
1434,Research & Development,Laboratory Technician,2026-H1,41.7,0.0,66.7,33.3,100.0,33.3,3,3
1435,Research & Development,Laboratory Technician,2026-H1,50.0,100.0,33.3,0.0,33.3,66.7,3,2
1436,Sales,Sales Executive,2026-H1,26.7,0.0,33.3,66.7,33.3,0.0,3,3
1438,Research & Development,Research Scientist,2026-H1,58.3,100.0,66.7,0.0,33.3,66.7,3,2
1439,Sales,Sales Representative,2026-H1,18.3,0.0,33.3,0.0,66.7,0.0,3,2
1440,Research & Development,Laboratory Technician,2026-H1,58.4,66.7,100.0,66.7,0.0,0.0,3,2
1441,Research & Development,Research Scientist,2026-H1,41.7,0.0,66.7,0.0,100.0,100.0,4,3
1443,Research & Development,Research Director,2026-H1,55.0,66.7,66.7,0.0,100.0,33.3,3,2
1445,Sales,Sales Executive,2026-H1,73.4,66.7,66.7,100.0,66.7,66.7,3,3
1446,Sales,Sales Executive,2026-H1,78.3,100.0,66.7,100.0,33.3,66.7,3,3
1447,Research & Development,Laboratory Technician,2026-H1,43.3,33.3,33.3,100.0,33.3,0.0,3,2
1448,Research & Development,Research Scientist,2026-H1,56.7,66.7,100.0,33.3,33.3,0.0,3,5
1449,Research & Development,Laboratory Technician,2026-H1,71.7,66.7,66.7,66.7,100.0,66.7,3,2
1453,Sales,Sales Executive,2026-H1,56.7,100.0,66.7,0.0,66.7,0.0,3,5
1457,Sales,Sales Executive,2026-H1,61.7,100.0,66.7,0.0,100.0,0.0,3,1
1458,Research & Development,Laboratory Technician,2026-H1,26.7,0.0,33.3,0.0,100.0,33.3,4,2
1459,Research & Development,Manufacturing Director,2026-H1,58.3,33.3,100.0,66.7,66.7,0.0,3,2
1460,Research & Development,Healthcare Representative,2026-H1,20.0,0.0,0.0,33.3,66.7,33.3,3,2
1461,Human Resources,Human Resources,2026-H1,75.0,33.3,100.0,100.0,66.7,100.0,3,3
1464,Research & Development,Laboratory Technician,2026-H1,60.0,100.0,66.7,33.3,0.0,66.7,3,2
1465,Research & Development,Manufacturing Director,2026-H1,78.3,100.0,66.7,33.3,100.0,100.0,3,4
1466,Sales,Sales Executive,2026-H1,40.0,0.0,66.7,66.7,66.7,0.0,3,3
1467,Human Resources,Human Resources,2026-H1,56.7,66.7,66.7,0.0,66.7,100.0,3,0
1468,Research & Development,Research Director,2026-H1,55.0,33.3,33.3,100.0,66.7,66.7,3,5
1469,Sales,Sales Executive,2026-H1,56.7,0.0,66.7,100.0,66.7,100.0,3,4
1471,Research & Development,Laboratory Technician,2026-H1,61.7,66.7,33.3,66.7,66.7,100.0,3,5
1472,Research & Development,Research Director,2026-H1,63.3,33.3,100.0,100.0,33.3,33.3,3,2
1473,Research & Development,Healthcare Representative,2026-H1,45.0,66.7,66.7,0.0,33.3,33.3,3,0
1474,Research & Development,Research Scientist,2026-H1,71.7,66.7,66.7,66.7,100.0,66.7,3,3
1475,Research & Development,Research Scientist,2026-H1,58.3,33.3,66.7,100.0,33.3,66.7,3,3
1477,Sales,Sales Executive,2026-H1,46.7,0.0,66.7,100.0,66.7,0.0,3,2
1478,Sales,Sales Executive,2026-H1,40.0,0.0,0.0,100.0,66.7,100.0,3,2
1479,Sales,Sales Executive,2026-H1,68.4,66.7,66.7,100.0,33.3,66.7,3,2
1480,Research & Development,Laboratory Technician,2026-H1,63.4,100.0,66.7,0.0,66.7,66.7,3,3
1481,Sales,Sales Executive,2026-H1,48.4,66.7,66.7,0.0,33.3,66.7,3,4
1482,Research & Development,Research Scientist,2026-H1,58.4,66.7,66.7,66.7,33.3,33.3,3,2
1483,Research & Development,Research Scientist,2026-H1,56.7,66.7,100.0,33.3,33.3,0.0,4,2
1484,Research & Development,Healthcare Representative,2026-H1,53.3,33.3,66.7,66.7,66.7,33.3,3,3
1485,Research & Development,Research Director,2026-H1,38.3,0.0,66.7,33.3,33.3,100.0,3,3
1486,Sales,Sales Representative,2026-H1,61.7,66.7,66.7,0.0,100.0,100.0,3,3
1487,Sales,Sales Executive,2026-H1,26.7,33.3,66.7,0.0,0.0,0.0,3,4
1489,Sales,Sales Executive,2026-H1,40.0,33.3,33.3,0.0,100.0,66.7,4,2
1492,Sales,Sales Representative,2026-H1,66.7,66.7,66.7,100.0,66.7,0.0,3,3
1494,Research & Development,Laboratory Technician,2026-H1,35.0,0.0,66.7,33.3,33.3,66.7,3,2
1495,Sales,Sales Representative,2026-H1,63.3,33.3,66.7,100.0,66.7,66.7,3,2
1496,Research & Development,Manufacturing Director,2026-H1,51.7,66.7,66.7,33.3,33.3,33.3,3,2
1497,Sales,Sales Executive,2026-H1,58.4,66.7,33.3,66.7,66.7,66.7,3,3
1499,Human Resources,Human Resources,2026-H1,65.0,66.7,66.7,66.7,100.0,0.0,4,3
1501,Research & Development,Healthcare Representative,2026-H1,70.0,66.7,66.7,100.0,66.7,33.3,3,2
1502,Research & Development,Laboratory Technician,2026-H1,38.3,33.3,33.3,0.0,66.7,100.0,3,5
1503,Sales,Sales Executive,2026-H1,61.7,66.7,66.7,66.7,33.3,66.7,3,4
1504,Research & Development,Laboratory Technician,2026-H1,33.3,0.0,33.3,66.7,33.3,66.7,3,2
1506,Research & Development,Research Scientist,2026-H1,38.3,66.7,33.3,0.0,0.0,100.0,3,2
1507,Sales,Sales Executive,2026-H1,50.0,0.0,66.7,66.7,66.7,100.0,3,5
1509,Research & Development,Laboratory Technician,2026-H1,31.7,0.0,33.3,66.7,66.7,0.0,4,3
1513,Research & Development,Laboratory Technician,2026-H1,63.3,33.3,66.7,100.0,66.7,66.7,3,3
1514,Research & Development,Manufacturing Director,2026-H1,31.7,33.3,0.0,66.7,33.3,33.3,3,2
1515,Research & Development,Healthcare Representative,2026-H1,66.7,66.7,66.7,100.0,66.7,0.0,3,6
1516,Research & Development,Manager,2026-H1,78.3,100.0,66.7,66.7,100.0,33.3,4,5
1520,Research & Development,Manager,2026-H1,63.3,100.0,66.7,33.3,66.7,0.0,4,2
1522,Research & Development,Research Scientist,2026-H1,15.0,0.0,33.3,0.0,0.0,66.7,3,2
1523,Research & Development,Research Director,2026-H1,58.3,0.0,66.7,100.0,100.0,66.7,3,1
1525,Research & Development,Manufacturing Director,2026-H1,53.3,33.3,66.7,33.3,66.7,100.0,3,3
1527,Sales,Manager,2026-H1,65.0,33.3,66.7,66.7,100.0,100.0,3,2
1529,Research & Development,Healthcare Representative,2026-H1,48.3,33.3,33.3,100.0,0.0,100.0,3,3
1533,Research & Development,Laboratory Technician,2026-H1,50.0,66.7,66.7,0.0,66.7,33.3,3,2
1534,Research & Development,Laboratory Technician,2026-H1,40.0,0.0,66.7,100.0,0.0,33.3,3,3
1535,Sales,Sales Executive,2026-H1,68.3,66.7,33.3,100.0,66.7,100.0,3,3
1537,Research & Development,Research Scientist,2026-H1,56.7,66.7,66.7,100.0,0.0,0.0,3,2
1539,Research & Development,Research Director,2026-H1,63.3,100.0,0.0,66.7,66.7,100.0,3,2
1541,Sales,Sales Representative,2026-H1,56.7,66.7,66.7,33.3,66.7,33.3,4,4
1542,Research & Development,Laboratory Technician,2026-H1,45.0,33.3,33.3,66.7,66.7,33.3,3,3
1543,Research & Development,Research Scientist,2026-H1,56.7,100.0,66.7,0.0,66.7,0.0,3,2
1544,Research & Development,Healthcare Representative,2026-H1,30.0,0.0,0.0,66.7,66.7,66.7,3,3
1545,Research & Development,Manufacturing Director,2026-H1,58.3,33.3,33.3,100.0,66.7,100.0,3,2
1546,Research & Development,Research Scientist,2026-H1,86.7,100.0,66.7,100.0,66.7,100.0,4,3
1547,Research & Development,Healthcare Representative,2026-H1,73.3,100.0,66.7,100.0,0.0,66.7,3,3
1548,Sales,Sales Executive,2026-H1,41.7,0.0,66.7,0.0,100.0,100.0,3,5
1549,Research & Development,Laboratory Technician,2026-H1,56.7,66.7,66.7,33.3,66.7,33.3,3,3
1550,Human Resources,Manager,2026-H1,80.0,100.0,66.7,66.7,66.7,100.0,4,2
1551,Research & Development,Laboratory Technician,2026-H1,35.0,0.0,33.3,66.7,66.7,33.3,3,3
1552,Research & Development,Healthcare Representative,2026-H1,83.4,100.0,66.7,100.0,66.7,66.7,3,2
1553,Research & Development,Healthcare Representative,2026-H1,36.7,33.3,66.7,0.0,66.7,0.0,3,4
1554,Sales,Sales Representative,2026-H1,45.0,66.7,33.3,33.3,66.7,0.0,4,5
1555,Research & Development,Research Scientist,2026-H1,48.3,33.3,33.3,100.0,66.7,0.0,3,2
1556,Sales,Sales Representative,2026-H1,75.0,100.0,66.7,66.7,33.3,100.0,4,3
1557,Sales,Sales Executive,2026-H1,66.7,66.7,66.7,66.7,66.7,66.7,3,2
1558,Research & Development,Research Scientist,2026-H1,63.3,66.7,100.0,66.7,33.3,0.0,3,2
1560,Sales,Sales Executive,2026-H1,26.7,0.0,66.7,0.0,0.0,100.0,3,6
1562,Sales,Sales Executive,2026-H1,35.0,0.0,33.3,33.3,66.7,100.0,3,4
1563,Human Resources,Human Resources,2026-H1,66.7,66.7,66.7,66.7,66.7,66.7,3,2
1564,Research & Development,Laboratory Technician,2026-H1,41.7,0.0,33.3,100.0,66.7,33.3,3,3
1568,Sales,Sales Executive,2026-H1,53.3,33.3,66.7,66.7,66.7,33.3,3,3
1569,Research & Development,Laboratory Technician,2026-H1,36.7,0.0,66.7,0.0,66.7,100.0,3,2
1572,Research & Development,Manufacturing Director,2026-H1,65.0,100.0,33.3,66.7,66.7,33.3,3,4
1573,Research & Development,Manufacturing Director,2026-H1,50.0,33.3,66.7,66.7,66.7,0.0,3,2
1574,Research & Development,Research Scientist,2026-H1,45.0,0.0,66.7,100.0,33.3,33.3,3,3
1576,Research & Development,Research Scientist,2026-H1,45.0,0.0,66.7,66.7,33.3,100.0,3,3
1577,Research & Development,Research Scientist,2026-H1,53.3,100.0,66.7,0.0,0.0,66.7,3,4
1578,Sales,Manager,2026-H1,68.3,100.0,33.3,66.7,66.7,66.7,4,3
1580,Research & Development,Research Scientist,2026-H1,61.7,100.0,66.7,33.3,33.3,33.3,3,3
1581,Research & Development,Research Scientist,2026-H1,56.7,100.0,66.7,0.0,66.7,0.0,4,5
1582,Sales,Sales Executive,2026-H1,60.0,33.3,66.7,66.7,66.7,100.0,3,3
1583,Sales,Sales Executive,2026-H1,51.7,33.3,66.7,33.3,100.0,33.3,3,5
1585,Sales,Sales Executive,2026-H1,53.4,66.7,66.7,33.3,66.7,0.0,3,5
1586,Research & Development,Laboratory Technician,2026-H1,43.3,0.0,66.7,33.3,66.7,100.0,3,3
1587,Research & Development,Healthcare Representative,2026-H1,53.4,66.7,66.7,0.0,66.7,66.7,3,4
1588,Sales,Sales Executive,2026-H1,75.0,66.7,100.0,100.0,66.7,0.0,3,3
1590,Research & Development,Healthcare Representative,2026-H1,71.7,100.0,66.7,0.0,100.0,100.0,3,0
1591,Sales,Manager,2026-H1,66.7,66.7,66.7,66.7,66.7,66.7,3,2
1592,Research & Development,Research Scientist,2026-H1,85.0,66.7,100.0,100.0,66.7,100.0,3,2
1594,Research & Development,Laboratory Technician,2026-H1,45.0,0.0,100.0,0.0,66.7,100.0,3,3
1595,Research & Development,Manager,2026-H1,78.3,100.0,33.3,100.0,66.7,100.0,4,2
1596,Research & Development,Laboratory Technician,2026-H1,66.7,66.7,100.0,33.3,33.3,100.0,3,3
1597,Research & Development,Healthcare Representative,2026-H1,56.7,66.7,33.3,100.0,33.3,33.3,3,3
1598,Sales,Sales Executive,2026-H1,53.4,0.0,66.7,100.0,66.7,66.7,3,2
1599,Research & Development,Laboratory Technician,2026-H1,71.7,33.3,100.0,100.0,66.7,66.7,3,0
1601,Research & Development,Laboratory Technician,2026-H1,66.7,100.0,33.3,66.7,33.3,100.0,3,5
1602,Sales,Manager,2026-H1,48.3,0.0,100.0,100.0,0.0,33.3,3,5
1604,Research & Development,Laboratory Technician,2026-H1,56.7,33.3,66.7,66.7,66.7,66.7,3,3
1605,Research & Development,Research Scientist,2026-H1,43.3,66.7,33.3,33.3,33.3,33.3,3,2
1606,Research & Development,Healthcare Representative,2026-H1,60.0,66.7,66.7,33.3,66.7,66.7,3,3
1607,Research & Development,Research Scientist,2026-H1,81.7,100.0,100.0,33.3,66.7,100.0,3,3
1608,Research & Development,Research Director,2026-H1,68.3,100.0,66.7,33.3,33.3,100.0,3,4
1609,Research & Development,Research Scientist,2026-H1,33.3,33.3,33.3,33.3,33.3,33.3,3,3
1611,Research & Development,Laboratory Technician,2026-H1,23.3,0.0,0.0,66.7,66.7,0.0,3,3
1612,Sales,Sales Executive,2026-H1,18.3,0.0,33.3,0.0,66.7,0.0,3,2
1613,Sales,Sales Executive,2026-H1,56.7,0.0,66.7,100.0,66.7,100.0,3,3
1614,Research & Development,Manufacturing Director,2026-H1,63.4,66.7,66.7,66.7,66.7,33.3,3,2
1615,Research & Development,Manufacturing Director,2026-H1,78.3,100.0,100.0,66.7,66.7,0.0,3,3
1617,Research & Development,Laboratory Technician,2026-H1,45.0,0.0,66.7,66.7,33.3,100.0,3,3
1618,Research & Development,Manufacturing Director,2026-H1,43.3,0.0,66.7,33.3,66.7,100.0,3,3
1619,Research & Development,Laboratory Technician,2026-H1,38.3,0.0,33.3,100.0,66.7,0.0,3,3
1621,Research & Development,Research Scientist,2026-H1,51.7,0.0,100.0,33.3,66.7,100.0,3,2
1622,Research & Development,Manufacturing Director,2026-H1,15.0,0.0,0.0,33.3,33.3,33.3,4,5
1623,Research & Development,Research Scientist,2026-H1,76.7,100.0,66.7,66.7,66.7,66.7,3,2
1624,Sales,Sales Representative,2026-H1,75.0,100.0,66.7,33.3,100.0,66.7,3,2
1625,Human Resources,Manager,2026-H1,73.4,66.7,66.7,100.0,66.7,66.7,3,2
1627,Research & Development,Laboratory Technician,2026-H1,61.7,66.7,33.3,66.7,66.7,100.0,3,3
1628,Research & Development,Manufacturing Director,2026-H1,48.3,66.7,33.3,0.0,66.7,100.0,3,2
1630,Research & Development,Healthcare Representative,2026-H1,70.0,66.7,66.7,66.7,66.7,100.0,3,5
1631,Research & Development,Manufacturing Director,2026-H1,55.0,66.7,66.7,66.7,33.3,0.0,3,2
1633,Research & Development,Manufacturing Director,2026-H1,46.7,66.7,66.7,0.0,0.0,100.0,3,2
1635,Research & Development,Manufacturing Director,2026-H1,68.3,100.0,33.3,100.0,66.7,0.0,3,3
1638,Research & Development,Manufacturing Director,2026-H1,73.3,66.7,33.3,100.0,100.0,100.0,3,6
1639,Sales,Sales Executive,2026-H1,45.0,0.0,33.3,100.0,66.7,66.7,3,3
1640,Research & Development,Research Scientist,2026-H1,33.3,33.3,66.7,33.3,0.0,0.0,3,2
1641,Research & Development,Manufacturing Director,2026-H1,75.0,100.0,66.7,66.7,33.3,100.0,3,2
1642,Human Resources,Human Resources,2026-H1,63.4,100.0,66.7,0.0,66.7,66.7,3,3
1644,Research & Development,Manager,2026-H1,65.0,100.0,33.3,66.7,66.7,33.3,4,3
1645,Sales,Sales Executive,2026-H1,45.0,100.0,0.0,0.0,33.3,100.0,3,2
1646,Research & Development,Research Scientist,2026-H1,63.4,100.0,66.7,0.0,66.7,66.7,3,2
1647,Research & Development,Research Scientist,2026-H1,61.7,66.7,100.0,33.3,66.7,0.0,3,0
1648,Research & Development,Research Scientist,2026-H1,78.3,100.0,66.7,100.0,33.3,66.7,3,0
1649,Research & Development,Laboratory Technician,2026-H1,20.0,0.0,66.7,0.0,0.0,33.3,3,3
1650,Sales,Sales Executive,2026-H1,58.4,66.7,33.3,66.7,66.7,66.7,3,2
1651,Research & Development,Healthcare Representative,2026-H1,40.0,0.0,66.7,33.3,66.7,66.7,3,6
1653,Research & Development,Manufacturing Director,2026-H1,81.7,66.7,100.0,100.0,66.7,66.7,3,6
1654,Research & Development,Manufacturing Director,2026-H1,63.3,33.3,66.7,100.0,66.7,66.7,4,3
1655,Research & Development,Research Director,2026-H1,40.0,33.3,66.7,0.0,66.7,33.3,3,2
1656,Research & Development,Research Director,2026-H1,45.0,0.0,33.3,100.0,66.7,66.7,3,3
1657,Sales,Sales Representative,2026-H1,60.0,66.7,66.7,66.7,66.7,0.0,3,3
1658,Research & Development,Research Scientist,2026-H1,63.3,33.3,66.7,100.0,66.7,66.7,3,2
1659,Research & Development,Laboratory Technician,2026-H1,43.3,33.3,66.7,0.0,66.7,66.7,3,4
1661,Research & Development,Healthcare Representative,2026-H1,55.0,66.7,33.3,66.7,66.7,33.3,3,3
1662,Research & Development,Manufacturing Director,2026-H1,65.0,66.7,33.3,100.0,66.7,66.7,3,6
1664,Research & Development,Healthcare Representative,2026-H1,55.0,0.0,100.0,100.0,66.7,0.0,4,3
1665,Research & Development,Manager,2026-H1,60.0,66.7,66.7,33.3,66.7,66.7,4,6
1666,Research & Development,Research Director,2026-H1,51.7,66.7,33.3,66.7,66.7,0.0,4,3
1667,Sales,Sales Executive,2026-H1,81.7,100.0,66.7,100.0,100.0,0.0,4,2
1668,Research & Development,Research Scientist,2026-H1,91.7,100.0,66.7,100.0,100.0,100.0,3,4
1669,Sales,Sales Executive,2026-H1,26.6,33.3,33.3,0.0,33.3,33.3,3,3
1670,Sales,Sales Executive,2026-H1,83.4,100.0,66.7,100.0,66.7,66.7,3,5
1671,Research & Development,Research Scientist,2026-H1,58.3,33.3,66.7,100.0,33.3,66.7,3,4
1673,Sales,Sales Executive,2026-H1,56.7,100.0,66.7,0.0,66.7,0.0,3,2
1674,Research & Development,Laboratory Technician,2026-H1,45.0,0.0,66.7,100.0,33.3,33.3,3,2
1675,Research & Development,Laboratory Technician,2026-H1,51.6,33.3,33.3,100.0,66.7,33.3,4,3
1676,Sales,Manager,2026-H1,58.3,33.3,100.0,33.3,66.7,66.7,3,2
1677,Research & Development,Manager,2026-H1,60.0,66.7,66.7,66.7,66.7,0.0,3,2
1678,Sales,Sales Executive,2026-H1,76.7,66.7,66.7,100.0,66.7,100.0,3,2
1680,Sales,Sales Representative,2026-H1,46.7,0.0,66.7,100.0,66.7,0.0,3,3
1681,Sales,Sales Executive,2026-H1,76.7,100.0,66.7,66.7,66.7,66.7,4,2
1682,Research & Development,Healthcare Representative,2026-H1,45.0,66.7,66.7,0.0,33.3,33.3,3,2
1683,Human Resources,Human Resources,2026-H1,70.0,100.0,66.7,66.7,66.7,0.0,3,2
1684,Research & Development,Laboratory Technician,2026-H1,58.3,66.7,33.3,100.0,66.7,0.0,3,2
1687,Research & Development,Laboratory Technician,2026-H1,71.7,66.7,66.7,100.0,33.3,100.0,3,5
1689,Research & Development,Healthcare Representative,2026-H1,78.3,100.0,100.0,33.3,66.7,66.7,3,2
1691,Sales,Sales Representative,2026-H1,73.4,66.7,66.7,100.0,66.7,66.7,3,3
1692,Research & Development,Laboratory Technician,2026-H1,56.7,33.3,66.7,100.0,66.7,0.0,3,2
1693,Research & Development,Laboratory Technician,2026-H1,83.4,100.0,66.7,100.0,66.7,66.7,4,5
1694,Research & Development,Research Scientist,2026-H1,38.3,33.3,33.3,0.0,66.7,100.0,3,1
1696,Research & Development,Laboratory Technician,2026-H1,66.7,100.0,33.3,33.3,100.0,66.7,3,3
1697,Research & Development,Healthcare Representative,2026-H1,65.0,100.0,0.0,66.7,100.0,66.7,4,2
1698,Research & Development,Laboratory Technician,2026-H1,61.7,33.3,100.0,33.3,66.7,100.0,3,6
1700,Sales,Sales Executive,2026-H1,55.0,100.0,0.0,66.7,33.3,66.7,3,2
1701,Research & Development,Research Scientist,2026-H1,58.3,100.0,33.3,33.3,66.7,33.3,3,3
1702,Sales,Sales Representative,2026-H1,73.4,100.0,66.7,66.7,66.7,33.3,4,2
1703,Research & Development,Healthcare Representative,2026-H1,81.7,100.0,100.0,66.7,66.7,33.3,3,2
1704,Research & Development,Research Scientist,2026-H1,60.0,100.0,33.3,0.0,100.0,66.7,3,2
1706,Sales,Sales Executive,2026-H1,76.7,100.0,66.7,100.0,66.7,0.0,3,3
1707,Research & Development,Research Scientist,2026-H1,78.4,66.7,100.0,66.7,66.7,100.0,3,1
1708,Sales,Sales Executive,2026-H1,70.0,66.7,66.7,100.0,66.7,33.3,3,3
1709,Research & Development,Laboratory Technician,2026-H1,73.4,66.7,66.7,100.0,66.7,66.7,3,2
1710,Sales,Sales Representative,2026-H1,71.7,100.0,66.7,66.7,33.3,66.7,3,2
1712,Research & Development,Healthcare Representative,2026-H1,56.7,66.7,33.3,66.7,33.3,100.0,4,3
1714,Human Resources,Human Resources,2026-H1,56.7,66.7,0.0,100.0,66.7,66.7,3,2
1716,Sales,Sales Executive,2026-H1,40.0,66.7,0.0,66.7,0.0,66.7,3,3
1718,Research & Development,Laboratory Technician,2026-H1,61.7,66.7,0.0,100.0,100.0,66.7,3,3
1719,Research & Development,Research Director,2026-H1,55.0,33.3,33.3,100.0,66.7,66.7,3,2
1720,Research & Development,Research Scientist,2026-H1,41.7,66.7,66.7,0.0,33.3,0.0,3,3
1721,Research & Development,Laboratory Technician,2026-H1,68.3,66.7,66.7,33.3,100.0,100.0,3,2
1722,Human Resources,Human Resources,2026-H1,36.7,33.3,0.0,66.7,66.7,33.3,3,4
1724,Research & Development,Manufacturing Director,2026-H1,36.7,0.0,66.7,33.3,66.7,33.3,3,3
1725,Research & Development,Laboratory Technician,2026-H1,41.7,0.0,66.7,33.3,100.0,33.3,3,2
1727,Research & Development,Healthcare Representative,2026-H1,60.0,33.3,66.7,66.7,66.7,100.0,3,3
1728,Research & Development,Manufacturing Director,2026-H1,70.0,66.7,66.7,100.0,66.7,33.3,3,3
1729,Research & Development,Research Scientist,2026-H1,61.7,100.0,66.7,33.3,33.3,33.3,3,2
1731,Sales,Sales Executive,2026-H1,50.0,33.3,66.7,66.7,0.0,100.0,3,3
1732,Sales,Sales Executive,2026-H1,68.3,100.0,66.7,66.7,33.3,33.3,3,5
1733,Sales,Sales Executive,2026-H1,28.3,0.0,33.3,33.3,66.7,33.3,3,3
1734,Sales,Sales Executive,2026-H1,23.3,33.3,0.0,0.0,66.7,33.3,3,2
1735,Research & Development,Laboratory Technician,2026-H1,46.7,33.3,66.7,66.7,0.0,66.7,3,3
1736,Research & Development,Manufacturing Director,2026-H1,81.7,100.0,66.7,100.0,33.3,100.0,4,3
1737,Research & Development,Laboratory Technician,2026-H1,86.7,100.0,66.7,100.0,66.7,100.0,3,2
1739,Sales,Sales Executive,2026-H1,46.7,66.7,0.0,100.0,0.0,66.7,3,2
1740,Sales,Manager,2026-H1,41.6,33.3,66.7,33.3,33.3,33.3,3,3
1744,Human Resources,Human Resources,2026-H1,55.0,66.7,0.0,66.7,100.0,66.7,4,2
1745,Research & Development,Research Scientist,2026-H1,48.3,0.0,33.3,100.0,66.7,100.0,3,2
1746,Human Resources,Human Resources,2026-H1,66.7,100.0,66.7,0.0,66.7,100.0,3,2
1747,Human Resources,Human Resources,2026-H1,63.3,100.0,33.3,66.7,33.3,66.7,3,0
1749,Sales,Sales Executive,2026-H1,53.4,66.7,66.7,0.0,66.7,66.7,3,3
1751,Research & Development,Research Scientist,2026-H1,71.7,100.0,66.7,66.7,33.3,66.7,3,5
1752,Sales,Sales Representative,2026-H1,33.3,33.3,0.0,33.3,66.7,66.7,3,3
1753,Research & Development,Healthcare Representative,2026-H1,90.0,66.7,100.0,100.0,100.0,100.0,3,5
1754,Sales,Sales Executive,2026-H1,31.7,0.0,33.3,66.7,66.7,0.0,3,2
1755,Research & Development,Research Scientist,2026-H1,85.0,100.0,100.0,100.0,66.7,0.0,3,3
1756,Sales,Sales Executive,2026-H1,61.7,33.3,66.7,100.0,33.3,100.0,3,2
1757,Sales,Sales Executive,2026-H1,88.3,100.0,66.7,100.0,100.0,66.7,3,1
1758,Sales,Sales Executive,2026-H1,28.3,0.0,66.7,0.0,33.3,66.7,4,2
1760,Research & Development,Laboratory Technician,2026-H1,40.0,33.3,33.3,66.7,33.3,33.3,3,4
1761,Sales,Sales Executive,2026-H1,46.7,66.7,66.7,0.0,66.7,0.0,3,2
1762,Research & Development,Research Scientist,2026-H1,45.0,0.0,33.3,100.0,66.7,66.7,3,2
1763,Research & Development,Healthcare Representative,2026-H1,75.0,66.7,100.0,66.7,66.7,66.7,3,3
1764,Research & Development,Research Scientist,2026-H1,46.7,33.3,66.7,33.3,66.7,33.3,3,3
1766,Research & Development,Healthcare Representative,2026-H1,53.3,100.0,0.0,33.3,66.7,66.7,3,2
1767,Research & Development,Research Scientist,2026-H1,61.7,66.7,33.3,66.7,66.7,100.0,3,4
1768,Research & Development,Laboratory Technician,2026-H1,41.6,33.3,66.7,33.3,33.3,33.3,4,6
1770,Research & Development,Research Director,2026-H1,35.0,0.0,33.3,66.7,66.7,33.3,3,2
1771,Research & Development,Research Scientist,2026-H1,61.7,33.3,66.7,100.0,33.3,100.0,3,2
1772,Research & Development,Laboratory Technician,2026-H1,43.4,0.0,66.7,66.7,66.7,33.3,4,2
1774,Sales,Sales Executive,2026-H1,73.4,66.7,66.7,100.0,66.7,66.7,3,3
1775,Research & Development,Manufacturing Director,2026-H1,43.3,66.7,33.3,0.0,33.3,100.0,4,2
1778,Human Resources,Human Resources,2026-H1,66.7,100.0,66.7,33.3,66.7,33.3,3,5
1779,Sales,Sales Executive,2026-H1,60.0,100.0,0.0,100.0,66.7,0.0,3,3
1780,Sales,Sales Representative,2026-H1,46.7,33.3,66.7,33.3,66.7,33.3,3,3
1782,Research & Development,Laboratory Technician,2026-H1,61.7,66.7,33.3,100.0,66.7,33.3,3,3
1783,Research & Development,Laboratory Technician,2026-H1,46.7,0.0,66.7,66.7,66.7,66.7,3,6
1784,Sales,Sales Executive,2026-H1,48.3,100.0,33.3,0.0,66.7,0.0,3,3
1786,Research & Development,Manager,2026-H1,56.7,66.7,66.7,0.0,66.7,100.0,3,2
1787,Sales,Sales Executive,2026-H1,35.0,33.3,33.3,33.3,66.7,0.0,3,2
1789,Research & Development,Research Director,2026-H1,76.7,100.0,66.7,66.7,66.7,66.7,3,3
1790,Research & Development,Healthcare Representative,2026-H1,56.7,0.0,66.7,100.0,66.7,100.0,3,1
1792,Research & Development,Research Scientist,2026-H1,51.7,33.3,66.7,66.7,33.3,66.7,3,2
1794,Human Resources,Human Resources,2026-H1,51.7,33.3,66.7,66.7,33.3,66.7,3,4
1797,Sales,Sales Executive,2026-H1,80.0,100.0,66.7,66.7,66.7,100.0,3,2
1798,Research & Development,Research Scientist,2026-H1,58.3,0.0,100.0,100.0,66.7,33.3,3,1
1799,Research & Development,Research Scientist,2026-H1,81.7,100.0,66.7,66.7,100.0,66.7,3,6
1800,Research & Development,Research Director,2026-H1,66.7,66.7,66.7,66.7,66.7,66.7,4,3
1801,Sales,Sales Executive,2026-H1,41.6,33.3,33.3,33.3,66.7,66.7,3,3
1802,Research & Development,Laboratory Technician,2026-H1,45.0,0.0,66.7,66.7,33.3,100.0,3,5
1803,Research & Development,Healthcare Representative,2026-H1,43.3,0.0,100.0,33.3,33.3,66.7,3,2
1804,Research & Development,Manufacturing Director,2026-H1,70.0,100.0,66.7,33.3,66.7,66.7,3,6
1805,Human Resources,Human Resources,2026-H1,46.7,33.3,66.7,0.0,66.7,100.0,3,3
1807,Research & Development,Laboratory Technician,2026-H1,48.3,0.0,66.7,100.0,33.3,66.7,3,3
1809,Research & Development,Manufacturing Director,2026-H1,40.0,0.0,66.7,100.0,0.0,33.3,3,4
1812,Sales,Sales Executive,2026-H1,80.0,100.0,66.7,66.7,66.7,100.0,3,6
1813,Research & Development,Research Scientist,2026-H1,48.4,66.7,66.7,0.0,33.3,66.7,3,2
1814,Research & Development,Healthcare Representative,2026-H1,41.6,33.3,100.0,33.3,0.0,0.0,3,3
1815,Sales,Sales Executive,2026-H1,75.0,66.7,66.7,66.7,100.0,100.0,3,3
1816,Research & Development,Manufacturing Director,2026-H1,50.0,66.7,66.7,0.0,66.7,33.3,3,3
1818,Human Resources,Human Resources,2026-H1,63.3,33.3,66.7,100.0,66.7,66.7,3,3
1821,Research & Development,Healthcare Representative,2026-H1,71.7,33.3,66.7,100.0,100.0,100.0,4,2
1822,Research & Development,Healthcare Representative,2026-H1,80.0,100.0,66.7,66.7,66.7,100.0,3,3
1823,Sales,Sales Executive,2026-H1,68.3,66.7,100.0,33.3,66.7,66.7,4,5
1824,Sales,Manager,2026-H1,48.3,33.3,66.7,33.3,33.3,100.0,4,0
1826,Research & Development,Laboratory Technician,2026-H1,45.0,66.7,0.0,33.3,100.0,33.3,3,2
1827,Research & Development,Manufacturing Director,2026-H1,48.3,33.3,33.3,66.7,66.7,66.7,3,4
1829,Research & Development,Healthcare Representative,2026-H1,36.7,0.0,66.7,33.3,66.7,33.3,3,3
1830,Research & Development,Research Scientist,2026-H1,75.0,100.0,66.7,100.0,33.3,33.3,3,2
1833,Sales,Sales Executive,2026-H1,36.7,0.0,66.7,0.0,66.7,100.0,3,3
1834,Research & Development,Research Scientist,2026-H1,46.7,0.0,66.7,66.7,66.7,66.7,4,3
1835,Sales,Sales Representative,2026-H1,41.7,100.0,0.0,33.3,33.3,0.0,4,4
1836,Sales,Sales Executive,2026-H1,70.0,100.0,66.7,66.7,66.7,0.0,3,4
1837,Research & Development,Research Director,2026-H1,50.0,66.7,66.7,0.0,66.7,33.3,3,3
1839,Research & Development,Research Scientist,2026-H1,50.0,66.7,66.7,33.3,0.0,66.7,3,4
1842,Human Resources,Human Resources,2026-H1,61.7,0.0,100.0,100.0,66.7,66.7,3,4
1844,Human Resources,Human Resources,2026-H1,28.3,0.0,33.3,0.0,66.7,100.0,3,3
1845,Sales,Sales Executive,2026-H1,68.4,66.7,66.7,66.7,100.0,33.3,4,3
1847,Research & Development,Research Scientist,2026-H1,66.7,33.3,66.7,100.0,66.7,100.0,4,2
1849,Sales,Sales Executive,2026-H1,63.4,100.0,66.7,0.0,66.7,66.7,4,5
1850,Research & Development,Laboratory Technician,2026-H1,78.3,100.0,66.7,100.0,33.3,66.7,3,3
1852,Research & Development,Laboratory Technician,2026-H1,85.0,100.0,66.7,100.0,100.0,33.3,3,3
1853,Sales,Sales Executive,2026-H1,88.3,100.0,66.7,100.0,100.0,66.7,3,2
1854,Research & Development,Research Scientist,2026-H1,58.4,66.7,66.7,66.7,33.3,33.3,4,1
1856,Research & Development,Laboratory Technician,2026-H1,60.0,66.7,66.7,33.3,66.7,66.7,3,2
1857,Research & Development,Manufacturing Director,2026-H1,78.3,100.0,66.7,100.0,33.3,66.7,3,4
1858,Human Resources,Human Resources,2026-H1,73.4,100.0,66.7,66.7,66.7,33.3,3,2
1859,Research & Development,Healthcare Representative,2026-H1,60.0,66.7,0.0,100.0,66.7,100.0,3,3
1860,Research & Development,Laboratory Technician,2026-H1,76.7,66.7,66.7,100.0,66.7,100.0,3,3
1862,Sales,Sales Executive,2026-H1,43.3,33.3,33.3,66.7,33.3,66.7,3,3
1863,Sales,Sales Executive,2026-H1,45.0,0.0,100.0,0.0,66.7,100.0,3,5
1864,Sales,Sales Representative,2026-H1,55.0,66.7,33.3,33.3,66.7,100.0,4,5
1865,Human Resources,Human Resources,2026-H1,58.3,33.3,33.3,100.0,66.7,100.0,3,3
1866,Research & Development,Manager,2026-H1,48.3,66.7,33.3,0.0,66.7,100.0,3,2
1867,Research & Development,Research Director,2026-H1,58.3,33.3,33.3,100.0,66.7,100.0,3,3
1868,Research & Development,Research Scientist,2026-H1,66.6,100.0,33.3,100.0,33.3,33.3,4,3
1869,Sales,Sales Executive,2026-H1,56.7,33.3,66.7,66.7,66.7,66.7,4,2
1870,Research & Development,Research Scientist,2026-H1,43.3,0.0,33.3,100.0,33.3,100.0,3,2
1871,Research & Development,Research Scientist,2026-H1,80.0,100.0,66.7,100.0,66.7,33.3,3,2
1873,Research & Development,Research Scientist,2026-H1,63.3,100.0,33.3,33.3,100.0,33.3,4,2
1875,Sales,Sales Representative,2026-H1,53.3,33.3,66.7,33.3,66.7,100.0,3,3
1876,Sales,Sales Representative,2026-H1,65.0,100.0,66.7,33.3,33.3,66.7,3,3
1878,Research & Development,Research Scientist,2026-H1,56.7,33.3,66.7,100.0,66.7,0.0,4,2
1880,Sales,Sales Executive,2026-H1,45.0,66.7,33.3,33.3,66.7,0.0,3,4
1881,Research & Development,Laboratory Technician,2026-H1,53.4,66.7,66.7,33.3,66.7,0.0,3,2
1882,Sales,Sales Executive,2026-H1,80.0,100.0,66.7,66.7,66.7,100.0,3,3
1883,Research & Development,Laboratory Technician,2026-H1,50.0,0.0,66.7,100.0,66.7,33.3,3,2
1885,Research & Development,Research Scientist,2026-H1,53.4,0.0,66.7,100.0,66.7,66.7,4,2
1886,Research & Development,Manufacturing Director,2026-H1,58.3,33.3,33.3,100.0,66.7,100.0,3,2
1888,Research & Development,Manufacturing Director,2026-H1,60.0,100.0,33.3,33.3,33.3,100.0,3,2
1890,Human Resources,Human Resources,2026-H1,60.0,100.0,33.3,33.3,33.3,100.0,4,2
1892,Research & Development,Manager,2026-H1,26.7,0.0,66.7,0.0,66.7,0.0,3,3
1893,Research & Development,Research Scientist,2026-H1,46.7,66.7,33.3,33.3,33.3,66.7,3,3
1898,Sales,Sales Executive,2026-H1,53.3,66.7,100.0,0.0,33.3,33.3,3,5
1900,Research & Development,Manager,2026-H1,80.0,100.0,66.7,100.0,66.7,33.3,3,3
1903,Research & Development,Healthcare Representative,2026-H1,51.7,0.0,100.0,33.3,66.7,100.0,3,5
1905,Research & Development,Research Scientist,2026-H1,33.3,0.0,0.0,100.0,66.7,33.3,4,2
1907,Research & Development,Laboratory Technician,2026-H1,66.7,100.0,66.7,0.0,66.7,100.0,3,3
1908,Sales,Sales Executive,2026-H1,38.3,33.3,33.3,66.7,0.0,66.7,3,1
1909,Sales,Sales Executive,2026-H1,56.7,33.3,66.7,66.7,66.7,66.7,4,3
1911,Research & Development,Research Director,2026-H1,48.3,0.0,66.7,66.7,100.0,33.3,3,3
1912,Sales,Sales Executive,2026-H1,80.0,100.0,66.7,66.7,66.7,100.0,3,2
1915,Sales,Sales Executive,2026-H1,70.0,100.0,33.3,100.0,33.3,66.7,3,3
1916,Research & Development,Laboratory Technician,2026-H1,53.3,66.7,100.0,0.0,33.3,33.3,3,0
1918,Research & Development,Laboratory Technician,2026-H1,78.3,100.0,100.0,66.7,66.7,0.0,3,3
1922,Research & Development,Healthcare Representative,2026-H1,60.0,66.7,66.7,33.3,66.7,66.7,3,3
1924,Sales,Sales Executive,2026-H1,51.7,66.7,66.7,33.3,33.3,33.3,3,2
1927,Sales,Sales Executive,2026-H1,68.3,100.0,33.3,66.7,66.7,66.7,3,2
1928,Sales,Sales Representative,2026-H1,58.3,0.0,100.0,66.7,66.7,100.0,3,3
1929,Sales,Sales Executive,2026-H1,36.7,66.7,0.0,0.0,66.7,66.7,3,1
1931,Research & Development,Research Scientist,2026-H1,45.0,33.3,66.7,33.3,33.3,66.7,3,3
1932,Research & Development,Research Scientist,2026-H1,65.0,100.0,33.3,66.7,66.7,33.3,3,3
1933,Sales,Sales Executive,2026-H1,76.7,66.7,66.7,100.0,66.7,100.0,3,0
1934,Research & Development,Research Scientist,2026-H1,61.7,33.3,66.7,66.7,100.0,66.7,3,4
1935,Sales,Sales Executive,2026-H1,45.0,0.0,33.3,100.0,66.7,66.7,3,3
1936,Research & Development,Manufacturing Director,2026-H1,36.7,0.0,66.7,0.0,66.7,100.0,4,3
1937,Research & Development,Research Scientist,2026-H1,55.0,33.3,33.3,100.0,66.7,66.7,3,3
1938,Sales,Manager,2026-H1,78.3,100.0,66.7,100.0,33.3,66.7,3,2
1939,Research & Development,Research Scientist,2026-H1,55.0,66.7,100.0,0.0,66.7,0.0,3,2
1940,Research & Development,Research Scientist,2026-H1,78.3,100.0,66.7,33.3,100.0,100.0,3,0
1941,Research & Development,Research Director,2026-H1,73.3,100.0,66.7,33.3,66.7,100.0,3,3
1943,Sales,Sales Executive,2026-H1,70.0,100.0,66.7,33.3,66.7,66.7,3,4
1944,Human Resources,Human Resources,2026-H1,28.3,33.3,33.3,0.0,66.7,0.0,3,2
1945,Sales,Sales Executive,2026-H1,33.3,0.0,66.7,33.3,0.0,100.0,3,2
1947,Research & Development,Research Scientist,2026-H1,61.7,66.7,66.7,66.7,33.3,66.7,3,3
1948,Research & Development,Research Scientist,2026-H1,55.0,0.0,66.7,66.7,100.0,100.0,3,3
1949,Research & Development,Laboratory Technician,2026-H1,48.3,33.3,100.0,0.0,66.7,33.3,4,3
1950,Sales,Sales Executive,2026-H1,51.7,100.0,66.7,0.0,33.3,0.0,4,3
1951,Sales,Sales Executive,2026-H1,68.4,66.7,66.7,100.0,33.3,66.7,3,2
1952,Research & Development,Laboratory Technician,2026-H1,45.0,0.0,66.7,66.7,33.3,100.0,3,6
1954,Research & Development,Healthcare Representative,2026-H1,21.7,0.0,66.7,0.0,33.3,0.0,3,5
1955,Research & Development,Healthcare Representative,2026-H1,73.4,100.0,66.7,66.7,66.7,33.3,3,6
1956,Research & Development,Research Scientist,2026-H1,33.3,0.0,0.0,100.0,66.7,33.3,4,6
1960,Research & Development,Laboratory Technician,2026-H1,56.7,100.0,33.3,66.7,33.3,0.0,3,2
1961,Sales,Sales Representative,2026-H1,13.3,0.0,33.3,0.0,33.3,0.0,3,3
1962,Sales,Sales Executive,2026-H1,80.0,100.0,66.7,66.7,66.7,100.0,3,2
1965,Sales,Sales Executive,2026-H1,76.7,100.0,66.7,100.0,66.7,0.0,3,5
1966,Research & Development,Manufacturing Director,2026-H1,71.7,100.0,33.3,100.0,66.7,33.3,4,1
1967,Sales,Sales Executive,2026-H1,63.4,100.0,66.7,0.0,66.7,66.7,3,4
1968,Sales,Sales Executive,2026-H1,25.0,0.0,66.7,0.0,33.3,33.3,3,2
1969,Research & Development,Research Scientist,2026-H1,48.4,66.7,66.7,0.0,33.3,66.7,3,6
1970,Research & Development,Healthcare Representative,2026-H1,73.4,66.7,66.7,100.0,66.7,66.7,4,2
1971,Research & Development,Healthcare Representative,2026-H1,50.0,66.7,66.7,0.0,66.7,33.3,3,1
1972,Human Resources,Human Resources,2026-H1,60.0,33.3,66.7,100.0,66.7,33.3,3,2
1973,Human Resources,Manager,2026-H1,58.3,33.3,100.0,66.7,66.7,0.0,3,0
1974,Research & Development,Laboratory Technician,2026-H1,66.7,100.0,0.0,100.0,66.7,66.7,3,4
1975,Sales,Sales Executive,2026-H1,33.3,0.0,66.7,33.3,66.7,0.0,3,3
1976,Research & Development,Research Scientist,2026-H1,68.3,66.7,33.3,100.0,66.7,100.0,3,2
1979,Research & Development,Research Director,2026-H1,71.7,66.7,66.7,66.7,100.0,66.7,4,2
1980,Research & Development,Manufacturing Director,2026-H1,50.0,0.0,66.7,66.7,66.7,100.0,3,3
1981,Research & Development,Healthcare Representative,2026-H1,43.3,66.7,33.3,33.3,33.3,33.3,3,2
1982,Research & Development,Laboratory Technician,2026-H1,88.3,100.0,66.7,100.0,100.0,66.7,3,6
1985,Research & Development,Laboratory Technician,2026-H1,71.7,66.7,66.7,100.0,100.0,0.0,3,2
1986,Sales,Sales Executive,2026-H1,50.0,33.3,66.7,33.3,66.7,66.7,3,4
1987,Human Resources,Human Resources,2026-H1,56.7,33.3,66.7,66.7,66.7,66.7,3,3
1989,Research & Development,Laboratory Technician,2026-H1,58.3,33.3,66.7,100.0,33.3,66.7,3,6
1992,Research & Development,Laboratory Technician,2026-H1,68.4,66.7,66.7,100.0,33.3,66.7,3,2
1993,Research & Development,Healthcare Representative,2026-H1,50.0,66.7,66.7,0.0,66.7,33.3,4,3
1994,Research & Development,Laboratory Technician,2026-H1,46.7,66.7,33.3,33.3,33.3,66.7,3,2
1995,Sales,Sales Executive,2026-H1,56.7,33.3,66.7,100.0,66.7,0.0,3,3
1996,Sales,Sales Representative,2026-H1,53.4,66.7,66.7,0.0,66.7,66.7,3,1
1997,Research & Development,Manufacturing Director,2026-H1,48.3,66.7,33.3,0.0,66.7,100.0,3,1
1998,Research & Development,Research Scientist,2026-H1,48.3,0.0,66.7,100.0,33.3,66.7,3,3
1999,Research & Development,Research Scientist,2026-H1,76.7,100.0,66.7,100.0,66.7,0.0,4,3
2000,Research & Development,Research Director,2026-H1,40.0,33.3,66.7,66.7,0.0,0.0,3,3
2003,Research & Development,Laboratory Technician,2026-H1,73.4,66.7,66.7,100.0,66.7,66.7,3,3
2007,Research & Development,Research Scientist,2026-H1,81.7,66.7,66.7,100.0,100.0,100.0,3,2
2008,Research & Development,Research Scientist,2026-H1,56.7,66.7,66.7,33.3,66.7,33.3,3,5
2009,Research & Development,Healthcare Representative,2026-H1,63.3,100.0,66.7,33.3,66.7,0.0,3,6
2010,Research & Development,Laboratory Technician,2026-H1,48.3,33.3,33.3,66.7,66.7,66.7,3,3
2012,Research & Development,Laboratory Technician,2026-H1,58.3,100.0,66.7,0.0,33.3,66.7,3,3
2013,Sales,Sales Representative,2026-H1,38.3,33.3,33.3,33.3,66.7,33.3,3,2
2014,Research & Development,Research Scientist,2026-H1,56.7,100.0,66.7,0.0,66.7,0.0,3,2
2015,Research & Development,Research Director,2026-H1,36.7,66.7,0.0,33.3,66.7,0.0,3,3
2016,Sales,Sales Executive,2026-H1,76.7,100.0,66.7,66.7,66.7,66.7,3,3
2017,Research & Development,Research Director,2026-H1,78.3,100.0,100.0,66.7,66.7,0.0,4,2
2018,Sales,Sales Executive,2026-H1,45.0,66.7,66.7,0.0,33.3,33.3,4,3
2019,Sales,Sales Representative,2026-H1,55.0,100.0,66.7,0.0,33.3,33.3,3,3
2020,Research & Development,Research Scientist,2026-H1,70.0,100.0,66.7,33.3,66.7,66.7,3,2
2021,Sales,Sales Representative,2026-H1,50.0,0.0,66.7,66.7,66.7,100.0,3,6
2022,Research & Development,Manager,2026-H1,78.3,100.0,66.7,100.0,33.3,66.7,3,3
2023,Sales,Sales Representative,2026-H1,41.7,0.0,66.7,100.0,33.3,0.0,3,3
2024,Sales,Sales Executive,2026-H1,55.0,100.0,33.3,0.0,66.7,66.7,3,2
2025,Research & Development,Manufacturing Director,2026-H1,60.0,33.3,66.7,100.0,66.7,33.3,3,3
2026,Research & Development,Healthcare Representative,2026-H1,55.0,66.7,66.7,66.7,33.3,0.0,4,2
2027,Research & Development,Research Scientist,2026-H1,65.0,100.0,66.7,0.0,100.0,33.3,3,3
2031,Research & Development,Manager,2026-H1,41.7,66.7,66.7,0.0,33.3,0.0,3,2
2032,Research & Development,Laboratory Technician,2026-H1,66.7,66.7,66.7,100.0,0.0,100.0,3,4
2034,Research & Development,Manufacturing Director,2026-H1,35.0,33.3,33.3,0.0,66.7,66.7,4,3
2035,Sales,Sales Executive,2026-H1,68.3,66.7,33.3,100.0,66.7,100.0,4,2
2036,Sales,Sales Executive,2026-H1,55.0,100.0,0.0,100.0,33.3,0.0,4,4
2037,Sales,Sales Executive,2026-H1,48.3,33.3,33.3,66.7,66.7,66.7,3,5
2038,Research & Development,Research Scientist,2026-H1,56.7,0.0,66.7,100.0,66.7,100.0,3,4
2040,Human Resources,Human Resources,2026-H1,76.7,100.0,66.7,66.7,66.7,66.7,3,2
2041,Sales,Sales Executive,2026-H1,63.4,100.0,66.7,0.0,66.7,66.7,3,1
2044,Sales,Sales Executive,2026-H1,63.4,66.7,66.7,33.3,66.7,100.0,3,3
2045,Sales,Sales Executive,2026-H1,50.0,100.0,33.3,33.3,33.3,0.0,3,2
2046,Sales,Sales Executive,2026-H1,73.4,66.7,66.7,100.0,66.7,66.7,3,3
2048,Research & Development,Research Scientist,2026-H1,61.7,66.7,33.3,66.7,66.7,100.0,3,2
2049,Research & Development,Healthcare Representative,2026-H1,75.0,66.7,66.7,66.7,100.0,100.0,3,2
2051,Research & Development,Research Scientist,2026-H1,63.4,66.7,66.7,66.7,66.7,33.3,3,2
2052,Research & Development,Research Scientist,2026-H1,63.3,100.0,0.0,66.7,66.7,100.0,3,5
2053,Research & Development,Laboratory Technician,2026-H1,48.3,33.3,33.3,100.0,66.7,0.0,3,2
2054,Research & Development,Research Scientist,2026-H1,31.7,0.0,33.3,100.0,0.0,33.3,3,3
2055,Sales,Sales Executive,2026-H1,41.7,0.0,33.3,100.0,66.7,33.3,3,3
2056,Sales,Sales Executive,2026-H1,50.0,100.0,33.3,33.3,33.3,0.0,3,2
2057,Research & Development,Manufacturing Director,2026-H1,36.7,0.0,66.7,33.3,66.7,33.3,3,2
2060,Sales,Sales Representative,2026-H1,68.3,66.7,33.3,100.0,66.7,100.0,3,2
2061,Research & Development,Laboratory Technician,2026-H1,85.0,100.0,100.0,66.7,66.7,66.7,3,3
2062,Research & Development,Healthcare Representative,2026-H1,38.3,0.0,33.3,100.0,66.7,0.0,3,5
2064,Research & Development,Manufacturing Director,2026-H1,55.0,33.3,100.0,33.3,66.7,33.3,4,0
2065,Sales,Sales Executive,2026-H1,53.3,33.3,33.3,100.0,33.3,100.0,3,3
2068,Research & Development,Laboratory Technician,2026-H1,66.7,66.7,100.0,33.3,100.0,0.0,3,3
