EmployeeID,Department,JobRole,MissingSkill,Recommendation,CourseID,CourseTitle,Provider,Level,DurationHours,MatchType,SkillImportance,OrgSeverity,AttritionRisk,Priority,Rank
1,Sales,Sales Executive,Microsoft PowerPoint,Learn Microsoft PowerPoint,C012,Presenting Data to Decision Makers,LinkedIn Learning,Beginner,10,tag,4.5,HIGH,HIGH,9.45,1
1,Sales,Sales Executive,Microsoft Office,Learn Microsoft Office,C013,Productivity Suite Fundamentals,Microsoft Learn,Beginner,10,tag,4.5,HIGH,HIGH,9.45,2
1,Sales,Sales Executive,Salesforce,Learn Salesforce,C026,Managing the Customer Pipeline,Trailhead,Beginner,16,tag,4.5,HIGH,HIGH,9.45,3
2,Research & Development,Research Scientist,R,Learn R,C002,Statistical Programming in R,Coursera,Intermediate,24,tag,4.5,HIGH,LOW,6.75,1
2,Research & Development,Research Scientist,Writing,Learn Writing,C035,Business Writing for Clarity,LinkedIn Learning,Beginner,8,tag,4.25,HIGH,LOW,6.375,2
2,Research & Development,Research Scientist,Science,Learn Science,C038,Scientific Method in Practice,edX,Intermediate,14,tag,4.12,HIGH,LOW,6.18,3
4,Research & Development,Laboratory Technician,Microsoft Excel,Learn Microsoft Excel,C010,Advanced Spreadsheet Modelling,Microsoft Learn,Intermediate,12,tag,4.5,HIGH,HIGH,9.45,1
4,Research & Development,Laboratory Technician,Microsoft Office,Learn Microsoft Office,C013,Productivity Suite Fundamentals,Microsoft Learn,Beginner,10,tag,4.5,HIGH,HIGH,9.45,2
4,Research & Development,Laboratory Technician,Reading Comprehension,Learn Reading Comprehension,C035,Business Writing for Clarity,LinkedIn Learning,Beginner,8,tag,3.75,HIGH,HIGH,7.875,3
5,Research & Development,Research Scientist,R,Learn R,C002,Statistical Programming in R,Coursera,Intermediate,24,tag,4.5,HIGH,LOW,6.75,1
5,Research & Development,Research Scientist,Microsoft Office,Learn Microsoft Office,C013,Productivity Suite Fundamentals,Microsoft Learn,Beginner,10,tag,4.5,HIGH,LOW,6.75,2
5,Research & Development,Research Scientist,Reading Comprehension,Learn Reading Comprehension,C035,Business Writing for Clarity,LinkedIn Learning,Beginner,8,tag,4.0,HIGH,LOW,6.0,3
7,Research & Development,Laboratory Technician,Reading Comprehension,Learn Reading Comprehension,C035,Business Writing for Clarity,LinkedIn Learning,Beginner,8,tag,3.75,HIGH,HIGH,7.875,1
7,Research & Development,Laboratory Technician,Active Listening,Learn Active Listening,C015,Running Effective Remote Meetings,LinkedIn Learning,Beginner,6,tag,3.62,HIGH,HIGH,7.602,2
7,Research & Development,Laboratory Technician,Microsoft PowerPoint,Learn Microsoft PowerPoint,C012,Presenting Data to Decision Makers,LinkedIn Learning,Beginner,10,tag,3.5,HIGH,HIGH,7.35,3
8,Research & Development,Laboratory Technician,Microsoft Excel,Learn Microsoft Excel,C010,Advanced Spreadsheet Modelling,Microsoft Learn,Intermediate,12,tag,4.5,HIGH,LOW,6.75,1
8,Research & Development,Laboratory Technician,Reading Comprehension,Learn Reading Comprehension,C035,Business Writing for Clarity,LinkedIn Learning,Beginner,8,tag,3.75,HIGH,LOW,5.625,2
8,Research & Development,Laboratory Technician,Active Listening,Learn Active Listening,C015,Running Effective Remote Meetings,LinkedIn Learning,Beginner,6,tag,3.62,HIGH,LOW,5.43,3
10,Research & Development,Laboratory Technician,Microsoft Office,Learn Microsoft Office,C013,Productivity Suite Fundamentals,Microsoft Learn,Beginner,10,tag,4.5,HIGH,MEDIUM,7.762,1
10,Research & Development,Laboratory Technician,Active Listening,Learn Active Listening,C015,Running Effective Remote Meetings,LinkedIn Learning,Beginner,6,tag,3.62,HIGH,MEDIUM,6.244,2
10,Research & Development,Laboratory Technician,Microsoft Word,Learn Microsoft Word,C011,Business Documents That Get Read,LinkedIn Learning,Beginner,8,tag,3.5,HIGH,MEDIUM,6.037,3
11,Research & Development,Laboratory Technician,Microsoft Excel,Learn Microsoft Excel,C010,Advanced Spreadsheet Modelling,Microsoft Learn,Intermediate,12,tag,4.5,HIGH,MEDIUM,7.762,1
11,Research & Development,Laboratory Technician,Reading Comprehension,Learn Reading Comprehension,C035,Business Writing for Clarity,LinkedIn Learning,Beginner,8,tag,3.75,HIGH,MEDIUM,6.469,2
11,Research & Development,Laboratory Technician,SAP,Learn SAP,C029,Enterprise Resource Planning Essentials,SAP,Intermediate,24,tag,3.5,HIGH,MEDIUM,6.037,3
12,Research & Development,Manufacturing Director,Microsoft PowerPoint,Learn Microsoft PowerPoint,C012,Presenting Data to Decision Makers,LinkedIn Learning,Beginner,10,tag,4.5,HIGH,LOW,6.75,1
12,Research & Development,Manufacturing Director,Microsoft Excel,Learn Microsoft Excel,C010,Advanced Spreadsheet Modelling,Microsoft Learn,Intermediate,12,tag,4.5,HIGH,LOW,6.75,2
12,Research & Development,Manufacturing Director,Microsoft Outlook,Learn Microsoft Outlook,C013,Productivity Suite Fundamentals,Microsoft Learn,Beginner,10,tag,4.5,HIGH,LOW,6.75,3
13,Research & Development,Healthcare Representative,Microsoft Office,Learn Microsoft Office,C013,Productivity Suite Fundamentals,Microsoft Learn,Beginner,10,tag,4.5,HIGH,LOW,6.75,1
13,Research & Development,Healthcare Representative,Active Listening,Learn Active Listening,C015,Running Effective Remote Meetings,LinkedIn Learning,Beginner,6,tag,4.12,HIGH,LOW,6.18,2
13,Research & Development,Healthcare Representative,Reading Comprehension,Learn Reading Comprehension,C035,Business Writing for Clarity,LinkedIn Learning,Beginner,8,tag,3.75,HIGH,LOW,5.625,3
14,Research & Development,Laboratory Technician,Microsoft Excel,Learn Microsoft Excel,C010,Advanced Spreadsheet Modelling,Microsoft Learn,Intermediate,12,tag,4.5,HIGH,LOW,6.75,1
14,Research & Development,Laboratory Technician,Active Listening,Learn Active Listening,C015,Running Effective Remote Meetings,LinkedIn Learning,Beginner,6,tag,3.62,HIGH,LOW,5.43,2
14,Research & Development,Laboratory Technician,MEDITECH,Learn MEDITECH,C032,Clinical Records and Patient Data Systems,HIMSS,Intermediate,18,tag,3.5,HIGH,LOW,5.25,3
15,Research & Development,Laboratory Technician,Microsoft Excel,Learn Microsoft Excel,C010,Advanced Spreadsheet Modelling,Microsoft Learn,Intermediate,12,tag,4.5,HIGH,MEDIUM,7.762,1
15,Research & Development,Laboratory Technician,Microsoft Office,Learn Microsoft Office,C013,Productivity Suite Fundamentals,Microsoft Learn,Beginner,10,tag,4.5,HIGH,MEDIUM,7.762,2
15,Research & Development,Laboratory Technician,Reading Comprehension,Learn Reading Comprehension,C035,Business Writing for Clarity,LinkedIn Learning,Beginner,8,tag,3.75,HIGH,MEDIUM,6.469,3
16,Research & Development,Research Scientist,Microsoft Excel,Learn Microsoft Excel,C010,Advanced Spreadsheet Modelling,Microsoft Learn,Intermediate,12,tag,4.5,HIGH,MEDIUM,7.762,1
16,Research & Development,Research Scientist,R,Learn R,C002,Statistical Programming in R,Coursera,Intermediate,24,tag,4.5,HIGH,MEDIUM,7.762,2
16,Research & Development,Research Scientist,Writing,Learn Writing,C035,Business Writing for Clarity,LinkedIn Learning,Beginner,8,tag,4.25,HIGH,MEDIUM,7.331,3
18,Research & Development,Laboratory Technician,Microsoft Office,Learn Microsoft Office,C013,Productivity Suite Fundamentals,Microsoft Learn,Beginner,10,tag,4.5,HIGH,LOW,6.75,1
18,Research & Development,Laboratory Technician,Reading Comprehension,Learn Reading Comprehension,C035,Business Writing for Clarity,LinkedIn Learning,Beginner,8,tag,3.75,HIGH,LOW,5.625,2
18,Research & Development,Laboratory Technician,Microsoft PowerPoint,Learn Microsoft PowerPoint,C012,Presenting Data to Decision Makers,LinkedIn Learning,Beginner,10,tag,3.5,HIGH,LOW,5.25,3
19,Research & Development,Laboratory Technician,Microsoft Excel,Learn Microsoft Excel,C010,Advanced Spreadsheet Modelling,Microsoft Learn,Intermediate,12,tag,4.5,HIGH,HIGH,9.45,1
19,Research & Development,Laboratory Technician,Microsoft Office,Learn Microsoft Office,C013,Productivity Suite Fundamentals,Microsoft Learn,Beginner,10,tag,4.5,HIGH,HIGH,9.45,2
19,Research & Development,Laboratory Technician,Reading Comprehension,Learn Reading Comprehension,C035,Business Writing for Clarity,LinkedIn Learning,Beginner,8,tag,3.75,HIGH,HIGH,7.875,3
20,Research & Development,Manufacturing Director,SAP,Learn SAP,C029,Enterprise Resource Planning Essentials,SAP,Intermediate,24,tag,4.5,HIGH,LOW,6.75,1
20,Research & Development,Manufacturing Director,Microsoft Office,Learn Microsoft Office,C013,Productivity Suite Fundamentals,Microsoft Learn,Beginner,10,tag,4.5,HIGH,LOW,6.75,2
20,Research & Development,Manufacturing Director,Microsoft Outlook,Learn Microsoft Outlook,C013,Productivity Suite Fundamentals,Microsoft Learn,Beginner,10,tag,4.5,HIGH,LOW,6.75,3
21,Research & Development,Research Scientist,Microsoft Excel,Learn Microsoft Excel,C010,Advanced Spreadsheet Modelling,Microsoft Learn,Intermediate,12,tag,4.5,HIGH,LOW,6.75,1
21,Research & Development,Research Scientist,R,Learn R,C002,Statistical Programming in R,Coursera,Intermediate,24,tag,4.5,HIGH,LOW,6.75,2
21,Research & Development,Research Scientist,Writing,Learn Writing,C035,Business Writing for Clarity,LinkedIn Learning,Beginner,8,tag,4.25,HIGH,LOW,6.375,3
22,Research & Development,Laboratory Technician,Microsoft Excel,Learn Microsoft Excel,C010,Advanced Spreadsheet Modelling,Microsoft Learn,Intermediate,12,tag,4.5,HIGH,MEDIUM,7.762,1
22,Research & Development,Laboratory Technician,Active Listening,Learn Active Listening,C015,Running Effective Remote Meetings,LinkedIn Learning,Beginner,6,tag,3.62,HIGH,MEDIUM,6.244,2
22,Research & Development,Laboratory Technician,SAP,Learn SAP,C029,Enterprise Resource Planning Essentials,SAP,Intermediate,24,tag,3.5,HIGH,MEDIUM,6.037,3
23,Sales,Manager,Microsoft Excel,Learn Microsoft Excel,C010,Advanced Spreadsheet Modelling,Microsoft Learn,Intermediate,12,tag,4.5,HIGH,LOW,6.75,1
23,Sales,Manager,Active Listening,Learn Active Listening,C015,Running Effective Remote Meetings,LinkedIn Learning,Beginner,6,tag,4.0,HIGH,LOW,6.0,2
23,Sales,Manager,Adobe Acrobat,Learn Adobe Acrobat,C019,Working with PDFs and Document Workflows,Adobe,Beginner,6,tag,3.5,HIGH,LOW,5.25,3
24,Research & Development,Research Scientist,Microsoft Excel,Learn Microsoft Excel,C010,Advanced Spreadsheet Modelling,Microsoft Learn,Intermediate,12,tag,4.5,HIGH,MEDIUM,7.762,1
24,Research & Development,Research Scientist,R,Learn R,C002,Statistical Programming in R,Coursera,Intermediate,24,tag,4.5,HIGH,MEDIUM,7.762,2
24,Research & Development,Research Scientist,Writing,Learn Writing,C035,Business Writing for Clarity,LinkedIn Learning,Beginner,8,tag,4.25,HIGH,MEDIUM,7.331,3
26,Research & Development,Manufacturing Director,Microsoft PowerPoint,Learn Microsoft PowerPoint,C012,Presenting Data to Decision Makers,LinkedIn Learning,Beginner,10,tag,4.5,HIGH,LOW,6.75,1
26,Research & Development,Manufacturing Director,Microsoft Excel,Learn Microsoft Excel,C010,Advanced Spreadsheet Modelling,Microsoft Learn,Intermediate,12,tag,4.5,HIGH,LOW,6.75,2
26,Research & Development,Manufacturing Director,Microsoft Outlook,Learn Microsoft Outlook,C013,Productivity Suite Fundamentals,Microsoft Learn,Beginner,10,tag,4.5,HIGH,LOW,6.75,3
27,Sales,Sales Representative,Speaking,Learn Speaking,C036,Listening and Influence at Work,LinkedIn Learning,Beginner,6,tag,3.88,HIGH,HIGH,8.148,1
27,Sales,Sales Representative,IBM SPSS Statistics,Learn IBM SPSS Statistics,C003,Applied Statistics with SPSS,IBM SkillsBuild,Beginner,16,tag,3.5,HIGH,HIGH,7.35,2
27,Sales,Sales Representative,Microsoft PowerPoint,Learn Microsoft PowerPoint,C012,Presenting Data to Decision Makers,LinkedIn Learning,Beginner,10,tag,3.5,HIGH,HIGH,7.35,3
28,Research & Development,Research Director,Science,Learn Science,C038,Scientific Method in Practice,edX,Intermediate,14,tag,4.12,HIGH,LOW,6.18,1
28,Research & Development,Research Director,Active Listening,Learn Active Listening,C015,Running Effective Remote Meetings,LinkedIn Learning,Beginner,6,tag,4.0,HIGH,LOW,6.0,2
28,Research & Development,Research Director,Speaking,Learn Speaking,C036,Listening and Influence at Work,LinkedIn Learning,Beginner,6,tag,3.88,HIGH,LOW,5.82,3
30,Research & Development,Research Scientist,Microsoft Excel,Learn Microsoft Excel,C010,Advanced Spreadsheet Modelling,Microsoft Learn,Intermediate,12,tag,4.5,HIGH,MEDIUM,7.762,1
30,Research & Development,Research Scientist,R,Learn R,C002,Statistical Programming in R,Coursera,Intermediate,24,tag,4.5,HIGH,MEDIUM,7.762,2
30,Research & Development,Research Scientist,Microsoft Office,Learn Microsoft Office,C013,Productivity Suite Fundamentals,Microsoft Learn,Beginner,10,tag,4.5,HIGH,MEDIUM,7.762,3
31,Research & Development,Research Scientist,Microsoft Excel,Learn Microsoft Excel,C010,Advanced Spreadsheet Modelling,Microsoft Learn,Intermediate,12,tag,4.5,HIGH,MEDIUM,7.762,1
31,Research & Development,Research Scientist,R,Learn R,C002,Statistical Programming in R,Coursera,Intermediate,24,tag,4.5,HIGH,MEDIUM,7.762,2
31,Research & Development,Research Scientist,Microsoft Office,Learn Microsoft Office,C013,Productivity Suite Fundamentals,Microsoft Learn,Beginner,10,tag,4.5,HIGH,MEDIUM,7.762,3
32,Research & Development,Manager,Microsoft PowerPoint,Learn Microsoft PowerPoint,C012,Presenting Data to Decision Makers,LinkedIn Learning,Beginner,10,tag,4.5,HIGH,LOW,6.75,1
32,Research & Development,Manager,Active Learning,Learn Active Learning,C034,Learning How to Learn,Coursera,Beginner,8,tag,3.62,HIGH,LOW,5.43,2
32,Research & Development,Manager,Apple macOS,Learn Apple macOS,C040,Operating Systems for End Users,Apple,Beginner,6,tag,3.5,HIGH,LOW,5.25,3
33,Research & Development,Research Scientist,Microsoft Excel,Learn Microsoft Excel,C010,Advanced Spreadsheet Modelling,Microsoft Learn,Intermediate,12,tag,4.5,HIGH,HIGH,9.45,1
33,Research & Development,Research Scientist,Speaking,Learn Speaking,C036,Listening and Influence at Work,LinkedIn Learning,Beginner,6,tag,4.12,HIGH,HIGH,8.652,2
33,Research & Development,Research Scientist,Active Learning,Learn Active Learning,C034,Learning How to Learn,Coursera,Beginner,8,tag,4.12,HIGH,HIGH,8.652,3
35,Sales,Sales Executive,Microsoft Excel,Learn Microsoft Excel,C010,Advanced Spreadsheet Modelling,Microsoft Learn,Intermediate,12,tag,4.5,HIGH,LOW,6.75,1
35,Sales,Sales Executive,Microsoft Outlook,Learn Microsoft Outlook,C013,Productivity Suite Fundamentals,Microsoft Learn,Beginner,10,tag,4.5,HIGH,LOW,6.75,2
35,Sales,Sales Executive,Adobe Creative Cloud,Learn Adobe Creative Cloud,C020,Digital Image Editing Foundations,Adobe,Beginner,16,tag,3.5,HIGH,LOW,5.25,3
36,Research & Development,Healthcare Representative,Microsoft Outlook,Learn Microsoft Outlook,C013,Productivity Suite Fundamentals,Microsoft Learn,Beginner,10,tag,4.5,HIGH,LOW,6.75,1
36,Research & Development,Healthcare Representative,Microsoft Access,Learn Microsoft Access,C009,Relational Databases and Query Design,Coursera,Beginner,18,tag,3.5,HIGH,LOW,5.25,2
36,Research & Development,Healthcare Representative,Monitoring,Learn Monitoring,C039,Performance Tracking and Review,LinkedIn Learning,Beginner,6,tag,3.12,HIGH,LOW,4.68,3
38,Sales,Manager,Monitoring,Learn Monitoring,C039,Performance Tracking and Review,LinkedIn Learning,Beginner,6,tag,4.0,HIGH,MEDIUM,6.9,1
38,Sales,Manager,Critical Thinking,Learn Critical Thinking,C033,Structured Problem Solving,Coursera,Intermediate,12,tag,3.88,HIGH,MEDIUM,6.693,2
38,Sales,Manager,Apple macOS,Learn Apple macOS,C040,Operating Systems for End Users,Apple,Beginner,6,tag,3.5,HIGH,MEDIUM,6.037,3
39,Research & Development,Laboratory Technician,Reading Comprehension,Learn Reading Comprehension,C035,Business Writing for Clarity,LinkedIn Learning,Beginner,8,tag,3.75,HIGH,MEDIUM,6.469,1
39,Research & Development,Laboratory Technician,Active Listening,Learn Active Listening,C015,Running Effective Remote Meetings,LinkedIn Learning,Beginner,6,tag,3.62,HIGH,MEDIUM,6.244,2
39,Research & Development,Laboratory Technician,SAP,Learn SAP,C029,Enterprise Resource Planning Essentials,SAP,Intermediate,24,tag,3.5,HIGH,MEDIUM,6.037,3
40,Research & Development,Healthcare Representative,Salesforce,Learn Salesforce,C026,Managing the Customer Pipeline,Trailhead,Beginner,16,tag,4.5,HIGH,LOW,6.75,1
40,Research & Development,Healthcare Representative,Speaking,Learn Speaking,C036,Listening and Influence at Work,LinkedIn Learning,Beginner,6,tag,4.25,HIGH,LOW,6.375,2
40,Research & Development,Healthcare Representative,Active Listening,Learn Active Listening,C015,Running Effective Remote Meetings,LinkedIn Learning,Beginner,6,tag,4.12,HIGH,LOW,6.18,3
41,Research & Development,Laboratory Technician,Microsoft Excel,Learn Microsoft Excel,C010,Advanced Spreadsheet Modelling,Microsoft Learn,Intermediate,12,tag,4.5,HIGH,MEDIUM,7.762,1
41,Research & Development,Laboratory Technician,Microsoft Office,Learn Microsoft Office,C013,Productivity Suite Fundamentals,Microsoft Learn,Beginner,10,tag,4.5,HIGH,MEDIUM,7.762,2
41,Research & Development,Laboratory Technician,Reading Comprehension,Learn Reading Comprehension,C035,Business Writing for Clarity,LinkedIn Learning,Beginner,8,tag,3.75,HIGH,MEDIUM,6.469,3
42,Sales,Sales Representative,Salesforce,Learn Salesforce,C026,Managing the Customer Pipeline,Trailhead,Beginner,16,tag,4.5,HIGH,LOW,6.75,1
42,Sales,Sales Representative,Active Listening,Learn Active Listening,C015,Running Effective Remote Meetings,LinkedIn Learning,Beginner,6,tag,3.88,HIGH,LOW,5.82,2
42,Sales,Sales Representative,Reading Comprehension,Learn Reading Comprehension,C035,Business Writing for Clarity,LinkedIn Learning,Beginner,8,tag,3.62,HIGH,LOW,5.43,3
45,Research & Development,Research Scientist,Microsoft Excel,Learn Microsoft Excel,C010,Advanced Spreadsheet Modelling,Microsoft Learn,Intermediate,12,tag,4.5,HIGH,HIGH,9.45,1
45,Research & Development,Research Scientist,Microsoft Office,Learn Microsoft Office,C013,Productivity Suite Fundamentals,Microsoft Learn,Beginner,10,tag,4.5,HIGH,HIGH,9.45,2
45,Research & Development,Research Scientist,Writing,Learn Writing,C035,Business Writing for Clarity,LinkedIn Learning,Beginner,8,tag,4.25,HIGH,HIGH,8.925,3
46,Research & Development,Research Scientist,Microsoft Excel,Learn Microsoft Excel,C010,Advanced Spreadsheet Modelling,Microsoft Learn,Intermediate,12,tag,4.5,HIGH,LOW,6.75,1
46,Research & Development,Research Scientist,R,Learn R,C002,Statistical Programming in R,Coursera,Intermediate,24,tag,4.5,HIGH,LOW,6.75,2
46,Research & Development,Research Scientist,Science,Learn Science,C038,Scientific Method in Practice,edX,Intermediate,14,tag,4.12,HIGH,LOW,6.18,3
47,Sales,Sales Representative,Microsoft Excel,Learn Microsoft Excel,C010,Advanced Spreadsheet Modelling,Microsoft Learn,Intermediate,12,tag,4.5,HIGH,HIGH,9.45,1
47,Sales,Sales Representative,Microsoft Office,Learn Microsoft Office,C013,Productivity Suite Fundamentals,Microsoft Learn,Beginner,10,tag,4.5,HIGH,HIGH,9.45,2
47,Sales,Sales Representative,Salesforce,Learn Salesforce,C026,Managing the Customer Pipeline,Trailhead,Beginner,16,tag,4.5,HIGH,HIGH,9.45,3
49,Sales,Sales Representative,Salesforce,Learn Salesforce,C026,Managing the Customer Pipeline,Trailhead,Beginner,16,tag,4.5,HIGH,LOW,6.75,1
49,Sales,Sales Representative,Speaking,Learn Speaking,C036,Listening and Influence at Work,LinkedIn Learning,Beginner,6,tag,3.88,HIGH,LOW,5.82,2
49,Sales,Sales Representative,Active Listening,Learn Active Listening,C015,Running Effective Remote Meetings,LinkedIn Learning,Beginner,6,tag,3.88,HIGH,LOW,5.82,3
51,Research & Development,Research Scientist,Microsoft Office,Learn Microsoft Office,C013,Productivity Suite Fundamentals,Microsoft Learn,Beginner,10,tag,4.5,HIGH,HIGH,9.45,1
51,Research & Development,Research Scientist,Writing,Learn Writing,C035,Business Writing for Clarity,LinkedIn Learning,Beginner,8,tag,4.25,HIGH,HIGH,8.925,2
51,Research & Development,Research Scientist,Science,Learn Science,C038,Scientific Method in Practice,edX,Intermediate,14,tag,4.12,HIGH,HIGH,8.652,3
52,Sales,Sales Executive,Microsoft PowerPoint,Learn Microsoft PowerPoint,C012,Presenting Data to Decision Makers,LinkedIn Learning,Beginner,10,tag,4.5,HIGH,LOW,6.75,1
52,Sales,Sales Executive,Microsoft Office,Learn Microsoft Office,C013,Productivity Suite Fundamentals,Microsoft Learn,Beginner,10,tag,4.5,HIGH,LOW,6.75,2
52,Sales,Sales Executive,Salesforce,Learn Salesforce,C026,Managing the Customer Pipeline,Trailhead,Beginner,16,tag,4.5,HIGH,LOW,6.75,3
53,Research & Development,Laboratory Technician,Microsoft Excel,Learn Microsoft Excel,C010,Advanced Spreadsheet Modelling,Microsoft Learn,Intermediate,12,tag,4.5,HIGH,LOW,6.75,1
53,Research & Development,Laboratory Technician,Microsoft Office,Learn Microsoft Office,C013,Productivity Suite Fundamentals,Microsoft Learn,Beginner,10,tag,4.5,HIGH,LOW,6.75,2
53,Research & Development,Laboratory Technician,Reading Comprehension,Learn Reading Comprehension,C035,Business Writing for Clarity,LinkedIn Learning,Beginner,8,tag,3.75,HIGH,LOW,5.625,3
54,Research & Development,Laboratory Technician,Microsoft Office,Learn Microsoft Office,C013,Productivity Suite Fundamentals,Microsoft Learn,Beginner,10,tag,4.5,HIGH,LOW,6.75,1
54,Research & Development,Laboratory Technician,Active Listening,Learn Active Listening,C015,Running Effective Remote Meetings,LinkedIn Learning,Beginner,6,tag,3.62,HIGH,LOW,5.43,2
54,Research & Development,Laboratory Technician,Google Docs,Learn Google Docs,C011,Business Documents That Get Read,LinkedIn Learning,Beginner,8,tag,3.5,HIGH,LOW,5.25,3
55,Research & Development,Laboratory Technician,Active Listening,Learn Active Listening,C015,Running Effective Remote Meetings,LinkedIn Learning,Beginner,6,tag,3.62,HIGH,HIGH,7.602,1
55,Research & Development,Laboratory Technician,SAP,Learn SAP,C029,Enterprise Resource Planning Essentials,SAP,Intermediate,24,tag,3.5,HIGH,HIGH,7.35,2
55,Research & Development,Laboratory Technician,Microsoft Word,Learn Microsoft Word,C011,Business Documents That Get Read,LinkedIn Learning,Beginner,8,tag,3.5,HIGH,HIGH,7.35,3
56,Sales,Sales Executive,Microsoft Excel,Learn Microsoft Excel,C010,Advanced Spreadsheet Modelling,Microsoft Learn,Intermediate,12,tag,4.5,HIGH,LOW,6.75,1
56,Sales,Sales Executive,Salesforce,Learn Salesforce,C026,Managing the Customer Pipeline,Trailhead,Beginner,16,tag,4.5,HIGH,LOW,6.75,2
56,Sales,Sales Executive,Speaking,Learn Speaking,C036,Listening and Influence at Work,LinkedIn Learning,Beginner,6,tag,4.0,HIGH,LOW,6.0,3
57,Research & Development,Laboratory Technician,Google Docs,Learn Google Docs,C011,Business Documents That Get Read,LinkedIn Learning,Beginner,8,tag,3.5,HIGH,LOW,5.25,1
57,Research & Development,Laboratory Technician,Microsoft PowerPoint,Learn Microsoft PowerPoint,C012,Presenting Data to Decision Makers,LinkedIn Learning,Beginner,10,tag,3.5,HIGH,LOW,5.25,2
57,Research & Development,Laboratory Technician,Active Learning,Learn Active Learning,C034,Learning How to Learn,Coursera,Beginner,8,tag,3.0,HIGH,LOW,4.5,3
58,Research & Development,Research Director,Microsoft Office,Learn Microsoft Office,C013,Productivity Suite Fundamentals,Microsoft Learn,Beginner,10,tag,4.5,HIGH,LOW,6.75,1
58,Research & Development,Research Director,Monitoring,Learn Monitoring,C039,Performance Tracking and Review,LinkedIn Learning,Beginner,6,tag,4.0,HIGH,LOW,6.0,2
58,Research & Development,Research Director,Writing,Learn Writing,C035,Business Writing for Clarity,LinkedIn Learning,Beginner,8,tag,3.88,HIGH,LOW,5.82,3
60,Sales,Sales Executive,Microsoft Office,Learn Microsoft Office,C013,Productivity Suite Fundamentals,Microsoft Learn,Beginner,10,tag,4.5,HIGH,LOW,6.75,1
60,Sales,Sales Executive,Salesforce,Learn Salesforce,C026,Managing the Customer Pipeline,Trailhead,Beginner,16,tag,4.5,HIGH,LOW,6.75,2
60,Sales,Sales Executive,Speaking,Learn Speaking,C036,Listening and Influence at Work,LinkedIn Learning,Beginner,6,tag,4.0,HIGH,LOW,6.0,3
61,Research & Development,Research Scientist,R,Learn R,C002,Statistical Programming in R,Coursera,Intermediate,24,tag,4.5,HIGH,HIGH,9.45,1
61,Research & Development,Research Scientist,Writing,Learn Writing,C035,Business Writing for Clarity,LinkedIn Learning,Beginner,8,tag,4.25,HIGH,HIGH,8.925,2
61,Research & Development,Research Scientist,Science,Learn Science,C038,Scientific Method in Practice,edX,Intermediate,14,tag,4.12,HIGH,HIGH,8.652,3
62,Sales,Sales Executive,Speaking,Learn Speaking,C036,Listening and Influence at Work,LinkedIn Learning,Beginner,6,tag,4.0,HIGH,HIGH,8.4,1
62,Sales,Sales Executive,Active Listening,Learn Active Listening,C015,Running Effective Remote Meetings,LinkedIn Learning,Beginner,6,tag,4.0,HIGH,HIGH,8.4,2
62,Sales,Sales Executive,Adobe Illustrator,Learn Adobe Illustrator,C021,Vector Graphics and Brand Assets,Adobe,Intermediate,14,tag,3.5,HIGH,HIGH,7.35,3
63,Research & Development,Laboratory Technician,Microsoft Excel,Learn Microsoft Excel,C010,Advanced Spreadsheet Modelling,Microsoft Learn,Intermediate,12,tag,4.5,HIGH,LOW,6.75,1
63,Research & Development,Laboratory Technician,Microsoft Office,Learn Microsoft Office,C013,Productivity Suite Fundamentals,Microsoft Learn,Beginner,10,tag,4.5,HIGH,LOW,6.75,2
63,Research & Development,Laboratory Technician,Reading Comprehension,Learn Reading Comprehension,C035,Business Writing for Clarity,LinkedIn Learning,Beginner,8,tag,3.75,HIGH,LOW,5.625,3
64,Research & Development,Laboratory Technician,Microsoft Excel,Learn Microsoft Excel,C010,Advanced Spreadsheet Modelling,Microsoft Learn,Intermediate,12,tag,4.5,HIGH,HIGH,9.45,1
64,Research & Development,Laboratory Technician,Microsoft Office,Learn Microsoft Office,C013,Productivity Suite Fundamentals,Microsoft Learn,Beginner,10,tag,4.5,HIGH,HIGH,9.45,2
64,Research & Development,Laboratory Technician,Active Listening,Learn Active Listening,C015,Running Effective Remote Meetings,LinkedIn Learning,Beginner,6,tag,3.62,HIGH,HIGH,7.602,3
65,Research & Development,Laboratory Technician,Microsoft Excel,Learn Microsoft Excel,C010,Advanced Spreadsheet Modelling,Microsoft Learn,Intermediate,12,tag,4.5,HIGH,HIGH,9.45,1
65,Research & Development,Laboratory Technician,Microsoft Office,Learn Microsoft Office,C013,Productivity Suite Fundamentals,Microsoft Learn,Beginner,10,tag,4.5,HIGH,HIGH,9.45,2
65,Research & Development,Laboratory Technician,MEDITECH,Learn MEDITECH,C032,Clinical Records and Patient Data Systems,HIMSS,Intermediate,18,tag,3.5,HIGH,HIGH,7.35,3
68,Sales,Sales Executive,Microsoft PowerPoint,Learn Microsoft PowerPoint,C012,Presenting Data to Decision Makers,LinkedIn Learning,Beginner,10,tag,4.5,HIGH,HIGH,9.45,1
68,Sales,Sales Executive,Salesforce,Learn Salesforce,C026,Managing the Customer Pipeline,Trailhead,Beginner,16,tag,4.5,HIGH,HIGH,9.45,2
68,Sales,Sales Executive,Microsoft Outlook,Learn Microsoft Outlook,C013,Productivity Suite Fundamentals,Microsoft Learn,Beginner,10,tag,4.5,HIGH,HIGH,9.45,3
70,Research & Development,Healthcare Representative,Microsoft Excel,Learn Microsoft Excel,C010,Advanced Spreadsheet Modelling,Microsoft Learn,Intermediate,12,tag,4.5,HIGH,LOW,6.75,1
70,Research & Development,Healthcare Representative,Speaking,Learn Speaking,C036,Listening and Influence at Work,LinkedIn Learning,Beginner,6,tag,4.25,HIGH,LOW,6.375,2
70,Research & Development,Healthcare Representative,Active Listening,Learn Active Listening,C015,Running Effective Remote Meetings,LinkedIn Learning,Beginner,6,tag,4.12,HIGH,LOW,6.18,3
72,Sales,Sales Executive,Microsoft Excel,Learn Microsoft Excel,C010,Advanced Spreadsheet Modelling,Microsoft Learn,Intermediate,12,tag,4.5,HIGH,HIGH,9.45,1
72,Sales,Sales Executive,Speaking,Learn Speaking,C036,Listening and Influence at Work,LinkedIn Learning,Beginner,6,tag,4.0,HIGH,HIGH,8.4,2
72,Sales,Sales Executive,Active Listening,Learn Active Listening,C015,Running Effective Remote Meetings,LinkedIn Learning,Beginner,6,tag,4.0,HIGH,HIGH,8.4,3
73,Research & Development,Research Director,Critical Thinking,Learn Critical Thinking,C033,Structured Problem Solving,Coursera,Intermediate,12,tag,4.0,HIGH,MEDIUM,6.9,1
73,Research & Development,Research Director,Reading Comprehension,Learn Reading Comprehension,C035,Business Writing for Clarity,LinkedIn Learning,Beginner,8,tag,4.0,HIGH,MEDIUM,6.9,2
73,Research & Development,Research Director,Speaking,Learn Speaking,C036,Listening and Influence at Work,LinkedIn Learning,Beginner,6,tag,3.88,HIGH,MEDIUM,6.693,3
74,Sales,Sales Executive,Microsoft PowerPoint,Learn Microsoft PowerPoint,C012,Presenting Data to Decision Makers,LinkedIn Learning,Beginner,10,tag,4.5,HIGH,MEDIUM,7.762,1
74,Sales,Sales Executive,Salesforce,Learn Salesforce,C026,Managing the Customer Pipeline,Trailhead,Beginner,16,tag,4.5,HIGH,MEDIUM,7.762,2
74,Sales,Sales Executive,Speaking,Learn Speaking,C036,Listening and Influence at Work,LinkedIn Learning,Beginner,6,tag,4.0,HIGH,MEDIUM,6.9,3
75,Research & Development,Laboratory Technician,Microsoft Excel,Learn Microsoft Excel,C010,Advanced Spreadsheet Modelling,Microsoft Learn,Intermediate,12,tag,4.5,HIGH,HIGH,9.45,1
75,Research & Development,Laboratory Technician,Microsoft PowerPoint,Learn Microsoft PowerPoint,C012,Presenting Data to Decision Makers,LinkedIn Learning,Beginner,10,tag,3.5,HIGH,HIGH,7.35,2
75,Research & Development,Laboratory Technician,MEDITECH,Learn MEDITECH,C032,Clinical Records and Patient Data Systems,HIMSS,Intermediate,18,tag,3.5,HIGH,HIGH,7.35,3
76,Research & Development,Laboratory Technician,Microsoft Office,Learn Microsoft Office,C013,Productivity Suite Fundamentals,Microsoft Learn,Beginner,10,tag,4.5,HIGH,LOW,6.75,1
76,Research & Development,Laboratory Technician,Active Listening,Learn Active Listening,C015,Running Effective Remote Meetings,LinkedIn Learning,Beginner,6,tag,3.62,HIGH,LOW,5.43,2
76,Research & Development,Laboratory Technician,SAP,Learn SAP,C029,Enterprise Resource Planning Essentials,SAP,Intermediate,24,tag,3.5,HIGH,LOW,5.25,3
77,Research & Development,Manufacturing Director,Microsoft PowerPoint,Learn Microsoft PowerPoint,C012,Presenting Data to Decision Makers,LinkedIn Learning,Beginner,10,tag,4.5,HIGH,LOW,6.75,1
77,Research & Development,Manufacturing Director,Microsoft Office,Learn Microsoft Office,C013,Productivity Suite Fundamentals,Microsoft Learn,Beginner,10,tag,4.5,HIGH,LOW,6.75,2
77,Research & Development,Manufacturing Director,Monitoring,Learn Monitoring,C039,Performance Tracking and Review,LinkedIn Learning,Beginner,6,tag,4.0,HIGH,LOW,6.0,3
78,Research & Development,Manufacturing Director,SAP,Learn SAP,C029,Enterprise Resource Planning Essentials,SAP,Intermediate,24,tag,4.5,HIGH,MEDIUM,7.762,1
78,Research & Development,Manufacturing Director,Microsoft PowerPoint,Learn Microsoft PowerPoint,C012,Presenting Data to Decision Makers,LinkedIn Learning,Beginner,10,tag,4.5,HIGH,MEDIUM,7.762,2
78,Research & Development,Manufacturing Director,Microsoft Excel,Learn Microsoft Excel,C010,Advanced Spreadsheet Modelling,Microsoft Learn,Intermediate,12,tag,4.5,HIGH,MEDIUM,7.762,3
79,Research & Development,Laboratory Technician,Microsoft Office,Learn Microsoft Office,C013,Productivity Suite Fundamentals,Microsoft Learn,Beginner,10,tag,4.5,HIGH,HIGH,9.45,1
79,Research & Development,Laboratory Technician,Active Listening,Learn Active Listening,C015,Running Effective Remote Meetings,LinkedIn Learning,Beginner,6,tag,3.62,HIGH,HIGH,7.602,2
79,Research & Development,Laboratory Technician,Microsoft PowerPoint,Learn Microsoft PowerPoint,C012,Presenting Data to Decision Makers,LinkedIn Learning,Beginner,10,tag,3.5,HIGH,HIGH,7.35,3
80,Research & Development,Research Director,Microsoft Office,Learn Microsoft Office,C013,Productivity Suite Fundamentals,Microsoft Learn,Beginner,10,tag,4.5,HIGH,HIGH,9.45,1
80,Research & Development,Research Director,Science,Learn Science,C038,Scientific Method in Practice,edX,Intermediate,14,tag,4.12,HIGH,HIGH,8.652,2
80,Research & Development,Research Director,Monitoring,Learn Monitoring,C039,Performance Tracking and Review,LinkedIn Learning,Beginner,6,tag,4.0,HIGH,HIGH,8.4,3
81,Sales,Sales Executive,Microsoft Excel,Learn Microsoft Excel,C010,Advanced Spreadsheet Modelling,Microsoft Learn,Intermediate,12,tag,4.5,HIGH,HIGH,9.45,1
81,Sales,Sales Executive,Speaking,Learn Speaking,C036,Listening and Influence at Work,LinkedIn Learning,Beginner,6,tag,4.0,HIGH,HIGH,8.4,2
81,Sales,Sales Executive,Active Listening,Learn Active Listening,C015,Running Effective Remote Meetings,LinkedIn Learning,Beginner,6,tag,4.0,HIGH,HIGH,8.4,3
83,Research & Development,Healthcare Representative,Microsoft Office,Learn Microsoft Office,C013,Productivity Suite Fundamentals,Microsoft Learn,Beginner,10,tag,4.5,HIGH,LOW,6.75,1
83,Research & Development,Healthcare Representative,Microsoft Outlook,Learn Microsoft Outlook,C013,Productivity Suite Fundamentals,Microsoft Learn,Beginner,10,tag,4.5,HIGH,LOW,6.75,2
83,Research & Development,Healthcare Representative,Speaking,Learn Speaking,C036,Listening and Influence at Work,LinkedIn Learning,Beginner,6,tag,4.25,HIGH,LOW,6.375,3
84,Research & Development,Manager,Reading Comprehension,Learn Reading Comprehension,C035,Business Writing for Clarity,LinkedIn Learning,Beginner,8,tag,4.0,HIGH,LOW,6.0,1
84,Research & Development,Manager,Active Listening,Learn Active Listening,C015,Running Effective Remote Meetings,LinkedIn Learning,Beginner,6,tag,4.0,HIGH,LOW,6.0,2
84,Research & Development,Manager,Active Learning,Learn Active Learning,C034,Learning How to Learn,Coursera,Beginner,8,tag,3.62,HIGH,LOW,5.43,3
85,Research & Development,Manufacturing Director,SAP,Learn SAP,C029,Enterprise Resource Planning Essentials,SAP,Intermediate,24,tag,4.5,HIGH,MEDIUM,7.762,1
85,Research & Development,Manufacturing Director,Microsoft PowerPoint,Learn Microsoft PowerPoint,C012,Presenting Data to Decision Makers,LinkedIn Learning,Beginner,10,tag,4.5,HIGH,MEDIUM,7.762,2
85,Research & Development,Manufacturing Director,Microsoft Excel,Learn Microsoft Excel,C010,Advanced Spreadsheet Modelling,Microsoft Learn,Intermediate,12,tag,4.5,HIGH,MEDIUM,7.762,3
86,Research & Development,Research Scientist,Speaking,Learn Speaking,C036,Listening and Influence at Work,LinkedIn Learning,Beginner,6,tag,4.12,HIGH,LOW,6.18,1
86,Research & Development,Research Scientist,MATLAB,Learn MATLAB,C005,Numerical Computing and Simulation,MathWorks,Intermediate,22,tag,3.5,HIGH,LOW,5.25,2
86,Research & Development,Research Scientist,IBM SPSS Statistics,Learn IBM SPSS Statistics,C003,Applied Statistics with SPSS,IBM SkillsBuild,Beginner,16,tag,3.5,HIGH,LOW,5.25,3
88,Research & Development,Research Scientist,Microsoft Excel,Learn Microsoft Excel,C010,Advanced Spreadsheet Modelling,Microsoft Learn,Intermediate,12,tag,4.5,HIGH,MEDIUM,7.762,1
88,Research & Development,Research Scientist,R,Learn R,C002,Statistical Programming in R,Coursera,Intermediate,24,tag,4.5,HIGH,MEDIUM,7.762,2
88,Research & Development,Research Scientist,Microsoft Office,Learn Microsoft Office,C013,Productivity Suite Fundamentals,Microsoft Learn,Beginner,10,tag,4.5,HIGH,MEDIUM,7.762,3
90,Research & Development,Research Scientist,Microsoft Excel,Learn Microsoft Excel,C010,Advanced Spreadsheet Modelling,Microsoft Learn,Intermediate,12,tag,4.5,HIGH,HIGH,9.45,1
90,Research & Development,Research Scientist,R,Learn R,C002,Statistical Programming in R,Coursera,Intermediate,24,tag,4.5,HIGH,HIGH,9.45,2
90,Research & Development,Research Scientist,Microsoft Office,Learn Microsoft Office,C013,Productivity Suite Fundamentals,Microsoft Learn,Beginner,10,tag,4.5,HIGH,HIGH,9.45,3
91,Sales,Sales Executive,Microsoft PowerPoint,Learn Microsoft PowerPoint,C012,Presenting Data to Decision Makers,LinkedIn Learning,Beginner,10,tag,4.5,HIGH,MEDIUM,7.762,1
91,Sales,Sales Executive,Microsoft Office,Learn Microsoft Office,C013,Productivity Suite Fundamentals,Microsoft Learn,Beginner,10,tag,4.5,HIGH,MEDIUM,7.762,2
91,Sales,Sales Executive,Microsoft Outlook,Learn Microsoft Outlook,C013,Productivity Suite Fundamentals,Microsoft Learn,Beginner,10,tag,4.5,HIGH,MEDIUM,7.762,3
94,Research & Development,Research Scientist,Microsoft Excel,Learn Microsoft Excel,C010,Advanced Spreadsheet Modelling,Microsoft Learn,Intermediate,12,tag,4.5,HIGH,LOW,6.75,1
94,Research & Development,Research Scientist,R,Learn R,C002,Statistical Programming in R,Coursera,Intermediate,24,tag,4.5,HIGH,LOW,6.75,2
94,Research & Development,Research Scientist,Microsoft Office,Learn Microsoft Office,C013,Productivity Suite Fundamentals,Microsoft Learn,Beginner,10,tag,4.5,HIGH,LOW,6.75,3
95,Research & Development,Research Scientist,Writing,Learn Writing,C035,Business Writing for Clarity,LinkedIn Learning,Beginner,8,tag,4.25,HIGH,MEDIUM,7.331,1
95,Research & Development,Research Scientist,Science,Learn Science,C038,Scientific Method in Practice,edX,Intermediate,14,tag,4.12,HIGH,MEDIUM,7.107,2
95,Research & Development,Research Scientist,Critical Thinking,Learn Critical Thinking,C033,Structured Problem Solving,Coursera,Intermediate,12,tag,4.0,HIGH,MEDIUM,6.9,3
96,Research & Development,Research Scientist,Writing,Learn Writing,C035,Business Writing for Clarity,LinkedIn Learning,Beginner,8,tag,4.25,HIGH,LOW,6.375,1
96,Research & Development,Research Scientist,Speaking,Learn Speaking,C036,Listening and Influence at Work,LinkedIn Learning,Beginner,6,tag,4.12,HIGH,LOW,6.18,2
96,Research & Development,Research Scientist,Critical Thinking,Learn Critical Thinking,C033,Structured Problem Solving,Coursera,Intermediate,12,tag,4.0,HIGH,LOW,6.0,3
97,Research & Development,Laboratory Technician,Microsoft Office,Learn Microsoft Office,C013,Productivity Suite Fundamentals,Microsoft Learn,Beginner,10,tag,4.5,HIGH,MEDIUM,7.762,1
97,Research & Development,Laboratory Technician,Reading Comprehension,Learn Reading Comprehension,C035,Business Writing for Clarity,LinkedIn Learning,Beginner,8,tag,3.75,HIGH,MEDIUM,6.469,2
97,Research & Development,Laboratory Technician,SAP,Learn SAP,C029,Enterprise Resource Planning Essentials,SAP,Intermediate,24,tag,3.5,HIGH,MEDIUM,6.037,3
98,Research & Development,Manufacturing Director,SAP,Learn SAP,C029,Enterprise Resource Planning Essentials,SAP,Intermediate,24,tag,4.5,HIGH,LOW,6.75,1
98,Research & Development,Manufacturing Director,Microsoft PowerPoint,Learn Microsoft PowerPoint,C012,Presenting Data to Decision Makers,LinkedIn Learning,Beginner,10,tag,4.5,HIGH,LOW,6.75,2
98,Research & Development,Manufacturing Director,Microsoft Excel,Learn Microsoft Excel,C010,Advanced Spreadsheet Modelling,Microsoft Learn,Intermediate,12,tag,4.5,HIGH,LOW,6.75,3
100,Sales,Sales Executive,Microsoft Office,Learn Microsoft Office,C013,Productivity Suite Fundamentals,Microsoft Learn,Beginner,10,tag,4.5,HIGH,LOW,6.75,1
100,Sales,Sales Executive,Salesforce,Learn Salesforce,C026,Managing the Customer Pipeline,Trailhead,Beginner,16,tag,4.5,HIGH,LOW,6.75,2
100,Sales,Sales Executive,Microsoft Outlook,Learn Microsoft Outlook,C013,Productivity Suite Fundamentals,Microsoft Learn,Beginner,10,tag,4.5,HIGH,LOW,6.75,3
101,Research & Development,Research Director,Microsoft Office,Learn Microsoft Office,C013,Productivity Suite Fundamentals,Microsoft Learn,Beginner,10,tag,4.5,HIGH,LOW,6.75,1
101,Research & Development,Research Director,Monitoring,Learn Monitoring,C039,Performance Tracking and Review,LinkedIn Learning,Beginner,6,tag,4.0,HIGH,LOW,6.0,2
101,Research & Development,Research Director,Reading Comprehension,Learn Reading Comprehension,C035,Business Writing for Clarity,LinkedIn Learning,Beginner,8,tag,4.0,HIGH,LOW,6.0,3
102,Research & Development,Research Director,Science,Learn Science,C038,Scientific Method in Practice,edX,Intermediate,14,tag,4.12,HIGH,LOW,6.18,1
102,Research & Development,Research Director,Monitoring,Learn Monitoring,C039,Performance Tracking and Review,LinkedIn Learning,Beginner,6,tag,4.0,HIGH,LOW,6.0,2
102,Research & Development,Research Director,Critical Thinking,Learn Critical Thinking,C033,Structured Problem Solving,Coursera,Intermediate,12,tag,4.0,HIGH,LOW,6.0,3
103,Human Resources,Human Resources,Microsoft Office,Learn Microsoft Office,C013,Productivity Suite Fundamentals,Microsoft Learn,Beginner,10,tag,4.5,HIGH,MEDIUM,7.762,1
103,Human Resources,Human Resources,Microsoft Outlook,Learn Microsoft Outlook,C013,Productivity Suite Fundamentals,Microsoft Learn,Beginner,10,tag,4.5,HIGH,MEDIUM,7.762,2
103,Human Resources,Human Resources,Speaking,Learn Speaking,C036,Listening and Influence at Work,LinkedIn Learning,Beginner,6,tag,4.12,HIGH,MEDIUM,7.107,3
104,Research & Development,Laboratory Technician,Microsoft Excel,Learn Microsoft Excel,C010,Advanced Spreadsheet Modelling,Microsoft Learn,Intermediate,12,tag,4.5,HIGH,HIGH,9.45,1
104,Research & Development,Laboratory Technician,Microsoft Office,Learn Microsoft Office,C013,Productivity Suite Fundamentals,Microsoft Learn,Beginner,10,tag,4.5,HIGH,HIGH,9.45,2
104,Research & Development,Laboratory Technician,Reading Comprehension,Learn Reading Comprehension,C035,Business Writing for Clarity,LinkedIn Learning,Beginner,8,tag,3.75,HIGH,HIGH,7.875,3
105,Research & Development,Research Scientist,R,Learn R,C002,Statistical Programming in R,Coursera,Intermediate,24,tag,4.5,HIGH,LOW,6.75,1
105,Research & Development,Research Scientist,Microsoft Office,Learn Microsoft Office,C013,Productivity Suite Fundamentals,Microsoft Learn,Beginner,10,tag,4.5,HIGH,LOW,6.75,2
105,Research & Development,Research Scientist,Writing,Learn Writing,C035,Business Writing for Clarity,LinkedIn Learning,Beginner,8,tag,4.25,HIGH,LOW,6.375,3
106,Sales,Sales Executive,Microsoft Office,Learn Microsoft Office,C013,Productivity Suite Fundamentals,Microsoft Learn,Beginner,10,tag,4.5,HIGH,LOW,6.75,1
106,Sales,Sales Executive,Speaking,Learn Speaking,C036,Listening and Influence at Work,LinkedIn Learning,Beginner,6,tag,4.0,HIGH,LOW,6.0,2
106,Sales,Sales Executive,Adobe InDesign,Learn Adobe InDesign,C022,Layout and Publication Design,Adobe,Intermediate,14,tag,3.5,HIGH,LOW,5.25,3
107,Research & Development,Research Scientist,R,Learn R,C002,Statistical Programming in R,Coursera,Intermediate,24,tag,4.5,HIGH,LOW,6.75,1
107,Research & Development,Research Scientist,Microsoft Office,Learn Microsoft Office,C013,Productivity Suite Fundamentals,Microsoft Learn,Beginner,10,tag,4.5,HIGH,LOW,6.75,2
107,Research & Development,Research Scientist,Speaking,Learn Speaking,C036,Listening and Influence at Work,LinkedIn Learning,Beginner,6,tag,4.12,HIGH,LOW,6.18,3
110,Research & Development,Manufacturing Director,SAP,Learn SAP,C029,Enterprise Resource Planning Essentials,SAP,Intermediate,24,tag,4.5,HIGH,LOW,6.75,1
110,Research & Development,Manufacturing Director,Microsoft Office,Learn Microsoft Office,C013,Productivity Suite Fundamentals,Microsoft Learn,Beginner,10,tag,4.5,HIGH,LOW,6.75,2
110,Research & Development,Manufacturing Director,Monitoring,Learn Monitoring,C039,Performance Tracking and Review,LinkedIn Learning,Beginner,6,tag,4.0,HIGH,LOW,6.0,3
112,Research & Development,Manufacturing Director,SAP,Learn SAP,C029,Enterprise Resource Planning Essentials,SAP,Intermediate,24,tag,4.5,HIGH,LOW,6.75,1
112,Research & Development,Manufacturing Director,Microsoft PowerPoint,Learn Microsoft PowerPoint,C012,Presenting Data to Decision Makers,LinkedIn Learning,Beginner,10,tag,4.5,HIGH,LOW,6.75,2
112,Research & Development,Manufacturing Director,Microsoft Outlook,Learn Microsoft Outlook,C013,Productivity Suite Fundamentals,Microsoft Learn,Beginner,10,tag,4.5,HIGH,LOW,6.75,3
113,Sales,Sales Representative,Microsoft Office,Learn Microsoft Office,C013,Productivity Suite Fundamentals,Microsoft Learn,Beginner,10,tag,4.5,HIGH,HIGH,9.45,1
113,Sales,Sales Representative,Salesforce,Learn Salesforce,C026,Managing the Customer Pipeline,Trailhead,Beginner,16,tag,4.5,HIGH,HIGH,9.45,2
113,Sales,Sales Representative,Reading Comprehension,Learn Reading Comprehension,C035,Business Writing for Clarity,LinkedIn Learning,Beginner,8,tag,3.62,HIGH,HIGH,7.602,3
116,Research & Development,Laboratory Technician,Microsoft Office,Learn Microsoft Office,C013,Productivity Suite Fundamentals,Microsoft Learn,Beginner,10,tag,4.5,HIGH,LOW,6.75,1
116,Research & Development,Laboratory Technician,SAP,Learn SAP,C029,Enterprise Resource Planning Essentials,SAP,Intermediate,24,tag,3.5,HIGH,LOW,5.25,2
116,Research & Development,Laboratory Technician,Microsoft PowerPoint,Learn Microsoft PowerPoint,C012,Presenting Data to Decision Makers,LinkedIn Learning,Beginner,10,tag,3.5,HIGH,LOW,5.25,3
117,Research & Development,Healthcare Representative,Microsoft Excel,Learn Microsoft Excel,C010,Advanced Spreadsheet Modelling,Microsoft Learn,Intermediate,12,tag,4.5,HIGH,LOW,6.75,1
117,Research & Development,Healthcare Representative,Speaking,Learn Speaking,C036,Listening and Influence at Work,LinkedIn Learning,Beginner,6,tag,4.25,HIGH,LOW,6.375,2
117,Research & Development,Healthcare Representative,Active Listening,Learn Active Listening,C015,Running Effective Remote Meetings,LinkedIn Learning,Beginner,6,tag,4.12,HIGH,LOW,6.18,3
118,Sales,Sales Executive,Microsoft Excel,Learn Microsoft Excel,C010,Advanced Spreadsheet Modelling,Microsoft Learn,Intermediate,12,tag,4.5,HIGH,LOW,6.75,1
118,Sales,Sales Executive,Salesforce,Learn Salesforce,C026,Managing the Customer Pipeline,Trailhead,Beginner,16,tag,4.5,HIGH,LOW,6.75,2
118,Sales,Sales Executive,Microsoft Outlook,Learn Microsoft Outlook,C013,Productivity Suite Fundamentals,Microsoft Learn,Beginner,10,tag,4.5,HIGH,LOW,6.75,3
119,Research & Development,Healthcare Representative,Microsoft Excel,Learn Microsoft Excel,C010,Advanced Spreadsheet Modelling,Microsoft Learn,Intermediate,12,tag,4.5,HIGH,LOW,6.75,1
119,Research & Development,Healthcare Representative,Microsoft Office,Learn Microsoft Office,C013,Productivity Suite Fundamentals,Microsoft Learn,Beginner,10,tag,4.5,HIGH,LOW,6.75,2
119,Research & Development,Healthcare Representative,Salesforce,Learn Salesforce,C026,Managing the Customer Pipeline,Trailhead,Beginner,16,tag,4.5,HIGH,LOW,6.75,3
120,Sales,Sales Executive,Microsoft Excel,Learn Microsoft Excel,C010,Advanced Spreadsheet Modelling,Microsoft Learn,Intermediate,12,tag,4.5,HIGH,MEDIUM,7.762,1
120,Sales,Sales Executive,Microsoft Office,Learn Microsoft Office,C013,Productivity Suite Fundamentals,Microsoft Learn,Beginner,10,tag,4.5,HIGH,MEDIUM,7.762,2
120,Sales,Sales Executive,Salesforce,Learn Salesforce,C026,Managing the Customer Pipeline,Trailhead,Beginner,16,tag,4.5,HIGH,MEDIUM,7.762,3
121,Sales,Sales Executive,Microsoft Outlook,Learn Microsoft Outlook,C013,Productivity Suite Fundamentals,Microsoft Learn,Beginner,10,tag,4.5,HIGH,LOW,6.75,1
121,Sales,Sales Executive,Speaking,Learn Speaking,C036,Listening and Influence at Work,LinkedIn Learning,Beginner,6,tag,4.0,HIGH,LOW,6.0,2
121,Sales,Sales Executive,Adobe Acrobat,Learn Adobe Acrobat,C019,Working with PDFs and Document Workflows,Adobe,Beginner,6,tag,3.5,HIGH,LOW,5.25,3
124,Research & Development,Healthcare Representative,Salesforce,Learn Salesforce,C026,Managing the Customer Pipeline,Trailhead,Beginner,16,tag,4.5,HIGH,HIGH,9.45,1
124,Research & Development,Healthcare Representative,Microsoft Outlook,Learn Microsoft Outlook,C013,Productivity Suite Fundamentals,Microsoft Learn,Beginner,10,tag,4.5,HIGH,HIGH,9.45,2
124,Research & Development,Healthcare Representative,Active Listening,Learn Active Listening,C015,Running Effective Remote Meetings,LinkedIn Learning,Beginner,6,tag,4.12,HIGH,HIGH,8.652,3
125,Sales,Sales Executive,Microsoft Excel,Learn Microsoft Excel,C010,Advanced Spreadsheet Modelling,Microsoft Learn,Intermediate,12,tag,4.5,HIGH,MEDIUM,7.762,1
125,Sales,Sales Executive,Salesforce,Learn Salesforce,C026,Managing the Customer Pipeline,Trailhead,Beginner,16,tag,4.5,HIGH,MEDIUM,7.762,2
125,Sales,Sales Executive,Microsoft Outlook,Learn Microsoft Outlook,C013,Productivity Suite Fundamentals,Microsoft Learn,Beginner,10,tag,4.5,HIGH,MEDIUM,7.762,3
126,Research & Development,Research Director,Microsoft Excel,Learn Microsoft Excel,C010,Advanced Spreadsheet Modelling,Microsoft Learn,Intermediate,12,tag,4.5,HIGH,LOW,6.75,1
126,Research & Development,Research Director,Critical Thinking,Learn Critical Thinking,C033,Structured Problem Solving,Coursera,Intermediate,12,tag,4.0,HIGH,LOW,6.0,2
126,Research & Development,Research Director,Speaking,Learn Speaking,C036,Listening and Influence at Work,LinkedIn Learning,Beginner,6,tag,3.88,HIGH,LOW,5.82,3
128,Sales,Sales Executive,Microsoft PowerPoint,Learn Microsoft PowerPoint,C012,Presenting Data to Decision Makers,LinkedIn Learning,Beginner,10,tag,4.5,HIGH,LOW,6.75,1
128,Sales,Sales Executive,Microsoft Office,Learn Microsoft Office,C013,Productivity Suite Fundamentals,Microsoft Learn,Beginner,10,tag,4.5,HIGH,LOW,6.75,2
128,Sales,Sales Executive,Salesforce,Learn Salesforce,C026,Managing the Customer Pipeline,Trailhead,Beginner,16,tag,4.5,HIGH,LOW,6.75,3
129,Sales,Sales Executive,Microsoft PowerPoint,Learn Microsoft PowerPoint,C012,Presenting Data to Decision Makers,LinkedIn Learning,Beginner,10,tag,4.5,HIGH,LOW,6.75,1
129,Sales,Sales Executive,Active Listening,Learn Active Listening,C015,Running Effective Remote Meetings,LinkedIn Learning,Beginner,6,tag,4.0,HIGH,LOW,6.0,2
129,Sales,Sales Executive,Adobe Creative Cloud,Learn Adobe Creative Cloud,C020,Digital Image Editing Foundations,Adobe,Beginner,16,tag,3.5,HIGH,LOW,5.25,3
131,Sales,Sales Executive,Microsoft PowerPoint,Learn Microsoft PowerPoint,C012,Presenting Data to Decision Makers,LinkedIn Learning,Beginner,10,tag,4.5,HIGH,LOW,6.75,1
131,Sales,Sales Executive,Microsoft Excel,Learn Microsoft Excel,C010,Advanced Spreadsheet Modelling,Microsoft Learn,Intermediate,12,tag,4.5,HIGH,LOW,6.75,2
131,Sales,Sales Executive,Adobe InDesign,Learn Adobe InDesign,C022,Layout and Publication Design,Adobe,Intermediate,14,tag,3.5,HIGH,LOW,5.25,3
132,Research & Development,Laboratory Technician,Microsoft Office,Learn Microsoft Office,C013,Productivity Suite Fundamentals,Microsoft Learn,Beginner,10,tag,4.5,HIGH,LOW,6.75,1
132,Research & Development,Laboratory Technician,Reading Comprehension,Learn Reading Comprehension,C035,Business Writing for Clarity,LinkedIn Learning,Beginner,8,tag,3.75,HIGH,LOW,5.625,2
132,Research & Development,Laboratory Technician,Active Listening,Learn Active Listening,C015,Running Effective Remote Meetings,LinkedIn Learning,Beginner,6,tag,3.62,HIGH,LOW,5.43,3
133,Human Resources,Human Resources,Microsoft PowerPoint,Learn Microsoft PowerPoint,C012,Presenting Data to Decision Makers,LinkedIn Learning,Beginner,10,tag,4.5,HIGH,HIGH,9.45,1
133,Human Resources,Human Resources,Microsoft Outlook,Learn Microsoft Outlook,C013,Productivity Suite Fundamentals,Microsoft Learn,Beginner,10,tag,4.5,HIGH,HIGH,9.45,2
133,Human Resources,Human Resources,Speaking,Learn Speaking,C036,Listening and Influence at Work,LinkedIn Learning,Beginner,6,tag,4.12,HIGH,HIGH,8.652,3
134,Research & Development,Research Scientist,Microsoft Excel,Learn Microsoft Excel,C010,Advanced Spreadsheet Modelling,Microsoft Learn,Intermediate,12,tag,4.5,HIGH,MEDIUM,7.762,1
134,Research & Development,Research Scientist,R,Learn R,C002,Statistical Programming in R,Coursera,Intermediate,24,tag,4.5,HIGH,MEDIUM,7.762,2
134,Research & Development,Research Scientist,Writing,Learn Writing,C035,Business Writing for Clarity,LinkedIn Learning,Beginner,8,tag,4.25,HIGH,MEDIUM,7.331,3
137,Research & Development,Laboratory Technician,Microsoft Excel,Learn Microsoft Excel,C010,Advanced Spreadsheet Modelling,Microsoft Learn,Intermediate,12,tag,4.5,HIGH,HIGH,9.45,1
137,Research & Development,Laboratory Technician,Microsoft Office,Learn Microsoft Office,C013,Productivity Suite Fundamentals,Microsoft Learn,Beginner,10,tag,4.5,HIGH,HIGH,9.45,2
137,Research & Development,Laboratory Technician,Reading Comprehension,Learn Reading Comprehension,C035,Business Writing for Clarity,LinkedIn Learning,Beginner,8,tag,3.75,HIGH,HIGH,7.875,3
138,Research & Development,Research Scientist,R,Learn R,C002,Statistical Programming in R,Coursera,Intermediate,24,tag,4.5,HIGH,LOW,6.75,1
138,Research & Development,Research Scientist,Critical Thinking,Learn Critical Thinking,C033,Structured Problem Solving,Coursera,Intermediate,12,tag,4.0,HIGH,LOW,6.0,2
138,Research & Development,Research Scientist,Mathematics,Learn Mathematics,C037,Quantitative Reasoning for Professionals,Khan Academy,Beginner,16,tag,3.62,HIGH,LOW,5.43,3
139,Research & Development,Healthcare Representative,Microsoft Office,Learn Microsoft Office,C013,Productivity Suite Fundamentals,Microsoft Learn,Beginner,10,tag,4.5,HIGH,LOW,6.75,1
139,Research & Development,Healthcare Representative,Speaking,Learn Speaking,C036,Listening and Influence at Work,LinkedIn Learning,Beginner,6,tag,4.25,HIGH,LOW,6.375,2
139,Research & Development,Healthcare Representative,Active Listening,Learn Active Listening,C015,Running Effective Remote Meetings,LinkedIn Learning,Beginner,6,tag,4.12,HIGH,LOW,6.18,3
140,Human Resources,Manager,Microsoft Excel,Learn Microsoft Excel,C010,Advanced Spreadsheet Modelling,Microsoft Learn,Intermediate,12,tag,4.5,HIGH,LOW,6.75,1
140,Human Resources,Manager,Speaking,Learn Speaking,C036,Listening and Influence at Work,LinkedIn Learning,Beginner,6,tag,4.0,HIGH,LOW,6.0,2
140,Human Resources,Manager,Critical Thinking,Learn Critical Thinking,C033,Structured Problem Solving,Coursera,Intermediate,12,tag,3.88,HIGH,LOW,5.82,3
141,Research & Development,Research Director,Microsoft PowerPoint,Learn Microsoft PowerPoint,C012,Presenting Data to Decision Makers,LinkedIn Learning,Beginner,10,tag,4.5,HIGH,LOW,6.75,1
141,Research & Development,Research Director,Microsoft Office,Learn Microsoft Office,C013,Productivity Suite Fundamentals,Microsoft Learn,Beginner,10,tag,4.5,HIGH,LOW,6.75,2
141,Research & Development,Research Director,Critical Thinking,Learn Critical Thinking,C033,Structured Problem Solving,Coursera,Intermediate,12,tag,4.0,HIGH,LOW,6.0,3
142,Sales,Sales Executive,Microsoft PowerPoint,Learn Microsoft PowerPoint,C012,Presenting Data to Decision Makers,LinkedIn Learning,Beginner,10,tag,4.5,HIGH,HIGH,9.45,1
142,Sales,Sales Executive,Salesforce,Learn Salesforce,C026,Managing the Customer Pipeline,Trailhead,Beginner,16,tag,4.5,HIGH,HIGH,9.45,2
142,Sales,Sales Executive,Microsoft Outlook,Learn Microsoft Outlook,C013,Productivity Suite Fundamentals,Microsoft Learn,Beginner,10,tag,4.5,HIGH,HIGH,9.45,3
143,Research & Development,Research Scientist,Microsoft Excel,Learn Microsoft Excel,C010,Advanced Spreadsheet Modelling,Microsoft Learn,Intermediate,12,tag,4.5,HIGH,LOW,6.75,1
143,Research & Development,Research Scientist,Microsoft Office,Learn Microsoft Office,C013,Productivity Suite Fundamentals,Microsoft Learn,Beginner,10,tag,4.5,HIGH,LOW,6.75,2
143,Research & Development,Research Scientist,Writing,Learn Writing,C035,Business Writing for Clarity,LinkedIn Learning,Beginner,8,tag,4.25,HIGH,LOW,6.375,3
144,Research & Development,Laboratory Technician,Microsoft Excel,Learn Microsoft Excel,C010,Advanced Spreadsheet Modelling,Microsoft Learn,Intermediate,12,tag,4.5,HIGH,HIGH,9.45,1
144,Research & Development,Laboratory Technician,Microsoft Office,Learn Microsoft Office,C013,Productivity Suite Fundamentals,Microsoft Learn,Beginner,10,tag,4.5,HIGH,HIGH,9.45,2
144,Research & Development,Laboratory Technician,Reading Comprehension,Learn Reading Comprehension,C035,Business Writing for Clarity,LinkedIn Learning,Beginner,8,tag,3.75,HIGH,HIGH,7.875,3
145,Research & Development,Healthcare Representative,Microsoft Excel,Learn Microsoft Excel,C010,Advanced Spreadsheet Modelling,Microsoft Learn,Intermediate,12,tag,4.5,HIGH,HIGH,9.45,1
145,Research & Development,Healthcare Representative,Salesforce,Learn Salesforce,C026,Managing the Customer Pipeline,Trailhead,Beginner,16,tag,4.5,HIGH,HIGH,9.45,2
145,Research & Development,Healthcare Representative,Active Learning,Learn Active Learning,C034,Learning How to Learn,Coursera,Beginner,8,tag,3.5,HIGH,HIGH,7.35,3
147,Research & Development,Laboratory Technician,Microsoft Office,Learn Microsoft Office,C013,Productivity Suite Fundamentals,Microsoft Learn,Beginner,10,tag,4.5,HIGH,HIGH,9.45,1
147,Research & Development,Laboratory Technician,Reading Comprehension,Learn Reading Comprehension,C035,Business Writing for Clarity,LinkedIn Learning,Beginner,8,tag,3.75,HIGH,HIGH,7.875,2
147,Research & Development,Laboratory Technician,Active Listening,Learn Active Listening,C015,Running Effective Remote Meetings,LinkedIn Learning,Beginner,6,tag,3.62,HIGH,HIGH,7.602,3
148,Human Resources,Manager,Microsoft PowerPoint,Learn Microsoft PowerPoint,C012,Presenting Data to Decision Makers,LinkedIn Learning,Beginner,10,tag,4.5,HIGH,LOW,6.75,1
148,Human Resources,Manager,Microsoft Excel,Learn Microsoft Excel,C010,Advanced Spreadsheet Modelling,Microsoft Learn,Intermediate,12,tag,4.5,HIGH,LOW,6.75,2
148,Human Resources,Manager,Reading Comprehension,Learn Reading Comprehension,C035,Business Writing for Clarity,LinkedIn Learning,Beginner,8,tag,4.0,HIGH,LOW,6.0,3
150,Research & Development,Laboratory Technician,Microsoft Office,Learn Microsoft Office,C013,Productivity Suite Fundamentals,Microsoft Learn,Beginner,10,tag,4.5,HIGH,LOW,6.75,1
150,Research & Development,Laboratory Technician,Reading Comprehension,Learn Reading Comprehension,C035,Business Writing for Clarity,LinkedIn Learning,Beginner,8,tag,3.75,HIGH,LOW,5.625,2
150,Research & Development,Laboratory Technician,Active Listening,Learn Active Listening,C015,Running Effective Remote Meetings,LinkedIn Learning,Beginner,6,tag,3.62,HIGH,LOW,5.43,3
151,Research & Development,Research Scientist,Microsoft Excel,Learn Microsoft Excel,C010,Advanced Spreadsheet Modelling,Microsoft Learn,Intermediate,12,tag,4.5,HIGH,LOW,6.75,1
151,Research & Development,Research Scientist,Microsoft Office,Learn Microsoft Office,C013,Productivity Suite Fundamentals,Microsoft Learn,Beginner,10,tag,4.5,HIGH,LOW,6.75,2
151,Research & Development,Research Scientist,Active Learning,Learn Active Learning,C034,Learning How to Learn,Coursera,Beginner,8,tag,4.12,HIGH,LOW,6.18,3
152,Sales,Sales Executive,Microsoft Office,Learn Microsoft Office,C013,Productivity Suite Fundamentals,Microsoft Learn,Beginner,10,tag,4.5,HIGH,LOW,6.75,1
152,Sales,Sales Executive,Microsoft Outlook,Learn Microsoft Outlook,C013,Productivity Suite Fundamentals,Microsoft Learn,Beginner,10,tag,4.5,HIGH,LOW,6.75,2
152,Sales,Sales Executive,Active Listening,Learn Active Listening,C015,Running Effective Remote Meetings,LinkedIn Learning,Beginner,6,tag,4.0,HIGH,LOW,6.0,3
153,Research & Development,Manager,Microsoft PowerPoint,Learn Microsoft PowerPoint,C012,Presenting Data to Decision Makers,LinkedIn Learning,Beginner,10,tag,4.5,HIGH,LOW,6.75,1
153,Research & Development,Manager,Active Listening,Learn Active Listening,C015,Running Effective Remote Meetings,LinkedIn Learning,Beginner,6,tag,4.0,HIGH,LOW,6.0,2
153,Research & Development,Manager,Critical Thinking,Learn Critical Thinking,C033,Structured Problem Solving,Coursera,Intermediate,12,tag,3.88,HIGH,LOW,5.82,3
154,Sales,Sales Executive,Microsoft PowerPoint,Learn Microsoft PowerPoint,C012,Presenting Data to Decision Makers,LinkedIn Learning,Beginner,10,tag,4.5,HIGH,LOW,6.75,1
154,Sales,Sales Executive,Microsoft Excel,Learn Microsoft Excel,C010,Advanced Spreadsheet Modelling,Microsoft Learn,Intermediate,12,tag,4.5,HIGH,LOW,6.75,2
154,Sales,Sales Executive,Microsoft Office,Learn Microsoft Office,C013,Productivity Suite Fundamentals,Microsoft Learn,Beginner,10,tag,4.5,HIGH,LOW,6.75,3
155,Research & Development,Laboratory Technician,Microsoft Excel,Learn Microsoft Excel,C010,Advanced Spreadsheet Modelling,Microsoft Learn,Intermediate,12,tag,4.5,HIGH,MEDIUM,7.762,1
155,Research & Development,Laboratory Technician,Microsoft Office,Learn Microsoft Office,C013,Productivity Suite Fundamentals,Microsoft Learn,Beginner,10,tag,4.5,HIGH,MEDIUM,7.762,2
155,Research & Development,Laboratory Technician,Reading Comprehension,Learn Reading Comprehension,C035,Business Writing for Clarity,LinkedIn Learning,Beginner,8,tag,3.75,HIGH,MEDIUM,6.469,3
158,Sales,Manager,Microsoft PowerPoint,Learn Microsoft PowerPoint,C012,Presenting Data to Decision Makers,LinkedIn Learning,Beginner,10,tag,4.5,HIGH,LOW,6.75,1
158,Sales,Manager,Microsoft Office,Learn Microsoft Office,C013,Productivity Suite Fundamentals,Microsoft Learn,Beginner,10,tag,4.5,HIGH,LOW,6.75,2
158,Sales,Manager,Reading Comprehension,Learn Reading Comprehension,C035,Business Writing for Clarity,LinkedIn Learning,Beginner,8,tag,4.0,HIGH,LOW,6.0,3
159,Research & Development,Research Scientist,Microsoft Excel,Learn Microsoft Excel,C010,Advanced Spreadsheet Modelling,Microsoft Learn,Intermediate,12,tag,4.5,HIGH,LOW,6.75,1
159,Research & Development,Research Scientist,R,Learn R,C002,Statistical Programming in R,Coursera,Intermediate,24,tag,4.5,HIGH,LOW,6.75,2
159,Research & Development,Research Scientist,Science,Learn Science,C038,Scientific Method in Practice,edX,Intermediate,14,tag,4.12,HIGH,LOW,6.18,3
160,Sales,Sales Executive,Microsoft PowerPoint,Learn Microsoft PowerPoint,C012,Presenting Data to Decision Makers,LinkedIn Learning,Beginner,10,tag,4.5,HIGH,LOW,6.75,1
160,Sales,Sales Executive,Microsoft Excel,Learn Microsoft Excel,C010,Advanced Spreadsheet Modelling,Microsoft Learn,Intermediate,12,tag,4.5,HIGH,LOW,6.75,2
160,Sales,Sales Executive,Microsoft Office,Learn Microsoft Office,C013,Productivity Suite Fundamentals,Microsoft Learn,Beginner,10,tag,4.5,HIGH,LOW,6.75,3
161,Research & Development,Research Scientist,Microsoft Office,Learn Microsoft Office,C013,Productivity Suite Fundamentals,Microsoft Learn,Beginner,10,tag,4.5,HIGH,MEDIUM,7.762,1
161,Research & Development,Research Scientist,Speaking,Learn Speaking,C036,Listening and Influence at Work,LinkedIn Learning,Beginner,6,tag,4.12,HIGH,MEDIUM,7.107,2
161,Research & Development,Research Scientist,Active Learning,Learn Active Learning,C034,Learning How to Learn,Coursera,Beginner,8,tag,4.12,HIGH,MEDIUM,7.107,3
162,Research & Development,Research Director,Microsoft PowerPoint,Learn Microsoft PowerPoint,C012,Presenting Data to Decision Makers,LinkedIn Learning,Beginner,10,tag,4.5,HIGH,MEDIUM,7.762,1
162,Research & Development,Research Director,Critical Thinking,Learn Critical Thinking,C033,Structured Problem Solving,Coursera,Intermediate,12,tag,4.0,HIGH,MEDIUM,6.9,2
162,Research & Development,Research Director,Writing,Learn Writing,C035,Business Writing for Clarity,LinkedIn Learning,Beginner,8,tag,3.88,HIGH,MEDIUM,6.693,3
163,Sales,Sales Executive,Microsoft PowerPoint,Learn Microsoft PowerPoint,C012,Presenting Data to Decision Makers,LinkedIn Learning,Beginner,10,tag,4.5,HIGH,HIGH,9.45,1
163,Sales,Sales Executive,Microsoft Excel,Learn Microsoft Excel,C010,Advanced Spreadsheet Modelling,Microsoft Learn,Intermediate,12,tag,4.5,HIGH,HIGH,9.45,2
163,Sales,Sales Executive,Microsoft Office,Learn Microsoft Office,C013,Productivity Suite Fundamentals,Microsoft Learn,Beginner,10,tag,4.5,HIGH,HIGH,9.45,3
164,Research & Development,Research Scientist,Microsoft Excel,Learn Microsoft Excel,C010,Advanced Spreadsheet Modelling,Microsoft Learn,Intermediate,12,tag,4.5,HIGH,LOW,6.75,1
164,Research & Development,Research Scientist,R,Learn R,C002,Statistical Programming in R,Coursera,Intermediate,24,tag,4.5,HIGH,LOW,6.75,2
164,Research & Development,Research Scientist,Microsoft Office,Learn Microsoft Office,C013,Productivity Suite Fundamentals,Microsoft Learn,Beginner,10,tag,4.5,HIGH,LOW,6.75,3
165,Research & Development,Healthcare Representative,Microsoft Office,Learn Microsoft Office,C013,Productivity Suite Fundamentals,Microsoft Learn,Beginner,10,tag,4.5,HIGH,LOW,6.75,1
165,Research & Development,Healthcare Representative,Reading Comprehension,Learn Reading Comprehension,C035,Business Writing for Clarity,LinkedIn Learning,Beginner,8,tag,3.75,HIGH,LOW,5.625,2
165,Research & Development,Healthcare Representative,Google Workspace,Learn Google Workspace,C013,Productivity Suite Fundamentals,Microsoft Learn,Beginner,10,tag,3.5,MEDIUM,LOW,4.2,3
167,Sales,Sales Representative,Microsoft Excel,Learn Microsoft Excel,C010,Advanced Spreadsheet Modelling,Microsoft Learn,Intermediate,12,tag,4.5,HIGH,HIGH,9.45,1
167,Sales,Sales Representative,Salesforce,Learn Salesforce,C026,Managing the Customer Pipeline,Trailhead,Beginner,16,tag,4.5,HIGH,HIGH,9.45,2
167,Sales,Sales Representative,Microsoft Office,Learn Microsoft Office,C013,Productivity Suite Fundamentals,Microsoft Learn,Beginner,10,tag,4.5,HIGH,HIGH,9.45,3
169,Research & Development,Laboratory Technician,Microsoft Excel,Learn Microsoft Excel,C010,Advanced Spreadsheet Modelling,Microsoft Learn,Intermediate,12,tag,4.5,HIGH,MEDIUM,7.762,1
169,Research & Development,Laboratory Technician,Reading Comprehension,Learn Reading Comprehension,C035,Business Writing for Clarity,LinkedIn Learning,Beginner,8,tag,3.75,HIGH,MEDIUM,6.469,2
169,Research & Development,Laboratory Technician,Active Listening,Learn Active Listening,C015,Running Effective Remote Meetings,LinkedIn Learning,Beginner,6,tag,3.62,HIGH,MEDIUM,6.244,3
170,Research & Development,Manufacturing Director,Microsoft Excel,Learn Microsoft Excel,C010,Advanced Spreadsheet Modelling,Microsoft Learn,Intermediate,12,tag,4.5,HIGH,LOW,6.75,1
170,Research & Development,Manufacturing Director,Microsoft Office,Learn Microsoft Office,C013,Productivity Suite Fundamentals,Microsoft Learn,Beginner,10,tag,4.5,HIGH,LOW,6.75,2
170,Research & Development,Manufacturing Director,Critical Thinking,Learn Critical Thinking,C033,Structured Problem Solving,Coursera,Intermediate,12,tag,4.0,HIGH,LOW,6.0,3
171,Research & Development,Research Scientist,Microsoft Excel,Learn Microsoft Excel,C010,Advanced Spreadsheet Modelling,Microsoft Learn,Intermediate,12,tag,4.5,HIGH,LOW,6.75,1
171,Research & Development,Research Scientist,Microsoft Office,Learn Microsoft Office,C013,Productivity Suite Fundamentals,Microsoft Learn,Beginner,10,tag,4.5,HIGH,LOW,6.75,2
171,Research & Development,Research Scientist,Writing,Learn Writing,C035,Business Writing for Clarity,LinkedIn Learning,Beginner,8,tag,4.25,HIGH,LOW,6.375,3
174,Sales,Sales Executive,Microsoft PowerPoint,Learn Microsoft PowerPoint,C012,Presenting Data to Decision Makers,LinkedIn Learning,Beginner,10,tag,4.5,HIGH,MEDIUM,7.762,1
174,Sales,Sales Executive,Adobe Creative Cloud,Learn Adobe Creative Cloud,C020,Digital Image Editing Foundations,Adobe,Beginner,16,tag,3.5,HIGH,MEDIUM,6.037,2
174,Sales,Sales Executive,Adobe Acrobat,Learn Adobe Acrobat,C019,Working with PDFs and Document Workflows,Adobe,Beginner,6,tag,3.5,HIGH,MEDIUM,6.037,3
175,Sales,Sales Executive,Microsoft PowerPoint,Learn Microsoft PowerPoint,C012,Presenting Data to Decision Makers,LinkedIn Learning,Beginner,10,tag,4.5,HIGH,HIGH,9.45,1
175,Sales,Sales Executive,Microsoft Excel,Learn Microsoft Excel,C010,Advanced Spreadsheet Modelling,Microsoft Learn,Intermediate,12,tag,4.5,HIGH,HIGH,9.45,2
175,Sales,Sales Executive,Microsoft Office,Learn Microsoft Office,C013,Productivity Suite Fundamentals,Microsoft Learn,Beginner,10,tag,4.5,HIGH,HIGH,9.45,3
176,Sales,Sales Executive,Microsoft PowerPoint,Learn Microsoft PowerPoint,C012,Presenting Data to Decision Makers,LinkedIn Learning,Beginner,10,tag,4.5,HIGH,LOW,6.75,1
176,Sales,Sales Executive,Microsoft Excel,Learn Microsoft Excel,C010,Advanced Spreadsheet Modelling,Microsoft Learn,Intermediate,12,tag,4.5,HIGH,LOW,6.75,2
176,Sales,Sales Executive,Salesforce,Learn Salesforce,C026,Managing the Customer Pipeline,Trailhead,Beginner,16,tag,4.5,HIGH,LOW,6.75,3
177,Human Resources,Human Resources,Microsoft PowerPoint,Learn Microsoft PowerPoint,C012,Presenting Data to Decision Makers,LinkedIn Learning,Beginner,10,tag,4.5,HIGH,LOW,6.75,1
177,Human Resources,Human Resources,Microsoft Excel,Learn Microsoft Excel,C010,Advanced Spreadsheet Modelling,Microsoft Learn,Intermediate,12,tag,4.5,HIGH,LOW,6.75,2
177,Human Resources,Human Resources,Microsoft Outlook,Learn Microsoft Outlook,C013,Productivity Suite Fundamentals,Microsoft Learn,Beginner,10,tag,4.5,HIGH,LOW,6.75,3
178,Research & Development,Manufacturing Director,Microsoft PowerPoint,Learn Microsoft PowerPoint,C012,Presenting Data to Decision Makers,LinkedIn Learning,Beginner,10,tag,4.5,HIGH,LOW,6.75,1
178,Research & Development,Manufacturing Director,Microsoft Office,Learn Microsoft Office,C013,Productivity Suite Fundamentals,Microsoft Learn,Beginner,10,tag,4.5,HIGH,LOW,6.75,2
178,Research & Development,Manufacturing Director,Reading Comprehension,Learn Reading Comprehension,C035,Business Writing for Clarity,LinkedIn Learning,Beginner,8,tag,3.88,HIGH,LOW,5.82,3
179,Research & Development,Manufacturing Director,Microsoft PowerPoint,Learn Microsoft PowerPoint,C012,Presenting Data to Decision Makers,LinkedIn Learning,Beginner,10,tag,4.5,HIGH,LOW,6.75,1
179,Research & Development,Manufacturing Director,Microsoft Excel,Learn Microsoft Excel,C010,Advanced Spreadsheet Modelling,Microsoft Learn,Intermediate,12,tag,4.5,HIGH,LOW,6.75,2
179,Research & Development,Manufacturing Director,Speaking,Learn Speaking,C036,Listening and Influence at Work,LinkedIn Learning,Beginner,6,tag,4.0,HIGH,LOW,6.0,3
182,Sales,Sales Executive,Microsoft PowerPoint,Learn Microsoft PowerPoint,C012,Presenting Data to Decision Makers,LinkedIn Learning,Beginner,10,tag,4.5,HIGH,LOW,6.75,1
182,Sales,Sales Executive,Microsoft Excel,Learn Microsoft Excel,C010,Advanced Spreadsheet Modelling,Microsoft Learn,Intermediate,12,tag,4.5,HIGH,LOW,6.75,2
182,Sales,Sales Executive,Adobe Creative Cloud,Learn Adobe Creative Cloud,C020,Digital Image Editing Foundations,Adobe,Beginner,16,tag,3.5,HIGH,LOW,5.25,3
183,Sales,Sales Executive,Microsoft PowerPoint,Learn Microsoft PowerPoint,C012,Presenting Data to Decision Makers,LinkedIn Learning,Beginner,10,tag,4.5,HIGH,MEDIUM,7.762,1
183,Sales,Sales Executive,Microsoft Excel,Learn Microsoft Excel,C010,Advanced Spreadsheet Modelling,Microsoft Learn,Intermediate,12,tag,4.5,HIGH,MEDIUM,7.762,2
183,Sales,Sales Executive,Microsoft Office,Learn Microsoft Office,C013,Productivity Suite Fundamentals,Microsoft Learn,Beginner,10,tag,4.5,HIGH,MEDIUM,7.762,3
184,Human Resources,Human Resources,Microsoft PowerPoint,Learn Microsoft PowerPoint,C012,Presenting Data to Decision Makers,LinkedIn Learning,Beginner,10,tag,4.5,HIGH,LOW,6.75,1
184,Human Resources,Human Resources,Microsoft Excel,Learn Microsoft Excel,C010,Advanced Spreadsheet Modelling,Microsoft Learn,Intermediate,12,tag,4.5,HIGH,LOW,6.75,2
184,Human Resources,Human Resources,Microsoft Office,Learn Microsoft Office,C013,Productivity Suite Fundamentals,Microsoft Learn,Beginner,10,tag,4.5,HIGH,LOW,6.75,3
190,Research & Development,Laboratory Technician,Microsoft Excel,Learn Microsoft Excel,C010,Advanced Spreadsheet Modelling,Microsoft Learn,Intermediate,12,tag,4.5,HIGH,HIGH,9.45,1
190,Research & Development,Laboratory Technician,Microsoft Office,Learn Microsoft Office,C013,Productivity Suite Fundamentals,Microsoft Learn,Beginner,10,tag,4.5,HIGH,HIGH,9.45,2
190,Research & Development,Laboratory Technician,Reading Comprehension,Learn Reading Comprehension,C035,Business Writing for Clarity,LinkedIn Learning,Beginner,8,tag,3.75,HIGH,HIGH,7.875,3
192,Research & Development,Research Scientist,R,Learn R,C002,Statistical Programming in R,Coursera,Intermediate,24,tag,4.5,HIGH,LOW,6.75,1
192,Research & Development,Research Scientist,Microsoft Office,Learn Microsoft Office,C013,Productivity Suite Fundamentals,Microsoft Learn,Beginner,10,tag,4.5,HIGH,LOW,6.75,2
192,Research & Development,Research Scientist,Speaking,Learn Speaking,C036,Listening and Influence at Work,LinkedIn Learning,Beginner,6,tag,4.12,HIGH,LOW,6.18,3
193,Research & Development,Research Scientist,R,Learn R,C002,Statistical Programming in R,Coursera,Intermediate,24,tag,4.5,HIGH,MEDIUM,7.762,1
193,Research & Development,Research Scientist,Writing,Learn Writing,C035,Business Writing for Clarity,LinkedIn Learning,Beginner,8,tag,4.25,HIGH,MEDIUM,7.331,2
193,Research & Development,Research Scientist,Science,Learn Science,C038,Scientific Method in Practice,edX,Intermediate,14,tag,4.12,HIGH,MEDIUM,7.107,3
194,Research & Development,Research Scientist,Microsoft Excel,Learn Microsoft Excel,C010,Advanced Spreadsheet Modelling,Microsoft Learn,Intermediate,12,tag,4.5,HIGH,LOW,6.75,1
194,Research & Development,Research Scientist,R,Learn R,C002,Statistical Programming in R,Coursera,Intermediate,24,tag,4.5,HIGH,LOW,6.75,2
194,Research & Development,Research Scientist,Microsoft Office,Learn Microsoft Office,C013,Productivity Suite Fundamentals,Microsoft Learn,Beginner,10,tag,4.5,HIGH,LOW,6.75,3
195,Sales,Sales Executive,Microsoft Excel,Learn Microsoft Excel,C010,Advanced Spreadsheet Modelling,Microsoft Learn,Intermediate,12,tag,4.5,HIGH,LOW,6.75,1
195,Sales,Sales Executive,Microsoft Office,Learn Microsoft Office,C013,Productivity Suite Fundamentals,Microsoft Learn,Beginner,10,tag,4.5,HIGH,LOW,6.75,2
195,Sales,Sales Executive,Salesforce,Learn Salesforce,C026,Managing the Customer Pipeline,Trailhead,Beginner,16,tag,4.5,HIGH,LOW,6.75,3
197,Research & Development,Research Scientist,R,Learn R,C002,Statistical Programming in R,Coursera,Intermediate,24,tag,4.5,HIGH,LOW,6.75,1
197,Research & Development,Research Scientist,Microsoft Office,Learn Microsoft Office,C013,Productivity Suite Fundamentals,Microsoft Learn,Beginner,10,tag,4.5,HIGH,LOW,6.75,2
197,Research & Development,Research Scientist,Writing,Learn Writing,C035,Business Writing for Clarity,LinkedIn Learning,Beginner,8,tag,4.25,HIGH,LOW,6.375,3
198,Research & Development,Laboratory Technician,Microsoft Office,Learn Microsoft Office,C013,Productivity Suite Fundamentals,Microsoft Learn,Beginner,10,tag,4.5,HIGH,LOW,6.75,1
198,Research & Development,Laboratory Technician,Reading Comprehension,Learn Reading Comprehension,C035,Business Writing for Clarity,LinkedIn Learning,Beginner,8,tag,3.75,HIGH,LOW,5.625,2
198,Research & Development,Laboratory Technician,Active Listening,Learn Active Listening,C015,Running Effective Remote Meetings,LinkedIn Learning,Beginner,6,tag,3.62,HIGH,LOW,5.43,3
199,Research & Development,Manager,Monitoring,Learn Monitoring,C039,Performance Tracking and Review,LinkedIn Learning,Beginner,6,tag,4.0,HIGH,LOW,6.0,1
199,Research & Development,Manager,Reading Comprehension,Learn Reading Comprehension,C035,Business Writing for Clarity,LinkedIn Learning,Beginner,8,tag,4.0,HIGH,LOW,6.0,2
199,Research & Development,Manager,Apple macOS,Learn Apple macOS,C040,Operating Systems for End Users,Apple,Beginner,6,tag,3.5,HIGH,LOW,5.25,3
200,Research & Development,Laboratory Technician,Microsoft Excel,Learn Microsoft Excel,C010,Advanced Spreadsheet Modelling,Microsoft Learn,Intermediate,12,tag,4.5,HIGH,LOW,6.75,1
200,Research & Development,Laboratory Technician,Microsoft Office,Learn Microsoft Office,C013,Productivity Suite Fundamentals,Microsoft Learn,Beginner,10,tag,4.5,HIGH,LOW,6.75,2
200,Research & Development,Laboratory Technician,Reading Comprehension,Learn Reading Comprehension,C035,Business Writing for Clarity,LinkedIn Learning,Beginner,8,tag,3.75,HIGH,LOW,5.625,3
201,Research & Development,Laboratory Technician,Microsoft Excel,Learn Microsoft Excel,C010,Advanced Spreadsheet Modelling,Microsoft Learn,Intermediate,12,tag,4.5,HIGH,HIGH,9.45,1
201,Research & Development,Laboratory Technician,Microsoft Office,Learn Microsoft Office,C013,Productivity Suite Fundamentals,Microsoft Learn,Beginner,10,tag,4.5,HIGH,HIGH,9.45,2
201,Research & Development,Laboratory Technician,Active Listening,Learn Active Listening,C015,Running Effective Remote Meetings,LinkedIn Learning,Beginner,6,tag,3.62,HIGH,HIGH,7.602,3
202,Research & Development,Research Scientist,Microsoft Excel,Learn Microsoft Excel,C010,Advanced Spreadsheet Modelling,Microsoft Learn,Intermediate,12,tag,4.5,HIGH,LOW,6.75,1
202,Research & Development,Research Scientist,Science,Learn Science,C038,Scientific Method in Practice,edX,Intermediate,14,tag,4.12,HIGH,LOW,6.18,2
202,Research & Development,Research Scientist,Reading Comprehension,Learn Reading Comprehension,C035,Business Writing for Clarity,LinkedIn Learning,Beginner,8,tag,4.0,HIGH,LOW,6.0,3
204,Sales,Sales Executive,Microsoft Excel,Learn Microsoft Excel,C010,Advanced Spreadsheet Modelling,Microsoft Learn,Intermediate,12,tag,4.5,HIGH,LOW,6.75,1
204,Sales,Sales Executive,Microsoft Office,Learn Microsoft Office,C013,Productivity Suite Fundamentals,Microsoft Learn,Beginner,10,tag,4.5,HIGH,LOW,6.75,2
204,Sales,Sales Executive,Adobe Creative Cloud,Learn Adobe Creative Cloud,C020,Digital Image Editing Foundations,Adobe,Beginner,16,tag,3.5,HIGH,LOW,5.25,3
205,Sales,Sales Representative,Speaking,Learn Speaking,C036,Listening and Influence at Work,LinkedIn Learning,Beginner,6,tag,3.88,HIGH,HIGH,8.148,1
205,Sales,Sales Representative,Reading Comprehension,Learn Reading Comprehension,C035,Business Writing for Clarity,LinkedIn Learning,Beginner,8,tag,3.62,HIGH,HIGH,7.602,2
205,Sales,Sales Representative,IBM SPSS Statistics,Learn IBM SPSS Statistics,C003,Applied Statistics with SPSS,IBM SkillsBuild,Beginner,16,tag,3.5,HIGH,HIGH,7.35,3
206,Research & Development,Laboratory Technician,Microsoft Word,Learn Microsoft Word,C011,Business Documents That Get Read,LinkedIn Learning,Beginner,8,tag,3.5,HIGH,MEDIUM,6.037,1
206,Research & Development,Laboratory Technician,MEDITECH,Learn MEDITECH,C032,Clinical Records and Patient Data Systems,HIMSS,Intermediate,18,tag,3.5,HIGH,MEDIUM,6.037,2
206,Research & Development,Laboratory Technician,Google Docs,Learn Google Docs,C011,Business Documents That Get Read,LinkedIn Learning,Beginner,8,tag,3.5,HIGH,MEDIUM,6.037,3
207,Sales,Sales Executive,Microsoft Excel,Learn Microsoft Excel,C010,Advanced Spreadsheet Modelling,Microsoft Learn,Intermediate,12,tag,4.5,HIGH,MEDIUM,7.762,1
207,Sales,Sales Executive,Salesforce,Learn Salesforce,C026,Managing the Customer Pipeline,Trailhead,Beginner,16,tag,4.5,HIGH,MEDIUM,7.762,2
207,Sales,Sales Executive,Microsoft Outlook,Learn Microsoft Outlook,C013,Productivity Suite Fundamentals,Microsoft Learn,Beginner,10,tag,4.5,HIGH,MEDIUM,7.762,3
208,Research & Development,Manufacturing Director,SAP,Learn SAP,C029,Enterprise Resource Planning Essentials,SAP,Intermediate,24,tag,4.5,HIGH,LOW,6.75,1
208,Research & Development,Manufacturing Director,Microsoft PowerPoint,Learn Microsoft PowerPoint,C012,Presenting Data to Decision Makers,LinkedIn Learning,Beginner,10,tag,4.5,HIGH,LOW,6.75,2
208,Research & Development,Manufacturing Director,Microsoft Excel,Learn Microsoft Excel,C010,Advanced Spreadsheet Modelling,Microsoft Learn,Intermediate,12,tag,4.5,HIGH,LOW,6.75,3
211,Research & Development,Manufacturing Director,SAP,Learn SAP,C029,Enterprise Resource Planning Essentials,SAP,Intermediate,24,tag,4.5,HIGH,LOW,6.75,1
211,Research & Development,Manufacturing Director,Microsoft Outlook,Learn Microsoft Outlook,C013,Productivity Suite Fundamentals,Microsoft Learn,Beginner,10,tag,4.5,HIGH,LOW,6.75,2
211,Research & Development,Manufacturing Director,Monitoring,Learn Monitoring,C039,Performance Tracking and Review,LinkedIn Learning,Beginner,6,tag,4.0,HIGH,LOW,6.0,3
214,Research & Development,Research Scientist,Microsoft Excel,Learn Microsoft Excel,C010,Advanced Spreadsheet Modelling,Microsoft Learn,Intermediate,12,tag,4.5,HIGH,HIGH,9.45,1
214,Research & Development,Research Scientist,Microsoft Office,Learn Microsoft Office,C013,Productivity Suite Fundamentals,Microsoft Learn,Beginner,10,tag,4.5,HIGH,HIGH,9.45,2
214,Research & Development,Research Scientist,Science,Learn Science,C038,Scientific Method in Practice,edX,Intermediate,14,tag,4.12,HIGH,HIGH,8.652,3
215,Sales,Sales Executive,Microsoft Outlook,Learn Microsoft Outlook,C013,Productivity Suite Fundamentals,Microsoft Learn,Beginner,10,tag,4.5,HIGH,MEDIUM,7.762,1
215,Sales,Sales Executive,Speaking,Learn Speaking,C036,Listening and Influence at Work,LinkedIn Learning,Beginner,6,tag,4.0,HIGH,MEDIUM,6.9,2
215,Sales,Sales Executive,Adobe Creative Cloud,Learn Adobe Creative Cloud,C020,Digital Image Editing Foundations,Adobe,Beginner,16,tag,3.5,HIGH,MEDIUM,6.037,3
216,Sales,Sales Representative,Salesforce,Learn Salesforce,C026,Managing the Customer Pipeline,Trailhead,Beginner,16,tag,4.5,HIGH,MEDIUM,7.762,1
216,Sales,Sales Representative,Speaking,Learn Speaking,C036,Listening and Influence at Work,LinkedIn Learning,Beginner,6,tag,3.88,HIGH,MEDIUM,6.693,2
216,Sales,Sales Representative,Active Listening,Learn Active Listening,C015,Running Effective Remote Meetings,LinkedIn Learning,Beginner,6,tag,3.88,HIGH,MEDIUM,6.693,3
217,Research & Development,Research Scientist,Microsoft Excel,Learn Microsoft Excel,C010,Advanced Spreadsheet Modelling,Microsoft Learn,Intermediate,12,tag,4.5,HIGH,LOW,6.75,1
217,Research & Development,Research Scientist,R,Learn R,C002,Statistical Programming in R,Coursera,Intermediate,24,tag,4.5,HIGH,LOW,6.75,2
217,Research & Development,Research Scientist,Writing,Learn Writing,C035,Business Writing for Clarity,LinkedIn Learning,Beginner,8,tag,4.25,HIGH,LOW,6.375,3
218,Research & Development,Research Scientist,Microsoft Excel,Learn Microsoft Excel,C010,Advanced Spreadsheet Modelling,Microsoft Learn,Intermediate,12,tag,4.5,HIGH,LOW,6.75,1
218,Research & Development,Research Scientist,R,Learn R,C002,Statistical Programming in R,Coursera,Intermediate,24,tag,4.5,HIGH,LOW,6.75,2
218,Research & Development,Research Scientist,Microsoft Office,Learn Microsoft Office,C013,Productivity Suite Fundamentals,Microsoft Learn,Beginner,10,tag,4.5,HIGH,LOW,6.75,3
221,Research & Development,Research Scientist,Microsoft Excel,Learn Microsoft Excel,C010,Advanced Spreadsheet Modelling,Microsoft Learn,Intermediate,12,tag,4.5,HIGH,LOW,6.75,1
221,Research & Development,Research Scientist,R,Learn R,C002,Statistical Programming in R,Coursera,Intermediate,24,tag,4.5,HIGH,LOW,6.75,2
221,Research & Development,Research Scientist,Microsoft Office,Learn Microsoft Office,C013,Productivity Suite Fundamentals,Microsoft Learn,Beginner,10,tag,4.5,HIGH,LOW,6.75,3
223,Research & Development,Healthcare Representative,Microsoft Excel,Learn Microsoft Excel,C010,Advanced Spreadsheet Modelling,Microsoft Learn,Intermediate,12,tag,4.5,HIGH,LOW,6.75,1
223,Research & Development,Healthcare Representative,Microsoft Outlook,Learn Microsoft Outlook,C013,Productivity Suite Fundamentals,Microsoft Learn,Beginner,10,tag,4.5,HIGH,LOW,6.75,2
223,Research & Development,Healthcare Representative,Speaking,Learn Speaking,C036,Listening and Influence at Work,LinkedIn Learning,Beginner,6,tag,4.25,HIGH,LOW,6.375,3
224,Research & Development,Research Scientist,Microsoft Excel,Learn Microsoft Excel,C010,Advanced Spreadsheet Modelling,Microsoft Learn,Intermediate,12,tag,4.5,HIGH,LOW,6.75,1
224,Research & Development,Research Scientist,R,Learn R,C002,Statistical Programming in R,Coursera,Intermediate,24,tag,4.5,HIGH,LOW,6.75,2
224,Research & Development,Research Scientist,Microsoft Office,Learn Microsoft Office,C013,Productivity Suite Fundamentals,Microsoft Learn,Beginner,10,tag,4.5,HIGH,LOW,6.75,3
226,Research & Development,Manager,Microsoft Excel,Learn Microsoft Excel,C010,Advanced Spreadsheet Modelling,Microsoft Learn,Intermediate,12,tag,4.5,HIGH,LOW,6.75,1
226,Research & Development,Manager,Microsoft Office,Learn Microsoft Office,C013,Productivity Suite Fundamentals,Microsoft Learn,Beginner,10,tag,4.5,HIGH,LOW,6.75,2
226,Research & Development,Manager,Speaking,Learn Speaking,C036,Listening and Influence at Work,LinkedIn Learning,Beginner,6,tag,4.0,HIGH,LOW,6.0,3
227,Research & Development,Research Scientist,Microsoft Excel,Learn Microsoft Excel,C010,Advanced Spreadsheet Modelling,Microsoft Learn,Intermediate,12,tag,4.5,HIGH,LOW,6.75,1
227,Research & Development,Research Scientist,R,Learn R,C002,Statistical Programming in R,Coursera,Intermediate,24,tag,4.5,HIGH,LOW,6.75,2
227,Research & Development,Research Scientist,Writing,Learn Writing,C035,Business Writing for Clarity,LinkedIn Learning,Beginner,8,tag,4.25,HIGH,LOW,6.375,3
228,Sales,Sales Executive,Microsoft Office,Learn Microsoft Office,C013,Productivity Suite Fundamentals,Microsoft Learn,Beginner,10,tag,4.5,HIGH,LOW,6.75,1
228,Sales,Sales Executive,Salesforce,Learn Salesforce,C026,Managing the Customer Pipeline,Trailhead,Beginner,16,tag,4.5,HIGH,LOW,6.75,2
228,Sales,Sales Executive,Adobe Acrobat,Learn Adobe Acrobat,C019,Working with PDFs and Document Workflows,Adobe,Beginner,6,tag,3.5,HIGH,LOW,5.25,3
230,Sales,Sales Executive,Microsoft Office,Learn Microsoft Office,C013,Productivity Suite Fundamentals,Microsoft Learn,Beginner,10,tag,4.5,HIGH,LOW,6.75,1
230,Sales,Sales Executive,Active Listening,Learn Active Listening,C015,Running Effective Remote Meetings,LinkedIn Learning,Beginner,6,tag,4.0,HIGH,LOW,6.0,2
230,Sales,Sales Executive,Adobe Creative Cloud,Learn Adobe Creative Cloud,C020,Digital Image Editing Foundations,Adobe,Beginner,16,tag,3.5,HIGH,LOW,5.25,3
231,Research & Development,Research Scientist,Writing,Learn Writing,C035,Business Writing for Clarity,LinkedIn Learning,Beginner,8,tag,4.25,HIGH,LOW,6.375,1
231,Research & Development,Research Scientist,Critical Thinking,Learn Critical Thinking,C033,Structured Problem Solving,Coursera,Intermediate,12,tag,4.0,HIGH,LOW,6.0,2
231,Research & Development,Research Scientist,Reading Comprehension,Learn Reading Comprehension,C035,Business Writing for Clarity,LinkedIn Learning,Beginner,8,tag,4.0,HIGH,LOW,6.0,3
233,Research & Development,Research Scientist,Microsoft Excel,Learn Microsoft Excel,C010,Advanced Spreadsheet Modelling,Microsoft Learn,Intermediate,12,tag,4.5,HIGH,MEDIUM,7.762,1
233,Research & Development,Research Scientist,Microsoft Office,Learn Microsoft Office,C013,Productivity Suite Fundamentals,Microsoft Learn,Beginner,10,tag,4.5,HIGH,MEDIUM,7.762,2
233,Research & Development,Research Scientist,Speaking,Learn Speaking,C036,Listening and Influence at Work,LinkedIn Learning,Beginner,6,tag,4.12,HIGH,MEDIUM,7.107,3
235,Sales,Sales Representative,Microsoft Excel,Learn Microsoft Excel,C010,Advanced Spreadsheet Modelling,Microsoft Learn,Intermediate,12,tag,4.5,HIGH,HIGH,9.45,1
235,Sales,Sales Representative,Microsoft Office,Learn Microsoft Office,C013,Productivity Suite Fundamentals,Microsoft Learn,Beginner,10,tag,4.5,HIGH,HIGH,9.45,2
235,Sales,Sales Representative,Salesforce,Learn Salesforce,C026,Managing the Customer Pipeline,Trailhead,Beginner,16,tag,4.5,HIGH,HIGH,9.45,3
238,Research & Development,Laboratory Technician,Reading Comprehension,Learn Reading Comprehension,C035,Business Writing for Clarity,LinkedIn Learning,Beginner,8,tag,3.75,HIGH,HIGH,7.875,1
238,Research & Development,Laboratory Technician,Active Listening,Learn Active Listening,C015,Running Effective Remote Meetings,LinkedIn Learning,Beginner,6,tag,3.62,HIGH,HIGH,7.602,2
238,Research & Development,Laboratory Technician,Microsoft Word,Learn Microsoft Word,C011,Business Documents That Get Read,LinkedIn Learning,Beginner,8,tag,3.5,HIGH,HIGH,7.35,3
239,Research & Development,Laboratory Technician,Microsoft Excel,Learn Microsoft Excel,C010,Advanced Spreadsheet Modelling,Microsoft Learn,Intermediate,12,tag,4.5,HIGH,LOW,6.75,1
239,Research & Development,Laboratory Technician,Microsoft Office,Learn Microsoft Office,C013,Productivity Suite Fundamentals,Microsoft Learn,Beginner,10,tag,4.5,HIGH,LOW,6.75,2
239,Research & Development,Laboratory Technician,Active Listening,Learn Active Listening,C015,Running Effective Remote Meetings,LinkedIn Learning,Beginner,6,tag,3.62,HIGH,LOW,5.43,3
240,Sales,Sales Executive,Microsoft PowerPoint,Learn Microsoft PowerPoint,C012,Presenting Data to Decision Makers,LinkedIn Learning,Beginner,10,tag,4.5,HIGH,MEDIUM,7.762,1
240,Sales,Sales Executive,Microsoft Office,Learn Microsoft Office,C013,Productivity Suite Fundamentals,Microsoft Learn,Beginner,10,tag,4.5,HIGH,MEDIUM,7.762,2
240,Sales,Sales Executive,Adobe Creative Cloud,Learn Adobe Creative Cloud,C020,Digital Image Editing Foundations,Adobe,Beginner,16,tag,3.5,HIGH,MEDIUM,6.037,3
241,Research & Development,Research Scientist,R,Learn R,C002,Statistical Programming in R,Coursera,Intermediate,24,tag,4.5,HIGH,LOW,6.75,1
241,Research & Development,Research Scientist,Microsoft Office,Learn Microsoft Office,C013,Productivity Suite Fundamentals,Microsoft Learn,Beginner,10,tag,4.5,HIGH,LOW,6.75,2
241,Research & Development,Research Scientist,Critical Thinking,Learn Critical Thinking,C033,Structured Problem Solving,Coursera,Intermediate,12,tag,4.0,HIGH,LOW,6.0,3
242,Research & Development,Research Scientist,R,Learn R,C002,Statistical Programming in R,Coursera,Intermediate,24,tag,4.5,HIGH,LOW,6.75,1
242,Research & Development,Research Scientist,Microsoft Office,Learn Microsoft Office,C013,Productivity Suite Fundamentals,Microsoft Learn,Beginner,10,tag,4.5,HIGH,LOW,6.75,2
242,Research & Development,Research Scientist,Science,Learn Science,C038,Scientific Method in Practice,edX,Intermediate,14,tag,4.12,HIGH,LOW,6.18,3
243,Research & Development,Laboratory Technician,Microsoft Excel,Learn Microsoft Excel,C010,Advanced Spreadsheet Modelling,Microsoft Learn,Intermediate,12,tag,4.5,HIGH,HIGH,9.45,1
243,Research & Development,Laboratory Technician,Reading Comprehension,Learn Reading Comprehension,C035,Business Writing for Clarity,LinkedIn Learning,Beginner,8,tag,3.75,HIGH,HIGH,7.875,2
243,Research & Development,Laboratory Technician,SAP,Learn SAP,C029,Enterprise Resource Planning Essentials,SAP,Intermediate,24,tag,3.5,HIGH,HIGH,7.35,3
244,Sales,Sales Executive,Microsoft Office,Learn Microsoft Office,C013,Productivity Suite Fundamentals,Microsoft Learn,Beginner,10,tag,4.5,HIGH,LOW,6.75,1
244,Sales,Sales Executive,Adobe Creative Cloud,Learn Adobe Creative Cloud,C020,Digital Image Editing Foundations,Adobe,Beginner,16,tag,3.5,HIGH,LOW,5.25,2
244,Sales,Sales Executive,Adobe Acrobat,Learn Adobe Acrobat,C019,Working with PDFs and Document Workflows,Adobe,Beginner,6,tag,3.5,HIGH,LOW,5.25,3
245,Research & Development,Laboratory Technician,Reading Comprehension,Learn Reading Comprehension,C035,Business Writing for Clarity,LinkedIn Learning,Beginner,8,tag,3.75,HIGH,LOW,5.625,1
245,Research & Development,Laboratory Technician,Active Listening,Learn Active Listening,C015,Running Effective Remote Meetings,LinkedIn Learning,Beginner,6,tag,3.62,HIGH,LOW,5.43,2
245,Research & Development,Laboratory Technician,Microsoft PowerPoint,Learn Microsoft PowerPoint,C012,Presenting Data to Decision Makers,LinkedIn Learning,Beginner,10,tag,3.5,HIGH,LOW,5.25,3
246,Research & Development,Research Scientist,Microsoft Excel,Learn Microsoft Excel,C010,Advanced Spreadsheet Modelling,Microsoft Learn,Intermediate,12,tag,4.5,HIGH,MEDIUM,7.762,1
246,Research & Development,Research Scientist,R,Learn R,C002,Statistical Programming in R,Coursera,Intermediate,24,tag,4.5,HIGH,MEDIUM,7.762,2
246,Research & Development,Research Scientist,Microsoft Office,Learn Microsoft Office,C013,Productivity Suite Fundamentals,Microsoft Learn,Beginner,10,tag,4.5,HIGH,MEDIUM,7.762,3
247,Research & Development,Research Scientist,Science,Learn Science,C038,Scientific Method in Practice,edX,Intermediate,14,tag,4.12,HIGH,LOW,6.18,1
247,Research & Development,Research Scientist,Critical Thinking,Learn Critical Thinking,C033,Structured Problem Solving,Coursera,Intermediate,12,tag,4.0,HIGH,LOW,6.0,2
247,Research & Development,Research Scientist,Reading Comprehension,Learn Reading Comprehension,C035,Business Writing for Clarity,LinkedIn Learning,Beginner,8,tag,4.0,HIGH,LOW,6.0,3
248,Sales,Sales Representative,Microsoft Office,Learn Microsoft Office,C013,Productivity Suite Fundamentals,Microsoft Learn,Beginner,10,tag,4.5,HIGH,HIGH,9.45,1
248,Sales,Sales Representative,Speaking,Learn Speaking,C036,Listening and Influence at Work,LinkedIn Learning,Beginner,6,tag,3.88,HIGH,HIGH,8.148,2
248,Sales,Sales Representative,Reading Comprehension,Learn Reading Comprehension,C035,Business Writing for Clarity,LinkedIn Learning,Beginner,8,tag,3.62,HIGH,HIGH,7.602,3
249,Research & Development,Laboratory Technician,Microsoft Office,Learn Microsoft Office,C013,Productivity Suite Fundamentals,Microsoft Learn,Beginner,10,tag,4.5,HIGH,LOW,6.75,1
249,Research & Development,Laboratory Technician,Reading Comprehension,Learn Reading Comprehension,C035,Business Writing for Clarity,LinkedIn Learning,Beginner,8,tag,3.75,HIGH,LOW,5.625,2
249,Research & Development,Laboratory Technician,SAP,Learn SAP,C029,Enterprise Resource Planning Essentials,SAP,Intermediate,24,tag,3.5,HIGH,LOW,5.25,3
250,Research & Development,Manufacturing Director,SAP,Learn SAP,C029,Enterprise Resource Planning Essentials,SAP,Intermediate,24,tag,4.5,HIGH,LOW,6.75,1
250,Research & Development,Manufacturing Director,Microsoft PowerPoint,Learn Microsoft PowerPoint,C012,Presenting Data to Decision Makers,LinkedIn Learning,Beginner,10,tag,4.5,HIGH,LOW,6.75,2
250,Research & Development,Manufacturing Director,Microsoft Excel,Learn Microsoft Excel,C010,Advanced Spreadsheet Modelling,Microsoft Learn,Intermediate,12,tag,4.5,HIGH,LOW,6.75,3
252,Research & Development,Research Scientist,R,Learn R,C002,Statistical Programming in R,Coursera,Intermediate,24,tag,4.5,HIGH,LOW,6.75,1
252,Research & Development,Research Scientist,Science,Learn Science,C038,Scientific Method in Practice,edX,Intermediate,14,tag,4.12,HIGH,LOW,6.18,2
252,Research & Development,Research Scientist,Active Learning,Learn Active Learning,C034,Learning How to Learn,Coursera,Beginner,8,tag,4.12,HIGH,LOW,6.18,3
253,Research & Development,Manager,Microsoft PowerPoint,Learn Microsoft PowerPoint,C012,Presenting Data to Decision Makers,LinkedIn Learning,Beginner,10,tag,4.5,HIGH,LOW,6.75,1
253,Research & Development,Manager,Microsoft Office,Learn Microsoft Office,C013,Productivity Suite Fundamentals,Microsoft Learn,Beginner,10,tag,4.5,HIGH,LOW,6.75,2
253,Research & Development,Manager,Monitoring,Learn Monitoring,C039,Performance Tracking and Review,LinkedIn Learning,Beginner,6,tag,4.0,HIGH,LOW,6.0,3
254,Research & Development,Research Director,Reading Comprehension,Learn Reading Comprehension,C035,Business Writing for Clarity,LinkedIn Learning,Beginner,8,tag,4.0,HIGH,LOW,6.0,1
254,Research & Development,Research Director,Active Listening,Learn Active Listening,C015,Running Effective Remote Meetings,LinkedIn Learning,Beginner,6,tag,4.0,HIGH,LOW,6.0,2
254,Research & Development,Research Director,Microsoft Access,Learn Microsoft Access,C009,Relational Databases and Query Design,Coursera,Beginner,18,tag,3.5,HIGH,LOW,5.25,3
256,Research & Development,Manufacturing Director,Microsoft PowerPoint,Learn Microsoft PowerPoint,C012,Presenting Data to Decision Makers,LinkedIn Learning,Beginner,10,tag,4.5,HIGH,LOW,6.75,1
256,Research & Development,Manufacturing Director,Microsoft Outlook,Learn Microsoft Outlook,C013,Productivity Suite Fundamentals,Microsoft Learn,Beginner,10,tag,4.5,HIGH,LOW,6.75,2
256,Research & Development,Manufacturing Director,Monitoring,Learn Monitoring,C039,Performance Tracking and Review,LinkedIn Learning,Beginner,6,tag,4.0,HIGH,LOW,6.0,3
258,Research & Development,Healthcare Representative,Microsoft Excel,Learn Microsoft Excel,C010,Advanced Spreadsheet Modelling,Microsoft Learn,Intermediate,12,tag,4.5,HIGH,LOW,6.75,1
258,Research & Development,Healthcare Representative,Microsoft Office,Learn Microsoft Office,C013,Productivity Suite Fundamentals,Microsoft Learn,Beginner,10,tag,4.5,HIGH,LOW,6.75,2
258,Research & Development,Healthcare Representative,Microsoft Outlook,Learn Microsoft Outlook,C013,Productivity Suite Fundamentals,Microsoft Learn,Beginner,10,tag,4.5,HIGH,LOW,6.75,3
259,Research & Development,Manager,Monitoring,Learn Monitoring,C039,Performance Tracking and Review,LinkedIn Learning,Beginner,6,tag,4.0,HIGH,LOW,6.0,1
259,Research & Development,Manager,Learning Strategies,Learn Learning Strategies,C034,Learning How to Learn,Coursera,Beginner,8,tag,3.0,HIGH,LOW,4.5,2
260,Research & Development,Research Scientist,Microsoft Excel,Learn Microsoft Excel,C010,Advanced Spreadsheet Modelling,Microsoft Learn,Intermediate,12,tag,4.5,HIGH,LOW,6.75,1
260,Research & Development,Research Scientist,Microsoft Office,Learn Microsoft Office,C013,Productivity Suite Fundamentals,Microsoft Learn,Beginner,10,tag,4.5,HIGH,LOW,6.75,2
260,Research & Development,Research Scientist,Science,Learn Science,C038,Scientific Method in Practice,edX,Intermediate,14,tag,4.12,HIGH,LOW,6.18,3
261,Research & Development,Manufacturing Director,SAP,Learn SAP,C029,Enterprise Resource Planning Essentials,SAP,Intermediate,24,tag,4.5,HIGH,HIGH,9.45,1
261,Research & Development,Manufacturing Director,Microsoft Excel,Learn Microsoft Excel,C010,Advanced Spreadsheet Modelling,Microsoft Learn,Intermediate,12,tag,4.5,HIGH,HIGH,9.45,2
261,Research & Development,Manufacturing Director,Microsoft Office,Learn Microsoft Office,C013,Productivity Suite Fundamentals,Microsoft Learn,Beginner,10,tag,4.5,HIGH,HIGH,9.45,3
262,Research & Development,Research Scientist,R,Learn R,C002,Statistical Programming in R,Coursera,Intermediate,24,tag,4.5,HIGH,LOW,6.75,1
262,Research & Development,Research Scientist,Microsoft Office,Learn Microsoft Office,C013,Productivity Suite Fundamentals,Microsoft Learn,Beginner,10,tag,4.5,HIGH,LOW,6.75,2
262,Research & Development,Research Scientist,Writing,Learn Writing,C035,Business Writing for Clarity,LinkedIn Learning,Beginner,8,tag,4.25,HIGH,LOW,6.375,3
264,Research & Development,Manager,Microsoft Office,Learn Microsoft Office,C013,Productivity Suite Fundamentals,Microsoft Learn,Beginner,10,tag,4.5,HIGH,LOW,6.75,1
264,Research & Development,Manager,Monitoring,Learn Monitoring,C039,Performance Tracking and Review,LinkedIn Learning,Beginner,6,tag,4.0,HIGH,LOW,6.0,2
264,Research & Development,Manager,Reading Comprehension,Learn Reading Comprehension,C035,Business Writing for Clarity,LinkedIn Learning,Beginner,8,tag,4.0,HIGH,LOW,6.0,3
267,Research & Development,Research Scientist,Microsoft Excel,Learn Microsoft Excel,C010,Advanced Spreadsheet Modelling,Microsoft Learn,Intermediate,12,tag,4.5,HIGH,HIGH,9.45,1
267,Research & Development,Research Scientist,R,Learn R,C002,Statistical Programming in R,Coursera,Intermediate,24,tag,4.5,HIGH,HIGH,9.45,2
267,Research & Development,Research Scientist,Microsoft Office,Learn Microsoft Office,C013,Productivity Suite Fundamentals,Microsoft Learn,Beginner,10,tag,4.5,HIGH,HIGH,9.45,3
269,Research & Development,Laboratory Technician,Reading Comprehension,Learn Reading Comprehension,C035,Business Writing for Clarity,LinkedIn Learning,Beginner,8,tag,3.75,HIGH,HIGH,7.875,1
269,Research & Development,Laboratory Technician,SAP,Learn SAP,C029,Enterprise Resource Planning Essentials,SAP,Intermediate,24,tag,3.5,HIGH,HIGH,7.35,2
269,Research & Development,Laboratory Technician,MEDITECH,Learn MEDITECH,C032,Clinical Records and Patient Data Systems,HIMSS,Intermediate,18,tag,3.5,HIGH,HIGH,7.35,3
270,Research & Development,Manufacturing Director,SAP,Learn SAP,C029,Enterprise Resource Planning Essentials,SAP,Intermediate,24,tag,4.5,HIGH,LOW,6.75,1
270,Research & Development,Manufacturing Director,Microsoft Office,Learn Microsoft Office,C013,Productivity Suite Fundamentals,Microsoft Learn,Beginner,10,tag,4.5,HIGH,LOW,6.75,2
270,Research & Development,Manufacturing Director,Speaking,Learn Speaking,C036,Listening and Influence at Work,LinkedIn Learning,Beginner,6,tag,4.0,HIGH,LOW,6.0,3
271,Research & Development,Manufacturing Director,SAP,Learn SAP,C029,Enterprise Resource Planning Essentials,SAP,Intermediate,24,tag,4.5,HIGH,LOW,6.75,1
271,Research & Development,Manufacturing Director,Microsoft Office,Learn Microsoft Office,C013,Productivity Suite Fundamentals,Microsoft Learn,Beginner,10,tag,4.5,HIGH,LOW,6.75,2
271,Research & Development,Manufacturing Director,Microsoft Outlook,Learn Microsoft Outlook,C013,Productivity Suite Fundamentals,Microsoft Learn,Beginner,10,tag,4.5,HIGH,LOW,6.75,3
273,Research & Development,Manufacturing Director,Monitoring,Learn Monitoring,C039,Performance Tracking and Review,LinkedIn Learning,Beginner,6,tag,4.0,HIGH,LOW,6.0,1
273,Research & Development,Manufacturing Director,Speaking,Learn Speaking,C036,Listening and Influence at Work,LinkedIn Learning,Beginner,6,tag,4.0,HIGH,LOW,6.0,2
273,Research & Development,Manufacturing Director,Reading Comprehension,Learn Reading Comprehension,C035,Business Writing for Clarity,LinkedIn Learning,Beginner,8,tag,3.88,HIGH,LOW,5.82,3
274,Research & Development,Manufacturing Director,SAP,Learn SAP,C029,Enterprise Resource Planning Essentials,SAP,Intermediate,24,tag,4.5,HIGH,HIGH,9.45,1
274,Research & Development,Manufacturing Director,Microsoft PowerPoint,Learn Microsoft PowerPoint,C012,Presenting Data to Decision Makers,LinkedIn Learning,Beginner,10,tag,4.5,HIGH,HIGH,9.45,2
274,Research & Development,Manufacturing Director,Microsoft Excel,Learn Microsoft Excel,C010,Advanced Spreadsheet Modelling,Microsoft Learn,Intermediate,12,tag,4.5,HIGH,HIGH,9.45,3
275,Research & Development,Manufacturing Director,Microsoft PowerPoint,Learn Microsoft PowerPoint,C012,Presenting Data to Decision Makers,LinkedIn Learning,Beginner,10,tag,4.5,HIGH,LOW,6.75,1
275,Research & Development,Manufacturing Director,Microsoft Excel,Learn Microsoft Excel,C010,Advanced Spreadsheet Modelling,Microsoft Learn,Intermediate,12,tag,4.5,HIGH,LOW,6.75,2
275,Research & Development,Manufacturing Director,Monitoring,Learn Monitoring,C039,Performance Tracking and Review,LinkedIn Learning,Beginner,6,tag,4.0,HIGH,LOW,6.0,3
277,Research & Development,Research Scientist,R,Learn R,C002,Statistical Programming in R,Coursera,Intermediate,24,tag,4.5,HIGH,LOW,6.75,1
277,Research & Development,Research Scientist,Microsoft Office,Learn Microsoft Office,C013,Productivity Suite Fundamentals,Microsoft Learn,Beginner,10,tag,4.5,HIGH,LOW,6.75,2
277,Research & Development,Research Scientist,Speaking,Learn Speaking,C036,Listening and Influence at Work,LinkedIn Learning,Beginner,6,tag,4.12,HIGH,LOW,6.18,3
281,Research & Development,Laboratory Technician,Microsoft Excel,Learn Microsoft Excel,C010,Advanced Spreadsheet Modelling,Microsoft Learn,Intermediate,12,tag,4.5,HIGH,HIGH,9.45,1
281,Research & Development,Laboratory Technician,Reading Comprehension,Learn Reading Comprehension,C035,Business Writing for Clarity,LinkedIn Learning,Beginner,8,tag,3.75,HIGH,HIGH,7.875,2
281,Research & Development,Laboratory Technician,Active Listening,Learn Active Listening,C015,Running Effective Remote Meetings,LinkedIn Learning,Beginner,6,tag,3.62,HIGH,HIGH,7.602,3
282,Research & Development,Healthcare Representative,Microsoft Excel,Learn Microsoft Excel,C010,Advanced Spreadsheet Modelling,Microsoft Learn,Intermediate,12,tag,4.5,HIGH,HIGH,9.45,1
282,Research & Development,Healthcare Representative,Microsoft Office,Learn Microsoft Office,C013,Productivity Suite Fundamentals,Microsoft Learn,Beginner,10,tag,4.5,HIGH,HIGH,9.45,2
282,Research & Development,Healthcare Representative,Salesforce,Learn Salesforce,C026,Managing the Customer Pipeline,Trailhead,Beginner,16,tag,4.5,HIGH,HIGH,9.45,3
283,Sales,Sales Executive,Speaking,Learn Speaking,C036,Listening and Influence at Work,LinkedIn Learning,Beginner,6,tag,4.0,HIGH,LOW,6.0,1
283,Sales,Sales Executive,Active Listening,Learn Active Listening,C015,Running Effective Remote Meetings,LinkedIn Learning,Beginner,6,tag,4.0,HIGH,LOW,6.0,2
283,Sales,Sales Executive,Adobe InDesign,Learn Adobe InDesign,C022,Layout and Publication Design,Adobe,Intermediate,14,tag,3.5,HIGH,LOW,5.25,3
284,Research & Development,Research Scientist,Microsoft Excel,Learn Microsoft Excel,C010,Advanced Spreadsheet Modelling,Microsoft Learn,Intermediate,12,tag,4.5,HIGH,MEDIUM,7.762,1
284,Research & Development,Research Scientist,R,Learn R,C002,Statistical Programming in R,Coursera,Intermediate,24,tag,4.5,HIGH,MEDIUM,7.762,2
284,Research & Development,Research Scientist,Microsoft Office,Learn Microsoft Office,C013,Productivity Suite Fundamentals,Microsoft Learn,Beginner,10,tag,4.5,HIGH,MEDIUM,7.762,3
286,Research & Development,Laboratory Technician,Reading Comprehension,Learn Reading Comprehension,C035,Business Writing for Clarity,LinkedIn Learning,Beginner,8,tag,3.75,HIGH,HIGH,7.875,1
286,Research & Development,Laboratory Technician,Active Listening,Learn Active Listening,C015,Running Effective Remote Meetings,LinkedIn Learning,Beginner,6,tag,3.62,HIGH,HIGH,7.602,2
286,Research & Development,Laboratory Technician,SAP,Learn SAP,C029,Enterprise Resource Planning Essentials,SAP,Intermediate,24,tag,3.5,HIGH,HIGH,7.35,3
287,Research & Development,Healthcare Representative,Microsoft Office,Learn Microsoft Office,C013,Productivity Suite Fundamentals,Microsoft Learn,Beginner,10,tag,4.5,HIGH,LOW,6.75,1
287,Research & Development,Healthcare Representative,Salesforce,Learn Salesforce,C026,Managing the Customer Pipeline,Trailhead,Beginner,16,tag,4.5,HIGH,LOW,6.75,2
287,Research & Development,Healthcare Representative,Active Listening,Learn Active Listening,C015,Running Effective Remote Meetings,LinkedIn Learning,Beginner,6,tag,4.12,HIGH,LOW,6.18,3
288,Research & Development,Healthcare Representative,Salesforce,Learn Salesforce,C026,Managing the Customer Pipeline,Trailhead,Beginner,16,tag,4.5,HIGH,LOW,6.75,1
288,Research & Development,Healthcare Representative,Active Listening,Learn Active Listening,C015,Running Effective Remote Meetings,LinkedIn Learning,Beginner,6,tag,4.12,HIGH,LOW,6.18,2
288,Research & Development,Healthcare Representative,Active Learning,Learn Active Learning,C034,Learning How to Learn,Coursera,Beginner,8,tag,3.5,HIGH,LOW,5.25,3
291,Sales,Sales Executive,Microsoft PowerPoint,Learn Microsoft PowerPoint,C012,Presenting Data to Decision Makers,LinkedIn Learning,Beginner,10,tag,4.5,HIGH,MEDIUM,7.762,1
291,Sales,Sales Executive,Microsoft Excel,Learn Microsoft Excel,C010,Advanced Spreadsheet Modelling,Microsoft Learn,Intermediate,12,tag,4.5,HIGH,MEDIUM,7.762,2
291,Sales,Sales Executive,Microsoft Outlook,Learn Microsoft Outlook,C013,Productivity Suite Fundamentals,Microsoft Learn,Beginner,10,tag,4.5,HIGH,MEDIUM,7.762,3
292,Research & Development,Manufacturing Director,SAP,Learn SAP,C029,Enterprise Resource Planning Essentials,SAP,Intermediate,24,tag,4.5,HIGH,LOW,6.75,1
292,Research & Development,Manufacturing Director,Microsoft Office,Learn Microsoft Office,C013,Productivity Suite Fundamentals,Microsoft Learn,Beginner,10,tag,4.5,HIGH,LOW,6.75,2
292,Research & Development,Manufacturing Director,Microsoft Outlook,Learn Microsoft Outlook,C013,Productivity Suite Fundamentals,Microsoft Learn,Beginner,10,tag,4.5,HIGH,LOW,6.75,3
293,Sales,Sales Executive,Microsoft PowerPoint,Learn Microsoft PowerPoint,C012,Presenting Data to Decision Makers,LinkedIn Learning,Beginner,10,tag,4.5,HIGH,LOW,6.75,1
293,Sales,Sales Executive,Microsoft Excel,Learn Microsoft Excel,C010,Advanced Spreadsheet Modelling,Microsoft Learn,Intermediate,12,tag,4.5,HIGH,LOW,6.75,2
293,Sales,Sales Executive,Microsoft Office,Learn Microsoft Office,C013,Productivity Suite Fundamentals,Microsoft Learn,Beginner,10,tag,4.5,HIGH,LOW,6.75,3
296,Research & Development,Research Director,Microsoft PowerPoint,Learn Microsoft PowerPoint,C012,Presenting Data to Decision Makers,LinkedIn Learning,Beginner,10,tag,4.5,HIGH,LOW,6.75,1
296,Research & Development,Research Director,Microsoft Excel,Learn Microsoft Excel,C010,Advanced Spreadsheet Modelling,Microsoft Learn,Intermediate,12,tag,4.5,HIGH,LOW,6.75,2
296,Research & Development,Research Director,Microsoft Office,Learn Microsoft Office,C013,Productivity Suite Fundamentals,Microsoft Learn,Beginner,10,tag,4.5,HIGH,LOW,6.75,3
297,Research & Development,Research Scientist,R,Learn R,C002,Statistical Programming in R,Coursera,Intermediate,24,tag,4.5,HIGH,HIGH,9.45,1
297,Research & Development,Research Scientist,Writing,Learn Writing,C035,Business Writing for Clarity,LinkedIn Learning,Beginner,8,tag,4.25,HIGH,HIGH,8.925,2
297,Research & Development,Research Scientist,Science,Learn Science,C038,Scientific Method in Practice,edX,Intermediate,14,tag,4.12,HIGH,HIGH,8.652,3
298,Sales,Manager,Microsoft PowerPoint,Learn Microsoft PowerPoint,C012,Presenting Data to Decision Makers,LinkedIn Learning,Beginner,10,tag,4.5,HIGH,LOW,6.75,1
298,Sales,Manager,Microsoft Excel,Learn Microsoft Excel,C010,Advanced Spreadsheet Modelling,Microsoft Learn,Intermediate,12,tag,4.5,HIGH,LOW,6.75,2
298,Sales,Manager,Active Listening,Learn Active Listening,C015,Running Effective Remote Meetings,LinkedIn Learning,Beginner,6,tag,4.0,HIGH,LOW,6.0,3
299,Sales,Sales Executive,Microsoft PowerPoint,Learn Microsoft PowerPoint,C012,Presenting Data to Decision Makers,LinkedIn Learning,Beginner,10,tag,4.5,HIGH,HIGH,9.45,1
299,Sales,Sales Executive,Microsoft Office,Learn Microsoft Office,C013,Productivity Suite Fundamentals,Microsoft Learn,Beginner,10,tag,4.5,HIGH,HIGH,9.45,2
299,Sales,Sales Executive,Microsoft Outlook,Learn Microsoft Outlook,C013,Productivity Suite Fundamentals,Microsoft Learn,Beginner,10,tag,4.5,HIGH,HIGH,9.45,3
300,Research & Development,Research Scientist,R,Learn R,C002,Statistical Programming in R,Coursera,Intermediate,24,tag,4.5,HIGH,LOW,6.75,1
300,Research & Development,Research Scientist,Science,Learn Science,C038,Scientific Method in Practice,edX,Intermediate,14,tag,4.12,HIGH,LOW,6.18,2
300,Research & Development,Research Scientist,Active Learning,Learn Active Learning,C034,Learning How to Learn,Coursera,Beginner,8,tag,4.12,HIGH,LOW,6.18,3
302,Sales,Sales Executive,Microsoft Excel,Learn Microsoft Excel,C010,Advanced Spreadsheet Modelling,Microsoft Learn,Intermediate,12,tag,4.5,HIGH,LOW,6.75,1
302,Sales,Sales Executive,Adobe Creative Cloud,Learn Adobe Creative Cloud,C020,Digital Image Editing Foundations,Adobe,Beginner,16,tag,3.5,HIGH,LOW,5.25,2
302,Sales,Sales Executive,Critical Thinking,Learn Critical Thinking,C033,Structured Problem Solving,Coursera,Intermediate,12,tag,3.5,HIGH,LOW,5.25,3
303,Sales,Sales Executive,Microsoft Excel,Learn Microsoft Excel,C010,Advanced Spreadsheet Modelling,Microsoft Learn,Intermediate,12,tag,4.5,HIGH,LOW,6.75,1
303,Sales,Sales Executive,Salesforce,Learn Salesforce,C026,Managing the Customer Pipeline,Trailhead,Beginner,16,tag,4.5,HIGH,LOW,6.75,2
303,Sales,Sales Executive,Speaking,Learn Speaking,C036,Listening and Influence at Work,LinkedIn Learning,Beginner,6,tag,4.0,HIGH,LOW,6.0,3
304,Research & Development,Laboratory Technician,Microsoft Excel,Learn Microsoft Excel,C010,Advanced Spreadsheet Modelling,Microsoft Learn,Intermediate,12,tag,4.5,HIGH,LOW,6.75,1
304,Research & Development,Laboratory Technician,Reading Comprehension,Learn Reading Comprehension,C035,Business Writing for Clarity,LinkedIn Learning,Beginner,8,tag,3.75,HIGH,LOW,5.625,2
304,Research & Development,Laboratory Technician,Active Listening,Learn Active Listening,C015,Running Effective Remote Meetings,LinkedIn Learning,Beginner,6,tag,3.62,HIGH,LOW,5.43,3
305,Research & Development,Research Scientist,Science,Learn Science,C038,Scientific Method in Practice,edX,Intermediate,14,tag,4.12,HIGH,LOW,6.18,1
305,Research & Development,Research Scientist,Speaking,Learn Speaking,C036,Listening and Influence at Work,LinkedIn Learning,Beginner,6,tag,4.12,HIGH,LOW,6.18,2
305,Research & Development,Research Scientist,Active Learning,Learn Active Learning,C034,Learning How to Learn,Coursera,Beginner,8,tag,4.12,HIGH,LOW,6.18,3
306,Research & Development,Research Director,Microsoft PowerPoint,Learn Microsoft PowerPoint,C012,Presenting Data to Decision Makers,LinkedIn Learning,Beginner,10,tag,4.5,HIGH,LOW,6.75,1
306,Research & Development,Research Director,Microsoft Office,Learn Microsoft Office,C013,Productivity Suite Fundamentals,Microsoft Learn,Beginner,10,tag,4.5,HIGH,LOW,6.75,2
306,Research & Development,Research Director,Monitoring,Learn Monitoring,C039,Performance Tracking and Review,LinkedIn Learning,Beginner,6,tag,4.0,HIGH,LOW,6.0,3
307,Sales,Sales Executive,Microsoft PowerPoint,Learn Microsoft PowerPoint,C012,Presenting Data to Decision Makers,LinkedIn Learning,Beginner,10,tag,4.5,HIGH,LOW,6.75,1
307,Sales,Sales Executive,Microsoft Excel,Learn Microsoft Excel,C010,Advanced Spreadsheet Modelling,Microsoft Learn,Intermediate,12,tag,4.5,HIGH,LOW,6.75,2
307,Sales,Sales Executive,Salesforce,Learn Salesforce,C026,Managing the Customer Pipeline,Trailhead,Beginner,16,tag,4.5,HIGH,LOW,6.75,3
308,Research & Development,Manufacturing Director,SAP,Learn SAP,C029,Enterprise Resource Planning Essentials,SAP,Intermediate,24,tag,4.5,HIGH,LOW,6.75,1
308,Research & Development,Manufacturing Director,Microsoft PowerPoint,Learn Microsoft PowerPoint,C012,Presenting Data to Decision Makers,LinkedIn Learning,Beginner,10,tag,4.5,HIGH,LOW,6.75,2
308,Research & Development,Manufacturing Director,Microsoft Office,Learn Microsoft Office,C013,Productivity Suite Fundamentals,Microsoft Learn,Beginner,10,tag,4.5,HIGH,LOW,6.75,3
309,Research & Development,Research Scientist,R,Learn R,C002,Statistical Programming in R,Coursera,Intermediate,24,tag,4.5,HIGH,LOW,6.75,1
309,Research & Development,Research Scientist,Microsoft Office,Learn Microsoft Office,C013,Productivity Suite Fundamentals,Microsoft Learn,Beginner,10,tag,4.5,HIGH,LOW,6.75,2
309,Research & Development,Research Scientist,Writing,Learn Writing,C035,Business Writing for Clarity,LinkedIn Learning,Beginner,8,tag,4.25,HIGH,LOW,6.375,3
311,Sales,Sales Representative,Salesforce,Learn Salesforce,C026,Managing the Customer Pipeline,Trailhead,Beginner,16,tag,4.5,HIGH,MEDIUM,7.762,1
311,Sales,Sales Representative,Speaking,Learn Speaking,C036,Listening and Influence at Work,LinkedIn Learning,Beginner,6,tag,3.88,HIGH,MEDIUM,6.693,2
311,Sales,Sales Representative,Active Listening,Learn Active Listening,C015,Running Effective Remote Meetings,LinkedIn Learning,Beginner,6,tag,3.88,HIGH,MEDIUM,6.693,3
312,Sales,Sales Executive,Microsoft PowerPoint,Learn Microsoft PowerPoint,C012,Presenting Data to Decision Makers,LinkedIn Learning,Beginner,10,tag,4.5,HIGH,LOW,6.75,1
312,Sales,Sales Executive,Microsoft Excel,Learn Microsoft Excel,C010,Advanced Spreadsheet Modelling,Microsoft Learn,Intermediate,12,tag,4.5,HIGH,LOW,6.75,2
312,Sales,Sales Executive,Microsoft Office,Learn Microsoft Office,C013,Productivity Suite Fundamentals,Microsoft Learn,Beginner,10,tag,4.5,HIGH,LOW,6.75,3
314,Sales,Sales Executive,Microsoft Excel,Learn Microsoft Excel,C010,Advanced Spreadsheet Modelling,Microsoft Learn,Intermediate,12,tag,4.5,HIGH,LOW,6.75,1
314,Sales,Sales Executive,Microsoft Outlook,Learn Microsoft Outlook,C013,Productivity Suite Fundamentals,Microsoft Learn,Beginner,10,tag,4.5,HIGH,LOW,6.75,2
314,Sales,Sales Executive,Active Listening,Learn Active Listening,C015,Running Effective Remote Meetings,LinkedIn Learning,Beginner,6,tag,4.0,HIGH,LOW,6.0,3
315,Research & Development,Research Scientist,Microsoft Office,Learn Microsoft Office,C013,Productivity Suite Fundamentals,Microsoft Learn,Beginner,10,tag,4.5,HIGH,HIGH,9.45,1
315,Research & Development,Research Scientist,Writing,Learn Writing,C035,Business Writing for Clarity,LinkedIn Learning,Beginner,8,tag,4.25,HIGH,HIGH,8.925,2
315,Research & Development,Research Scientist,Science,Learn Science,C038,Scientific Method in Practice,edX,Intermediate,14,tag,4.12,HIGH,HIGH,8.652,3
316,Research & Development,Laboratory Technician,Microsoft Excel,Learn Microsoft Excel,C010,Advanced Spreadsheet Modelling,Microsoft Learn,Intermediate,12,tag,4.5,HIGH,LOW,6.75,1
316,Research & Development,Laboratory Technician,Microsoft Office,Learn Microsoft Office,C013,Productivity Suite Fundamentals,Microsoft Learn,Beginner,10,tag,4.5,HIGH,LOW,6.75,2
316,Research & Development,Laboratory Technician,Reading Comprehension,Learn Reading Comprehension,C035,Business Writing for Clarity,LinkedIn Learning,Beginner,8,tag,3.75,HIGH,LOW,5.625,3
319,Research & Development,Manager,Microsoft PowerPoint,Learn Microsoft PowerPoint,C012,Presenting Data to Decision Makers,LinkedIn Learning,Beginner,10,tag,4.5,HIGH,LOW,6.75,1
319,Research & Development,Manager,Speaking,Learn Speaking,C036,Listening and Influence at Work,LinkedIn Learning,Beginner,6,tag,4.0,HIGH,LOW,6.0,2
319,Research & Development,Manager,Active Listening,Learn Active Listening,C015,Running Effective Remote Meetings,LinkedIn Learning,Beginner,6,tag,4.0,HIGH,LOW,6.0,3
321,Human Resources,Human Resources,Microsoft Excel,Learn Microsoft Excel,C010,Advanced Spreadsheet Modelling,Microsoft Learn,Intermediate,12,tag,4.5,HIGH,LOW,6.75,1
321,Human Resources,Human Resources,Microsoft Outlook,Learn Microsoft Outlook,C013,Productivity Suite Fundamentals,Microsoft Learn,Beginner,10,tag,4.5,HIGH,LOW,6.75,2
321,Human Resources,Human Resources,Reading Comprehension,Learn Reading Comprehension,C035,Business Writing for Clarity,LinkedIn Learning,Beginner,8,tag,4.0,HIGH,LOW,6.0,3
323,Sales,Manager,Microsoft PowerPoint,Learn Microsoft PowerPoint,C012,Presenting Data to Decision Makers,LinkedIn Learning,Beginner,10,tag,4.5,HIGH,LOW,6.75,1
323,Sales,Manager,Microsoft Office,Learn Microsoft Office,C013,Productivity Suite Fundamentals,Microsoft Learn,Beginner,10,tag,4.5,HIGH,LOW,6.75,2
323,Sales,Manager,Monitoring,Learn Monitoring,C039,Performance Tracking and Review,LinkedIn Learning,Beginner,6,tag,4.0,HIGH,LOW,6.0,3
325,Research & Development,Laboratory Technician,Microsoft Excel,Learn Microsoft Excel,C010,Advanced Spreadsheet Modelling,Microsoft Learn,Intermediate,12,tag,4.5,HIGH,HIGH,9.45,1
325,Research & Development,Laboratory Technician,Microsoft Office,Learn Microsoft Office,C013,Productivity Suite Fundamentals,Microsoft Learn,Beginner,10,tag,4.5,HIGH,HIGH,9.45,2
325,Research & Development,Laboratory Technician,SAP,Learn SAP,C029,Enterprise Resource Planning Essentials,SAP,Intermediate,24,tag,3.5,HIGH,HIGH,7.35,3
327,Sales,Manager,Microsoft Excel,Learn Microsoft Excel,C010,Advanced Spreadsheet Modelling,Microsoft Learn,Intermediate,12,tag,4.5,HIGH,LOW,6.75,1
327,Sales,Manager,Monitoring,Learn Monitoring,C039,Performance Tracking and Review,LinkedIn Learning,Beginner,6,tag,4.0,HIGH,LOW,6.0,2
327,Sales,Manager,Reading Comprehension,Learn Reading Comprehension,C035,Business Writing for Clarity,LinkedIn Learning,Beginner,8,tag,4.0,HIGH,LOW,6.0,3
328,Research & Development,Laboratory Technician,Reading Comprehension,Learn Reading Comprehension,C035,Business Writing for Clarity,LinkedIn Learning,Beginner,8,tag,3.75,HIGH,MEDIUM,6.469,1
328,Research & Development,Laboratory Technician,Active Listening,Learn Active Listening,C015,Running Effective Remote Meetings,LinkedIn Learning,Beginner,6,tag,3.62,HIGH,MEDIUM,6.244,2
328,Research & Development,Laboratory Technician,Microsoft Word,Learn Microsoft Word,C011,Business Documents That Get Read,LinkedIn Learning,Beginner,8,tag,3.5,HIGH,MEDIUM,6.037,3
329,Sales,Manager,Microsoft PowerPoint,Learn Microsoft PowerPoint,C012,Presenting Data to Decision Makers,LinkedIn Learning,Beginner,10,tag,4.5,HIGH,LOW,6.75,1
329,Sales,Manager,Monitoring,Learn Monitoring,C039,Performance Tracking and Review,LinkedIn Learning,Beginner,6,tag,4.0,HIGH,LOW,6.0,2
329,Sales,Manager,Speaking,Learn Speaking,C036,Listening and Influence at Work,LinkedIn Learning,Beginner,6,tag,4.0,HIGH,LOW,6.0,3
330,Sales,Sales Representative,Speaking,Learn Speaking,C036,Listening and Influence at Work,LinkedIn Learning,Beginner,6,tag,3.88,HIGH,LOW,5.82,1
330,Sales,Sales Representative,Active Listening,Learn Active Listening,C015,Running Effective Remote Meetings,LinkedIn Learning,Beginner,6,tag,3.88,HIGH,LOW,5.82,2
330,Sales,Sales Representative,Microsoft Project,Learn Microsoft Project,C016,Agile Delivery with Issue Tracking,Atlassian,Intermediate,14,tag,3.5,HIGH,LOW,5.25,3
331,Research & Development,Laboratory Technician,Microsoft Office,Learn Microsoft Office,C013,Productivity Suite Fundamentals,Microsoft Learn,Beginner,10,tag,4.5,HIGH,HIGH,9.45,1
331,Research & Development,Laboratory Technician,Reading Comprehension,Learn Reading Comprehension,C035,Business Writing for Clarity,LinkedIn Learning,Beginner,8,tag,3.75,HIGH,HIGH,7.875,2
331,Research & Development,Laboratory Technician,Active Listening,Learn Active Listening,C015,Running Effective Remote Meetings,LinkedIn Learning,Beginner,6,tag,3.62,HIGH,HIGH,7.602,3
332,Research & Development,Laboratory Technician,Microsoft Excel,Learn Microsoft Excel,C010,Advanced Spreadsheet Modelling,Microsoft Learn,Intermediate,12,tag,4.5,HIGH,LOW,6.75,1
332,Research & Development,Laboratory Technician,Microsoft Office,Learn Microsoft Office,C013,Productivity Suite Fundamentals,Microsoft Learn,Beginner,10,tag,4.5,HIGH,LOW,6.75,2
332,Research & Development,Laboratory Technician,Active Listening,Learn Active Listening,C015,Running Effective Remote Meetings,LinkedIn Learning,Beginner,6,tag,3.62,HIGH,LOW,5.43,3
333,Sales,Sales Executive,Microsoft Excel,Learn Microsoft Excel,C010,Advanced Spreadsheet Modelling,Microsoft Learn,Intermediate,12,tag,4.5,HIGH,LOW,6.75,1
333,Sales,Sales Executive,Microsoft Office,Learn Microsoft Office,C013,Productivity Suite Fundamentals,Microsoft Learn,Beginner,10,tag,4.5,HIGH,LOW,6.75,2
333,Sales,Sales Executive,Microsoft Outlook,Learn Microsoft Outlook,C013,Productivity Suite Fundamentals,Microsoft Learn,Beginner,10,tag,4.5,HIGH,LOW,6.75,3
334,Research & Development,Research Scientist,Microsoft Excel,Learn Microsoft Excel,C010,Advanced Spreadsheet Modelling,Microsoft Learn,Intermediate,12,tag,4.5,HIGH,LOW,6.75,1
334,Research & Development,Research Scientist,R,Learn R,C002,Statistical Programming in R,Coursera,Intermediate,24,tag,4.5,HIGH,LOW,6.75,2
334,Research & Development,Research Scientist,Speaking,Learn Speaking,C036,Listening and Influence at Work,LinkedIn Learning,Beginner,6,tag,4.12,HIGH,LOW,6.18,3
335,Research & Development,Research Scientist,Microsoft Excel,Learn Microsoft Excel,C010,Advanced Spreadsheet Modelling,Microsoft Learn,Intermediate,12,tag,4.5,HIGH,LOW,6.75,1
335,Research & Development,Research Scientist,R,Learn R,C002,Statistical Programming in R,Coursera,Intermediate,24,tag,4.5,HIGH,LOW,6.75,2
335,Research & Development,Research Scientist,Microsoft Office,Learn Microsoft Office,C013,Productivity Suite Fundamentals,Microsoft Learn,Beginner,10,tag,4.5,HIGH,LOW,6.75,3
336,Research & Development,Manager,Monitoring,Learn Monitoring,C039,Performance Tracking and Review,LinkedIn Learning,Beginner,6,tag,4.0,HIGH,LOW,6.0,1
336,Research & Development,Manager,Speaking,Learn Speaking,C036,Listening and Influence at Work,LinkedIn Learning,Beginner,6,tag,4.0,HIGH,LOW,6.0,2
336,Research & Development,Manager,Active Learning,Learn Active Learning,C034,Learning How to Learn,Coursera,Beginner,8,tag,3.62,HIGH,LOW,5.43,3
337,Research & Development,Research Director,Microsoft Excel,Learn Microsoft Excel,C010,Advanced Spreadsheet Modelling,Microsoft Learn,Intermediate,12,tag,4.5,HIGH,LOW,6.75,1
337,Research & Development,Research Director,Science,Learn Science,C038,Scientific Method in Practice,edX,Intermediate,14,tag,4.12,HIGH,LOW,6.18,2
337,Research & Development,Research Director,Monitoring,Learn Monitoring,C039,Performance Tracking and Review,LinkedIn Learning,Beginner,6,tag,4.0,HIGH,LOW,6.0,3
338,Research & Development,Research Scientist,R,Learn R,C002,Statistical Programming in R,Coursera,Intermediate,24,tag,4.5,HIGH,LOW,6.75,1
338,Research & Development,Research Scientist,Critical Thinking,Learn Critical Thinking,C033,Structured Problem Solving,Coursera,Intermediate,12,tag,4.0,HIGH,LOW,6.0,2
338,Research & Development,Research Scientist,Reading Comprehension,Learn Reading Comprehension,C035,Business Writing for Clarity,LinkedIn Learning,Beginner,8,tag,4.0,HIGH,LOW,6.0,3
339,Research & Development,Manufacturing Director,Microsoft Outlook,Learn Microsoft Outlook,C013,Productivity Suite Fundamentals,Microsoft Learn,Beginner,10,tag,4.5,HIGH,LOW,6.75,1
339,Research & Development,Manufacturing Director,Monitoring,Learn Monitoring,C039,Performance Tracking and Review,LinkedIn Learning,Beginner,6,tag,4.0,HIGH,LOW,6.0,2
339,Research & Development,Manufacturing Director,Critical Thinking,Learn Critical Thinking,C033,Structured Problem Solving,Coursera,Intermediate,12,tag,4.0,HIGH,LOW,6.0,3
340,Research & Development,Research Scientist,Microsoft Excel,Learn Microsoft Excel,C010,Advanced Spreadsheet Modelling,Microsoft Learn,Intermediate,12,tag,4.5,HIGH,LOW,6.75,1
340,Research & Development,Research Scientist,Microsoft Office,Learn Microsoft Office,C013,Productivity Suite Fundamentals,Microsoft Learn,Beginner,10,tag,4.5,HIGH,LOW,6.75,2
340,Research & Development,Research Scientist,Writing,Learn Writing,C035,Business Writing for Clarity,LinkedIn Learning,Beginner,8,tag,4.25,HIGH,LOW,6.375,3
341,Research & Development,Manufacturing Director,SAP,Learn SAP,C029,Enterprise Resource Planning Essentials,SAP,Intermediate,24,tag,4.5,HIGH,LOW,6.75,1
341,Research & Development,Manufacturing Director,Microsoft PowerPoint,Learn Microsoft PowerPoint,C012,Presenting Data to Decision Makers,LinkedIn Learning,Beginner,10,tag,4.5,HIGH,LOW,6.75,2
341,Research & Development,Manufacturing Director,Microsoft Excel,Learn Microsoft Excel,C010,Advanced Spreadsheet Modelling,Microsoft Learn,Intermediate,12,tag,4.5,HIGH,LOW,6.75,3
342,Research & Development,Manufacturing Director,SAP,Learn SAP,C029,Enterprise Resource Planning Essentials,SAP,Intermediate,24,tag,4.5,HIGH,MEDIUM,7.762,1
342,Research & Development,Manufacturing Director,Reading Comprehension,Learn Reading Comprehension,C035,Business Writing for Clarity,LinkedIn Learning,Beginner,8,tag,3.88,HIGH,MEDIUM,6.693,2
342,Research & Development,Manufacturing Director,Active Listening,Learn Active Listening,C015,Running Effective Remote Meetings,LinkedIn Learning,Beginner,6,tag,3.88,HIGH,MEDIUM,6.693,3
343,Research & Development,Healthcare Representative,Microsoft Excel,Learn Microsoft Excel,C010,Advanced Spreadsheet Modelling,Microsoft Learn,Intermediate,12,tag,4.5,HIGH,LOW,6.75,1
343,Research & Development,Healthcare Representative,Microsoft Office,Learn Microsoft Office,C013,Productivity Suite Fundamentals,Microsoft Learn,Beginner,10,tag,4.5,HIGH,LOW,6.75,2
343,Research & Development,Healthcare Representative,Salesforce,Learn Salesforce,C026,Managing the Customer Pipeline,Trailhead,Beginner,16,tag,4.5,HIGH,LOW,6.75,3
346,Research & Development,Research Scientist,R,Learn R,C002,Statistical Programming in R,Coursera,Intermediate,24,tag,4.5,HIGH,LOW,6.75,1
346,Research & Development,Research Scientist,Microsoft Office,Learn Microsoft Office,C013,Productivity Suite Fundamentals,Microsoft Learn,Beginner,10,tag,4.5,HIGH,LOW,6.75,2
346,Research & Development,Research Scientist,Writing,Learn Writing,C035,Business Writing for Clarity,LinkedIn Learning,Beginner,8,tag,4.25,HIGH,LOW,6.375,3
347,Research & Development,Research Scientist,Microsoft Office,Learn Microsoft Office,C013,Productivity Suite Fundamentals,Microsoft Learn,Beginner,10,tag,4.5,HIGH,MEDIUM,7.762,1
347,Research & Development,Research Scientist,Science,Learn Science,C038,Scientific Method in Practice,edX,Intermediate,14,tag,4.12,HIGH,MEDIUM,7.107,2
347,Research & Development,Research Scientist,Active Learning,Learn Active Learning,C034,Learning How to Learn,Coursera,Beginner,8,tag,4.12,HIGH,MEDIUM,7.107,3
349,Sales,Sales Executive,Microsoft Excel,Learn Microsoft Excel,C010,Advanced Spreadsheet Modelling,Microsoft Learn,Intermediate,12,tag,4.5,HIGH,LOW,6.75,1
349,Sales,Sales Executive,Microsoft Office,Learn Microsoft Office,C013,Productivity Suite Fundamentals,Microsoft Learn,Beginner,10,tag,4.5,HIGH,LOW,6.75,2
349,Sales,Sales Executive,Microsoft Outlook,Learn Microsoft Outlook,C013,Productivity Suite Fundamentals,Microsoft Learn,Beginner,10,tag,4.5,HIGH,LOW,6.75,3
350,Research & Development,Manufacturing Director,Microsoft PowerPoint,Learn Microsoft PowerPoint,C012,Presenting Data to Decision Makers,LinkedIn Learning,Beginner,10,tag,4.5,HIGH,LOW,6.75,1
350,Research & Development,Manufacturing Director,Microsoft Excel,Learn Microsoft Excel,C010,Advanced Spreadsheet Modelling,Microsoft Learn,Intermediate,12,tag,4.5,HIGH,LOW,6.75,2
350,Research & Development,Manufacturing Director,Microsoft Outlook,Learn Microsoft Outlook,C013,Productivity Suite Fundamentals,Microsoft Learn,Beginner,10,tag,4.5,HIGH,LOW,6.75,3
351,Research & Development,Laboratory Technician,Microsoft Excel,Learn Microsoft Excel,C010,Advanced Spreadsheet Modelling,Microsoft Learn,Intermediate,12,tag,4.5,HIGH,LOW,6.75,1
351,Research & Development,Laboratory Technician,SAP,Learn SAP,C029,Enterprise Resource Planning Essentials,SAP,Intermediate,24,tag,3.5,HIGH,LOW,5.25,2
351,Research & Development,Laboratory Technician,Microsoft PowerPoint,Learn Microsoft PowerPoint,C012,Presenting Data to Decision Makers,LinkedIn Learning,Beginner,10,tag,3.5,HIGH,LOW,5.25,3
352,Research & Development,Research Director,Microsoft Excel,Learn Microsoft Excel,C010,Advanced Spreadsheet Modelling,Microsoft Learn,Intermediate,12,tag,4.5,HIGH,LOW,6.75,1
352,Research & Development,Research Director,Science,Learn Science,C038,Scientific Method in Practice,edX,Intermediate,14,tag,4.12,HIGH,LOW,6.18,2
352,Research & Development,Research Director,Monitoring,Learn Monitoring,C039,Performance Tracking and Review,LinkedIn Learning,Beginner,6,tag,4.0,HIGH,LOW,6.0,3
353,Research & Development,Research Scientist,Microsoft Excel,Learn Microsoft Excel,C010,Advanced Spreadsheet Modelling,Microsoft Learn,Intermediate,12,tag,4.5,HIGH,LOW,6.75,1
353,Research & Development,Research Scientist,R,Learn R,C002,Statistical Programming in R,Coursera,Intermediate,24,tag,4.5,HIGH,LOW,6.75,2
353,Research & Development,Research Scientist,Writing,Learn Writing,C035,Business Writing for Clarity,LinkedIn Learning,Beginner,8,tag,4.25,HIGH,LOW,6.375,3
355,Research & Development,Laboratory Technician,Microsoft Office,Learn Microsoft Office,C013,Productivity Suite Fundamentals,Microsoft Learn,Beginner,10,tag,4.5,HIGH,HIGH,9.45,1
355,Research & Development,Laboratory Technician,Active Listening,Learn Active Listening,C015,Running Effective Remote Meetings,LinkedIn Learning,Beginner,6,tag,3.62,HIGH,HIGH,7.602,2
355,Research & Development,Laboratory Technician,SAP,Learn SAP,C029,Enterprise Resource Planning Essentials,SAP,Intermediate,24,tag,3.5,HIGH,HIGH,7.35,3
359,Research & Development,Laboratory Technician,Microsoft Excel,Learn Microsoft Excel,C010,Advanced Spreadsheet Modelling,Microsoft Learn,Intermediate,12,tag,4.5,HIGH,MEDIUM,7.762,1
359,Research & Development,Laboratory Technician,Microsoft Office,Learn Microsoft Office,C013,Productivity Suite Fundamentals,Microsoft Learn,Beginner,10,tag,4.5,HIGH,MEDIUM,7.762,2
359,Research & Development,Laboratory Technician,Reading Comprehension,Learn Reading Comprehension,C035,Business Writing for Clarity,LinkedIn Learning,Beginner,8,tag,3.75,HIGH,MEDIUM,6.469,3
361,Sales,Sales Executive,Microsoft PowerPoint,Learn Microsoft PowerPoint,C012,Presenting Data to Decision Makers,LinkedIn Learning,Beginner,10,tag,4.5,HIGH,LOW,6.75,1
361,Sales,Sales Executive,Salesforce,Learn Salesforce,C026,Managing the Customer Pipeline,Trailhead,Beginner,16,tag,4.5,HIGH,LOW,6.75,2
361,Sales,Sales Executive,Microsoft Outlook,Learn Microsoft Outlook,C013,Productivity Suite Fundamentals,Microsoft Learn,Beginner,10,tag,4.5,HIGH,LOW,6.75,3
362,Research & Development,Laboratory Technician,Microsoft Excel,Learn Microsoft Excel,C010,Advanced Spreadsheet Modelling,Microsoft Learn,Intermediate,12,tag,4.5,HIGH,HIGH,9.45,1
362,Research & Development,Laboratory Technician,Microsoft Office,Learn Microsoft Office,C013,Productivity Suite Fundamentals,Microsoft Learn,Beginner,10,tag,4.5,HIGH,HIGH,9.45,2
362,Research & Development,Laboratory Technician,Reading Comprehension,Learn Reading Comprehension,C035,Business Writing for Clarity,LinkedIn Learning,Beginner,8,tag,3.75,HIGH,HIGH,7.875,3
363,Sales,Manager,Speaking,Learn Speaking,C036,Listening and Influence at Work,LinkedIn Learning,Beginner,6,tag,4.0,HIGH,HIGH,8.4,1
363,Sales,Manager,Critical Thinking,Learn Critical Thinking,C033,Structured Problem Solving,Coursera,Intermediate,12,tag,3.88,HIGH,HIGH,8.148,2
363,Sales,Manager,Adobe Acrobat,Learn Adobe Acrobat,C019,Working with PDFs and Document Workflows,Adobe,Beginner,6,tag,3.5,HIGH,HIGH,7.35,3
364,Research & Development,Laboratory Technician,Reading Comprehension,Learn Reading Comprehension,C035,Business Writing for Clarity,LinkedIn Learning,Beginner,8,tag,3.75,HIGH,HIGH,7.875,1
364,Research & Development,Laboratory Technician,Active Listening,Learn Active Listening,C015,Running Effective Remote Meetings,LinkedIn Learning,Beginner,6,tag,3.62,HIGH,HIGH,7.602,2
364,Research & Development,Laboratory Technician,SAP,Learn SAP,C029,Enterprise Resource Planning Essentials,SAP,Intermediate,24,tag,3.5,HIGH,HIGH,7.35,3
366,Sales,Sales Executive,Salesforce,Learn Salesforce,C026,Managing the Customer Pipeline,Trailhead,Beginner,16,tag,4.5,HIGH,LOW,6.75,1
366,Sales,Sales Executive,Microsoft Outlook,Learn Microsoft Outlook,C013,Productivity Suite Fundamentals,Microsoft Learn,Beginner,10,tag,4.5,HIGH,LOW,6.75,2
366,Sales,Sales Executive,Adobe InDesign,Learn Adobe InDesign,C022,Layout and Publication Design,Adobe,Intermediate,14,tag,3.5,HIGH,LOW,5.25,3
367,Research & Development,Healthcare Representative,Microsoft Office,Learn Microsoft Office,C013,Productivity Suite Fundamentals,Microsoft Learn,Beginner,10,tag,4.5,HIGH,LOW,6.75,1
367,Research & Development,Healthcare Representative,Salesforce,Learn Salesforce,C026,Managing the Customer Pipeline,Trailhead,Beginner,16,tag,4.5,HIGH,LOW,6.75,2
367,Research & Development,Healthcare Representative,Speaking,Learn Speaking,C036,Listening and Influence at Work,LinkedIn Learning,Beginner,6,tag,4.25,HIGH,LOW,6.375,3
369,Research & Development,Healthcare Representative,Microsoft Excel,Learn Microsoft Excel,C010,Advanced Spreadsheet Modelling,Microsoft Learn,Intermediate,12,tag,4.5,HIGH,LOW,6.75,1
369,Research & Development,Healthcare Representative,Microsoft Outlook,Learn Microsoft Outlook,C013,Productivity Suite Fundamentals,Microsoft Learn,Beginner,10,tag,4.5,HIGH,LOW,6.75,2
369,Research & Development,Healthcare Representative,Speaking,Learn Speaking,C036,Listening and Influence at Work,LinkedIn Learning,Beginner,6,tag,4.25,HIGH,LOW,6.375,3
372,Research & Development,Healthcare Representative,Microsoft Office,Learn Microsoft Office,C013,Productivity Suite Fundamentals,Microsoft Learn,Beginner,10,tag,4.5,HIGH,LOW,6.75,1
372,Research & Development,Healthcare Representative,Salesforce,Learn Salesforce,C026,Managing the Customer Pipeline,Trailhead,Beginner,16,tag,4.5,HIGH,LOW,6.75,2
372,Research & Development,Healthcare Representative,Microsoft Access,Learn Microsoft Access,C009,Relational Databases and Query Design,Coursera,Beginner,18,tag,3.5,HIGH,LOW,5.25,3
373,Research & Development,Laboratory Technician,Reading Comprehension,Learn Reading Comprehension,C035,Business Writing for Clarity,LinkedIn Learning,Beginner,8,tag,3.75,HIGH,LOW,5.625,1
373,Research & Development,Laboratory Technician,Active Listening,Learn Active Listening,C015,Running Effective Remote Meetings,LinkedIn Learning,Beginner,6,tag,3.62,HIGH,LOW,5.43,2
373,Research & Development,Laboratory Technician,SAP,Learn SAP,C029,Enterprise Resource Planning Essentials,SAP,Intermediate,24,tag,3.5,HIGH,LOW,5.25,3
374,Research & Development,Manager,Microsoft Office,Learn Microsoft Office,C013,Productivity Suite Fundamentals,Microsoft Learn,Beginner,10,tag,4.5,HIGH,LOW,6.75,1
374,Research & Development,Manager,Speaking,Learn Speaking,C036,Listening and Influence at Work,LinkedIn Learning,Beginner,6,tag,4.0,HIGH,LOW,6.0,2
374,Research & Development,Manager,Writing,Learn Writing,C035,Business Writing for Clarity,LinkedIn Learning,Beginner,8,tag,3.5,HIGH,LOW,5.25,3
376,Research & Development,Manager,Microsoft Office,Learn Microsoft Office,C013,Productivity Suite Fundamentals,Microsoft Learn,Beginner,10,tag,4.5,HIGH,HIGH,9.45,1
376,Research & Development,Manager,Reading Comprehension,Learn Reading Comprehension,C035,Business Writing for Clarity,LinkedIn Learning,Beginner,8,tag,4.0,HIGH,HIGH,8.4,2
376,Research & Development,Manager,Speaking,Learn Speaking,C036,Listening and Influence at Work,LinkedIn Learning,Beginner,6,tag,4.0,HIGH,HIGH,8.4,3
377,Research & Development,Research Scientist,R,Learn R,C002,Statistical Programming in R,Coursera,Intermediate,24,tag,4.5,HIGH,LOW,6.75,1
377,Research & Development,Research Scientist,Microsoft Office,Learn Microsoft Office,C013,Productivity Suite Fundamentals,Microsoft Learn,Beginner,10,tag,4.5,HIGH,LOW,6.75,2
377,Research & Development,Research Scientist,Writing,Learn Writing,C035,Business Writing for Clarity,LinkedIn Learning,Beginner,8,tag,4.25,HIGH,LOW,6.375,3
378,Sales,Sales Executive,Microsoft Excel,Learn Microsoft Excel,C010,Advanced Spreadsheet Modelling,Microsoft Learn,Intermediate,12,tag,4.5,HIGH,LOW,6.75,1
378,Sales,Sales Executive,Microsoft Office,Learn Microsoft Office,C013,Productivity Suite Fundamentals,Microsoft Learn,Beginner,10,tag,4.5,HIGH,LOW,6.75,2
378,Sales,Sales Executive,Salesforce,Learn Salesforce,C026,Managing the Customer Pipeline,Trailhead,Beginner,16,tag,4.5,HIGH,LOW,6.75,3
379,Research & Development,Research Scientist,Microsoft Office,Learn Microsoft Office,C013,Productivity Suite Fundamentals,Microsoft Learn,Beginner,10,tag,4.5,HIGH,LOW,6.75,1
379,Research & Development,Research Scientist,Writing,Learn Writing,C035,Business Writing for Clarity,LinkedIn Learning,Beginner,8,tag,4.25,HIGH,LOW,6.375,2
379,Research & Development,Research Scientist,Science,Learn Science,C038,Scientific Method in Practice,edX,Intermediate,14,tag,4.12,HIGH,LOW,6.18,3
380,Research & Development,Research Director,Microsoft Excel,Learn Microsoft Excel,C010,Advanced Spreadsheet Modelling,Microsoft Learn,Intermediate,12,tag,4.5,HIGH,LOW,6.75,1
380,Research & Development,Research Director,Science,Learn Science,C038,Scientific Method in Practice,edX,Intermediate,14,tag,4.12,HIGH,LOW,6.18,2
380,Research & Development,Research Director,Monitoring,Learn Monitoring,C039,Performance Tracking and Review,LinkedIn Learning,Beginner,6,tag,4.0,HIGH,LOW,6.0,3
381,Research & Development,Manager,Microsoft Excel,Learn Microsoft Excel,C010,Advanced Spreadsheet Modelling,Microsoft Learn,Intermediate,12,tag,4.5,HIGH,LOW,6.75,1
381,Research & Development,Manager,Microsoft Office,Learn Microsoft Office,C013,Productivity Suite Fundamentals,Microsoft Learn,Beginner,10,tag,4.5,HIGH,LOW,6.75,2
381,Research & Development,Manager,Reading Comprehension,Learn Reading Comprehension,C035,Business Writing for Clarity,LinkedIn Learning,Beginner,8,tag,4.0,HIGH,LOW,6.0,3
382,Sales,Sales Executive,Microsoft Excel,Learn Microsoft Excel,C010,Advanced Spreadsheet Modelling,Microsoft Learn,Intermediate,12,tag,4.5,HIGH,MEDIUM,7.762,1
382,Sales,Sales Executive,Microsoft Outlook,Learn Microsoft Outlook,C013,Productivity Suite Fundamentals,Microsoft Learn,Beginner,10,tag,4.5,HIGH,MEDIUM,7.762,2
382,Sales,Sales Executive,Speaking,Learn Speaking,C036,Listening and Influence at Work,LinkedIn Learning,Beginner,6,tag,4.0,HIGH,MEDIUM,6.9,3
384,Research & Development,Manufacturing Director,Microsoft Office,Learn Microsoft Office,C013,Productivity Suite Fundamentals,Microsoft Learn,Beginner,10,tag,4.5,HIGH,LOW,6.75,1
384,Research & Development,Manufacturing Director,Critical Thinking,Learn Critical Thinking,C033,Structured Problem Solving,Coursera,Intermediate,12,tag,4.0,HIGH,LOW,6.0,2
384,Research & Development,Manufacturing Director,Speaking,Learn Speaking,C036,Listening and Influence at Work,LinkedIn Learning,Beginner,6,tag,4.0,HIGH,LOW,6.0,3
385,Research & Development,Research Director,Microsoft PowerPoint,Learn Microsoft PowerPoint,C012,Presenting Data to Decision Makers,LinkedIn Learning,Beginner,10,tag,4.5,HIGH,LOW,6.75,1
385,Research & Development,Research Director,Science,Learn Science,C038,Scientific Method in Practice,edX,Intermediate,14,tag,4.12,HIGH,LOW,6.18,2
385,Research & Development,Research Director,Critical Thinking,Learn Critical Thinking,C033,Structured Problem Solving,Coursera,Intermediate,12,tag,4.0,HIGH,LOW,6.0,3
386,Research & Development,Research Director,Microsoft Excel,Learn Microsoft Excel,C010,Advanced Spreadsheet Modelling,Microsoft Learn,Intermediate,12,tag,4.5,HIGH,LOW,6.75,1
386,Research & Development,Research Director,Science,Learn Science,C038,Scientific Method in Practice,edX,Intermediate,14,tag,4.12,HIGH,LOW,6.18,2
386,Research & Development,Research Director,Writing,Learn Writing,C035,Business Writing for Clarity,LinkedIn Learning,Beginner,8,tag,3.88,HIGH,LOW,5.82,3
387,Sales,Sales Executive,Microsoft Office,Learn Microsoft Office,C013,Productivity Suite Fundamentals,Microsoft Learn,Beginner,10,tag,4.5,HIGH,LOW,6.75,1
387,Sales,Sales Executive,Microsoft Outlook,Learn Microsoft Outlook,C013,Productivity Suite Fundamentals,Microsoft Learn,Beginner,10,tag,4.5,HIGH,LOW,6.75,2
387,Sales,Sales Executive,Adobe Creative Cloud,Learn Adobe Creative Cloud,C020,Digital Image Editing Foundations,Adobe,Beginner,16,tag,3.5,HIGH,LOW,5.25,3
388,Sales,Sales Executive,Microsoft PowerPoint,Learn Microsoft PowerPoint,C012,Presenting Data to Decision Makers,LinkedIn Learning,Beginner,10,tag,4.5,HIGH,MEDIUM,7.762,1
388,Sales,Sales Executive,Microsoft Office,Learn Microsoft Office,C013,Productivity Suite Fundamentals,Microsoft Learn,Beginner,10,tag,4.5,HIGH,MEDIUM,7.762,2
388,Sales,Sales Executive,Salesforce,Learn Salesforce,C026,Managing the Customer Pipeline,Trailhead,Beginner,16,tag,4.5,HIGH,MEDIUM,7.762,3
389,Research & Development,Laboratory Technician,Microsoft Excel,Learn Microsoft Excel,C010,Advanced Spreadsheet Modelling,Microsoft Learn,Intermediate,12,tag,4.5,HIGH,MEDIUM,7.762,1
389,Research & Development,Laboratory Technician,Microsoft Office,Learn Microsoft Office,C013,Productivity Suite Fundamentals,Microsoft Learn,Beginner,10,tag,4.5,HIGH,MEDIUM,7.762,2
389,Research & Development,Laboratory Technician,Reading Comprehension,Learn Reading Comprehension,C035,Business Writing for Clarity,LinkedIn Learning,Beginner,8,tag,3.75,HIGH,MEDIUM,6.469,3
390,Research & Development,Healthcare Representative,Microsoft Excel,Learn Microsoft Excel,C010,Advanced Spreadsheet Modelling,Microsoft Learn,Intermediate,12,tag,4.5,HIGH,HIGH,9.45,1
390,Research & Development,Healthcare Representative,Microsoft Office,Learn Microsoft Office,C013,Productivity Suite Fundamentals,Microsoft Learn,Beginner,10,tag,4.5,HIGH,HIGH,9.45,2
390,Research & Development,Healthcare Representative,Salesforce,Learn Salesforce,C026,Managing the Customer Pipeline,Trailhead,Beginner,16,tag,4.5,HIGH,HIGH,9.45,3
391,Research & Development,Research Scientist,R,Learn R,C002,Statistical Programming in R,Coursera,Intermediate,24,tag,4.5,HIGH,LOW,6.75,1
391,Research & Development,Research Scientist,Writing,Learn Writing,C035,Business Writing for Clarity,LinkedIn Learning,Beginner,8,tag,4.25,HIGH,LOW,6.375,2
391,Research & Development,Research Scientist,Science,Learn Science,C038,Scientific Method in Practice,edX,Intermediate,14,tag,4.12,HIGH,LOW,6.18,3
392,Research & Development,Laboratory Technician,Microsoft Excel,Learn Microsoft Excel,C010,Advanced Spreadsheet Modelling,Microsoft Learn,Intermediate,12,tag,4.5,HIGH,HIGH,9.45,1
392,Research & Development,Laboratory Technician,Reading Comprehension,Learn Reading Comprehension,C035,Business Writing for Clarity,LinkedIn Learning,Beginner,8,tag,3.75,HIGH,HIGH,7.875,2
392,Research & Development,Laboratory Technician,Active Listening,Learn Active Listening,C015,Running Effective Remote Meetings,LinkedIn Learning,Beginner,6,tag,3.62,HIGH,HIGH,7.602,3
393,Research & Development,Healthcare Representative,Microsoft Excel,Learn Microsoft Excel,C010,Advanced Spreadsheet Modelling,Microsoft Learn,Intermediate,12,tag,4.5,HIGH,LOW,6.75,1
393,Research & Development,Healthcare Representative,Salesforce,Learn Salesforce,C026,Managing the Customer Pipeline,Trailhead,Beginner,16,tag,4.5,HIGH,LOW,6.75,2
393,Research & Development,Healthcare Representative,Active Learning,Learn Active Learning,C034,Learning How to Learn,Coursera,Beginner,8,tag,3.5,HIGH,LOW,5.25,3
394,Research & Development,Laboratory Technician,Microsoft Office,Learn Microsoft Office,C013,Productivity Suite Fundamentals,Microsoft Learn,Beginner,10,tag,4.5,HIGH,HIGH,9.45,1
394,Research & Development,Laboratory Technician,Microsoft Word,Learn Microsoft Word,C011,Business Documents That Get Read,LinkedIn Learning,Beginner,8,tag,3.5,HIGH,HIGH,7.35,2
394,Research & Development,Laboratory Technician,MEDITECH,Learn MEDITECH,C032,Clinical Records and Patient Data Systems,HIMSS,Intermediate,18,tag,3.5,HIGH,HIGH,7.35,3
395,Research & Development,Research Scientist,Microsoft Excel,Learn Microsoft Excel,C010,Advanced Spreadsheet Modelling,Microsoft Learn,Intermediate,12,tag,4.5,HIGH,LOW,6.75,1
395,Research & Development,Research Scientist,R,Learn R,C002,Statistical Programming in R,Coursera,Intermediate,24,tag,4.5,HIGH,LOW,6.75,2
395,Research & Development,Research Scientist,Microsoft Office,Learn Microsoft Office,C013,Productivity Suite Fundamentals,Microsoft Learn,Beginner,10,tag,4.5,HIGH,LOW,6.75,3
396,Research & Development,Research Director,Microsoft PowerPoint,Learn Microsoft PowerPoint,C012,Presenting Data to Decision Makers,LinkedIn Learning,Beginner,10,tag,4.5,HIGH,HIGH,9.45,1
396,Research & Development,Research Director,Science,Learn Science,C038,Scientific Method in Practice,edX,Intermediate,14,tag,4.12,HIGH,HIGH,8.652,2
396,Research & Development,Research Director,Monitoring,Learn Monitoring,C039,Performance Tracking and Review,LinkedIn Learning,Beginner,6,tag,4.0,HIGH,HIGH,8.4,3
397,Research & Development,Research Scientist,R,Learn R,C002,Statistical Programming in R,Coursera,Intermediate,24,tag,4.5,HIGH,MEDIUM,7.762,1
397,Research & Development,Research Scientist,Writing,Learn Writing,C035,Business Writing for Clarity,LinkedIn Learning,Beginner,8,tag,4.25,HIGH,MEDIUM,7.331,2
397,Research & Development,Research Scientist,Science,Learn Science,C038,Scientific Method in Practice,edX,Intermediate,14,tag,4.12,HIGH,MEDIUM,7.107,3
399,Sales,Sales Representative,Microsoft Excel,Learn Microsoft Excel,C010,Advanced Spreadsheet Modelling,Microsoft Learn,Intermediate,12,tag,4.5,HIGH,MEDIUM,7.762,1
399,Sales,Sales Representative,Microsoft Office,Learn Microsoft Office,C013,Productivity Suite Fundamentals,Microsoft Learn,Beginner,10,tag,4.5,HIGH,MEDIUM,7.762,2
399,Sales,Sales Representative,Salesforce,Learn Salesforce,C026,Managing the Customer Pipeline,Trailhead,Beginner,16,tag,4.5,HIGH,MEDIUM,7.762,3
401,Sales,Sales Executive,Salesforce,Learn Salesforce,C026,Managing the Customer Pipeline,Trailhead,Beginner,16,tag,4.5,HIGH,HIGH,9.45,1
401,Sales,Sales Executive,Active Listening,Learn Active Listening,C015,Running Effective Remote Meetings,LinkedIn Learning,Beginner,6,tag,4.0,HIGH,HIGH,8.4,2
401,Sales,Sales Executive,Adobe Creative Cloud,Learn Adobe Creative Cloud,C020,Digital Image Editing Foundations,Adobe,Beginner,16,tag,3.5,HIGH,HIGH,7.35,3
403,Research & Development,Research Scientist,Microsoft Excel,Learn Microsoft Excel,C010,Advanced Spreadsheet Modelling,Microsoft Learn,Intermediate,12,tag,4.5,HIGH,MEDIUM,7.762,1
403,Research & Development,Research Scientist,R,Learn R,C002,Statistical Programming in R,Coursera,Intermediate,24,tag,4.5,HIGH,MEDIUM,7.762,2
403,Research & Development,Research Scientist,Science,Learn Science,C038,Scientific Method in Practice,edX,Intermediate,14,tag,4.12,HIGH,MEDIUM,7.107,3
404,Sales,Sales Executive,Microsoft Excel,Learn Microsoft Excel,C010,Advanced Spreadsheet Modelling,Microsoft Learn,Intermediate,12,tag,4.5,HIGH,HIGH,9.45,1
404,Sales,Sales Executive,Salesforce,Learn Salesforce,C026,Managing the Customer Pipeline,Trailhead,Beginner,16,tag,4.5,HIGH,HIGH,9.45,2
404,Sales,Sales Executive,Microsoft Outlook,Learn Microsoft Outlook,C013,Productivity Suite Fundamentals,Microsoft Learn,Beginner,10,tag,4.5,HIGH,HIGH,9.45,3
405,Research & Development,Laboratory Technician,Microsoft Excel,Learn Microsoft Excel,C010,Advanced Spreadsheet Modelling,Microsoft Learn,Intermediate,12,tag,4.5,HIGH,HIGH,9.45,1
405,Research & Development,Laboratory Technician,Active Listening,Learn Active Listening,C015,Running Effective Remote Meetings,LinkedIn Learning,Beginner,6,tag,3.62,HIGH,HIGH,7.602,2
405,Research & Development,Laboratory Technician,Microsoft PowerPoint,Learn Microsoft PowerPoint,C012,Presenting Data to Decision Makers,LinkedIn Learning,Beginner,10,tag,3.5,HIGH,HIGH,7.35,3
406,Sales,Sales Executive,Microsoft PowerPoint,Learn Microsoft PowerPoint,C012,Presenting Data to Decision Makers,LinkedIn Learning,Beginner,10,tag,4.5,HIGH,LOW,6.75,1
406,Sales,Sales Executive,Salesforce,Learn Salesforce,C026,Managing the Customer Pipeline,Trailhead,Beginner,16,tag,4.5,HIGH,LOW,6.75,2
406,Sales,Sales Executive,Microsoft Outlook,Learn Microsoft Outlook,C013,Productivity Suite Fundamentals,Microsoft Learn,Beginner,10,tag,4.5,HIGH,LOW,6.75,3
407,Research & Development,Laboratory Technician,Microsoft Excel,Learn Microsoft Excel,C010,Advanced Spreadsheet Modelling,Microsoft Learn,Intermediate,12,tag,4.5,HIGH,MEDIUM,7.762,1
407,Research & Development,Laboratory Technician,SAP,Learn SAP,C029,Enterprise Resource Planning Essentials,SAP,Intermediate,24,tag,3.5,HIGH,MEDIUM,6.037,2
407,Research & Development,Laboratory Technician,Microsoft PowerPoint,Learn Microsoft PowerPoint,C012,Presenting Data to Decision Makers,LinkedIn Learning,Beginner,10,tag,3.5,HIGH,MEDIUM,6.037,3
408,Research & Development,Manufacturing Director,SAP,Learn SAP,C029,Enterprise Resource Planning Essentials,SAP,Intermediate,24,tag,4.5,HIGH,LOW,6.75,1
408,Research & Development,Manufacturing Director,Microsoft PowerPoint,Learn Microsoft PowerPoint,C012,Presenting Data to Decision Makers,LinkedIn Learning,Beginner,10,tag,4.5,HIGH,LOW,6.75,2
408,Research & Development,Manufacturing Director,Microsoft Office,Learn Microsoft Office,C013,Productivity Suite Fundamentals,Microsoft Learn,Beginner,10,tag,4.5,HIGH,LOW,6.75,3
410,Sales,Manager,Reading Comprehension,Learn Reading Comprehension,C035,Business Writing for Clarity,LinkedIn Learning,Beginner,8,tag,4.0,HIGH,LOW,6.0,1
410,Sales,Manager,Speaking,Learn Speaking,C036,Listening and Influence at Work,LinkedIn Learning,Beginner,6,tag,4.0,HIGH,LOW,6.0,2
410,Sales,Manager,Active Listening,Learn Active Listening,C015,Running Effective Remote Meetings,LinkedIn Learning,Beginner,6,tag,4.0,HIGH,LOW,6.0,3
411,Sales,Sales Representative,Salesforce,Learn Salesforce,C026,Managing the Customer Pipeline,Trailhead,Beginner,16,tag,4.5,HIGH,HIGH,9.45,1
411,Sales,Sales Representative,Speaking,Learn Speaking,C036,Listening and Influence at Work,LinkedIn Learning,Beginner,6,tag,3.88,HIGH,HIGH,8.148,2
411,Sales,Sales Representative,Reading Comprehension,Learn Reading Comprehension,C035,Business Writing for Clarity,LinkedIn Learning,Beginner,8,tag,3.62,HIGH,HIGH,7.602,3
412,Research & Development,Healthcare Representative,Microsoft Excel,Learn Microsoft Excel,C010,Advanced Spreadsheet Modelling,Microsoft Learn,Intermediate,12,tag,4.5,HIGH,LOW,6.75,1
412,Research & Development,Healthcare Representative,Microsoft Office,Learn Microsoft Office,C013,Productivity Suite Fundamentals,Microsoft Learn,Beginner,10,tag,4.5,HIGH,LOW,6.75,2
412,Research & Development,Healthcare Representative,Salesforce,Learn Salesforce,C026,Managing the Customer Pipeline,Trailhead,Beginner,16,tag,4.5,HIGH,LOW,6.75,3
416,Sales,Sales Executive,Microsoft PowerPoint,Learn Microsoft PowerPoint,C012,Presenting Data to Decision Makers,LinkedIn Learning,Beginner,10,tag,4.5,HIGH,HIGH,9.45,1
416,Sales,Sales Executive,Microsoft Excel,Learn Microsoft Excel,C010,Advanced Spreadsheet Modelling,Microsoft Learn,Intermediate,12,tag,4.5,HIGH,HIGH,9.45,2
416,Sales,Sales Executive,Microsoft Office,Learn Microsoft Office,C013,Productivity Suite Fundamentals,Microsoft Learn,Beginner,10,tag,4.5,HIGH,HIGH,9.45,3
417,Research & Development,Healthcare Representative,Microsoft Excel,Learn Microsoft Excel,C010,Advanced Spreadsheet Modelling,Microsoft Learn,Intermediate,12,tag,4.5,HIGH,LOW,6.75,1
417,Research & Development,Healthcare Representative,Microsoft Office,Learn Microsoft Office,C013,Productivity Suite Fundamentals,Microsoft Learn,Beginner,10,tag,4.5,HIGH,LOW,6.75,2
417,Research & Development,Healthcare Representative,Salesforce,Learn Salesforce,C026,Managing the Customer Pipeline,Trailhead,Beginner,16,tag,4.5,HIGH,LOW,6.75,3
419,Research & Development,Laboratory Technician,Microsoft Office,Learn Microsoft Office,C013,Productivity Suite Fundamentals,Microsoft Learn,Beginner,10,tag,4.5,HIGH,LOW,6.75,1
419,Research & Development,Laboratory Technician,Reading Comprehension,Learn Reading Comprehension,C035,Business Writing for Clarity,LinkedIn Learning,Beginner,8,tag,3.75,HIGH,LOW,5.625,2
419,Research & Development,Laboratory Technician,Active Listening,Learn Active Listening,C015,Running Effective Remote Meetings,LinkedIn Learning,Beginner,6,tag,3.62,HIGH,LOW,5.43,3
420,Sales,Sales Executive,Salesforce,Learn Salesforce,C026,Managing the Customer Pipeline,Trailhead,Beginner,16,tag,4.5,HIGH,LOW,6.75,1
420,Sales,Sales Executive,Microsoft Outlook,Learn Microsoft Outlook,C013,Productivity Suite Fundamentals,Microsoft Learn,Beginner,10,tag,4.5,HIGH,LOW,6.75,2
420,Sales,Sales Executive,Active Listening,Learn Active Listening,C015,Running Effective Remote Meetings,LinkedIn Learning,Beginner,6,tag,4.0,HIGH,LOW,6.0,3
421,Research & Development,Research Director,Microsoft PowerPoint,Learn Microsoft PowerPoint,C012,Presenting Data to Decision Makers,LinkedIn Learning,Beginner,10,tag,4.5,HIGH,LOW,6.75,1
421,Research & Development,Research Director,Science,Learn Science,C038,Scientific Method in Practice,edX,Intermediate,14,tag,4.12,HIGH,LOW,6.18,2
421,Research & Development,Research Director,Monitoring,Learn Monitoring,C039,Performance Tracking and Review,LinkedIn Learning,Beginner,6,tag,4.0,HIGH,LOW,6.0,3
422,Research & Development,Healthcare Representative,Microsoft Excel,Learn Microsoft Excel,C010,Advanced Spreadsheet Modelling,Microsoft Learn,Intermediate,12,tag,4.5,HIGH,LOW,6.75,1
422,Research & Development,Healthcare Representative,Microsoft Office,Learn Microsoft Office,C013,Productivity Suite Fundamentals,Microsoft Learn,Beginner,10,tag,4.5,HIGH,LOW,6.75,2
422,Research & Development,Healthcare Representative,Microsoft Outlook,Learn Microsoft Outlook,C013,Productivity Suite Fundamentals,Microsoft Learn,Beginner,10,tag,4.5,HIGH,LOW,6.75,3
423,Research & Development,Research Scientist,R,Learn R,C002,Statistical Programming in R,Coursera,Intermediate,24,tag,4.5,HIGH,LOW,6.75,1
423,Research & Development,Research Scientist,Microsoft Office,Learn Microsoft Office,C013,Productivity Suite Fundamentals,Microsoft Learn,Beginner,10,tag,4.5,HIGH,LOW,6.75,2
423,Research & Development,Research Scientist,Science,Learn Science,C038,Scientific Method in Practice,edX,Intermediate,14,tag,4.12,HIGH,LOW,6.18,3
424,Human Resources,Human Resources,Microsoft PowerPoint,Learn Microsoft PowerPoint,C012,Presenting Data to Decision Makers,LinkedIn Learning,Beginner,10,tag,4.5,HIGH,HIGH,9.45,1
424,Human Resources,Human Resources,Microsoft Excel,Learn Microsoft Excel,C010,Advanced Spreadsheet Modelling,Microsoft Learn,Intermediate,12,tag,4.5,HIGH,HIGH,9.45,2
424,Human Resources,Human Resources,Microsoft Outlook,Learn Microsoft Outlook,C013,Productivity Suite Fundamentals,Microsoft Learn,Beginner,10,tag,4.5,HIGH,HIGH,9.45,3
425,Research & Development,Laboratory Technician,Microsoft Excel,Learn Microsoft Excel,C010,Advanced Spreadsheet Modelling,Microsoft Learn,Intermediate,12,tag,4.5,HIGH,MEDIUM,7.762,1
425,Research & Development,Laboratory Technician,Active Listening,Learn Active Listening,C015,Running Effective Remote Meetings,LinkedIn Learning,Beginner,6,tag,3.62,HIGH,MEDIUM,6.244,2
425,Research & Development,Laboratory Technician,SAP,Learn SAP,C029,Enterprise Resource Planning Essentials,SAP,Intermediate,24,tag,3.5,HIGH,MEDIUM,6.037,3
426,Research & Development,Research Scientist,Microsoft Excel,Learn Microsoft Excel,C010,Advanced Spreadsheet Modelling,Microsoft Learn,Intermediate,12,tag,4.5,HIGH,LOW,6.75,1
426,Research & Development,Research Scientist,Microsoft Office,Learn Microsoft Office,C013,Productivity Suite Fundamentals,Microsoft Learn,Beginner,10,tag,4.5,HIGH,LOW,6.75,2
426,Research & Development,Research Scientist,Active Learning,Learn Active Learning,C034,Learning How to Learn,Coursera,Beginner,8,tag,4.12,HIGH,LOW,6.18,3
428,Research & Development,Manager,Microsoft Excel,Learn Microsoft Excel,C010,Advanced Spreadsheet Modelling,Microsoft Learn,Intermediate,12,tag,4.5,HIGH,MEDIUM,7.762,1
428,Research & Development,Manager,Microsoft Office,Learn Microsoft Office,C013,Productivity Suite Fundamentals,Microsoft Learn,Beginner,10,tag,4.5,HIGH,MEDIUM,7.762,2
428,Research & Development,Manager,Reading Comprehension,Learn Reading Comprehension,C035,Business Writing for Clarity,LinkedIn Learning,Beginner,8,tag,4.0,HIGH,MEDIUM,6.9,3
429,Research & Development,Manager,Microsoft PowerPoint,Learn Microsoft PowerPoint,C012,Presenting Data to Decision Makers,LinkedIn Learning,Beginner,10,tag,4.5,HIGH,HIGH,9.45,1
429,Research & Development,Manager,Microsoft Excel,Learn Microsoft Excel,C010,Advanced Spreadsheet Modelling,Microsoft Learn,Intermediate,12,tag,4.5,HIGH,HIGH,9.45,2
429,Research & Development,Manager,Monitoring,Learn Monitoring,C039,Performance Tracking and Review,LinkedIn Learning,Beginner,6,tag,4.0,HIGH,HIGH,8.4,3
430,Research & Development,Laboratory Technician,Microsoft Office,Learn Microsoft Office,C013,Productivity Suite Fundamentals,Microsoft Learn,Beginner,10,tag,4.5,HIGH,LOW,6.75,1
430,Research & Development,Laboratory Technician,Reading Comprehension,Learn Reading Comprehension,C035,Business Writing for Clarity,LinkedIn Learning,Beginner,8,tag,3.75,HIGH,LOW,5.625,2
430,Research & Development,Laboratory Technician,Active Listening,Learn Active Listening,C015,Running Effective Remote Meetings,LinkedIn Learning,Beginner,6,tag,3.62,HIGH,LOW,5.43,3
431,Research & Development,Healthcare Representative,Microsoft Excel,Learn Microsoft Excel,C010,Advanced Spreadsheet Modelling,Microsoft Learn,Intermediate,12,tag,4.5,HIGH,MEDIUM,7.762,1
431,Research & Development,Healthcare Representative,Salesforce,Learn Salesforce,C026,Managing the Customer Pipeline,Trailhead,Beginner,16,tag,4.5,HIGH,MEDIUM,7.762,2
431,Research & Development,Healthcare Representative,Microsoft Outlook,Learn Microsoft Outlook,C013,Productivity Suite Fundamentals,Microsoft Learn,Beginner,10,tag,4.5,HIGH,MEDIUM,7.762,3
433,Research & Development,Research Scientist,Microsoft Office,Learn Microsoft Office,C013,Productivity Suite Fundamentals,Microsoft Learn,Beginner,10,tag,4.5,HIGH,LOW,6.75,1
433,Research & Development,Research Scientist,R,Learn R,C002,Statistical Programming in R,Coursera,Intermediate,24,tag,4.5,HIGH,LOW,6.75,2
433,Research & Development,Research Scientist,Writing,Learn Writing,C035,Business Writing for Clarity,LinkedIn Learning,Beginner,8,tag,4.25,HIGH,LOW,6.375,3
434,Research & Development,Research Scientist,Microsoft Excel,Learn Microsoft Excel,C010,Advanced Spreadsheet Modelling,Microsoft Learn,Intermediate,12,tag,4.5,HIGH,HIGH,9.45,1
434,Research & Development,Research Scientist,Microsoft Office,Learn Microsoft Office,C013,Productivity Suite Fundamentals,Microsoft Learn,Beginner,10,tag,4.5,HIGH,HIGH,9.45,2
434,Research & Development,Research Scientist,Active Learning,Learn Active Learning,C034,Learning How to Learn,Coursera,Beginner,8,tag,4.12,HIGH,HIGH,8.652,3
436,Sales,Sales Executive,Microsoft PowerPoint,Learn Microsoft PowerPoint,C012,Presenting Data to Decision Makers,LinkedIn Learning,Beginner,10,tag,4.5,HIGH,HIGH,9.45,1
436,Sales,Sales Executive,Microsoft Excel,Learn Microsoft Excel,C010,Advanced Spreadsheet Modelling,Microsoft Learn,Intermediate,12,tag,4.5,HIGH,HIGH,9.45,2
436,Sales,Sales Executive,Microsoft Office,Learn Microsoft Office,C013,Productivity Suite Fundamentals,Microsoft Learn,Beginner,10,tag,4.5,HIGH,HIGH,9.45,3
437,Sales,Sales Executive,Microsoft PowerPoint,Learn Microsoft PowerPoint,C012,Presenting Data to Decision Makers,LinkedIn Learning,Beginner,10,tag,4.5,HIGH,HIGH,9.45,1
437,Sales,Sales Executive,Microsoft Excel,Learn Microsoft Excel,C010,Advanced Spreadsheet Modelling,Microsoft Learn,Intermediate,12,tag,4.5,HIGH,HIGH,9.45,2
437,Sales,Sales Executive,Salesforce,Learn Salesforce,C026,Managing the Customer Pipeline,Trailhead,Beginner,16,tag,4.5,HIGH,HIGH,9.45,3
438,Sales,Sales Executive,Microsoft Office,Learn Microsoft Office,C013,Productivity Suite Fundamentals,Microsoft Learn,Beginner,10,tag,4.5,HIGH,LOW,6.75,1
438,Sales,Sales Executive,Salesforce,Learn Salesforce,C026,Managing the Customer Pipeline,Trailhead,Beginner,16,tag,4.5,HIGH,LOW,6.75,2
438,Sales,Sales Executive,Microsoft Outlook,Learn Microsoft Outlook,C013,Productivity Suite Fundamentals,Microsoft Learn,Beginner,10,tag,4.5,HIGH,LOW,6.75,3
439,Research & Development,Research Scientist,Microsoft Office,Learn Microsoft Office,C013,Productivity Suite Fundamentals,Microsoft Learn,Beginner,10,tag,4.5,HIGH,LOW,6.75,1
439,Research & Development,Research Scientist,Writing,Learn Writing,C035,Business Writing for Clarity,LinkedIn Learning,Beginner,8,tag,4.25,HIGH,LOW,6.375,2
439,Research & Development,Research Scientist,Speaking,Learn Speaking,C036,Listening and Influence at Work,LinkedIn Learning,Beginner,6,tag,4.12,HIGH,LOW,6.18,3
440,Research & Development,Research Scientist,Microsoft Excel,Learn Microsoft Excel,C010,Advanced Spreadsheet Modelling,Microsoft Learn,Intermediate,12,tag,4.5,HIGH,HIGH,9.45,1
440,Research & Development,Research Scientist,R,Learn R,C002,Statistical Programming in R,Coursera,Intermediate,24,tag,4.5,HIGH,HIGH,9.45,2
440,Research & Development,Research Scientist,Microsoft Office,Learn Microsoft Office,C013,Productivity Suite Fundamentals,Microsoft Learn,Beginner,10,tag,4.5,HIGH,HIGH,9.45,3
441,Research & Development,Research Scientist,Microsoft Excel,Learn Microsoft Excel,C010,Advanced Spreadsheet Modelling,Microsoft Learn,Intermediate,12,tag,4.5,HIGH,LOW,6.75,1
441,Research & Development,Research Scientist,Microsoft Office,Learn Microsoft Office,C013,Productivity Suite Fundamentals,Microsoft Learn,Beginner,10,tag,4.5,HIGH,LOW,6.75,2
441,Research & Development,Research Scientist,Writing,Learn Writing,C035,Business Writing for Clarity,LinkedIn Learning,Beginner,8,tag,4.25,HIGH,LOW,6.375,3
442,Research & Development,Manufacturing Director,SAP,Learn SAP,C029,Enterprise Resource Planning Essentials,SAP,Intermediate,24,tag,4.5,HIGH,LOW,6.75,1
442,Research & Development,Manufacturing Director,Microsoft PowerPoint,Learn Microsoft PowerPoint,C012,Presenting Data to Decision Makers,LinkedIn Learning,Beginner,10,tag,4.5,HIGH,LOW,6.75,2
442,Research & Development,Manufacturing Director,Microsoft Excel,Learn Microsoft Excel,C010,Advanced Spreadsheet Modelling,Microsoft Learn,Intermediate,12,tag,4.5,HIGH,LOW,6.75,3
444,Research & Development,Manager,Microsoft PowerPoint,Learn Microsoft PowerPoint,C012,Presenting Data to Decision Makers,LinkedIn Learning,Beginner,10,tag,4.5,HIGH,MEDIUM,7.762,1
444,Research & Development,Manager,Reading Comprehension,Learn Reading Comprehension,C035,Business Writing for Clarity,LinkedIn Learning,Beginner,8,tag,4.0,HIGH,MEDIUM,6.9,2
444,Research & Development,Manager,Speaking,Learn Speaking,C036,Listening and Influence at Work,LinkedIn Learning,Beginner,6,tag,4.0,HIGH,MEDIUM,6.9,3
445,Sales,Sales Executive,Microsoft Office,Learn Microsoft Office,C013,Productivity Suite Fundamentals,Microsoft Learn,Beginner,10,tag,4.5,HIGH,HIGH,9.45,1
445,Sales,Sales Executive,Salesforce,Learn Salesforce,C026,Managing the Customer Pipeline,Trailhead,Beginner,16,tag,4.5,HIGH,HIGH,9.45,2
445,Sales,Sales Executive,Microsoft Outlook,Learn Microsoft Outlook,C013,Productivity Suite Fundamentals,Microsoft Learn,Beginner,10,tag,4.5,HIGH,HIGH,9.45,3
446,Sales,Sales Executive,Microsoft PowerPoint,Learn Microsoft PowerPoint,C012,Presenting Data to Decision Makers,LinkedIn Learning,Beginner,10,tag,4.5,HIGH,HIGH,9.45,1
446,Sales,Sales Executive,Microsoft Excel,Learn Microsoft Excel,C010,Advanced Spreadsheet Modelling,Microsoft Learn,Intermediate,12,tag,4.5,HIGH,HIGH,9.45,2
446,Sales,Sales Executive,Microsoft Office,Learn Microsoft Office,C013,Productivity Suite Fundamentals,Microsoft Learn,Beginner,10,tag,4.5,HIGH,HIGH,9.45,3
447,Research & Development,Research Director,Monitoring,Learn Monitoring,C039,Performance Tracking and Review,LinkedIn Learning,Beginner,6,tag,4.0,HIGH,LOW,6.0,1
447,Research & Development,Research Director,Active Listening,Learn Active Listening,C015,Running Effective Remote Meetings,LinkedIn Learning,Beginner,6,tag,4.0,HIGH,LOW,6.0,2
447,Research & Development,Research Director,Active Learning,Learn Active Learning,C034,Learning How to Learn,Coursera,Beginner,8,tag,3.5,HIGH,LOW,5.25,3
448,Research & Development,Laboratory Technician,Reading Comprehension,Learn Reading Comprehension,C035,Business Writing for Clarity,LinkedIn Learning,Beginner,8,tag,3.75,HIGH,LOW,5.625,1
448,Research & Development,Laboratory Technician,Active Listening,Learn Active Listening,C015,Running Effective Remote Meetings,LinkedIn Learning,Beginner,6,tag,3.62,HIGH,LOW,5.43,2
448,Research & Development,Laboratory Technician,SAP,Learn SAP,C029,Enterprise Resource Planning Essentials,SAP,Intermediate,24,tag,3.5,HIGH,LOW,5.25,3
449,Sales,Sales Executive,Microsoft PowerPoint,Learn Microsoft PowerPoint,C012,Presenting Data to Decision Makers,LinkedIn Learning,Beginner,10,tag,4.5,HIGH,LOW,6.75,1
449,Sales,Sales Executive,Microsoft Excel,Learn Microsoft Excel,C010,Advanced Spreadsheet Modelling,Microsoft Learn,Intermediate,12,tag,4.5,HIGH,LOW,6.75,2
449,Sales,Sales Executive,Microsoft Office,Learn Microsoft Office,C013,Productivity Suite Fundamentals,Microsoft Learn,Beginner,10,tag,4.5,HIGH,LOW,6.75,3
450,Research & Development,Research Scientist,Microsoft Excel,Learn Microsoft Excel,C010,Advanced Spreadsheet Modelling,Microsoft Learn,Intermediate,12,tag,4.5,HIGH,LOW,6.75,1
450,Research & Development,Research Scientist,Speaking,Learn Speaking,C036,Listening and Influence at Work,LinkedIn Learning,Beginner,6,tag,4.12,HIGH,LOW,6.18,2
450,Research & Development,Research Scientist,Active Learning,Learn Active Learning,C034,Learning How to Learn,Coursera,Beginner,8,tag,4.12,HIGH,LOW,6.18,3
451,Research & Development,Healthcare Representative,Salesforce,Learn Salesforce,C026,Managing the Customer Pipeline,Trailhead,Beginner,16,tag,4.5,HIGH,MEDIUM,7.762,1
451,Research & Development,Healthcare Representative,Microsoft Outlook,Learn Microsoft Outlook,C013,Productivity Suite Fundamentals,Microsoft Learn,Beginner,10,tag,4.5,HIGH,MEDIUM,7.762,2
451,Research & Development,Healthcare Representative,Speaking,Learn Speaking,C036,Listening and Influence at Work,LinkedIn Learning,Beginner,6,tag,4.25,HIGH,MEDIUM,7.331,3
452,Research & Development,Research Scientist,Microsoft Excel,Learn Microsoft Excel,C010,Advanced Spreadsheet Modelling,Microsoft Learn,Intermediate,12,tag,4.5,HIGH,LOW,6.75,1
452,Research & Development,Research Scientist,R,Learn R,C002,Statistical Programming in R,Coursera,Intermediate,24,tag,4.5,HIGH,LOW,6.75,2
452,Research & Development,Research Scientist,Writing,Learn Writing,C035,Business Writing for Clarity,LinkedIn Learning,Beginner,8,tag,4.25,HIGH,LOW,6.375,3
453,Sales,Sales Executive,Microsoft PowerPoint,Learn Microsoft PowerPoint,C012,Presenting Data to Decision Makers,LinkedIn Learning,Beginner,10,tag,4.5,HIGH,HIGH,9.45,1
453,Sales,Sales Executive,Microsoft Excel,Learn Microsoft Excel,C010,Advanced Spreadsheet Modelling,Microsoft Learn,Intermediate,12,tag,4.5,HIGH,HIGH,9.45,2
453,Sales,Sales Executive,Salesforce,Learn Salesforce,C026,Managing the Customer Pipeline,Trailhead,Beginner,16,tag,4.5,HIGH,HIGH,9.45,3
454,Research & Development,Laboratory Technician,Microsoft Excel,Learn Microsoft Excel,C010,Advanced Spreadsheet Modelling,Microsoft Learn,Intermediate,12,tag,4.5,HIGH,HIGH,9.45,1
454,Research & Development,Laboratory Technician,Microsoft Office,Learn Microsoft Office,C013,Productivity Suite Fundamentals,Microsoft Learn,Beginner,10,tag,4.5,HIGH,HIGH,9.45,2
454,Research & Development,Laboratory Technician,Active Listening,Learn Active Listening,C015,Running Effective Remote Meetings,LinkedIn Learning,Beginner,6,tag,3.62,HIGH,HIGH,7.602,3
455,Research & Development,Laboratory Technician,Microsoft Office,Learn Microsoft Office,C013,Productivity Suite Fundamentals,Microsoft Learn,Beginner,10,tag,4.5,HIGH,MEDIUM,7.762,1
455,Research & Development,Laboratory Technician,Active Listening,Learn Active Listening,C015,Running Effective Remote Meetings,LinkedIn Learning,Beginner,6,tag,3.62,HIGH,MEDIUM,6.244,2
455,Research & Development,Laboratory Technician,SAP,Learn SAP,C029,Enterprise Resource Planning Essentials,SAP,Intermediate,24,tag,3.5,HIGH,MEDIUM,6.037,3
456,Sales,Sales Executive,Microsoft PowerPoint,Learn Microsoft PowerPoint,C012,Presenting Data to Decision Makers,LinkedIn Learning,Beginner,10,tag,4.5,HIGH,LOW,6.75,1
456,Sales,Sales Executive,Microsoft Excel,Learn Microsoft Excel,C010,Advanced Spreadsheet Modelling,Microsoft Learn,Intermediate,12,tag,4.5,HIGH,LOW,6.75,2
456,Sales,Sales Executive,Microsoft Office,Learn Microsoft Office,C013,Productivity Suite Fundamentals,Microsoft Learn,Beginner,10,tag,4.5,HIGH,LOW,6.75,3
458,Sales,Sales Executive,Microsoft PowerPoint,Learn Microsoft PowerPoint,C012,Presenting Data to Decision Makers,LinkedIn Learning,Beginner,10,tag,4.5,HIGH,LOW,6.75,1
458,Sales,Sales Executive,Microsoft Excel,Learn Microsoft Excel,C010,Advanced Spreadsheet Modelling,Microsoft Learn,Intermediate,12,tag,4.5,HIGH,LOW,6.75,2
458,Sales,Sales Executive,Microsoft Outlook,Learn Microsoft Outlook,C013,Productivity Suite Fundamentals,Microsoft Learn,Beginner,10,tag,4.5,HIGH,LOW,6.75,3
460,Research & Development,Manufacturing Director,SAP,Learn SAP,C029,Enterprise Resource Planning Essentials,SAP,Intermediate,24,tag,4.5,HIGH,LOW,6.75,1
460,Research & Development,Manufacturing Director,Microsoft PowerPoint,Learn Microsoft PowerPoint,C012,Presenting Data to Decision Makers,LinkedIn Learning,Beginner,10,tag,4.5,HIGH,LOW,6.75,2
460,Research & Development,Manufacturing Director,Microsoft Excel,Learn Microsoft Excel,C010,Advanced Spreadsheet Modelling,Microsoft Learn,Intermediate,12,tag,4.5,HIGH,LOW,6.75,3
461,Research & Development,Research Director,Microsoft Office,Learn Microsoft Office,C013,Productivity Suite Fundamentals,Microsoft Learn,Beginner,10,tag,4.5,HIGH,LOW,6.75,1
461,Research & Development,Research Director,Science,Learn Science,C038,Scientific Method in Practice,edX,Intermediate,14,tag,4.12,HIGH,LOW,6.18,2
461,Research & Development,Research Director,Monitoring,Learn Monitoring,C039,Performance Tracking and Review,LinkedIn Learning,Beginner,6,tag,4.0,HIGH,LOW,6.0,3
462,Research & Development,Manufacturing Director,SAP,Learn SAP,C029,Enterprise Resource Planning Essentials,SAP,Intermediate,24,tag,4.5,HIGH,MEDIUM,7.762,1
462,Research & Development,Manufacturing Director,Microsoft PowerPoint,Learn Microsoft PowerPoint,C012,Presenting Data to Decision Makers,LinkedIn Learning,Beginner,10,tag,4.5,HIGH,MEDIUM,7.762,2
462,Research & Development,Manufacturing Director,Microsoft Office,Learn Microsoft Office,C013,Productivity Suite Fundamentals,Microsoft Learn,Beginner,10,tag,4.5,HIGH,MEDIUM,7.762,3
463,Sales,Sales Executive,Salesforce,Learn Salesforce,C026,Managing the Customer Pipeline,Trailhead,Beginner,16,tag,4.5,HIGH,MEDIUM,7.762,1
463,Sales,Sales Executive,Microsoft Outlook,Learn Microsoft Outlook,C013,Productivity Suite Fundamentals,Microsoft Learn,Beginner,10,tag,4.5,HIGH,MEDIUM,7.762,2
463,Sales,Sales Executive,Active Listening,Learn Active Listening,C015,Running Effective Remote Meetings,LinkedIn Learning,Beginner,6,tag,4.0,HIGH,MEDIUM,6.9,3
464,Research & Development,Manufacturing Director,SAP,Learn SAP,C029,Enterprise Resource Planning Essentials,SAP,Intermediate,24,tag,4.5,HIGH,LOW,6.75,1
464,Research & Development,Manufacturing Director,Microsoft Office,Learn Microsoft Office,C013,Productivity Suite Fundamentals,Microsoft Learn,Beginner,10,tag,4.5,HIGH,LOW,6.75,2
464,Research & Development,Manufacturing Director,Monitoring,Learn Monitoring,C039,Performance Tracking and Review,LinkedIn Learning,Beginner,6,tag,4.0,HIGH,LOW,6.0,3
465,Research & Development,Research Scientist,Microsoft Excel,Learn Microsoft Excel,C010,Advanced Spreadsheet Modelling,Microsoft Learn,Intermediate,12,tag,4.5,HIGH,LOW,6.75,1
465,Research & Development,Research Scientist,R,Learn R,C002,Statistical Programming in R,Coursera,Intermediate,24,tag,4.5,HIGH,LOW,6.75,2
465,Research & Development,Research Scientist,Writing,Learn Writing,C035,Business Writing for Clarity,LinkedIn Learning,Beginner,8,tag,4.25,HIGH,LOW,6.375,3
466,Research & Development,Manufacturing Director,Microsoft PowerPoint,Learn Microsoft PowerPoint,C012,Presenting Data to Decision Makers,LinkedIn Learning,Beginner,10,tag,4.5,HIGH,HIGH,9.45,1
466,Research & Development,Manufacturing Director,Microsoft Outlook,Learn Microsoft Outlook,C013,Productivity Suite Fundamentals,Microsoft Learn,Beginner,10,tag,4.5,HIGH,HIGH,9.45,2
466,Research & Development,Manufacturing Director,Critical Thinking,Learn Critical Thinking,C033,Structured Problem Solving,Coursera,Intermediate,12,tag,4.0,HIGH,HIGH,8.4,3
467,Sales,Sales Representative,Microsoft Office,Learn Microsoft Office,C013,Productivity Suite Fundamentals,Microsoft Learn,Beginner,10,tag,4.5,HIGH,HIGH,9.45,1
467,Sales,Sales Representative,Active Listening,Learn Active Listening,C015,Running Effective Remote Meetings,LinkedIn Learning,Beginner,6,tag,3.88,HIGH,HIGH,8.148,2
467,Sales,Sales Representative,Reading Comprehension,Learn Reading Comprehension,C035,Business Writing for Clarity,LinkedIn Learning,Beginner,8,tag,3.62,HIGH,HIGH,7.602,3
468,Research & Development,Research Director,Microsoft Excel,Learn Microsoft Excel,C010,Advanced Spreadsheet Modelling,Microsoft Learn,Intermediate,12,tag,4.5,HIGH,LOW,6.75,1
468,Research & Development,Research Director,Reading Comprehension,Learn Reading Comprehension,C035,Business Writing for Clarity,LinkedIn Learning,Beginner,8,tag,4.0,HIGH,LOW,6.0,2
468,Research & Development,Research Director,Writing,Learn Writing,C035,Business Writing for Clarity,LinkedIn Learning,Beginner,8,tag,3.88,HIGH,LOW,5.82,3
469,Sales,Sales Executive,Microsoft Excel,Learn Microsoft Excel,C010,Advanced Spreadsheet Modelling,Microsoft Learn,Intermediate,12,tag,4.5,HIGH,LOW,6.75,1
469,Sales,Sales Executive,Microsoft Office,Learn Microsoft Office,C013,Productivity Suite Fundamentals,Microsoft Learn,Beginner,10,tag,4.5,HIGH,LOW,6.75,2
469,Sales,Sales Executive,Salesforce,Learn Salesforce,C026,Managing the Customer Pipeline,Trailhead,Beginner,16,tag,4.5,HIGH,LOW,6.75,3
470,Human Resources,Human Resources,Microsoft PowerPoint,Learn Microsoft PowerPoint,C012,Presenting Data to Decision Makers,LinkedIn Learning,Beginner,10,tag,4.5,HIGH,MEDIUM,7.762,1
470,Human Resources,Human Resources,Microsoft Office,Learn Microsoft Office,C013,Productivity Suite Fundamentals,Microsoft Learn,Beginner,10,tag,4.5,HIGH,MEDIUM,7.762,2
470,Human Resources,Human Resources,Microsoft Outlook,Learn Microsoft Outlook,C013,Productivity Suite Fundamentals,Microsoft Learn,Beginner,10,tag,4.5,HIGH,MEDIUM,7.762,3
471,Research & Development,Laboratory Technician,Reading Comprehension,Learn Reading Comprehension,C035,Business Writing for Clarity,LinkedIn Learning,Beginner,8,tag,3.75,HIGH,LOW,5.625,1
471,Research & Development,Laboratory Technician,Active Listening,Learn Active Listening,C015,Running Effective Remote Meetings,LinkedIn Learning,Beginner,6,tag,3.62,HIGH,LOW,5.43,2
471,Research & Development,Laboratory Technician,Microsoft PowerPoint,Learn Microsoft PowerPoint,C012,Presenting Data to Decision Makers,LinkedIn Learning,Beginner,10,tag,3.5,HIGH,LOW,5.25,3
473,Sales,Manager,Microsoft PowerPoint,Learn Microsoft PowerPoint,C012,Presenting Data to Decision Makers,LinkedIn Learning,Beginner,10,tag,4.5,HIGH,LOW,6.75,1
473,Sales,Manager,Microsoft Excel,Learn Microsoft Excel,C010,Advanced Spreadsheet Modelling,Microsoft Learn,Intermediate,12,tag,4.5,HIGH,LOW,6.75,2
473,Sales,Manager,Microsoft Office,Learn Microsoft Office,C013,Productivity Suite Fundamentals,Microsoft Learn,Beginner,10,tag,4.5,HIGH,LOW,6.75,3
474,Research & Development,Research Scientist,Microsoft Excel,Learn Microsoft Excel,C010,Advanced Spreadsheet Modelling,Microsoft Learn,Intermediate,12,tag,4.5,HIGH,MEDIUM,7.762,1
474,Research & Development,Research Scientist,R,Learn R,C002,Statistical Programming in R,Coursera,Intermediate,24,tag,4.5,HIGH,MEDIUM,7.762,2
474,Research & Development,Research Scientist,Speaking,Learn Speaking,C036,Listening and Influence at Work,LinkedIn Learning,Beginner,6,tag,4.12,HIGH,MEDIUM,7.107,3
475,Sales,Sales Executive,Microsoft PowerPoint,Learn Microsoft PowerPoint,C012,Presenting Data to Decision Makers,LinkedIn Learning,Beginner,10,tag,4.5,HIGH,HIGH,9.45,1
475,Sales,Sales Executive,Microsoft Excel,Learn Microsoft Excel,C010,Advanced Spreadsheet Modelling,Microsoft Learn,Intermediate,12,tag,4.5,HIGH,HIGH,9.45,2
475,Sales,Sales Executive,Microsoft Office,Learn Microsoft Office,C013,Productivity Suite Fundamentals,Microsoft Learn,Beginner,10,tag,4.5,HIGH,HIGH,9.45,3
476,Sales,Sales Executive,Microsoft PowerPoint,Learn Microsoft PowerPoint,C012,Presenting Data to Decision Makers,LinkedIn Learning,Beginner,10,tag,4.5,HIGH,LOW,6.75,1
476,Sales,Sales Executive,Microsoft Excel,Learn Microsoft Excel,C010,Advanced Spreadsheet Modelling,Microsoft Learn,Intermediate,12,tag,4.5,HIGH,LOW,6.75,2
476,Sales,Sales Executive,Salesforce,Learn Salesforce,C026,Managing the Customer Pipeline,Trailhead,Beginner,16,tag,4.5,HIGH,LOW,6.75,3
477,Research & Development,Healthcare Representative,Microsoft Excel,Learn Microsoft Excel,C010,Advanced Spreadsheet Modelling,Microsoft Learn,Intermediate,12,tag,4.5,HIGH,LOW,6.75,1
477,Research & Development,Healthcare Representative,Microsoft Outlook,Learn Microsoft Outlook,C013,Productivity Suite Fundamentals,Microsoft Learn,Beginner,10,tag,4.5,HIGH,LOW,6.75,2
477,Research & Development,Healthcare Representative,Active Listening,Learn Active Listening,C015,Running Effective Remote Meetings,LinkedIn Learning,Beginner,6,tag,4.12,HIGH,LOW,6.18,3
478,Sales,Sales Representative,Salesforce,Learn Salesforce,C026,Managing the Customer Pipeline,Trailhead,Beginner,16,tag,4.5,HIGH,HIGH,9.45,1
478,Sales,Sales Representative,Active Listening,Learn Active Listening,C015,Running Effective Remote Meetings,LinkedIn Learning,Beginner,6,tag,3.88,HIGH,HIGH,8.148,2
478,Sales,Sales Representative,Reading Comprehension,Learn Reading Comprehension,C035,Business Writing for Clarity,LinkedIn Learning,Beginner,8,tag,3.62,HIGH,HIGH,7.602,3
479,Sales,Sales Executive,Microsoft PowerPoint,Learn Microsoft PowerPoint,C012,Presenting Data to Decision Makers,LinkedIn Learning,Beginner,10,tag,4.5,HIGH,LOW,6.75,1
479,Sales,Sales Executive,Microsoft Excel,Learn Microsoft Excel,C010,Advanced Spreadsheet Modelling,Microsoft Learn,Intermediate,12,tag,4.5,HIGH,LOW,6.75,2
479,Sales,Sales Executive,Microsoft Office,Learn Microsoft Office,C013,Productivity Suite Fundamentals,Microsoft Learn,Beginner,10,tag,4.5,HIGH,LOW,6.75,3
481,Sales,Sales Executive,Microsoft Excel,Learn Microsoft Excel,C010,Advanced Spreadsheet Modelling,Microsoft Learn,Intermediate,12,tag,4.5,HIGH,HIGH,9.45,1
481,Sales,Sales Executive,Adobe Acrobat,Learn Adobe Acrobat,C019,Working with PDFs and Document Workflows,Adobe,Beginner,6,tag,3.5,HIGH,HIGH,7.35,2
481,Sales,Sales Executive,Reading Comprehension,Learn Reading Comprehension,C035,Business Writing for Clarity,LinkedIn Learning,Beginner,8,tag,3.38,HIGH,HIGH,7.098,3
482,Research & Development,Healthcare Representative,Microsoft Excel,Learn Microsoft Excel,C010,Advanced Spreadsheet Modelling,Microsoft Learn,Intermediate,12,tag,4.5,HIGH,LOW,6.75,1
482,Research & Development,Healthcare Representative,Microsoft Office,Learn Microsoft Office,C013,Productivity Suite Fundamentals,Microsoft Learn,Beginner,10,tag,4.5,HIGH,LOW,6.75,2
482,Research & Development,Healthcare Representative,Salesforce,Learn Salesforce,C026,Managing the Customer Pipeline,Trailhead,Beginner,16,tag,4.5,HIGH,LOW,6.75,3
483,Research & Development,Laboratory Technician,Reading Comprehension,Learn Reading Comprehension,C035,Business Writing for Clarity,LinkedIn Learning,Beginner,8,tag,3.75,HIGH,LOW,5.625,1
483,Research & Development,Laboratory Technician,Active Listening,Learn Active Listening,C015,Running Effective Remote Meetings,LinkedIn Learning,Beginner,6,tag,3.62,HIGH,LOW,5.43,2
483,Research & Development,Laboratory Technician,SAP,Learn SAP,C029,Enterprise Resource Planning Essentials,SAP,Intermediate,24,tag,3.5,HIGH,LOW,5.25,3
484,Sales,Sales Representative,Microsoft Excel,Learn Microsoft Excel,C010,Advanced Spreadsheet Modelling,Microsoft Learn,Intermediate,12,tag,4.5,HIGH,MEDIUM,7.762,1
484,Sales,Sales Representative,Microsoft Office,Learn Microsoft Office,C013,Productivity Suite Fundamentals,Microsoft Learn,Beginner,10,tag,4.5,HIGH,MEDIUM,7.762,2
484,Sales,Sales Representative,Salesforce,Learn Salesforce,C026,Managing the Customer Pipeline,Trailhead,Beginner,16,tag,4.5,HIGH,MEDIUM,7.762,3
485,Sales,Sales Representative,Microsoft Excel,Learn Microsoft Excel,C010,Advanced Spreadsheet Modelling,Microsoft Learn,Intermediate,12,tag,4.5,HIGH,HIGH,9.45,1
485,Sales,Sales Representative,Microsoft Office,Learn Microsoft Office,C013,Productivity Suite Fundamentals,Microsoft Learn,Beginner,10,tag,4.5,HIGH,HIGH,9.45,2
485,Sales,Sales Representative,Salesforce,Learn Salesforce,C026,Managing the Customer Pipeline,Trailhead,Beginner,16,tag,4.5,HIGH,HIGH,9.45,3
486,Research & Development,Laboratory Technician,SAP,Learn SAP,C029,Enterprise Resource Planning Essentials,SAP,Intermediate,24,tag,3.5,HIGH,LOW,5.25,1
486,Research & Development,Laboratory Technician,Microsoft PowerPoint,Learn Microsoft PowerPoint,C012,Presenting Data to Decision Makers,LinkedIn Learning,Beginner,10,tag,3.5,HIGH,LOW,5.25,2
486,Research & Development,Laboratory Technician,Microsoft Word,Learn Microsoft Word,C011,Business Documents That Get Read,LinkedIn Learning,Beginner,8,tag,3.5,HIGH,LOW,5.25,3
487,Research & Development,Manufacturing Director,Microsoft Outlook,Learn Microsoft Outlook,C013,Productivity Suite Fundamentals,Microsoft Learn,Beginner,10,tag,4.5,HIGH,LOW,6.75,1
487,Research & Development,Manufacturing Director,Speaking,Learn Speaking,C036,Listening and Influence at Work,LinkedIn Learning,Beginner,6,tag,4.0,HIGH,LOW,6.0,2
487,Research & Development,Manufacturing Director,Reading Comprehension,Learn Reading Comprehension,C035,Business Writing for Clarity,LinkedIn Learning,Beginner,8,tag,3.88,HIGH,LOW,5.82,3
488,Sales,Sales Executive,Microsoft PowerPoint,Learn Microsoft PowerPoint,C012,Presenting Data to Decision Makers,LinkedIn Learning,Beginner,10,tag,4.5,HIGH,HIGH,9.45,1
488,Sales,Sales Executive,Microsoft Office,Learn Microsoft Office,C013,Productivity Suite Fundamentals,Microsoft Learn,Beginner,10,tag,4.5,HIGH,HIGH,9.45,2
488,Sales,Sales Executive,Adobe Creative Cloud,Learn Adobe Creative Cloud,C020,Digital Image Editing Foundations,Adobe,Beginner,16,tag,3.5,HIGH,HIGH,7.35,3
491,Research & Development,Healthcare Representative,Microsoft Office,Learn Microsoft Office,C013,Productivity Suite Fundamentals,Microsoft Learn,Beginner,10,tag,4.5,HIGH,LOW,6.75,1
491,Research & Development,Healthcare Representative,Reading Comprehension,Learn Reading Comprehension,C035,Business Writing for Clarity,LinkedIn Learning,Beginner,8,tag,3.75,HIGH,LOW,5.625,2
491,Research & Development,Healthcare Representative,Active Learning,Learn Active Learning,C034,Learning How to Learn,Coursera,Beginner,8,tag,3.5,HIGH,LOW,5.25,3
492,Sales,Sales Executive,Microsoft Excel,Learn Microsoft Excel,C010,Advanced Spreadsheet Modelling,Microsoft Learn,Intermediate,12,tag,4.5,HIGH,HIGH,9.45,1
492,Sales,Sales Executive,Adobe Creative Cloud,Learn Adobe Creative Cloud,C020,Digital Image Editing Foundations,Adobe,Beginner,16,tag,3.5,HIGH,HIGH,7.35,2
492,Sales,Sales Executive,Adobe InDesign,Learn Adobe InDesign,C022,Layout and Publication Design,Adobe,Intermediate,14,tag,3.5,HIGH,HIGH,7.35,3
493,Research & Development,Research Scientist,Microsoft Excel,Learn Microsoft Excel,C010,Advanced Spreadsheet Modelling,Microsoft Learn,Intermediate,12,tag,4.5,HIGH,MEDIUM,7.762,1
493,Research & Development,Research Scientist,Microsoft Office,Learn Microsoft Office,C013,Productivity Suite Fundamentals,Microsoft Learn,Beginner,10,tag,4.5,HIGH,MEDIUM,7.762,2
493,Research & Development,Research Scientist,Writing,Learn Writing,C035,Business Writing for Clarity,LinkedIn Learning,Beginner,8,tag,4.25,HIGH,MEDIUM,7.331,3
494,Sales,Sales Representative,Microsoft Office,Learn Microsoft Office,C013,Productivity Suite Fundamentals,Microsoft Learn,Beginner,10,tag,4.5,HIGH,HIGH,9.45,1
494,Sales,Sales Representative,Salesforce,Learn Salesforce,C026,Managing the Customer Pipeline,Trailhead,Beginner,16,tag,4.5,HIGH,HIGH,9.45,2
494,Sales,Sales Representative,Speaking,Learn Speaking,C036,Listening and Influence at Work,LinkedIn Learning,Beginner,6,tag,3.88,HIGH,HIGH,8.148,3
495,Research & Development,Research Scientist,Microsoft Excel,Learn Microsoft Excel,C010,Advanced Spreadsheet Modelling,Microsoft Learn,Intermediate,12,tag,4.5,HIGH,LOW,6.75,1
495,Research & Development,Research Scientist,Writing,Learn Writing,C035,Business Writing for Clarity,LinkedIn Learning,Beginner,8,tag,4.25,HIGH,LOW,6.375,2
495,Research & Development,Research Scientist,Reading Comprehension,Learn Reading Comprehension,C035,Business Writing for Clarity,LinkedIn Learning,Beginner,8,tag,4.0,HIGH,LOW,6.0,3
496,Research & Development,Healthcare Representative,Microsoft Excel,Learn Microsoft Excel,C010,Advanced Spreadsheet Modelling,Microsoft Learn,Intermediate,12,tag,4.5,HIGH,MEDIUM,7.762,1
496,Research & Development,Healthcare Representative,Microsoft Outlook,Learn Microsoft Outlook,C013,Productivity Suite Fundamentals,Microsoft Learn,Beginner,10,tag,4.5,HIGH,MEDIUM,7.762,2
496,Research & Development,Healthcare Representative,Reading Comprehension,Learn Reading Comprehension,C035,Business Writing for Clarity,LinkedIn Learning,Beginner,8,tag,3.75,HIGH,MEDIUM,6.469,3
497,Research & Development,Laboratory Technician,Microsoft Office,Learn Microsoft Office,C013,Productivity Suite Fundamentals,Microsoft Learn,Beginner,10,tag,4.5,HIGH,LOW,6.75,1
497,Research & Development,Laboratory Technician,Active Listening,Learn Active Listening,C015,Running Effective Remote Meetings,LinkedIn Learning,Beginner,6,tag,3.62,HIGH,LOW,5.43,2
497,Research & Development,Laboratory Technician,Microsoft Word,Learn Microsoft Word,C011,Business Documents That Get Read,LinkedIn Learning,Beginner,8,tag,3.5,HIGH,LOW,5.25,3
498,Sales,Sales Executive,Salesforce,Learn Salesforce,C026,Managing the Customer Pipeline,Trailhead,Beginner,16,tag,4.5,HIGH,LOW,6.75,1
498,Sales,Sales Executive,Speaking,Learn Speaking,C036,Listening and Influence at Work,LinkedIn Learning,Beginner,6,tag,4.0,HIGH,LOW,6.0,2
498,Sales,Sales Executive,Active Listening,Learn Active Listening,C015,Running Effective Remote Meetings,LinkedIn Learning,Beginner,6,tag,4.0,HIGH,LOW,6.0,3
499,Research & Development,Healthcare Representative,Microsoft Excel,Learn Microsoft Excel,C010,Advanced Spreadsheet Modelling,Microsoft Learn,Intermediate,12,tag,4.5,HIGH,LOW,6.75,1
499,Research & Development,Healthcare Representative,Salesforce,Learn Salesforce,C026,Managing the Customer Pipeline,Trailhead,Beginner,16,tag,4.5,HIGH,LOW,6.75,2
499,Research & Development,Healthcare Representative,Active Listening,Learn Active Listening,C015,Running Effective Remote Meetings,LinkedIn Learning,Beginner,6,tag,4.12,HIGH,LOW,6.18,3
500,Sales,Sales Executive,Microsoft Office,Learn Microsoft Office,C013,Productivity Suite Fundamentals,Microsoft Learn,Beginner,10,tag,4.5,HIGH,LOW,6.75,1
500,Sales,Sales Executive,Active Listening,Learn Active Listening,C015,Running Effective Remote Meetings,LinkedIn Learning,Beginner,6,tag,4.0,HIGH,LOW,6.0,2
500,Sales,Sales Executive,Adobe Creative Cloud,Learn Adobe Creative Cloud,C020,Digital Image Editing Foundations,Adobe,Beginner,16,tag,3.5,HIGH,LOW,5.25,3
501,Research & Development,Research Scientist,Microsoft Excel,Learn Microsoft Excel,C010,Advanced Spreadsheet Modelling,Microsoft Learn,Intermediate,12,tag,4.5,HIGH,LOW,6.75,1
501,Research & Development,Research Scientist,Microsoft Office,Learn Microsoft Office,C013,Productivity Suite Fundamentals,Microsoft Learn,Beginner,10,tag,4.5,HIGH,LOW,6.75,2
501,Research & Development,Research Scientist,Writing,Learn Writing,C035,Business Writing for Clarity,LinkedIn Learning,Beginner,8,tag,4.25,HIGH,LOW,6.375,3
502,Sales,Sales Executive,Microsoft Excel,Learn Microsoft Excel,C010,Advanced Spreadsheet Modelling,Microsoft Learn,Intermediate,12,tag,4.5,HIGH,HIGH,9.45,1
502,Sales,Sales Executive,Microsoft Office,Learn Microsoft Office,C013,Productivity Suite Fundamentals,Microsoft Learn,Beginner,10,tag,4.5,HIGH,HIGH,9.45,2
502,Sales,Sales Executive,Salesforce,Learn Salesforce,C026,Managing the Customer Pipeline,Trailhead,Beginner,16,tag,4.5,HIGH,HIGH,9.45,3
505,Research & Development,Manager,Microsoft PowerPoint,Learn Microsoft PowerPoint,C012,Presenting Data to Decision Makers,LinkedIn Learning,Beginner,10,tag,4.5,HIGH,LOW,6.75,1
505,Research & Development,Manager,Monitoring,Learn Monitoring,C039,Performance Tracking and Review,LinkedIn Learning,Beginner,6,tag,4.0,HIGH,LOW,6.0,2
505,Research & Development,Manager,Reading Comprehension,Learn Reading Comprehension,C035,Business Writing for Clarity,LinkedIn Learning,Beginner,8,tag,4.0,HIGH,LOW,6.0,3
507,Sales,Sales Executive,Microsoft PowerPoint,Learn Microsoft PowerPoint,C012,Presenting Data to Decision Makers,LinkedIn Learning,Beginner,10,tag,4.5,HIGH,LOW,6.75,1
507,Sales,Sales Executive,Microsoft Excel,Learn Microsoft Excel,C010,Advanced Spreadsheet Modelling,Microsoft Learn,Intermediate,12,tag,4.5,HIGH,LOW,6.75,2
507,Sales,Sales Executive,Microsoft Outlook,Learn Microsoft Outlook,C013,Productivity Suite Fundamentals,Microsoft Learn,Beginner,10,tag,4.5,HIGH,LOW,6.75,3
508,Sales,Sales Representative,Microsoft Excel,Learn Microsoft Excel,C010,Advanced Spreadsheet Modelling,Microsoft Learn,Intermediate,12,tag,4.5,HIGH,HIGH,9.45,1
508,Sales,Sales Representative,Microsoft Office,Learn Microsoft Office,C013,Productivity Suite Fundamentals,Microsoft Learn,Beginner,10,tag,4.5,HIGH,HIGH,9.45,2
508,Sales,Sales Representative,Speaking,Learn Speaking,C036,Listening and Influence at Work,LinkedIn Learning,Beginner,6,tag,3.88,HIGH,HIGH,8.148,3
510,Research & Development,Research Scientist,Microsoft Excel,Learn Microsoft Excel,C010,Advanced Spreadsheet Modelling,Microsoft Learn,Intermediate,12,tag,4.5,HIGH,LOW,6.75,1
510,Research & Development,Research Scientist,R,Learn R,C002,Statistical Programming in R,Coursera,Intermediate,24,tag,4.5,HIGH,LOW,6.75,2
510,Research & Development,Research Scientist,Microsoft Office,Learn Microsoft Office,C013,Productivity Suite Fundamentals,Microsoft Learn,Beginner,10,tag,4.5,HIGH,LOW,6.75,3
511,Research & Development,Research Scientist,Microsoft Excel,Learn Microsoft Excel,C010,Advanced Spreadsheet Modelling,Microsoft Learn,Intermediate,12,tag,4.5,HIGH,MEDIUM,7.762,1
511,Research & Development,Research Scientist,R,Learn R,C002,Statistical Programming in R,Coursera,Intermediate,24,tag,4.5,HIGH,MEDIUM,7.762,2
511,Research & Development,Research Scientist,Microsoft Office,Learn Microsoft Office,C013,Productivity Suite Fundamentals,Microsoft Learn,Beginner,10,tag,4.5,HIGH,MEDIUM,7.762,3
513,Sales,Sales Executive,Microsoft PowerPoint,Learn Microsoft PowerPoint,C012,Presenting Data to Decision Makers,LinkedIn Learning,Beginner,10,tag,4.5,HIGH,HIGH,9.45,1
513,Sales,Sales Executive,Microsoft Excel,Learn Microsoft Excel,C010,Advanced Spreadsheet Modelling,Microsoft Learn,Intermediate,12,tag,4.5,HIGH,HIGH,9.45,2
513,Sales,Sales Executive,Active Listening,Learn Active Listening,C015,Running Effective Remote Meetings,LinkedIn Learning,Beginner,6,tag,4.0,HIGH,HIGH,8.4,3
514,Research & Development,Research Scientist,Microsoft Excel,Learn Microsoft Excel,C010,Advanced Spreadsheet Modelling,Microsoft Learn,Intermediate,12,tag,4.5,HIGH,HIGH,9.45,1
514,Research & Development,Research Scientist,R,Learn R,C002,Statistical Programming in R,Coursera,Intermediate,24,tag,4.5,HIGH,HIGH,9.45,2
514,Research & Development,Research Scientist,Microsoft Office,Learn Microsoft Office,C013,Productivity Suite Fundamentals,Microsoft Learn,Beginner,10,tag,4.5,HIGH,HIGH,9.45,3
515,Research & Development,Laboratory Technician,Active Listening,Learn Active Listening,C015,Running Effective Remote Meetings,LinkedIn Learning,Beginner,6,tag,3.62,HIGH,LOW,5.43,1
515,Research & Development,Laboratory Technician,SAP,Learn SAP,C029,Enterprise Resource Planning Essentials,SAP,Intermediate,24,tag,3.5,HIGH,LOW,5.25,2
515,Research & Development,Laboratory Technician,Microsoft PowerPoint,Learn Microsoft PowerPoint,C012,Presenting Data to Decision Makers,LinkedIn Learning,Beginner,10,tag,3.5,HIGH,LOW,5.25,3
516,Sales,Sales Executive,Microsoft Excel,Learn Microsoft Excel,C010,Advanced Spreadsheet Modelling,Microsoft Learn,Intermediate,12,tag,4.5,HIGH,LOW,6.75,1
516,Sales,Sales Executive,Microsoft Office,Learn Microsoft Office,C013,Productivity Suite Fundamentals,Microsoft Learn,Beginner,10,tag,4.5,HIGH,LOW,6.75,2
516,Sales,Sales Executive,Microsoft Outlook,Learn Microsoft Outlook,C013,Productivity Suite Fundamentals,Microsoft Learn,Beginner,10,tag,4.5,HIGH,LOW,6.75,3
517,Research & Development,Laboratory Technician,Active Listening,Learn Active Listening,C015,Running Effective Remote Meetings,LinkedIn Learning,Beginner,6,tag,3.62,HIGH,LOW,5.43,1
517,Research & Development,Laboratory Technician,Microsoft Word,Learn Microsoft Word,C011,Business Documents That Get Read,LinkedIn Learning,Beginner,8,tag,3.5,HIGH,LOW,5.25,2
517,Research & Development,Laboratory Technician,MEDITECH,Learn MEDITECH,C032,Clinical Records and Patient Data Systems,HIMSS,Intermediate,18,tag,3.5,HIGH,LOW,5.25,3
518,Research & Development,Manufacturing Director,SAP,Learn SAP,C029,Enterprise Resource Planning Essentials,SAP,Intermediate,24,tag,4.5,HIGH,MEDIUM,7.762,1
518,Research & Development,Manufacturing Director,Microsoft Excel,Learn Microsoft Excel,C010,Advanced Spreadsheet Modelling,Microsoft Learn,Intermediate,12,tag,4.5,HIGH,MEDIUM,7.762,2
518,Research & Development,Manufacturing Director,Microsoft Office,Learn Microsoft Office,C013,Productivity Suite Fundamentals,Microsoft Learn,Beginner,10,tag,4.5,HIGH,MEDIUM,7.762,3
520,Research & Development,Research Director,Microsoft PowerPoint,Learn Microsoft PowerPoint,C012,Presenting Data to Decision Makers,LinkedIn Learning,Beginner,10,tag,4.5,HIGH,LOW,6.75,1
520,Research & Development,Research Director,IBM SPSS Statistics,Learn IBM SPSS Statistics,C003,Applied Statistics with SPSS,IBM SkillsBuild,Beginner,16,tag,3.5,HIGH,LOW,5.25,2
520,Research & Development,Research Director,Active Learning,Learn Active Learning,C034,Learning How to Learn,Coursera,Beginner,8,tag,3.5,HIGH,LOW,5.25,3
521,Research & Development,Laboratory Technician,Microsoft Excel,Learn Microsoft Excel,C010,Advanced Spreadsheet Modelling,Microsoft Learn,Intermediate,12,tag,4.5,HIGH,MEDIUM,7.762,1
521,Research & Development,Laboratory Technician,Microsoft PowerPoint,Learn Microsoft PowerPoint,C012,Presenting Data to Decision Makers,LinkedIn Learning,Beginner,10,tag,3.5,HIGH,MEDIUM,6.037,2
521,Research & Development,Laboratory Technician,Microsoft Word,Learn Microsoft Word,C011,Business Documents That Get Read,LinkedIn Learning,Beginner,8,tag,3.5,HIGH,MEDIUM,6.037,3
522,Research & Development,Research Director,Microsoft Excel,Learn Microsoft Excel,C010,Advanced Spreadsheet Modelling,Microsoft Learn,Intermediate,12,tag,4.5,HIGH,LOW,6.75,1
522,Research & Development,Research Director,Active Listening,Learn Active Listening,C015,Running Effective Remote Meetings,LinkedIn Learning,Beginner,6,tag,4.0,HIGH,LOW,6.0,2
522,Research & Development,Research Director,Speaking,Learn Speaking,C036,Listening and Influence at Work,LinkedIn Learning,Beginner,6,tag,3.88,HIGH,LOW,5.82,3
523,Sales,Sales Executive,Microsoft PowerPoint,Learn Microsoft PowerPoint,C012,Presenting Data to Decision Makers,LinkedIn Learning,Beginner,10,tag,4.5,HIGH,LOW,6.75,1
523,Sales,Sales Executive,Microsoft Excel,Learn Microsoft Excel,C010,Advanced Spreadsheet Modelling,Microsoft Learn,Intermediate,12,tag,4.5,HIGH,LOW,6.75,2
523,Sales,Sales Executive,Microsoft Office,Learn Microsoft Office,C013,Productivity Suite Fundamentals,Microsoft Learn,Beginner,10,tag,4.5,HIGH,LOW,6.75,3
524,Research & Development,Manufacturing Director,SAP,Learn SAP,C029,Enterprise Resource Planning Essentials,SAP,Intermediate,24,tag,4.5,HIGH,LOW,6.75,1
524,Research & Development,Manufacturing Director,Microsoft PowerPoint,Learn Microsoft PowerPoint,C012,Presenting Data to Decision Makers,LinkedIn Learning,Beginner,10,tag,4.5,HIGH,LOW,6.75,2
524,Research & Development,Manufacturing Director,Microsoft Office,Learn Microsoft Office,C013,Productivity Suite Fundamentals,Microsoft Learn,Beginner,10,tag,4.5,HIGH,LOW,6.75,3
525,Research & Development,Laboratory Technician,Microsoft Excel,Learn Microsoft Excel,C010,Advanced Spreadsheet Modelling,Microsoft Learn,Intermediate,12,tag,4.5,HIGH,HIGH,9.45,1
525,Research & Development,Laboratory Technician,Microsoft Office,Learn Microsoft Office,C013,Productivity Suite Fundamentals,Microsoft Learn,Beginner,10,tag,4.5,HIGH,HIGH,9.45,2
525,Research & Development,Laboratory Technician,SAP,Learn SAP,C029,Enterprise Resource Planning Essentials,SAP,Intermediate,24,tag,3.5,HIGH,HIGH,7.35,3
526,Research & Development,Healthcare Representative,Microsoft Excel,Learn Microsoft Excel,C010,Advanced Spreadsheet Modelling,Microsoft Learn,Intermediate,12,tag,4.5,HIGH,LOW,6.75,1
526,Research & Development,Healthcare Representative,Microsoft Office,Learn Microsoft Office,C013,Productivity Suite Fundamentals,Microsoft Learn,Beginner,10,tag,4.5,HIGH,LOW,6.75,2
526,Research & Development,Healthcare Representative,Salesforce,Learn Salesforce,C026,Managing the Customer Pipeline,Trailhead,Beginner,16,tag,4.5,HIGH,LOW,6.75,3
527,Sales,Sales Executive,Microsoft PowerPoint,Learn Microsoft PowerPoint,C012,Presenting Data to Decision Makers,LinkedIn Learning,Beginner,10,tag,4.5,HIGH,HIGH,9.45,1
527,Sales,Sales Executive,Microsoft Excel,Learn Microsoft Excel,C010,Advanced Spreadsheet Modelling,Microsoft Learn,Intermediate,12,tag,4.5,HIGH,HIGH,9.45,2
527,Sales,Sales Executive,Salesforce,Learn Salesforce,C026,Managing the Customer Pipeline,Trailhead,Beginner,16,tag,4.5,HIGH,HIGH,9.45,3
529,Research & Development,Research Scientist,Writing,Learn Writing,C035,Business Writing for Clarity,LinkedIn Learning,Beginner,8,tag,4.25,HIGH,MEDIUM,7.331,1
529,Research & Development,Research Scientist,Speaking,Learn Speaking,C036,Listening and Influence at Work,LinkedIn Learning,Beginner,6,tag,4.12,HIGH,MEDIUM,7.107,2
529,Research & Development,Research Scientist,Active Listening,Learn Active Listening,C015,Running Effective Remote Meetings,LinkedIn Learning,Beginner,6,tag,4.0,HIGH,MEDIUM,6.9,3
530,Research & Development,Laboratory Technician,Microsoft Excel,Learn Microsoft Excel,C010,Advanced Spreadsheet Modelling,Microsoft Learn,Intermediate,12,tag,4.5,HIGH,MEDIUM,7.762,1
530,Research & Development,Laboratory Technician,Microsoft Office,Learn Microsoft Office,C013,Productivity Suite Fundamentals,Microsoft Learn,Beginner,10,tag,4.5,HIGH,MEDIUM,7.762,2
530,Research & Development,Laboratory Technician,Active Listening,Learn Active Listening,C015,Running Effective Remote Meetings,LinkedIn Learning,Beginner,6,tag,3.62,HIGH,MEDIUM,6.244,3
531,Research & Development,Manager,Microsoft Excel,Learn Microsoft Excel,C010,Advanced Spreadsheet Modelling,Microsoft Learn,Intermediate,12,tag,4.5,HIGH,LOW,6.75,1
531,Research & Development,Manager,Monitoring,Learn Monitoring,C039,Performance Tracking and Review,LinkedIn Learning,Beginner,6,tag,4.0,HIGH,LOW,6.0,2
531,Research & Development,Manager,Critical Thinking,Learn Critical Thinking,C033,Structured Problem Solving,Coursera,Intermediate,12,tag,3.88,HIGH,LOW,5.82,3
532,Sales,Sales Executive,Microsoft Excel,Learn Microsoft Excel,C010,Advanced Spreadsheet Modelling,Microsoft Learn,Intermediate,12,tag,4.5,HIGH,LOW,6.75,1
532,Sales,Sales Executive,Active Listening,Learn Active Listening,C015,Running Effective Remote Meetings,LinkedIn Learning,Beginner,6,tag,4.0,HIGH,LOW,6.0,2
532,Sales,Sales Executive,Adobe Creative Cloud,Learn Adobe Creative Cloud,C020,Digital Image Editing Foundations,Adobe,Beginner,16,tag,3.5,HIGH,LOW,5.25,3
533,Sales,Sales Executive,Microsoft Excel,Learn Microsoft Excel,C010,Advanced Spreadsheet Modelling,Microsoft Learn,Intermediate,12,tag,4.5,HIGH,MEDIUM,7.762,1
533,Sales,Sales Executive,Speaking,Learn Speaking,C036,Listening and Influence at Work,LinkedIn Learning,Beginner,6,tag,4.0,HIGH,MEDIUM,6.9,2
533,Sales,Sales Executive,Active Listening,Learn Active Listening,C015,Running Effective Remote Meetings,LinkedIn Learning,Beginner,6,tag,4.0,HIGH,MEDIUM,6.9,3
534,Sales,Sales Executive,Microsoft Office,Learn Microsoft Office,C013,Productivity Suite Fundamentals,Microsoft Learn,Beginner,10,tag,4.5,HIGH,LOW,6.75,1
534,Sales,Sales Executive,Salesforce,Learn Salesforce,C026,Managing the Customer Pipeline,Trailhead,Beginner,16,tag,4.5,HIGH,LOW,6.75,2
534,Sales,Sales Executive,Microsoft Outlook,Learn Microsoft Outlook,C013,Productivity Suite Fundamentals,Microsoft Learn,Beginner,10,tag,4.5,HIGH,LOW,6.75,3
536,Research & Development,Laboratory Technician,Microsoft Excel,Learn Microsoft Excel,C010,Advanced Spreadsheet Modelling,Microsoft Learn,Intermediate,12,tag,4.5,HIGH,LOW,6.75,1
536,Research & Development,Laboratory Technician,Microsoft Office,Learn Microsoft Office,C013,Productivity Suite Fundamentals,Microsoft Learn,Beginner,10,tag,4.5,HIGH,LOW,6.75,2
536,Research & Development,Laboratory Technician,Active Listening,Learn Active Listening,C015,Running Effective Remote Meetings,LinkedIn Learning,Beginner,6,tag,3.62,HIGH,LOW,5.43,3
538,Research & Development,Laboratory Technician,Microsoft Office,Learn Microsoft Office,C013,Productivity Suite Fundamentals,Microsoft Learn,Beginner,10,tag,4.5,HIGH,MEDIUM,7.762,1
538,Research & Development,Laboratory Technician,Active Listening,Learn Active Listening,C015,Running Effective Remote Meetings,LinkedIn Learning,Beginner,6,tag,3.62,HIGH,MEDIUM,6.244,2
538,Research & Development,Laboratory Technician,Microsoft Word,Learn Microsoft Word,C011,Business Documents That Get Read,LinkedIn Learning,Beginner,8,tag,3.5,HIGH,MEDIUM,6.037,3
543,Research & Development,Manufacturing Director,SAP,Learn SAP,C029,Enterprise Resource Planning Essentials,SAP,Intermediate,24,tag,4.5,HIGH,LOW,6.75,1
543,Research & Development,Manufacturing Director,Microsoft PowerPoint,Learn Microsoft PowerPoint,C012,Presenting Data to Decision Makers,LinkedIn Learning,Beginner,10,tag,4.5,HIGH,LOW,6.75,2
543,Research & Development,Manufacturing Director,Microsoft Outlook,Learn Microsoft Outlook,C013,Productivity Suite Fundamentals,Microsoft Learn,Beginner,10,tag,4.5,HIGH,LOW,6.75,3
544,Research & Development,Research Scientist,Speaking,Learn Speaking,C036,Listening and Influence at Work,LinkedIn Learning,Beginner,6,tag,4.12,HIGH,LOW,6.18,1
544,Research & Development,Research Scientist,Active Learning,Learn Active Learning,C034,Learning How to Learn,Coursera,Beginner,8,tag,4.12,HIGH,LOW,6.18,2
544,Research & Development,Research Scientist,Critical Thinking,Learn Critical Thinking,C033,Structured Problem Solving,Coursera,Intermediate,12,tag,4.0,HIGH,LOW,6.0,3
546,Research & Development,Manager,Microsoft PowerPoint,Learn Microsoft PowerPoint,C012,Presenting Data to Decision Makers,LinkedIn Learning,Beginner,10,tag,4.5,HIGH,LOW,6.75,1
546,Research & Development,Manager,Speaking,Learn Speaking,C036,Listening and Influence at Work,LinkedIn Learning,Beginner,6,tag,4.0,HIGH,LOW,6.0,2
546,Research & Development,Manager,Apple macOS,Learn Apple macOS,C040,Operating Systems for End Users,Apple,Beginner,6,tag,3.5,HIGH,LOW,5.25,3
547,Research & Development,Research Scientist,Microsoft Office,Learn Microsoft Office,C013,Productivity Suite Fundamentals,Microsoft Learn,Beginner,10,tag,4.5,HIGH,LOW,6.75,1
547,Research & Development,Research Scientist,R,Learn R,C002,Statistical Programming in R,Coursera,Intermediate,24,tag,4.5,HIGH,LOW,6.75,2
547,Research & Development,Research Scientist,Speaking,Learn Speaking,C036,Listening and Influence at Work,LinkedIn Learning,Beginner,6,tag,4.12,HIGH,LOW,6.18,3
548,Research & Development,Manufacturing Director,Microsoft Office,Learn Microsoft Office,C013,Productivity Suite Fundamentals,Microsoft Learn,Beginner,10,tag,4.5,HIGH,LOW,6.75,1
548,Research & Development,Manufacturing Director,Microsoft Outlook,Learn Microsoft Outlook,C013,Productivity Suite Fundamentals,Microsoft Learn,Beginner,10,tag,4.5,HIGH,LOW,6.75,2
548,Research & Development,Manufacturing Director,Speaking,Learn Speaking,C036,Listening and Influence at Work,LinkedIn Learning,Beginner,6,tag,4.0,HIGH,LOW,6.0,3
549,Research & Development,Manager,Microsoft Excel,Learn Microsoft Excel,C010,Advanced Spreadsheet Modelling,Microsoft Learn,Intermediate,12,tag,4.5,HIGH,MEDIUM,7.762,1
549,Research & Development,Manager,Monitoring,Learn Monitoring,C039,Performance Tracking and Review,LinkedIn Learning,Beginner,6,tag,4.0,HIGH,MEDIUM,6.9,2
549,Research & Development,Manager,Adobe Acrobat,Learn Adobe Acrobat,C019,Working with PDFs and Document Workflows,Adobe,Beginner,6,tag,3.5,HIGH,MEDIUM,6.037,3
550,Research & Development,Manufacturing Director,Microsoft Excel,Learn Microsoft Excel,C010,Advanced Spreadsheet Modelling,Microsoft Learn,Intermediate,12,tag,4.5,HIGH,LOW,6.75,1
550,Research & Development,Manufacturing Director,Microsoft Office,Learn Microsoft Office,C013,Productivity Suite Fundamentals,Microsoft Learn,Beginner,10,tag,4.5,HIGH,LOW,6.75,2
550,Research & Development,Manufacturing Director,Learning Strategies,Learn Learning Strategies,C034,Learning How to Learn,Coursera,Beginner,8,tag,3.75,HIGH,LOW,5.625,3
551,Research & Development,Healthcare Representative,Microsoft Excel,Learn Microsoft Excel,C010,Advanced Spreadsheet Modelling,Microsoft Learn,Intermediate,12,tag,4.5,HIGH,LOW,6.75,1
551,Research & Development,Healthcare Representative,Reading Comprehension,Learn Reading Comprehension,C035,Business Writing for Clarity,LinkedIn Learning,Beginner,8,tag,3.75,HIGH,LOW,5.625,2
551,Research & Development,Healthcare Representative,Active Learning,Learn Active Learning,C034,Learning How to Learn,Coursera,Beginner,8,tag,3.5,HIGH,LOW,5.25,3
554,Sales,Sales Representative,Microsoft Excel,Learn Microsoft Excel,C010,Advanced Spreadsheet Modelling,Microsoft Learn,Intermediate,12,tag,4.5,HIGH,HIGH,9.45,1
554,Sales,Sales Representative,Active Listening,Learn Active Listening,C015,Running Effective Remote Meetings,LinkedIn Learning,Beginner,6,tag,3.88,HIGH,HIGH,8.148,2
554,Sales,Sales Representative,Reading Comprehension,Learn Reading Comprehension,C035,Business Writing for Clarity,LinkedIn Learning,Beginner,8,tag,3.62,HIGH,HIGH,7.602,3
555,Sales,Sales Representative,Salesforce,Learn Salesforce,C026,Managing the Customer Pipeline,Trailhead,Beginner,16,tag,4.5,HIGH,HIGH,9.45,1
555,Sales,Sales Representative,Microsoft Office,Learn Microsoft Office,C013,Productivity Suite Fundamentals,Microsoft Learn,Beginner,10,tag,4.5,HIGH,HIGH,9.45,2
555,Sales,Sales Representative,Active Listening,Learn Active Listening,C015,Running Effective Remote Meetings,LinkedIn Learning,Beginner,6,tag,3.88,HIGH,HIGH,8.148,3
556,Research & Development,Laboratory Technician,Microsoft Excel,Learn Microsoft Excel,C010,Advanced Spreadsheet Modelling,Microsoft Learn,Intermediate,12,tag,4.5,HIGH,HIGH,9.45,1
556,Research & Development,Laboratory Technician,Microsoft Office,Learn Microsoft Office,C013,Productivity Suite Fundamentals,Microsoft Learn,Beginner,10,tag,4.5,HIGH,HIGH,9.45,2
556,Research & Development,Laboratory Technician,Active Listening,Learn Active Listening,C015,Running Effective Remote Meetings,LinkedIn Learning,Beginner,6,tag,3.62,HIGH,HIGH,7.602,3
558,Sales,Manager,Critical Thinking,Learn Critical Thinking,C033,Structured Problem Solving,Coursera,Intermediate,12,tag,3.88,HIGH,LOW,5.82,1
558,Sales,Manager,Active Learning,Learn Active Learning,C034,Learning How to Learn,Coursera,Beginner,8,tag,3.62,HIGH,LOW,5.43,2
558,Sales,Manager,Google Analytics,Learn Google Analytics,C028,Measuring Digital Engagement,Google,Beginner,10,tag,3.5,MEDIUM,LOW,4.2,3
560,Research & Development,Research Scientist,R,Learn R,C002,Statistical Programming in R,Coursera,Intermediate,24,tag,4.5,HIGH,LOW,6.75,1
560,Research & Development,Research Scientist,Microsoft Office,Learn Microsoft Office,C013,Productivity Suite Fundamentals,Microsoft Learn,Beginner,10,tag,4.5,HIGH,LOW,6.75,2
560,Research & Development,Research Scientist,Writing,Learn Writing,C035,Business Writing for Clarity,LinkedIn Learning,Beginner,8,tag,4.25,HIGH,LOW,6.375,3
562,Research & Development,Laboratory Technician,Microsoft Excel,Learn Microsoft Excel,C010,Advanced Spreadsheet Modelling,Microsoft Learn,Intermediate,12,tag,4.5,HIGH,LOW,6.75,1
562,Research & Development,Laboratory Technician,Microsoft Office,Learn Microsoft Office,C013,Productivity Suite Fundamentals,Microsoft Learn,Beginner,10,tag,4.5,HIGH,LOW,6.75,2
562,Research & Development,Laboratory Technician,Reading Comprehension,Learn Reading Comprehension,C035,Business Writing for Clarity,LinkedIn Learning,Beginner,8,tag,3.75,HIGH,LOW,5.625,3
564,Research & Development,Research Director,Microsoft Excel,Learn Microsoft Excel,C010,Advanced Spreadsheet Modelling,Microsoft Learn,Intermediate,12,tag,4.5,HIGH,LOW,6.75,1
564,Research & Development,Research Director,Microsoft Office,Learn Microsoft Office,C013,Productivity Suite Fundamentals,Microsoft Learn,Beginner,10,tag,4.5,HIGH,LOW,6.75,2
564,Research & Development,Research Director,Monitoring,Learn Monitoring,C039,Performance Tracking and Review,LinkedIn Learning,Beginner,6,tag,4.0,HIGH,LOW,6.0,3
565,Research & Development,Research Scientist,Microsoft Excel,Learn Microsoft Excel,C010,Advanced Spreadsheet Modelling,Microsoft Learn,Intermediate,12,tag,4.5,HIGH,HIGH,9.45,1
565,Research & Development,Research Scientist,R,Learn R,C002,Statistical Programming in R,Coursera,Intermediate,24,tag,4.5,HIGH,HIGH,9.45,2
565,Research & Development,Research Scientist,Microsoft Office,Learn Microsoft Office,C013,Productivity Suite Fundamentals,Microsoft Learn,Beginner,10,tag,4.5,HIGH,HIGH,9.45,3
566,Human Resources,Human Resources,Microsoft PowerPoint,Learn Microsoft PowerPoint,C012,Presenting Data to Decision Makers,LinkedIn Learning,Beginner,10,tag,4.5,HIGH,HIGH,9.45,1
566,Human Resources,Human Resources,Microsoft Excel,Learn Microsoft Excel,C010,Advanced Spreadsheet Modelling,Microsoft Learn,Intermediate,12,tag,4.5,HIGH,HIGH,9.45,2
566,Human Resources,Human Resources,Microsoft Outlook,Learn Microsoft Outlook,C013,Productivity Suite Fundamentals,Microsoft Learn,Beginner,10,tag,4.5,HIGH,HIGH,9.45,3
567,Sales,Sales Executive,Speaking,Learn Speaking,C036,Listening and Influence at Work,LinkedIn Learning,Beginner,6,tag,4.0,HIGH,LOW,6.0,1
567,Sales,Sales Executive,Adobe Creative Cloud,Learn Adobe Creative Cloud,C020,Digital Image Editing Foundations,Adobe,Beginner,16,tag,3.5,HIGH,LOW,5.25,2
567,Sales,Sales Executive,Adobe Illustrator,Learn Adobe Illustrator,C021,Vector Graphics and Brand Assets,Adobe,Intermediate,14,tag,3.5,HIGH,LOW,5.25,3
568,Sales,Manager,Microsoft PowerPoint,Learn Microsoft PowerPoint,C012,Presenting Data to Decision Makers,LinkedIn Learning,Beginner,10,tag,4.5,HIGH,LOW,6.75,1
568,Sales,Manager,Microsoft Office,Learn Microsoft Office,C013,Productivity Suite Fundamentals,Microsoft Learn,Beginner,10,tag,4.5,HIGH,LOW,6.75,2
568,Sales,Manager,Monitoring,Learn Monitoring,C039,Performance Tracking and Review,LinkedIn Learning,Beginner,6,tag,4.0,HIGH,LOW,6.0,3
569,Research & Development,Manager,Reading Comprehension,Learn Reading Comprehension,C035,Business Writing for Clarity,LinkedIn Learning,Beginner,8,tag,4.0,HIGH,LOW,6.0,1
569,Research & Development,Manager,Active Learning,Learn Active Learning,C034,Learning How to Learn,Coursera,Beginner,8,tag,3.62,HIGH,LOW,5.43,2
569,Research & Development,Manager,Writing,Learn Writing,C035,Business Writing for Clarity,LinkedIn Learning,Beginner,8,tag,3.5,HIGH,LOW,5.25,3
571,Research & Development,Laboratory Technician,Microsoft Office,Learn Microsoft Office,C013,Productivity Suite Fundamentals,Microsoft Learn,Beginner,10,tag,4.5,HIGH,LOW,6.75,1
571,Research & Development,Laboratory Technician,SAP,Learn SAP,C029,Enterprise Resource Planning Essentials,SAP,Intermediate,24,tag,3.5,HIGH,LOW,5.25,2
571,Research & Development,Laboratory Technician,Microsoft PowerPoint,Learn Microsoft PowerPoint,C012,Presenting Data to Decision Makers,LinkedIn Learning,Beginner,10,tag,3.5,HIGH,LOW,5.25,3
573,Sales,Sales Executive,Microsoft PowerPoint,Learn Microsoft PowerPoint,C012,Presenting Data to Decision Makers,LinkedIn Learning,Beginner,10,tag,4.5,HIGH,MEDIUM,7.762,1
573,Sales,Sales Executive,Microsoft Excel,Learn Microsoft Excel,C010,Advanced Spreadsheet Modelling,Microsoft Learn,Intermediate,12,tag,4.5,HIGH,MEDIUM,7.762,2
573,Sales,Sales Executive,Microsoft Outlook,Learn Microsoft Outlook,C013,Productivity Suite Fundamentals,Microsoft Learn,Beginner,10,tag,4.5,HIGH,MEDIUM,7.762,3
574,Research & Development,Manufacturing Director,SAP,Learn SAP,C029,Enterprise Resource Planning Essentials,SAP,Intermediate,24,tag,4.5,HIGH,LOW,6.75,1
574,Research & Development,Manufacturing Director,Microsoft PowerPoint,Learn Microsoft PowerPoint,C012,Presenting Data to Decision Makers,LinkedIn Learning,Beginner,10,tag,4.5,HIGH,LOW,6.75,2
574,Research & Development,Manufacturing Director,Microsoft Excel,Learn Microsoft Excel,C010,Advanced Spreadsheet Modelling,Microsoft Learn,Intermediate,12,tag,4.5,HIGH,LOW,6.75,3
575,Research & Development,Research Director,Microsoft Excel,Learn Microsoft Excel,C010,Advanced Spreadsheet Modelling,Microsoft Learn,Intermediate,12,tag,4.5,HIGH,LOW,6.75,1
575,Research & Development,Research Director,Science,Learn Science,C038,Scientific Method in Practice,edX,Intermediate,14,tag,4.12,HIGH,LOW,6.18,2
575,Research & Development,Research Director,Speaking,Learn Speaking,C036,Listening and Influence at Work,LinkedIn Learning,Beginner,6,tag,3.88,HIGH,LOW,5.82,3
577,Research & Development,Laboratory Technician,Microsoft Office,Learn Microsoft Office,C013,Productivity Suite Fundamentals,Microsoft Learn,Beginner,10,tag,4.5,HIGH,HIGH,9.45,1
577,Research & Development,Laboratory Technician,Active Listening,Learn Active Listening,C015,Running Effective Remote Meetings,LinkedIn Learning,Beginner,6,tag,3.62,HIGH,HIGH,7.602,2
577,Research & Development,Laboratory Technician,MEDITECH,Learn MEDITECH,C032,Clinical Records and Patient Data Systems,HIMSS,Intermediate,18,tag,3.5,HIGH,HIGH,7.35,3
578,Research & Development,Laboratory Technician,Active Listening,Learn Active Listening,C015,Running Effective Remote Meetings,LinkedIn Learning,Beginner,6,tag,3.62,HIGH,MEDIUM,6.244,1
578,Research & Development,Laboratory Technician,SAP,Learn SAP,C029,Enterprise Resource Planning Essentials,SAP,Intermediate,24,tag,3.5,HIGH,MEDIUM,6.037,2
578,Research & Development,Laboratory Technician,MEDITECH,Learn MEDITECH,C032,Clinical Records and Patient Data Systems,HIMSS,Intermediate,18,tag,3.5,HIGH,MEDIUM,6.037,3
579,Research & Development,Research Scientist,R,Learn R,C002,Statistical Programming in R,Coursera,Intermediate,24,tag,4.5,HIGH,LOW,6.75,1
579,Research & Development,Research Scientist,Microsoft Office,Learn Microsoft Office,C013,Productivity Suite Fundamentals,Microsoft Learn,Beginner,10,tag,4.5,HIGH,LOW,6.75,2
579,Research & Development,Research Scientist,Writing,Learn Writing,C035,Business Writing for Clarity,LinkedIn Learning,Beginner,8,tag,4.25,HIGH,LOW,6.375,3
580,Sales,Sales Executive,Microsoft PowerPoint,Learn Microsoft PowerPoint,C012,Presenting Data to Decision Makers,LinkedIn Learning,Beginner,10,tag,4.5,HIGH,LOW,6.75,1
580,Sales,Sales Executive,Salesforce,Learn Salesforce,C026,Managing the Customer Pipeline,Trailhead,Beginner,16,tag,4.5,HIGH,LOW,6.75,2
580,Sales,Sales Executive,Microsoft Outlook,Learn Microsoft Outlook,C013,Productivity Suite Fundamentals,Microsoft Learn,Beginner,10,tag,4.5,HIGH,LOW,6.75,3
581,Research & Development,Manufacturing Director,Microsoft Office,Learn Microsoft Office,C013,Productivity Suite Fundamentals,Microsoft Learn,Beginner,10,tag,4.5,HIGH,LOW,6.75,1
581,Research & Development,Manufacturing Director,Microsoft Outlook,Learn Microsoft Outlook,C013,Productivity Suite Fundamentals,Microsoft Learn,Beginner,10,tag,4.5,HIGH,LOW,6.75,2
581,Research & Development,Manufacturing Director,Monitoring,Learn Monitoring,C039,Performance Tracking and Review,LinkedIn Learning,Beginner,6,tag,4.0,HIGH,LOW,6.0,3
582,Research & Development,Manager,Monitoring,Learn Monitoring,C039,Performance Tracking and Review,LinkedIn Learning,Beginner,6,tag,4.0,HIGH,HIGH,8.4,1
582,Research & Development,Manager,Reading Comprehension,Learn Reading Comprehension,C035,Business Writing for Clarity,LinkedIn Learning,Beginner,8,tag,4.0,HIGH,HIGH,8.4,2
582,Research & Development,Manager,Active Listening,Learn Active Listening,C015,Running Effective Remote Meetings,LinkedIn Learning,Beginner,6,tag,4.0,HIGH,HIGH,8.4,3
584,Research & Development,Laboratory Technician,Microsoft Office,Learn Microsoft Office,C013,Productivity Suite Fundamentals,Microsoft Learn,Beginner,10,tag,4.5,HIGH,HIGH,9.45,1
584,Research & Development,Laboratory Technician,Active Listening,Learn Active Listening,C015,Running Effective Remote Meetings,LinkedIn Learning,Beginner,6,tag,3.62,HIGH,HIGH,7.602,2
584,Research & Development,Laboratory Technician,MEDITECH,Learn MEDITECH,C032,Clinical Records and Patient Data Systems,HIMSS,Intermediate,18,tag,3.5,HIGH,HIGH,7.35,3
585,Sales,Sales Representative,Microsoft Excel,Learn Microsoft Excel,C010,Advanced Spreadsheet Modelling,Microsoft Learn,Intermediate,12,tag,4.5,HIGH,HIGH,9.45,1
585,Sales,Sales Representative,Salesforce,Learn Salesforce,C026,Managing the Customer Pipeline,Trailhead,Beginner,16,tag,4.5,HIGH,HIGH,9.45,2
585,Sales,Sales Representative,Microsoft Office,Learn Microsoft Office,C013,Productivity Suite Fundamentals,Microsoft Learn,Beginner,10,tag,4.5,HIGH,HIGH,9.45,3
586,Research & Development,Healthcare Representative,Microsoft Outlook,Learn Microsoft Outlook,C013,Productivity Suite Fundamentals,Microsoft Learn,Beginner,10,tag,4.5,HIGH,MEDIUM,7.762,1
586,Research & Development,Healthcare Representative,Microsoft Access,Learn Microsoft Access,C009,Relational Databases and Query Design,Coursera,Beginner,18,tag,3.5,HIGH,MEDIUM,6.037,2
586,Research & Development,Healthcare Representative,Critical Thinking,Learn Critical Thinking,C033,Structured Problem Solving,Coursera,Intermediate,12,tag,3.38,HIGH,MEDIUM,5.83,3
587,Research & Development,Healthcare Representative,Microsoft Excel,Learn Microsoft Excel,C010,Advanced Spreadsheet Modelling,Microsoft Learn,Intermediate,12,tag,4.5,HIGH,HIGH,9.45,1
587,Research & Development,Healthcare Representative,Microsoft Office,Learn Microsoft Office,C013,Productivity Suite Fundamentals,Microsoft Learn,Beginner,10,tag,4.5,HIGH,HIGH,9.45,2
587,Research & Development,Healthcare Representative,Salesforce,Learn Salesforce,C026,Managing the Customer Pipeline,Trailhead,Beginner,16,tag,4.5,HIGH,HIGH,9.45,3
590,Human Resources,Human Resources,Microsoft PowerPoint,Learn Microsoft PowerPoint,C012,Presenting Data to Decision Makers,LinkedIn Learning,Beginner,10,tag,4.5,HIGH,HIGH,9.45,1
590,Human Resources,Human Resources,Microsoft Excel,Learn Microsoft Excel,C010,Advanced Spreadsheet Modelling,Microsoft Learn,Intermediate,12,tag,4.5,HIGH,HIGH,9.45,2
590,Human Resources,Human Resources,Microsoft Office,Learn Microsoft Office,C013,Productivity Suite Fundamentals,Microsoft Learn,Beginner,10,tag,4.5,HIGH,HIGH,9.45,3
591,Research & Development,Laboratory Technician,Microsoft Excel,Learn Microsoft Excel,C010,Advanced Spreadsheet Modelling,Microsoft Learn,Intermediate,12,tag,4.5,HIGH,MEDIUM,7.762,1
591,Research & Development,Laboratory Technician,Active Listening,Learn Active Listening,C015,Running Effective Remote Meetings,LinkedIn Learning,Beginner,6,tag,3.62,HIGH,MEDIUM,6.244,2
591,Research & Development,Laboratory Technician,SAP,Learn SAP,C029,Enterprise Resource Planning Essentials,SAP,Intermediate,24,tag,3.5,HIGH,MEDIUM,6.037,3
592,Sales,Sales Executive,Microsoft PowerPoint,Learn Microsoft PowerPoint,C012,Presenting Data to Decision Makers,LinkedIn Learning,Beginner,10,tag,4.5,HIGH,MEDIUM,7.762,1
592,Sales,Sales Executive,Adobe Creative Cloud,Learn Adobe Creative Cloud,C020,Digital Image Editing Foundations,Adobe,Beginner,16,tag,3.5,HIGH,MEDIUM,6.037,2
592,Sales,Sales Executive,Adobe InDesign,Learn Adobe InDesign,C022,Layout and Publication Design,Adobe,Intermediate,14,tag,3.5,HIGH,MEDIUM,6.037,3
593,Research & Development,Laboratory Technician,Microsoft Excel,Learn Microsoft Excel,C010,Advanced Spreadsheet Modelling,Microsoft Learn,Intermediate,12,tag,4.5,HIGH,HIGH,9.45,1
593,Research & Development,Laboratory Technician,Reading Comprehension,Learn Reading Comprehension,C035,Business Writing for Clarity,LinkedIn Learning,Beginner,8,tag,3.75,HIGH,HIGH,7.875,2
593,Research & Development,Laboratory Technician,Active Listening,Learn Active Listening,C015,Running Effective Remote Meetings,LinkedIn Learning,Beginner,6,tag,3.62,HIGH,HIGH,7.602,3
595,Sales,Sales Executive,Microsoft PowerPoint,Learn Microsoft PowerPoint,C012,Presenting Data to Decision Makers,LinkedIn Learning,Beginner,10,tag,4.5,HIGH,LOW,6.75,1
595,Sales,Sales Executive,Microsoft Excel,Learn Microsoft Excel,C010,Advanced Spreadsheet Modelling,Microsoft Learn,Intermediate,12,tag,4.5,HIGH,LOW,6.75,2
595,Sales,Sales Executive,Microsoft Outlook,Learn Microsoft Outlook,C013,Productivity Suite Fundamentals,Microsoft Learn,Beginner,10,tag,4.5,HIGH,LOW,6.75,3
597,Sales,Manager,Microsoft PowerPoint,Learn Microsoft PowerPoint,C012,Presenting Data to Decision Makers,LinkedIn Learning,Beginner,10,tag,4.5,HIGH,LOW,6.75,1
597,Sales,Manager,Monitoring,Learn Monitoring,C039,Performance Tracking and Review,LinkedIn Learning,Beginner,6,tag,4.0,HIGH,LOW,6.0,2
597,Sales,Manager,Adobe Acrobat,Learn Adobe Acrobat,C019,Working with PDFs and Document Workflows,Adobe,Beginner,6,tag,3.5,HIGH,LOW,5.25,3
599,Sales,Sales Executive,Salesforce,Learn Salesforce,C026,Managing the Customer Pipeline,Trailhead,Beginner,16,tag,4.5,HIGH,LOW,6.75,1
599,Sales,Sales Executive,Microsoft Outlook,Learn Microsoft Outlook,C013,Productivity Suite Fundamentals,Microsoft Learn,Beginner,10,tag,4.5,HIGH,LOW,6.75,2
599,Sales,Sales Executive,Adobe Creative Cloud,Learn Adobe Creative Cloud,C020,Digital Image Editing Foundations,Adobe,Beginner,16,tag,3.5,HIGH,LOW,5.25,3
600,Sales,Sales Executive,Microsoft PowerPoint,Learn Microsoft PowerPoint,C012,Presenting Data to Decision Makers,LinkedIn Learning,Beginner,10,tag,4.5,HIGH,MEDIUM,7.762,1
600,Sales,Sales Executive,Microsoft Excel,Learn Microsoft Excel,C010,Advanced Spreadsheet Modelling,Microsoft Learn,Intermediate,12,tag,4.5,HIGH,MEDIUM,7.762,2
600,Sales,Sales Executive,Microsoft Office,Learn Microsoft Office,C013,Productivity Suite Fundamentals,Microsoft Learn,Beginner,10,tag,4.5,HIGH,MEDIUM,7.762,3
601,Research & Development,Manufacturing Director,Microsoft Outlook,Learn Microsoft Outlook,C013,Productivity Suite Fundamentals,Microsoft Learn,Beginner,10,tag,4.5,HIGH,MEDIUM,7.762,1
601,Research & Development,Manufacturing Director,Monitoring,Learn Monitoring,C039,Performance Tracking and Review,LinkedIn Learning,Beginner,6,tag,4.0,HIGH,MEDIUM,6.9,2
601,Research & Development,Manufacturing Director,Reading Comprehension,Learn Reading Comprehension,C035,Business Writing for Clarity,LinkedIn Learning,Beginner,8,tag,3.88,HIGH,MEDIUM,6.693,3
602,Research & Development,Laboratory Technician,Reading Comprehension,Learn Reading Comprehension,C035,Business Writing for Clarity,LinkedIn Learning,Beginner,8,tag,3.75,HIGH,LOW,5.625,1
602,Research & Development,Laboratory Technician,Active Listening,Learn Active Listening,C015,Running Effective Remote Meetings,LinkedIn Learning,Beginner,6,tag,3.62,HIGH,LOW,5.43,2
602,Research & Development,Laboratory Technician,SAP,Learn SAP,C029,Enterprise Resource Planning Essentials,SAP,Intermediate,24,tag,3.5,HIGH,LOW,5.25,3
604,Sales,Sales Executive,Microsoft PowerPoint,Learn Microsoft PowerPoint,C012,Presenting Data to Decision Makers,LinkedIn Learning,Beginner,10,tag,4.5,HIGH,MEDIUM,7.762,1
604,Sales,Sales Executive,Microsoft Excel,Learn Microsoft Excel,C010,Advanced Spreadsheet Modelling,Microsoft Learn,Intermediate,12,tag,4.5,HIGH,MEDIUM,7.762,2
604,Sales,Sales Executive,Microsoft Outlook,Learn Microsoft Outlook,C013,Productivity Suite Fundamentals,Microsoft Learn,Beginner,10,tag,4.5,HIGH,MEDIUM,7.762,3
605,Research & Development,Manufacturing Director,Microsoft PowerPoint,Learn Microsoft PowerPoint,C012,Presenting Data to Decision Makers,LinkedIn Learning,Beginner,10,tag,4.5,HIGH,MEDIUM,7.762,1
605,Research & Development,Manufacturing Director,Microsoft Excel,Learn Microsoft Excel,C010,Advanced Spreadsheet Modelling,Microsoft Learn,Intermediate,12,tag,4.5,HIGH,MEDIUM,7.762,2
605,Research & Development,Manufacturing Director,Critical Thinking,Learn Critical Thinking,C033,Structured Problem Solving,Coursera,Intermediate,12,tag,4.0,HIGH,MEDIUM,6.9,3
606,Sales,Sales Executive,Microsoft PowerPoint,Learn Microsoft PowerPoint,C012,Presenting Data to Decision Makers,LinkedIn Learning,Beginner,10,tag,4.5,HIGH,LOW,6.75,1
606,Sales,Sales Executive,Microsoft Excel,Learn Microsoft Excel,C010,Advanced Spreadsheet Modelling,Microsoft Learn,Intermediate,12,tag,4.5,HIGH,LOW,6.75,2
606,Sales,Sales Executive,Microsoft Office,Learn Microsoft Office,C013,Productivity Suite Fundamentals,Microsoft Learn,Beginner,10,tag,4.5,HIGH,LOW,6.75,3
608,Human Resources,Human Resources,Microsoft Excel,Learn Microsoft Excel,C010,Advanced Spreadsheet Modelling,Microsoft Learn,Intermediate,12,tag,4.5,HIGH,HIGH,9.45,1
608,Human Resources,Human Resources,Microsoft Outlook,Learn Microsoft Outlook,C013,Productivity Suite Fundamentals,Microsoft Learn,Beginner,10,tag,4.5,HIGH,HIGH,9.45,2
608,Human Resources,Human Resources,Speaking,Learn Speaking,C036,Listening and Influence at Work,LinkedIn Learning,Beginner,6,tag,4.12,HIGH,HIGH,8.652,3
611,Research & Development,Manufacturing Director,Microsoft PowerPoint,Learn Microsoft PowerPoint,C012,Presenting Data to Decision Makers,LinkedIn Learning,Beginner,10,tag,4.5,HIGH,LOW,6.75,1
611,Research & Development,Manufacturing Director,Microsoft Office,Learn Microsoft Office,C013,Productivity Suite Fundamentals,Microsoft Learn,Beginner,10,tag,4.5,HIGH,LOW,6.75,2
611,Research & Development,Manufacturing Director,Microsoft Outlook,Learn Microsoft Outlook,C013,Productivity Suite Fundamentals,Microsoft Learn,Beginner,10,tag,4.5,HIGH,LOW,6.75,3
612,Research & Development,Research Director,Microsoft PowerPoint,Learn Microsoft PowerPoint,C012,Presenting Data to Decision Makers,LinkedIn Learning,Beginner,10,tag,4.5,HIGH,LOW,6.75,1
612,Research & Development,Research Director,Microsoft Office,Learn Microsoft Office,C013,Productivity Suite Fundamentals,Microsoft Learn,Beginner,10,tag,4.5,HIGH,LOW,6.75,2
612,Research & Development,Research Director,Monitoring,Learn Monitoring,C039,Performance Tracking and Review,LinkedIn Learning,Beginner,6,tag,4.0,HIGH,LOW,6.0,3
613,Sales,Manager,Microsoft PowerPoint,Learn Microsoft PowerPoint,C012,Presenting Data to Decision Makers,LinkedIn Learning,Beginner,10,tag,4.5,HIGH,LOW,6.75,1
613,Sales,Manager,Microsoft Office,Learn Microsoft Office,C013,Productivity Suite Fundamentals,Microsoft Learn,Beginner,10,tag,4.5,HIGH,LOW,6.75,2
613,Sales,Manager,Monitoring,Learn Monitoring,C039,Performance Tracking and Review,LinkedIn Learning,Beginner,6,tag,4.0,HIGH,LOW,6.0,3
614,Sales,Sales Representative,Microsoft Office,Learn Microsoft Office,C013,Productivity Suite Fundamentals,Microsoft Learn,Beginner,10,tag,4.5,HIGH,HIGH,9.45,1
614,Sales,Sales Representative,Speaking,Learn Speaking,C036,Listening and Influence at Work,LinkedIn Learning,Beginner,6,tag,3.88,HIGH,HIGH,8.148,2
614,Sales,Sales Representative,Reading Comprehension,Learn Reading Comprehension,C035,Business Writing for Clarity,LinkedIn Learning,Beginner,8,tag,3.62,HIGH,HIGH,7.602,3
615,Sales,Sales Executive,Salesforce,Learn Salesforce,C026,Managing the Customer Pipeline,Trailhead,Beginner,16,tag,4.5,HIGH,LOW,6.75,1
615,Sales,Sales Executive,Speaking,Learn Speaking,C036,Listening and Influence at Work,LinkedIn Learning,Beginner,6,tag,4.0,HIGH,LOW,6.0,2
615,Sales,Sales Executive,Adobe Acrobat,Learn Adobe Acrobat,C019,Working with PDFs and Document Workflows,Adobe,Beginner,6,tag,3.5,HIGH,LOW,5.25,3
616,Research & Development,Healthcare Representative,Salesforce,Learn Salesforce,C026,Managing the Customer Pipeline,Trailhead,Beginner,16,tag,4.5,HIGH,LOW,6.75,1
616,Research & Development,Healthcare Representative,Critical Thinking,Learn Critical Thinking,C033,Structured Problem Solving,Coursera,Intermediate,12,tag,3.38,HIGH,LOW,5.07,2
616,Research & Development,Healthcare Representative,Writing,Learn Writing,C035,Business Writing for Clarity,LinkedIn Learning,Beginner,8,tag,3.38,HIGH,LOW,5.07,3
618,Sales,Sales Executive,Microsoft PowerPoint,Learn Microsoft PowerPoint,C012,Presenting Data to Decision Makers,LinkedIn Learning,Beginner,10,tag,4.5,HIGH,HIGH,9.45,1
618,Sales,Sales Executive,Microsoft Office,Learn Microsoft Office,C013,Productivity Suite Fundamentals,Microsoft Learn,Beginner,10,tag,4.5,HIGH,HIGH,9.45,2
618,Sales,Sales Executive,Salesforce,Learn Salesforce,C026,Managing the Customer Pipeline,Trailhead,Beginner,16,tag,4.5,HIGH,HIGH,9.45,3
620,Sales,Sales Executive,Salesforce,Learn Salesforce,C026,Managing the Customer Pipeline,Trailhead,Beginner,16,tag,4.5,HIGH,LOW,6.75,1
620,Sales,Sales Executive,Microsoft Outlook,Learn Microsoft Outlook,C013,Productivity Suite Fundamentals,Microsoft Learn,Beginner,10,tag,4.5,HIGH,LOW,6.75,2
620,Sales,Sales Executive,Speaking,Learn Speaking,C036,Listening and Influence at Work,LinkedIn Learning,Beginner,6,tag,4.0,HIGH,LOW,6.0,3
621,Sales,Sales Executive,Microsoft PowerPoint,Learn Microsoft PowerPoint,C012,Presenting Data to Decision Makers,LinkedIn Learning,Beginner,10,tag,4.5,HIGH,LOW,6.75,1
621,Sales,Sales Executive,Speaking,Learn Speaking,C036,Listening and Influence at Work,LinkedIn Learning,Beginner,6,tag,4.0,HIGH,LOW,6.0,2
621,Sales,Sales Executive,Active Listening,Learn Active Listening,C015,Running Effective Remote Meetings,LinkedIn Learning,Beginner,6,tag,4.0,HIGH,LOW,6.0,3
622,Research & Development,Laboratory Technician,Microsoft Excel,Learn Microsoft Excel,C010,Advanced Spreadsheet Modelling,Microsoft Learn,Intermediate,12,tag,4.5,HIGH,HIGH,9.45,1
622,Research & Development,Laboratory Technician,Microsoft Office,Learn Microsoft Office,C013,Productivity Suite Fundamentals,Microsoft Learn,Beginner,10,tag,4.5,HIGH,HIGH,9.45,2
622,Research & Development,Laboratory Technician,Reading Comprehension,Learn Reading Comprehension,C035,Business Writing for Clarity,LinkedIn Learning,Beginner,8,tag,3.75,HIGH,HIGH,7.875,3
623,Research & Development,Manufacturing Director,SAP,Learn SAP,C029,Enterprise Resource Planning Essentials,SAP,Intermediate,24,tag,4.5,HIGH,LOW,6.75,1
623,Research & Development,Manufacturing Director,Microsoft Office,Learn Microsoft Office,C013,Productivity Suite Fundamentals,Microsoft Learn,Beginner,10,tag,4.5,HIGH,LOW,6.75,2
623,Research & Development,Manufacturing Director,Microsoft Outlook,Learn Microsoft Outlook,C013,Productivity Suite Fundamentals,Microsoft Learn,Beginner,10,tag,4.5,HIGH,LOW,6.75,3
624,Research & Development,Healthcare Representative,Salesforce,Learn Salesforce,C026,Managing the Customer Pipeline,Trailhead,Beginner,16,tag,4.5,HIGH,LOW,6.75,1
624,Research & Development,Healthcare Representative,Speaking,Learn Speaking,C036,Listening and Influence at Work,LinkedIn Learning,Beginner,6,tag,4.25,HIGH,LOW,6.375,2
624,Research & Development,Healthcare Representative,Microsoft Access,Learn Microsoft Access,C009,Relational Databases and Query Design,Coursera,Beginner,18,tag,3.5,HIGH,LOW,5.25,3
625,Sales,Manager,Monitoring,Learn Monitoring,C039,Performance Tracking and Review,LinkedIn Learning,Beginner,6,tag,4.0,HIGH,MEDIUM,6.9,1
625,Sales,Manager,Speaking,Learn Speaking,C036,Listening and Influence at Work,LinkedIn Learning,Beginner,6,tag,4.0,HIGH,MEDIUM,6.9,2
625,Sales,Manager,Active Learning,Learn Active Learning,C034,Learning How to Learn,Coursera,Beginner,8,tag,3.62,HIGH,MEDIUM,6.244,3
626,Sales,Sales Executive,Microsoft Excel,Learn Microsoft Excel,C010,Advanced Spreadsheet Modelling,Microsoft Learn,Intermediate,12,tag,4.5,HIGH,LOW,6.75,1
626,Sales,Sales Executive,Adobe Creative Cloud,Learn Adobe Creative Cloud,C020,Digital Image Editing Foundations,Adobe,Beginner,16,tag,3.5,HIGH,LOW,5.25,2
626,Sales,Sales Executive,Critical Thinking,Learn Critical Thinking,C033,Structured Problem Solving,Coursera,Intermediate,12,tag,3.5,HIGH,LOW,5.25,3
630,Research & Development,Research Scientist,Microsoft Excel,Learn Microsoft Excel,C010,Advanced Spreadsheet Modelling,Microsoft Learn,Intermediate,12,tag,4.5,HIGH,LOW,6.75,1
630,Research & Development,Research Scientist,Science,Learn Science,C038,Scientific Method in Practice,edX,Intermediate,14,tag,4.12,HIGH,LOW,6.18,2
630,Research & Development,Research Scientist,Speaking,Learn Speaking,C036,Listening and Influence at Work,LinkedIn Learning,Beginner,6,tag,4.12,HIGH,LOW,6.18,3
631,Sales,Sales Executive,Microsoft Excel,Learn Microsoft Excel,C010,Advanced Spreadsheet Modelling,Microsoft Learn,Intermediate,12,tag,4.5,HIGH,LOW,6.75,1
631,Sales,Sales Executive,Salesforce,Learn Salesforce,C026,Managing the Customer Pipeline,Trailhead,Beginner,16,tag,4.5,HIGH,LOW,6.75,2
631,Sales,Sales Executive,Microsoft Outlook,Learn Microsoft Outlook,C013,Productivity Suite Fundamentals,Microsoft Learn,Beginner,10,tag,4.5,HIGH,LOW,6.75,3
632,Sales,Sales Representative,Microsoft Excel,Learn Microsoft Excel,C010,Advanced Spreadsheet Modelling,Microsoft Learn,Intermediate,12,tag,4.5,HIGH,HIGH,9.45,1
632,Sales,Sales Representative,Salesforce,Learn Salesforce,C026,Managing the Customer Pipeline,Trailhead,Beginner,16,tag,4.5,HIGH,HIGH,9.45,2
632,Sales,Sales Representative,Speaking,Learn Speaking,C036,Listening and Influence at Work,LinkedIn Learning,Beginner,6,tag,3.88,HIGH,HIGH,8.148,3
634,Research & Development,Healthcare Representative,Microsoft Office,Learn Microsoft Office,C013,Productivity Suite Fundamentals,Microsoft Learn,Beginner,10,tag,4.5,HIGH,LOW,6.75,1
634,Research & Development,Healthcare Representative,Salesforce,Learn Salesforce,C026,Managing the Customer Pipeline,Trailhead,Beginner,16,tag,4.5,HIGH,LOW,6.75,2
634,Research & Development,Healthcare Representative,Speaking,Learn Speaking,C036,Listening and Influence at Work,LinkedIn Learning,Beginner,6,tag,4.25,HIGH,LOW,6.375,3
635,Research & Development,Manufacturing Director,Microsoft Excel,Learn Microsoft Excel,C010,Advanced Spreadsheet Modelling,Microsoft Learn,Intermediate,12,tag,4.5,HIGH,MEDIUM,7.762,1
635,Research & Development,Manufacturing Director,Microsoft Outlook,Learn Microsoft Outlook,C013,Productivity Suite Fundamentals,Microsoft Learn,Beginner,10,tag,4.5,HIGH,MEDIUM,7.762,2
635,Research & Development,Manufacturing Director,Reading Comprehension,Learn Reading Comprehension,C035,Business Writing for Clarity,LinkedIn Learning,Beginner,8,tag,3.88,HIGH,MEDIUM,6.693,3
638,Research & Development,Research Director,Microsoft PowerPoint,Learn Microsoft PowerPoint,C012,Presenting Data to Decision Makers,LinkedIn Learning,Beginner,10,tag,4.5,HIGH,LOW,6.75,1
638,Research & Development,Research Director,Reading Comprehension,Learn Reading Comprehension,C035,Business Writing for Clarity,LinkedIn Learning,Beginner,8,tag,4.0,HIGH,LOW,6.0,2
638,Research & Development,Research Director,Active Learning,Learn Active Learning,C034,Learning How to Learn,Coursera,Beginner,8,tag,3.5,HIGH,LOW,5.25,3
639,Research & Development,Research Scientist,Microsoft Excel,Learn Microsoft Excel,C010,Advanced Spreadsheet Modelling,Microsoft Learn,Intermediate,12,tag,4.5,HIGH,MEDIUM,7.762,1
639,Research & Development,Research Scientist,R,Learn R,C002,Statistical Programming in R,Coursera,Intermediate,24,tag,4.5,HIGH,MEDIUM,7.762,2
639,Research & Development,Research Scientist,Writing,Learn Writing,C035,Business Writing for Clarity,LinkedIn Learning,Beginner,8,tag,4.25,HIGH,MEDIUM,7.331,3
641,Sales,Sales Executive,Microsoft PowerPoint,Learn Microsoft PowerPoint,C012,Presenting Data to Decision Makers,LinkedIn Learning,Beginner,10,tag,4.5,HIGH,MEDIUM,7.762,1
641,Sales,Sales Executive,Microsoft Excel,Learn Microsoft Excel,C010,Advanced Spreadsheet Modelling,Microsoft Learn,Intermediate,12,tag,4.5,HIGH,MEDIUM,7.762,2
641,Sales,Sales Executive,Microsoft Outlook,Learn Microsoft Outlook,C013,Productivity Suite Fundamentals,Microsoft Learn,Beginner,10,tag,4.5,HIGH,MEDIUM,7.762,3
643,Research & Development,Laboratory Technician,Microsoft Excel,Learn Microsoft Excel,C010,Advanced Spreadsheet Modelling,Microsoft Learn,Intermediate,12,tag,4.5,HIGH,HIGH,9.45,1
643,Research & Development,Laboratory Technician,Reading Comprehension,Learn Reading Comprehension,C035,Business Writing for Clarity,LinkedIn Learning,Beginner,8,tag,3.75,HIGH,HIGH,7.875,2
643,Research & Development,Laboratory Technician,Microsoft Word,Learn Microsoft Word,C011,Business Documents That Get Read,LinkedIn Learning,Beginner,8,tag,3.5,HIGH,HIGH,7.35,3
644,Human Resources,Manager,Microsoft Excel,Learn Microsoft Excel,C010,Advanced Spreadsheet Modelling,Microsoft Learn,Intermediate,12,tag,4.5,HIGH,LOW,6.75,1
644,Human Resources,Manager,Monitoring,Learn Monitoring,C039,Performance Tracking and Review,LinkedIn Learning,Beginner,6,tag,4.0,HIGH,LOW,6.0,2
644,Human Resources,Manager,Reading Comprehension,Learn Reading Comprehension,C035,Business Writing for Clarity,LinkedIn Learning,Beginner,8,tag,4.0,HIGH,LOW,6.0,3
645,Sales,Sales Representative,Microsoft Excel,Learn Microsoft Excel,C010,Advanced Spreadsheet Modelling,Microsoft Learn,Intermediate,12,tag,4.5,HIGH,HIGH,9.45,1
645,Sales,Sales Representative,Microsoft Office,Learn Microsoft Office,C013,Productivity Suite Fundamentals,Microsoft Learn,Beginner,10,tag,4.5,HIGH,HIGH,9.45,2
645,Sales,Sales Representative,Speaking,Learn Speaking,C036,Listening and Influence at Work,LinkedIn Learning,Beginner,6,tag,3.88,HIGH,HIGH,8.148,3
647,Research & Development,Laboratory Technician,Microsoft Excel,Learn Microsoft Excel,C010,Advanced Spreadsheet Modelling,Microsoft Learn,Intermediate,12,tag,4.5,HIGH,HIGH,9.45,1
647,Research & Development,Laboratory Technician,Microsoft Office,Learn Microsoft Office,C013,Productivity Suite Fundamentals,Microsoft Learn,Beginner,10,tag,4.5,HIGH,HIGH,9.45,2
647,Research & Development,Laboratory Technician,Reading Comprehension,Learn Reading Comprehension,C035,Business Writing for Clarity,LinkedIn Learning,Beginner,8,tag,3.75,HIGH,HIGH,7.875,3
648,Sales,Sales Representative,Microsoft Excel,Learn Microsoft Excel,C010,Advanced Spreadsheet Modelling,Microsoft Learn,Intermediate,12,tag,4.5,HIGH,HIGH,9.45,1
648,Sales,Sales Representative,Microsoft Office,Learn Microsoft Office,C013,Productivity Suite Fundamentals,Microsoft Learn,Beginner,10,tag,4.5,HIGH,HIGH,9.45,2
648,Sales,Sales Representative,Salesforce,Learn Salesforce,C026,Managing the Customer Pipeline,Trailhead,Beginner,16,tag,4.5,HIGH,HIGH,9.45,3
649,Research & Development,Research Scientist,R,Learn R,C002,Statistical Programming in R,Coursera,Intermediate,24,tag,4.5,HIGH,LOW,6.75,1
649,Research & Development,Research Scientist,Microsoft Office,Learn Microsoft Office,C013,Productivity Suite Fundamentals,Microsoft Learn,Beginner,10,tag,4.5,HIGH,LOW,6.75,2
649,Research & Development,Research Scientist,Writing,Learn Writing,C035,Business Writing for Clarity,LinkedIn Learning,Beginner,8,tag,4.25,HIGH,LOW,6.375,3
650,Sales,Sales Executive,Active Listening,Learn Active Listening,C015,Running Effective Remote Meetings,LinkedIn Learning,Beginner,6,tag,4.0,HIGH,MEDIUM,6.9,1
650,Sales,Sales Executive,Adobe Creative Cloud,Learn Adobe Creative Cloud,C020,Digital Image Editing Foundations,Adobe,Beginner,16,tag,3.5,HIGH,MEDIUM,6.037,2
650,Sales,Sales Executive,Critical Thinking,Learn Critical Thinking,C033,Structured Problem Solving,Coursera,Intermediate,12,tag,3.5,HIGH,MEDIUM,6.037,3
652,Research & Development,Laboratory Technician,Reading Comprehension,Learn Reading Comprehension,C035,Business Writing for Clarity,LinkedIn Learning,Beginner,8,tag,3.75,HIGH,HIGH,7.875,1
652,Research & Development,Laboratory Technician,Microsoft PowerPoint,Learn Microsoft PowerPoint,C012,Presenting Data to Decision Makers,LinkedIn Learning,Beginner,10,tag,3.5,HIGH,HIGH,7.35,2
652,Research & Development,Laboratory Technician,Microsoft Word,Learn Microsoft Word,C011,Business Documents That Get Read,LinkedIn Learning,Beginner,8,tag,3.5,HIGH,HIGH,7.35,3
653,Sales,Sales Executive,Microsoft PowerPoint,Learn Microsoft PowerPoint,C012,Presenting Data to Decision Makers,LinkedIn Learning,Beginner,10,tag,4.5,HIGH,LOW,6.75,1
653,Sales,Sales Executive,Speaking,Learn Speaking,C036,Listening and Influence at Work,LinkedIn Learning,Beginner,6,tag,4.0,HIGH,LOW,6.0,2
653,Sales,Sales Executive,Active Listening,Learn Active Listening,C015,Running Effective Remote Meetings,LinkedIn Learning,Beginner,6,tag,4.0,HIGH,LOW,6.0,3
655,Research & Development,Research Scientist,Microsoft Office,Learn Microsoft Office,C013,Productivity Suite Fundamentals,Microsoft Learn,Beginner,10,tag,4.5,HIGH,LOW,6.75,1
655,Research & Development,Research Scientist,Writing,Learn Writing,C035,Business Writing for Clarity,LinkedIn Learning,Beginner,8,tag,4.25,HIGH,LOW,6.375,2
655,Research & Development,Research Scientist,Speaking,Learn Speaking,C036,Listening and Influence at Work,LinkedIn Learning,Beginner,6,tag,4.12,HIGH,LOW,6.18,3
656,Sales,Sales Executive,Microsoft Office,Learn Microsoft Office,C013,Productivity Suite Fundamentals,Microsoft Learn,Beginner,10,tag,4.5,HIGH,HIGH,9.45,1
656,Sales,Sales Executive,Microsoft Outlook,Learn Microsoft Outlook,C013,Productivity Suite Fundamentals,Microsoft Learn,Beginner,10,tag,4.5,HIGH,HIGH,9.45,2
656,Sales,Sales Executive,Speaking,Learn Speaking,C036,Listening and Influence at Work,LinkedIn Learning,Beginner,6,tag,4.0,HIGH,HIGH,8.4,3
657,Research & Development,Research Scientist,Microsoft Excel,Learn Microsoft Excel,C010,Advanced Spreadsheet Modelling,Microsoft Learn,Intermediate,12,tag,4.5,HIGH,MEDIUM,7.762,1
657,Research & Development,Research Scientist,Microsoft Office,Learn Microsoft Office,C013,Productivity Suite Fundamentals,Microsoft Learn,Beginner,10,tag,4.5,HIGH,MEDIUM,7.762,2
657,Research & Development,Research Scientist,Active Learning,Learn Active Learning,C034,Learning How to Learn,Coursera,Beginner,8,tag,4.12,HIGH,MEDIUM,7.107,3
659,Research & Development,Healthcare Representative,Microsoft Office,Learn Microsoft Office,C013,Productivity Suite Fundamentals,Microsoft Learn,Beginner,10,tag,4.5,HIGH,LOW,6.75,1
659,Research & Development,Healthcare Representative,Speaking,Learn Speaking,C036,Listening and Influence at Work,LinkedIn Learning,Beginner,6,tag,4.25,HIGH,LOW,6.375,2
659,Research & Development,Healthcare Representative,Active Listening,Learn Active Listening,C015,Running Effective Remote Meetings,LinkedIn Learning,Beginner,6,tag,4.12,HIGH,LOW,6.18,3
661,Research & Development,Research Director,Microsoft PowerPoint,Learn Microsoft PowerPoint,C012,Presenting Data to Decision Makers,LinkedIn Learning,Beginner,10,tag,4.5,HIGH,LOW,6.75,1
661,Research & Development,Research Director,Critical Thinking,Learn Critical Thinking,C033,Structured Problem Solving,Coursera,Intermediate,12,tag,4.0,HIGH,LOW,6.0,2
661,Research & Development,Research Director,Speaking,Learn Speaking,C036,Listening and Influence at Work,LinkedIn Learning,Beginner,6,tag,3.88,HIGH,LOW,5.82,3
662,Research & Development,Research Scientist,Microsoft Excel,Learn Microsoft Excel,C010,Advanced Spreadsheet Modelling,Microsoft Learn,Intermediate,12,tag,4.5,HIGH,LOW,6.75,1
662,Research & Development,Research Scientist,R,Learn R,C002,Statistical Programming in R,Coursera,Intermediate,24,tag,4.5,HIGH,LOW,6.75,2
662,Research & Development,Research Scientist,Writing,Learn Writing,C035,Business Writing for Clarity,LinkedIn Learning,Beginner,8,tag,4.25,HIGH,LOW,6.375,3
663,Research & Development,Laboratory Technician,Microsoft Excel,Learn Microsoft Excel,C010,Advanced Spreadsheet Modelling,Microsoft Learn,Intermediate,12,tag,4.5,HIGH,HIGH,9.45,1
663,Research & Development,Laboratory Technician,Microsoft Word,Learn Microsoft Word,C011,Business Documents That Get Read,LinkedIn Learning,Beginner,8,tag,3.5,HIGH,HIGH,7.35,2
663,Research & Development,Laboratory Technician,MEDITECH,Learn MEDITECH,C032,Clinical Records and Patient Data Systems,HIMSS,Intermediate,18,tag,3.5,HIGH,HIGH,7.35,3
664,Research & Development,Manager,Microsoft Office,Learn Microsoft Office,C013,Productivity Suite Fundamentals,Microsoft Learn,Beginner,10,tag,4.5,HIGH,LOW,6.75,1
664,Research & Development,Manager,Learning Strategies,Learn Learning Strategies,C034,Learning How to Learn,Coursera,Beginner,8,tag,3.0,HIGH,LOW,4.5,2
664,Research & Development,Manager,Atlassian Confluence,Learn Atlassian Confluence,C014,Team Knowledge Bases and Intranets,Atlassian,Beginner,8,tag,3.5,MEDIUM,LOW,4.2,3
665,Human Resources,Human Resources,Microsoft PowerPoint,Learn Microsoft PowerPoint,C012,Presenting Data to Decision Makers,LinkedIn Learning,Beginner,10,tag,4.5,HIGH,LOW,6.75,1
665,Human Resources,Human Resources,Microsoft Excel,Learn Microsoft Excel,C010,Advanced Spreadsheet Modelling,Microsoft Learn,Intermediate,12,tag,4.5,HIGH,LOW,6.75,2
665,Human Resources,Human Resources,Microsoft Outlook,Learn Microsoft Outlook,C013,Productivity Suite Fundamentals,Microsoft Learn,Beginner,10,tag,4.5,HIGH,LOW,6.75,3
666,Sales,Sales Representative,Microsoft Excel,Learn Microsoft Excel,C010,Advanced Spreadsheet Modelling,Microsoft Learn,Intermediate,12,tag,4.5,HIGH,MEDIUM,7.762,1
666,Sales,Sales Representative,Microsoft Office,Learn Microsoft Office,C013,Productivity Suite Fundamentals,Microsoft Learn,Beginner,10,tag,4.5,HIGH,MEDIUM,7.762,2
666,Sales,Sales Representative,Salesforce,Learn Salesforce,C026,Managing the Customer Pipeline,Trailhead,Beginner,16,tag,4.5,HIGH,MEDIUM,7.762,3
667,Sales,Sales Representative,Microsoft Excel,Learn Microsoft Excel,C010,Advanced Spreadsheet Modelling,Microsoft Learn,Intermediate,12,tag,4.5,HIGH,LOW,6.75,1
667,Sales,Sales Representative,Salesforce,Learn Salesforce,C026,Managing the Customer Pipeline,Trailhead,Beginner,16,tag,4.5,HIGH,LOW,6.75,2
667,Sales,Sales Representative,Microsoft Office,Learn Microsoft Office,C013,Productivity Suite Fundamentals,Microsoft Learn,Beginner,10,tag,4.5,HIGH,LOW,6.75,3
669,Sales,Sales Representative,Microsoft Office,Learn Microsoft Office,C013,Productivity Suite Fundamentals,Microsoft Learn,Beginner,10,tag,4.5,HIGH,HIGH,9.45,1
669,Sales,Sales Representative,Speaking,Learn Speaking,C036,Listening and Influence at Work,LinkedIn Learning,Beginner,6,tag,3.88,HIGH,HIGH,8.148,2
669,Sales,Sales Representative,Reading Comprehension,Learn Reading Comprehension,C035,Business Writing for Clarity,LinkedIn Learning,Beginner,8,tag,3.62,HIGH,HIGH,7.602,3
671,Research & Development,Manager,Microsoft PowerPoint,Learn Microsoft PowerPoint,C012,Presenting Data to Decision Makers,LinkedIn Learning,Beginner,10,tag,4.5,HIGH,LOW,6.75,1
671,Research & Development,Manager,Microsoft Office,Learn Microsoft Office,C013,Productivity Suite Fundamentals,Microsoft Learn,Beginner,10,tag,4.5,HIGH,LOW,6.75,2
671,Research & Development,Manager,Monitoring,Learn Monitoring,C039,Performance Tracking and Review,LinkedIn Learning,Beginner,6,tag,4.0,HIGH,LOW,6.0,3
675,Research & Development,Research Scientist,Microsoft Excel,Learn Microsoft Excel,C010,Advanced Spreadsheet Modelling,Microsoft Learn,Intermediate,12,tag,4.5,HIGH,LOW,6.75,1
675,Research & Development,Research Scientist,Writing,Learn Writing,C035,Business Writing for Clarity,LinkedIn Learning,Beginner,8,tag,4.25,HIGH,LOW,6.375,2
675,Research & Development,Research Scientist,Science,Learn Science,C038,Scientific Method in Practice,edX,Intermediate,14,tag,4.12,HIGH,LOW,6.18,3
677,Sales,Sales Executive,Microsoft Excel,Learn Microsoft Excel,C010,Advanced Spreadsheet Modelling,Microsoft Learn,Intermediate,12,tag,4.5,HIGH,LOW,6.75,1
677,Sales,Sales Executive,Microsoft Office,Learn Microsoft Office,C013,Productivity Suite Fundamentals,Microsoft Learn,Beginner,10,tag,4.5,HIGH,LOW,6.75,2
677,Sales,Sales Executive,Speaking,Learn Speaking,C036,Listening and Influence at Work,LinkedIn Learning,Beginner,6,tag,4.0,HIGH,LOW,6.0,3
679,Research & Development,Research Scientist,R,Learn R,C002,Statistical Programming in R,Coursera,Intermediate,24,tag,4.5,HIGH,LOW,6.75,1
679,Research & Development,Research Scientist,Microsoft Office,Learn Microsoft Office,C013,Productivity Suite Fundamentals,Microsoft Learn,Beginner,10,tag,4.5,HIGH,LOW,6.75,2
679,Research & Development,Research Scientist,Science,Learn Science,C038,Scientific Method in Practice,edX,Intermediate,14,tag,4.12,HIGH,LOW,6.18,3
680,Research & Development,Research Scientist,Microsoft Excel,Learn Microsoft Excel,C010,Advanced Spreadsheet Modelling,Microsoft Learn,Intermediate,12,tag,4.5,HIGH,LOW,6.75,1
680,Research & Development,Research Scientist,R,Learn R,C002,Statistical Programming in R,Coursera,Intermediate,24,tag,4.5,HIGH,LOW,6.75,2
680,Research & Development,Research Scientist,Microsoft Office,Learn Microsoft Office,C013,Productivity Suite Fundamentals,Microsoft Learn,Beginner,10,tag,4.5,HIGH,LOW,6.75,3
682,Sales,Sales Executive,Microsoft Excel,Learn Microsoft Excel,C010,Advanced Spreadsheet Modelling,Microsoft Learn,Intermediate,12,tag,4.5,HIGH,MEDIUM,7.762,1
682,Sales,Sales Executive,Microsoft Office,Learn Microsoft Office,C013,Productivity Suite Fundamentals,Microsoft Learn,Beginner,10,tag,4.5,HIGH,MEDIUM,7.762,2
682,Sales,Sales Executive,Salesforce,Learn Salesforce,C026,Managing the Customer Pipeline,Trailhead,Beginner,16,tag,4.5,HIGH,MEDIUM,7.762,3
683,Research & Development,Research Scientist,Microsoft Excel,Learn Microsoft Excel,C010,Advanced Spreadsheet Modelling,Microsoft Learn,Intermediate,12,tag,4.5,HIGH,LOW,6.75,1
683,Research & Development,Research Scientist,Microsoft Office,Learn Microsoft Office,C013,Productivity Suite Fundamentals,Microsoft Learn,Beginner,10,tag,4.5,HIGH,LOW,6.75,2
683,Research & Development,Research Scientist,Science,Learn Science,C038,Scientific Method in Practice,edX,Intermediate,14,tag,4.12,HIGH,LOW,6.18,3
684,Sales,Sales Executive,Microsoft PowerPoint,Learn Microsoft PowerPoint,C012,Presenting Data to Decision Makers,LinkedIn Learning,Beginner,10,tag,4.5,HIGH,HIGH,9.45,1
684,Sales,Sales Executive,Microsoft Excel,Learn Microsoft Excel,C010,Advanced Spreadsheet Modelling,Microsoft Learn,Intermediate,12,tag,4.5,HIGH,HIGH,9.45,2
684,Sales,Sales Executive,Microsoft Office,Learn Microsoft Office,C013,Productivity Suite Fundamentals,Microsoft Learn,Beginner,10,tag,4.5,HIGH,HIGH,9.45,3
686,Research & Development,Laboratory Technician,Microsoft Excel,Learn Microsoft Excel,C010,Advanced Spreadsheet Modelling,Microsoft Learn,Intermediate,12,tag,4.5,HIGH,MEDIUM,7.762,1
686,Research & Development,Laboratory Technician,Microsoft Office,Learn Microsoft Office,C013,Productivity Suite Fundamentals,Microsoft Learn,Beginner,10,tag,4.5,HIGH,MEDIUM,7.762,2
686,Research & Development,Laboratory Technician,Reading Comprehension,Learn Reading Comprehension,C035,Business Writing for Clarity,LinkedIn Learning,Beginner,8,tag,3.75,HIGH,MEDIUM,6.469,3
689,Research & Development,Manufacturing Director,Microsoft PowerPoint,Learn Microsoft PowerPoint,C012,Presenting Data to Decision Makers,LinkedIn Learning,Beginner,10,tag,4.5,HIGH,LOW,6.75,1
689,Research & Development,Manufacturing Director,Microsoft Excel,Learn Microsoft Excel,C010,Advanced Spreadsheet Modelling,Microsoft Learn,Intermediate,12,tag,4.5,HIGH,LOW,6.75,2
689,Research & Development,Manufacturing Director,Microsoft Office,Learn Microsoft Office,C013,Productivity Suite Fundamentals,Microsoft Learn,Beginner,10,tag,4.5,HIGH,LOW,6.75,3
690,Sales,Sales Executive,Microsoft Office,Learn Microsoft Office,C013,Productivity Suite Fundamentals,Microsoft Learn,Beginner,10,tag,4.5,HIGH,LOW,6.75,1
690,Sales,Sales Executive,Speaking,Learn Speaking,C036,Listening and Influence at Work,LinkedIn Learning,Beginner,6,tag,4.0,HIGH,LOW,6.0,2
690,Sales,Sales Executive,Adobe Creative Cloud,Learn Adobe Creative Cloud,C020,Digital Image Editing Foundations,Adobe,Beginner,16,tag,3.5,HIGH,LOW,5.25,3
691,Research & Development,Research Scientist,Microsoft Excel,Learn Microsoft Excel,C010,Advanced Spreadsheet Modelling,Microsoft Learn,Intermediate,12,tag,4.5,HIGH,MEDIUM,7.762,1
691,Research & Development,Research Scientist,Speaking,Learn Speaking,C036,Listening and Influence at Work,LinkedIn Learning,Beginner,6,tag,4.12,HIGH,MEDIUM,7.107,2
691,Research & Development,Research Scientist,Critical Thinking,Learn Critical Thinking,C033,Structured Problem Solving,Coursera,Intermediate,12,tag,4.0,HIGH,MEDIUM,6.9,3
692,Research & Development,Healthcare Representative,Microsoft Excel,Learn Microsoft Excel,C010,Advanced Spreadsheet Modelling,Microsoft Learn,Intermediate,12,tag,4.5,HIGH,LOW,6.75,1
692,Research & Development,Healthcare Representative,Microsoft Office,Learn Microsoft Office,C013,Productivity Suite Fundamentals,Microsoft Learn,Beginner,10,tag,4.5,HIGH,LOW,6.75,2
692,Research & Development,Healthcare Representative,Salesforce,Learn Salesforce,C026,Managing the Customer Pipeline,Trailhead,Beginner,16,tag,4.5,HIGH,LOW,6.75,3
698,Human Resources,Human Resources,Microsoft Office,Learn Microsoft Office,C013,Productivity Suite Fundamentals,Microsoft Learn,Beginner,10,tag,4.5,HIGH,MEDIUM,7.762,1
698,Human Resources,Human Resources,Microsoft Outlook,Learn Microsoft Outlook,C013,Productivity Suite Fundamentals,Microsoft Learn,Beginner,10,tag,4.5,HIGH,MEDIUM,7.762,2
698,Human Resources,Human Resources,Active Listening,Learn Active Listening,C015,Running Effective Remote Meetings,LinkedIn Learning,Beginner,6,tag,4.0,HIGH,MEDIUM,6.9,3
699,Research & Development,Manufacturing Director,SAP,Learn SAP,C029,Enterprise Resource Planning Essentials,SAP,Intermediate,24,tag,4.5,HIGH,MEDIUM,7.762,1
699,Research & Development,Manufacturing Director,Microsoft PowerPoint,Learn Microsoft PowerPoint,C012,Presenting Data to Decision Makers,LinkedIn Learning,Beginner,10,tag,4.5,HIGH,MEDIUM,7.762,2
699,Research & Development,Manufacturing Director,Microsoft Outlook,Learn Microsoft Outlook,C013,Productivity Suite Fundamentals,Microsoft Learn,Beginner,10,tag,4.5,HIGH,MEDIUM,7.762,3
700,Research & Development,Research Scientist,Microsoft Excel,Learn Microsoft Excel,C010,Advanced Spreadsheet Modelling,Microsoft Learn,Intermediate,12,tag,4.5,HIGH,MEDIUM,7.762,1
700,Research & Development,Research Scientist,R,Learn R,C002,Statistical Programming in R,Coursera,Intermediate,24,tag,4.5,HIGH,MEDIUM,7.762,2
700,Research & Development,Research Scientist,Writing,Learn Writing,C035,Business Writing for Clarity,LinkedIn Learning,Beginner,8,tag,4.25,HIGH,MEDIUM,7.331,3
701,Research & Development,Research Scientist,Microsoft Excel,Learn Microsoft Excel,C010,Advanced Spreadsheet Modelling,Microsoft Learn,Intermediate,12,tag,4.5,HIGH,HIGH,9.45,1
701,Research & Development,Research Scientist,R,Learn R,C002,Statistical Programming in R,Coursera,Intermediate,24,tag,4.5,HIGH,HIGH,9.45,2
701,Research & Development,Research Scientist,Writing,Learn Writing,C035,Business Writing for Clarity,LinkedIn Learning,Beginner,8,tag,4.25,HIGH,HIGH,8.925,3
702,Research & Development,Research Scientist,R,Learn R,C002,Statistical Programming in R,Coursera,Intermediate,24,tag,4.5,HIGH,HIGH,9.45,1
702,Research & Development,Research Scientist,Microsoft Office,Learn Microsoft Office,C013,Productivity Suite Fundamentals,Microsoft Learn,Beginner,10,tag,4.5,HIGH,HIGH,9.45,2
702,Research & Development,Research Scientist,Writing,Learn Writing,C035,Business Writing for Clarity,LinkedIn Learning,Beginner,8,tag,4.25,HIGH,HIGH,8.925,3
704,Research & Development,Laboratory Technician,Microsoft Excel,Learn Microsoft Excel,C010,Advanced Spreadsheet Modelling,Microsoft Learn,Intermediate,12,tag,4.5,HIGH,LOW,6.75,1
704,Research & Development,Laboratory Technician,Microsoft Office,Learn Microsoft Office,C013,Productivity Suite Fundamentals,Microsoft Learn,Beginner,10,tag,4.5,HIGH,LOW,6.75,2
704,Research & Development,Laboratory Technician,Reading Comprehension,Learn Reading Comprehension,C035,Business Writing for Clarity,LinkedIn Learning,Beginner,8,tag,3.75,HIGH,LOW,5.625,3
705,Research & Development,Research Scientist,Microsoft Office,Learn Microsoft Office,C013,Productivity Suite Fundamentals,Microsoft Learn,Beginner,10,tag,4.5,HIGH,LOW,6.75,1
705,Research & Development,Research Scientist,Science,Learn Science,C038,Scientific Method in Practice,edX,Intermediate,14,tag,4.12,HIGH,LOW,6.18,2
705,Research & Development,Research Scientist,Critical Thinking,Learn Critical Thinking,C033,Structured Problem Solving,Coursera,Intermediate,12,tag,4.0,HIGH,LOW,6.0,3
707,Sales,Sales Executive,Microsoft PowerPoint,Learn Microsoft PowerPoint,C012,Presenting Data to Decision Makers,LinkedIn Learning,Beginner,10,tag,4.5,HIGH,LOW,6.75,1
707,Sales,Sales Executive,Microsoft Outlook,Learn Microsoft Outlook,C013,Productivity Suite Fundamentals,Microsoft Learn,Beginner,10,tag,4.5,HIGH,LOW,6.75,2
707,Sales,Sales Executive,Speaking,Learn Speaking,C036,Listening and Influence at Work,LinkedIn Learning,Beginner,6,tag,4.0,HIGH,LOW,6.0,3
709,Sales,Sales Executive,Microsoft Excel,Learn Microsoft Excel,C010,Advanced Spreadsheet Modelling,Microsoft Learn,Intermediate,12,tag,4.5,HIGH,LOW,6.75,1
709,Sales,Sales Executive,Speaking,Learn Speaking,C036,Listening and Influence at Work,LinkedIn Learning,Beginner,6,tag,4.0,HIGH,LOW,6.0,2
709,Sales,Sales Executive,Active Listening,Learn Active Listening,C015,Running Effective Remote Meetings,LinkedIn Learning,Beginner,6,tag,4.0,HIGH,LOW,6.0,3
710,Research & Development,Research Scientist,R,Learn R,C002,Statistical Programming in R,Coursera,Intermediate,24,tag,4.5,HIGH,LOW,6.75,1
710,Research & Development,Research Scientist,Microsoft Office,Learn Microsoft Office,C013,Productivity Suite Fundamentals,Microsoft Learn,Beginner,10,tag,4.5,HIGH,LOW,6.75,2
710,Research & Development,Research Scientist,Active Learning,Learn Active Learning,C034,Learning How to Learn,Coursera,Beginner,8,tag,4.12,HIGH,LOW,6.18,3
712,Sales,Sales Executive,Microsoft PowerPoint,Learn Microsoft PowerPoint,C012,Presenting Data to Decision Makers,LinkedIn Learning,Beginner,10,tag,4.5,HIGH,LOW,6.75,1
712,Sales,Sales Executive,Microsoft Excel,Learn Microsoft Excel,C010,Advanced Spreadsheet Modelling,Microsoft Learn,Intermediate,12,tag,4.5,HIGH,LOW,6.75,2
712,Sales,Sales Executive,Microsoft Outlook,Learn Microsoft Outlook,C013,Productivity Suite Fundamentals,Microsoft Learn,Beginner,10,tag,4.5,HIGH,LOW,6.75,3
714,Sales,Sales Executive,Active Listening,Learn Active Listening,C015,Running Effective Remote Meetings,LinkedIn Learning,Beginner,6,tag,4.0,HIGH,LOW,6.0,1
714,Sales,Sales Executive,Adobe Creative Cloud,Learn Adobe Creative Cloud,C020,Digital Image Editing Foundations,Adobe,Beginner,16,tag,3.5,HIGH,LOW,5.25,2
714,Sales,Sales Executive,Adobe InDesign,Learn Adobe InDesign,C022,Layout and Publication Design,Adobe,Intermediate,14,tag,3.5,HIGH,LOW,5.25,3
715,Research & Development,Research Scientist,Microsoft Office,Learn Microsoft Office,C013,Productivity Suite Fundamentals,Microsoft Learn,Beginner,10,tag,4.5,HIGH,LOW,6.75,1
715,Research & Development,Research Scientist,Writing,Learn Writing,C035,Business Writing for Clarity,LinkedIn Learning,Beginner,8,tag,4.25,HIGH,LOW,6.375,2
715,Research & Development,Research Scientist,Science,Learn Science,C038,Scientific Method in Practice,edX,Intermediate,14,tag,4.12,HIGH,LOW,6.18,3
716,Research & Development,Laboratory Technician,Microsoft Excel,Learn Microsoft Excel,C010,Advanced Spreadsheet Modelling,Microsoft Learn,Intermediate,12,tag,4.5,HIGH,LOW,6.75,1
716,Research & Development,Laboratory Technician,Active Listening,Learn Active Listening,C015,Running Effective Remote Meetings,LinkedIn Learning,Beginner,6,tag,3.62,HIGH,LOW,5.43,2
716,Research & Development,Laboratory Technician,Microsoft PowerPoint,Learn Microsoft PowerPoint,C012,Presenting Data to Decision Makers,LinkedIn Learning,Beginner,10,tag,3.5,HIGH,LOW,5.25,3
717,Research & Development,Healthcare Representative,Microsoft Excel,Learn Microsoft Excel,C010,Advanced Spreadsheet Modelling,Microsoft Learn,Intermediate,12,tag,4.5,HIGH,LOW,6.75,1
717,Research & Development,Healthcare Representative,Active Listening,Learn Active Listening,C015,Running Effective Remote Meetings,LinkedIn Learning,Beginner,6,tag,4.12,HIGH,LOW,6.18,2
717,Research & Development,Healthcare Representative,Reading Comprehension,Learn Reading Comprehension,C035,Business Writing for Clarity,LinkedIn Learning,Beginner,8,tag,3.75,HIGH,LOW,5.625,3
720,Sales,Sales Executive,Microsoft PowerPoint,Learn Microsoft PowerPoint,C012,Presenting Data to Decision Makers,LinkedIn Learning,Beginner,10,tag,4.5,HIGH,HIGH,9.45,1
720,Sales,Sales Executive,Microsoft Excel,Learn Microsoft Excel,C010,Advanced Spreadsheet Modelling,Microsoft Learn,Intermediate,12,tag,4.5,HIGH,HIGH,9.45,2
720,Sales,Sales Executive,Active Listening,Learn Active Listening,C015,Running Effective Remote Meetings,LinkedIn Learning,Beginner,6,tag,4.0,HIGH,HIGH,8.4,3
721,Research & Development,Healthcare Representative,Microsoft Excel,Learn Microsoft Excel,C010,Advanced Spreadsheet Modelling,Microsoft Learn,Intermediate,12,tag,4.5,HIGH,LOW,6.75,1
721,Research & Development,Healthcare Representative,Microsoft Outlook,Learn Microsoft Outlook,C013,Productivity Suite Fundamentals,Microsoft Learn,Beginner,10,tag,4.5,HIGH,LOW,6.75,2
721,Research & Development,Healthcare Representative,Speaking,Learn Speaking,C036,Listening and Influence at Work,LinkedIn Learning,Beginner,6,tag,4.25,HIGH,LOW,6.375,3
722,Sales,Sales Executive,Microsoft Excel,Learn Microsoft Excel,C010,Advanced Spreadsheet Modelling,Microsoft Learn,Intermediate,12,tag,4.5,HIGH,LOW,6.75,1
722,Sales,Sales Executive,Salesforce,Learn Salesforce,C026,Managing the Customer Pipeline,Trailhead,Beginner,16,tag,4.5,HIGH,LOW,6.75,2
722,Sales,Sales Executive,Active Listening,Learn Active Listening,C015,Running Effective Remote Meetings,LinkedIn Learning,Beginner,6,tag,4.0,HIGH,LOW,6.0,3
723,Sales,Sales Executive,Microsoft Excel,Learn Microsoft Excel,C010,Advanced Spreadsheet Modelling,Microsoft Learn,Intermediate,12,tag,4.5,HIGH,HIGH,9.45,1
723,Sales,Sales Executive,Speaking,Learn Speaking,C036,Listening and Influence at Work,LinkedIn Learning,Beginner,6,tag,4.0,HIGH,HIGH,8.4,2
723,Sales,Sales Executive,Active Listening,Learn Active Listening,C015,Running Effective Remote Meetings,LinkedIn Learning,Beginner,6,tag,4.0,HIGH,HIGH,8.4,3
724,Research & Development,Healthcare Representative,Microsoft Excel,Learn Microsoft Excel,C010,Advanced Spreadsheet Modelling,Microsoft Learn,Intermediate,12,tag,4.5,HIGH,LOW,6.75,1
724,Research & Development,Healthcare Representative,Microsoft Office,Learn Microsoft Office,C013,Productivity Suite Fundamentals,Microsoft Learn,Beginner,10,tag,4.5,HIGH,LOW,6.75,2
724,Research & Development,Healthcare Representative,Microsoft Outlook,Learn Microsoft Outlook,C013,Productivity Suite Fundamentals,Microsoft Learn,Beginner,10,tag,4.5,HIGH,LOW,6.75,3
725,Research & Development,Manufacturing Director,Microsoft Excel,Learn Microsoft Excel,C010,Advanced Spreadsheet Modelling,Microsoft Learn,Intermediate,12,tag,4.5,HIGH,LOW,6.75,1
725,Research & Development,Manufacturing Director,Microsoft Office,Learn Microsoft Office,C013,Productivity Suite Fundamentals,Microsoft Learn,Beginner,10,tag,4.5,HIGH,LOW,6.75,2
725,Research & Development,Manufacturing Director,Microsoft Outlook,Learn Microsoft Outlook,C013,Productivity Suite Fundamentals,Microsoft Learn,Beginner,10,tag,4.5,HIGH,LOW,6.75,3
727,Research & Development,Research Director,Microsoft PowerPoint,Learn Microsoft PowerPoint,C012,Presenting Data to Decision Makers,LinkedIn Learning,Beginner,10,tag,4.5,HIGH,LOW,6.75,1
727,Research & Development,Research Director,Microsoft Excel,Learn Microsoft Excel,C010,Advanced Spreadsheet Modelling,Microsoft Learn,Intermediate,12,tag,4.5,HIGH,LOW,6.75,2
727,Research & Development,Research Director,Critical Thinking,Learn Critical Thinking,C033,Structured Problem Solving,Coursera,Intermediate,12,tag,4.0,HIGH,LOW,6.0,3
728,Sales,Sales Executive,Microsoft Excel,Learn Microsoft Excel,C010,Advanced Spreadsheet Modelling,Microsoft Learn,Intermediate,12,tag,4.5,HIGH,LOW,6.75,1
728,Sales,Sales Executive,Microsoft Office,Learn Microsoft Office,C013,Productivity Suite Fundamentals,Microsoft Learn,Beginner,10,tag,4.5,HIGH,LOW,6.75,2
728,Sales,Sales Executive,Adobe InDesign,Learn Adobe InDesign,C022,Layout and Publication Design,Adobe,Intermediate,14,tag,3.5,HIGH,LOW,5.25,3
729,Sales,Sales Executive,Microsoft PowerPoint,Learn Microsoft PowerPoint,C012,Presenting Data to Decision Makers,LinkedIn Learning,Beginner,10,tag,4.5,HIGH,HIGH,9.45,1
729,Sales,Sales Executive,Microsoft Excel,Learn Microsoft Excel,C010,Advanced Spreadsheet Modelling,Microsoft Learn,Intermediate,12,tag,4.5,HIGH,HIGH,9.45,2
729,Sales,Sales Executive,Speaking,Learn Speaking,C036,Listening and Influence at Work,LinkedIn Learning,Beginner,6,tag,4.0,HIGH,HIGH,8.4,3
730,Research & Development,Research Director,Microsoft PowerPoint,Learn Microsoft PowerPoint,C012,Presenting Data to Decision Makers,LinkedIn Learning,Beginner,10,tag,4.5,HIGH,LOW,6.75,1
730,Research & Development,Research Director,Microsoft Excel,Learn Microsoft Excel,C010,Advanced Spreadsheet Modelling,Microsoft Learn,Intermediate,12,tag,4.5,HIGH,LOW,6.75,2
730,Research & Development,Research Director,Monitoring,Learn Monitoring,C039,Performance Tracking and Review,LinkedIn Learning,Beginner,6,tag,4.0,HIGH,LOW,6.0,3
731,Human Resources,Manager,Active Learning,Learn Active Learning,C034,Learning How to Learn,Coursera,Beginner,8,tag,3.62,HIGH,HIGH,7.602,1
731,Human Resources,Manager,Writing,Learn Writing,C035,Business Writing for Clarity,LinkedIn Learning,Beginner,8,tag,3.5,HIGH,HIGH,7.35,2
731,Human Resources,Manager,Autodesk AutoCAD,Learn Autodesk AutoCAD,C024,Technical Drawing and 3D Modelling,Autodesk,Intermediate,26,tag,3.5,HIGH,HIGH,7.35,3
732,Sales,Sales Executive,Microsoft PowerPoint,Learn Microsoft PowerPoint,C012,Presenting Data to Decision Makers,LinkedIn Learning,Beginner,10,tag,4.5,HIGH,HIGH,9.45,1
732,Sales,Sales Executive,Microsoft Excel,Learn Microsoft Excel,C010,Advanced Spreadsheet Modelling,Microsoft Learn,Intermediate,12,tag,4.5,HIGH,HIGH,9.45,2
732,Sales,Sales Executive,Microsoft Outlook,Learn Microsoft Outlook,C013,Productivity Suite Fundamentals,Microsoft Learn,Beginner,10,tag,4.5,HIGH,HIGH,9.45,3
733,Research & Development,Manufacturing Director,SAP,Learn SAP,C029,Enterprise Resource Planning Essentials,SAP,Intermediate,24,tag,4.5,HIGH,LOW,6.75,1
733,Research & Development,Manufacturing Director,Microsoft Office,Learn Microsoft Office,C013,Productivity Suite Fundamentals,Microsoft Learn,Beginner,10,tag,4.5,HIGH,LOW,6.75,2
733,Research & Development,Manufacturing Director,Monitoring,Learn Monitoring,C039,Performance Tracking and Review,LinkedIn Learning,Beginner,6,tag,4.0,HIGH,LOW,6.0,3
734,Human Resources,Manager,Microsoft Excel,Learn Microsoft Excel,C010,Advanced Spreadsheet Modelling,Microsoft Learn,Intermediate,12,tag,4.5,HIGH,LOW,6.75,1
734,Human Resources,Manager,Microsoft Office,Learn Microsoft Office,C013,Productivity Suite Fundamentals,Microsoft Learn,Beginner,10,tag,4.5,HIGH,LOW,6.75,2
734,Human Resources,Manager,Speaking,Learn Speaking,C036,Listening and Influence at Work,LinkedIn Learning,Beginner,6,tag,4.0,HIGH,LOW,6.0,3
738,Sales,Sales Representative,Microsoft Office,Learn Microsoft Office,C013,Productivity Suite Fundamentals,Microsoft Learn,Beginner,10,tag,4.5,HIGH,MEDIUM,7.762,1
738,Sales,Sales Representative,Salesforce,Learn Salesforce,C026,Managing the Customer Pipeline,Trailhead,Beginner,16,tag,4.5,HIGH,MEDIUM,7.762,2
738,Sales,Sales Representative,Speaking,Learn Speaking,C036,Listening and Influence at Work,LinkedIn Learning,Beginner,6,tag,3.88,HIGH,MEDIUM,6.693,3
741,Research & Development,Research Scientist,Microsoft Excel,Learn Microsoft Excel,C010,Advanced Spreadsheet Modelling,Microsoft Learn,Intermediate,12,tag,4.5,HIGH,HIGH,9.45,1
741,Research & Development,Research Scientist,Science,Learn Science,C038,Scientific Method in Practice,edX,Intermediate,14,tag,4.12,HIGH,HIGH,8.652,2
741,Research & Development,Research Scientist,Speaking,Learn Speaking,C036,Listening and Influence at Work,LinkedIn Learning,Beginner,6,tag,4.12,HIGH,HIGH,8.652,3
742,Research & Development,Research Director,Microsoft PowerPoint,Learn Microsoft PowerPoint,C012,Presenting Data to Decision Makers,LinkedIn Learning,Beginner,10,tag,4.5,HIGH,LOW,6.75,1
742,Research & Development,Research Director,Microsoft Office,Learn Microsoft Office,C013,Productivity Suite Fundamentals,Microsoft Learn,Beginner,10,tag,4.5,HIGH,LOW,6.75,2
742,Research & Development,Research Director,Science,Learn Science,C038,Scientific Method in Practice,edX,Intermediate,14,tag,4.12,HIGH,LOW,6.18,3
743,Research & Development,Manufacturing Director,SAP,Learn SAP,C029,Enterprise Resource Planning Essentials,SAP,Intermediate,24,tag,4.5,HIGH,MEDIUM,7.762,1
743,Research & Development,Manufacturing Director,Microsoft PowerPoint,Learn Microsoft PowerPoint,C012,Presenting Data to Decision Makers,LinkedIn Learning,Beginner,10,tag,4.5,HIGH,MEDIUM,7.762,2
743,Research & Development,Manufacturing Director,Microsoft Excel,Learn Microsoft Excel,C010,Advanced Spreadsheet Modelling,Microsoft Learn,Intermediate,12,tag,4.5,HIGH,MEDIUM,7.762,3
744,Research & Development,Laboratory Technician,Microsoft Excel,Learn Microsoft Excel,C010,Advanced Spreadsheet Modelling,Microsoft Learn,Intermediate,12,tag,4.5,HIGH,MEDIUM,7.762,1
744,Research & Development,Laboratory Technician,Reading Comprehension,Learn Reading Comprehension,C035,Business Writing for Clarity,LinkedIn Learning,Beginner,8,tag,3.75,HIGH,MEDIUM,6.469,2
744,Research & Development,Laboratory Technician,SAP,Learn SAP,C029,Enterprise Resource Planning Essentials,SAP,Intermediate,24,tag,3.5,HIGH,MEDIUM,6.037,3
746,Sales,Sales Executive,Salesforce,Learn Salesforce,C026,Managing the Customer Pipeline,Trailhead,Beginner,16,tag,4.5,HIGH,HIGH,9.45,1
746,Sales,Sales Executive,Microsoft Outlook,Learn Microsoft Outlook,C013,Productivity Suite Fundamentals,Microsoft Learn,Beginner,10,tag,4.5,HIGH,HIGH,9.45,2
746,Sales,Sales Executive,Active Listening,Learn Active Listening,C015,Running Effective Remote Meetings,LinkedIn Learning,Beginner,6,tag,4.0,HIGH,HIGH,8.4,3
747,Sales,Sales Executive,Microsoft PowerPoint,Learn Microsoft PowerPoint,C012,Presenting Data to Decision Makers,LinkedIn Learning,Beginner,10,tag,4.5,HIGH,MEDIUM,7.762,1
747,Sales,Sales Executive,Microsoft Excel,Learn Microsoft Excel,C010,Advanced Spreadsheet Modelling,Microsoft Learn,Intermediate,12,tag,4.5,HIGH,MEDIUM,7.762,2
747,Sales,Sales Executive,Speaking,Learn Speaking,C036,Listening and Influence at Work,LinkedIn Learning,Beginner,6,tag,4.0,HIGH,MEDIUM,6.9,3
749,Sales,Sales Representative,Salesforce,Learn Salesforce,C026,Managing the Customer Pipeline,Trailhead,Beginner,16,tag,4.5,HIGH,HIGH,9.45,1
749,Sales,Sales Representative,Speaking,Learn Speaking,C036,Listening and Influence at Work,LinkedIn Learning,Beginner,6,tag,3.88,HIGH,HIGH,8.148,2
749,Sales,Sales Representative,Active Listening,Learn Active Listening,C015,Running Effective Remote Meetings,LinkedIn Learning,Beginner,6,tag,3.88,HIGH,HIGH,8.148,3
752,Research & Development,Research Scientist,Microsoft Office,Learn Microsoft Office,C013,Productivity Suite Fundamentals,Microsoft Learn,Beginner,10,tag,4.5,HIGH,MEDIUM,7.762,1
752,Research & Development,Research Scientist,Writing,Learn Writing,C035,Business Writing for Clarity,LinkedIn Learning,Beginner,8,tag,4.25,HIGH,MEDIUM,7.331,2
752,Research & Development,Research Scientist,Science,Learn Science,C038,Scientific Method in Practice,edX,Intermediate,14,tag,4.12,HIGH,MEDIUM,7.107,3
754,Sales,Sales Executive,Microsoft PowerPoint,Learn Microsoft PowerPoint,C012,Presenting Data to Decision Makers,LinkedIn Learning,Beginner,10,tag,4.5,HIGH,LOW,6.75,1
754,Sales,Sales Executive,Microsoft Excel,Learn Microsoft Excel,C010,Advanced Spreadsheet Modelling,Microsoft Learn,Intermediate,12,tag,4.5,HIGH,LOW,6.75,2
754,Sales,Sales Executive,Salesforce,Learn Salesforce,C026,Managing the Customer Pipeline,Trailhead,Beginner,16,tag,4.5,HIGH,LOW,6.75,3
757,Research & Development,Healthcare Representative,Microsoft Outlook,Learn Microsoft Outlook,C013,Productivity Suite Fundamentals,Microsoft Learn,Beginner,10,tag,4.5,HIGH,LOW,6.75,1
757,Research & Development,Healthcare Representative,Speaking,Learn Speaking,C036,Listening and Influence at Work,LinkedIn Learning,Beginner,6,tag,4.25,HIGH,LOW,6.375,2
757,Research & Development,Healthcare Representative,Microsoft Access,Learn Microsoft Access,C009,Relational Databases and Query Design,Coursera,Beginner,18,tag,3.5,HIGH,LOW,5.25,3
758,Research & Development,Laboratory Technician,Microsoft Office,Learn Microsoft Office,C013,Productivity Suite Fundamentals,Microsoft Learn,Beginner,10,tag,4.5,HIGH,MEDIUM,7.762,1
758,Research & Development,Laboratory Technician,Reading Comprehension,Learn Reading Comprehension,C035,Business Writing for Clarity,LinkedIn Learning,Beginner,8,tag,3.75,HIGH,MEDIUM,6.469,2
758,Research & Development,Laboratory Technician,SAP,Learn SAP,C029,Enterprise Resource Planning Essentials,SAP,Intermediate,24,tag,3.5,HIGH,MEDIUM,6.037,3
760,Human Resources,Human Resources,Microsoft Excel,Learn Microsoft Excel,C010,Advanced Spreadsheet Modelling,Microsoft Learn,Intermediate,12,tag,4.5,HIGH,MEDIUM,7.762,1
760,Human Resources,Human Resources,Speaking,Learn Speaking,C036,Listening and Influence at Work,LinkedIn Learning,Beginner,6,tag,4.12,HIGH,MEDIUM,7.107,2
760,Human Resources,Human Resources,Active Listening,Learn Active Listening,C015,Running Effective Remote Meetings,LinkedIn Learning,Beginner,6,tag,4.0,HIGH,MEDIUM,6.9,3
762,Research & Development,Healthcare Representative,Microsoft Excel,Learn Microsoft Excel,C010,Advanced Spreadsheet Modelling,Microsoft Learn,Intermediate,12,tag,4.5,HIGH,LOW,6.75,1
762,Research & Development,Healthcare Representative,Speaking,Learn Speaking,C036,Listening and Influence at Work,LinkedIn Learning,Beginner,6,tag,4.25,HIGH,LOW,6.375,2
762,Research & Development,Healthcare Representative,Active Learning,Learn Active Learning,C034,Learning How to Learn,Coursera,Beginner,8,tag,3.5,HIGH,LOW,5.25,3
763,Research & Development,Research Scientist,Microsoft Excel,Learn Microsoft Excel,C010,Advanced Spreadsheet Modelling,Microsoft Learn,Intermediate,12,tag,4.5,HIGH,LOW,6.75,1
763,Research & Development,Research Scientist,R,Learn R,C002,Statistical Programming in R,Coursera,Intermediate,24,tag,4.5,HIGH,LOW,6.75,2
763,Research & Development,Research Scientist,Writing,Learn Writing,C035,Business Writing for Clarity,LinkedIn Learning,Beginner,8,tag,4.25,HIGH,LOW,6.375,3
764,Research & Development,Healthcare Representative,Microsoft Office,Learn Microsoft Office,C013,Productivity Suite Fundamentals,Microsoft Learn,Beginner,10,tag,4.5,HIGH,MEDIUM,7.762,1
764,Research & Development,Healthcare Representative,Microsoft Outlook,Learn Microsoft Outlook,C013,Productivity Suite Fundamentals,Microsoft Learn,Beginner,10,tag,4.5,HIGH,MEDIUM,7.762,2
764,Research & Development,Healthcare Representative,Active Listening,Learn Active Listening,C015,Running Effective Remote Meetings,LinkedIn Learning,Beginner,6,tag,4.12,HIGH,MEDIUM,7.107,3
766,Sales,Sales Representative,Microsoft Excel,Learn Microsoft Excel,C010,Advanced Spreadsheet Modelling,Microsoft Learn,Intermediate,12,tag,4.5,HIGH,LOW,6.75,1
766,Sales,Sales Representative,Microsoft Office,Learn Microsoft Office,C013,Productivity Suite Fundamentals,Microsoft Learn,Beginner,10,tag,4.5,HIGH,LOW,6.75,2
766,Sales,Sales Representative,Salesforce,Learn Salesforce,C026,Managing the Customer Pipeline,Trailhead,Beginner,16,tag,4.5,HIGH,LOW,6.75,3
769,Research & Development,Laboratory Technician,Microsoft Office,Learn Microsoft Office,C013,Productivity Suite Fundamentals,Microsoft Learn,Beginner,10,tag,4.5,HIGH,LOW,6.75,1
769,Research & Development,Laboratory Technician,Active Listening,Learn Active Listening,C015,Running Effective Remote Meetings,LinkedIn Learning,Beginner,6,tag,3.62,HIGH,LOW,5.43,2
769,Research & Development,Laboratory Technician,SAP,Learn SAP,C029,Enterprise Resource Planning Essentials,SAP,Intermediate,24,tag,3.5,HIGH,LOW,5.25,3
771,Research & Development,Healthcare Representative,Microsoft Office,Learn Microsoft Office,C013,Productivity Suite Fundamentals,Microsoft Learn,Beginner,10,tag,4.5,HIGH,LOW,6.75,1
771,Research & Development,Healthcare Representative,Active Listening,Learn Active Listening,C015,Running Effective Remote Meetings,LinkedIn Learning,Beginner,6,tag,4.12,HIGH,LOW,6.18,2
771,Research & Development,Healthcare Representative,Active Learning,Learn Active Learning,C034,Learning How to Learn,Coursera,Beginner,8,tag,3.5,HIGH,LOW,5.25,3
772,Research & Development,Laboratory Technician,Microsoft Excel,Learn Microsoft Excel,C010,Advanced Spreadsheet Modelling,Microsoft Learn,Intermediate,12,tag,4.5,HIGH,MEDIUM,7.762,1
772,Research & Development,Laboratory Technician,Active Listening,Learn Active Listening,C015,Running Effective Remote Meetings,LinkedIn Learning,Beginner,6,tag,3.62,HIGH,MEDIUM,6.244,2
772,Research & Development,Laboratory Technician,SAP,Learn SAP,C029,Enterprise Resource Planning Essentials,SAP,Intermediate,24,tag,3.5,HIGH,MEDIUM,6.037,3
773,Research & Development,Research Scientist,R,Learn R,C002,Statistical Programming in R,Coursera,Intermediate,24,tag,4.5,HIGH,HIGH,9.45,1
773,Research & Development,Research Scientist,Microsoft Office,Learn Microsoft Office,C013,Productivity Suite Fundamentals,Microsoft Learn,Beginner,10,tag,4.5,HIGH,HIGH,9.45,2
773,Research & Development,Research Scientist,Writing,Learn Writing,C035,Business Writing for Clarity,LinkedIn Learning,Beginner,8,tag,4.25,HIGH,HIGH,8.925,3
775,Research & Development,Manufacturing Director,Microsoft Office,Learn Microsoft Office,C013,Productivity Suite Fundamentals,Microsoft Learn,Beginner,10,tag,4.5,HIGH,LOW,6.75,1
775,Research & Development,Manufacturing Director,Speaking,Learn Speaking,C036,Listening and Influence at Work,LinkedIn Learning,Beginner,6,tag,4.0,HIGH,LOW,6.0,2
775,Research & Development,Manufacturing Director,Reading Comprehension,Learn Reading Comprehension,C035,Business Writing for Clarity,LinkedIn Learning,Beginner,8,tag,3.88,HIGH,LOW,5.82,3
776,Sales,Manager,Active Learning,Learn Active Learning,C034,Learning How to Learn,Coursera,Beginner,8,tag,3.62,HIGH,LOW,5.43,1
776,Sales,Manager,Apple macOS,Learn Apple macOS,C040,Operating Systems for End Users,Apple,Beginner,6,tag,3.5,HIGH,LOW,5.25,2
776,Sales,Manager,Autodesk AutoCAD,Learn Autodesk AutoCAD,C024,Technical Drawing and 3D Modelling,Autodesk,Intermediate,26,tag,3.5,HIGH,LOW,5.25,3
780,Research & Development,Research Scientist,R,Learn R,C002,Statistical Programming in R,Coursera,Intermediate,24,tag,4.5,HIGH,LOW,6.75,1
780,Research & Development,Research Scientist,Active Learning,Learn Active Learning,C034,Learning How to Learn,Coursera,Beginner,8,tag,4.12,HIGH,LOW,6.18,2
780,Research & Development,Research Scientist,Critical Thinking,Learn Critical Thinking,C033,Structured Problem Solving,Coursera,Intermediate,12,tag,4.0,HIGH,LOW,6.0,3
781,Sales,Sales Executive,Microsoft PowerPoint,Learn Microsoft PowerPoint,C012,Presenting Data to Decision Makers,LinkedIn Learning,Beginner,10,tag,4.5,HIGH,MEDIUM,7.762,1
781,Sales,Sales Executive,Salesforce,Learn Salesforce,C026,Managing the Customer Pipeline,Trailhead,Beginner,16,tag,4.5,HIGH,MEDIUM,7.762,2
781,Sales,Sales Executive,Speaking,Learn Speaking,C036,Listening and Influence at Work,LinkedIn Learning,Beginner,6,tag,4.0,HIGH,MEDIUM,6.9,3
783,Sales,Sales Representative,Microsoft Excel,Learn Microsoft Excel,C010,Advanced Spreadsheet Modelling,Microsoft Learn,Intermediate,12,tag,4.5,HIGH,HIGH,9.45,1
783,Sales,Sales Representative,Salesforce,Learn Salesforce,C026,Managing the Customer Pipeline,Trailhead,Beginner,16,tag,4.5,HIGH,HIGH,9.45,2
783,Sales,Sales Representative,Speaking,Learn Speaking,C036,Listening and Influence at Work,LinkedIn Learning,Beginner,6,tag,3.88,HIGH,HIGH,8.148,3
784,Research & Development,Research Scientist,Microsoft Excel,Learn Microsoft Excel,C010,Advanced Spreadsheet Modelling,Microsoft Learn,Intermediate,12,tag,4.5,HIGH,LOW,6.75,1
784,Research & Development,Research Scientist,R,Learn R,C002,Statistical Programming in R,Coursera,Intermediate,24,tag,4.5,HIGH,LOW,6.75,2
784,Research & Development,Research Scientist,Microsoft Office,Learn Microsoft Office,C013,Productivity Suite Fundamentals,Microsoft Learn,Beginner,10,tag,4.5,HIGH,LOW,6.75,3
785,Sales,Sales Executive,Microsoft Excel,Learn Microsoft Excel,C010,Advanced Spreadsheet Modelling,Microsoft Learn,Intermediate,12,tag,4.5,HIGH,HIGH,9.45,1
785,Sales,Sales Executive,Microsoft Office,Learn Microsoft Office,C013,Productivity Suite Fundamentals,Microsoft Learn,Beginner,10,tag,4.5,HIGH,HIGH,9.45,2
785,Sales,Sales Executive,Speaking,Learn Speaking,C036,Listening and Influence at Work,LinkedIn Learning,Beginner,6,tag,4.0,HIGH,HIGH,8.4,3
786,Sales,Sales Executive,Microsoft Excel,Learn Microsoft Excel,C010,Advanced Spreadsheet Modelling,Microsoft Learn,Intermediate,12,tag,4.5,HIGH,LOW,6.75,1
786,Sales,Sales Executive,Microsoft Office,Learn Microsoft Office,C013,Productivity Suite Fundamentals,Microsoft Learn,Beginner,10,tag,4.5,HIGH,LOW,6.75,2
786,Sales,Sales Executive,Salesforce,Learn Salesforce,C026,Managing the Customer Pipeline,Trailhead,Beginner,16,tag,4.5,HIGH,LOW,6.75,3
787,Research & Development,Manager,Microsoft Excel,Learn Microsoft Excel,C010,Advanced Spreadsheet Modelling,Microsoft Learn,Intermediate,12,tag,4.5,HIGH,LOW,6.75,1
787,Research & Development,Manager,Microsoft Office,Learn Microsoft Office,C013,Productivity Suite Fundamentals,Microsoft Learn,Beginner,10,tag,4.5,HIGH,LOW,6.75,2
787,Research & Development,Manager,Speaking,Learn Speaking,C036,Listening and Influence at Work,LinkedIn Learning,Beginner,6,tag,4.0,HIGH,LOW,6.0,3
789,Sales,Sales Executive,Microsoft PowerPoint,Learn Microsoft PowerPoint,C012,Presenting Data to Decision Makers,LinkedIn Learning,Beginner,10,tag,4.5,HIGH,LOW,6.75,1
789,Sales,Sales Executive,Microsoft Excel,Learn Microsoft Excel,C010,Advanced Spreadsheet Modelling,Microsoft Learn,Intermediate,12,tag,4.5,HIGH,LOW,6.75,2
789,Sales,Sales Executive,Microsoft Office,Learn Microsoft Office,C013,Productivity Suite Fundamentals,Microsoft Learn,Beginner,10,tag,4.5,HIGH,LOW,6.75,3
791,Research & Development,Research Scientist,Microsoft Office,Learn Microsoft Office,C013,Productivity Suite Fundamentals,Microsoft Learn,Beginner,10,tag,4.5,HIGH,LOW,6.75,1
791,Research & Development,Research Scientist,Science,Learn Science,C038,Scientific Method in Practice,edX,Intermediate,14,tag,4.12,HIGH,LOW,6.18,2
791,Research & Development,Research Scientist,Speaking,Learn Speaking,C036,Listening and Influence at Work,LinkedIn Learning,Beginner,6,tag,4.12,HIGH,LOW,6.18,3
792,Research & Development,Laboratory Technician,Microsoft Office,Learn Microsoft Office,C013,Productivity Suite Fundamentals,Microsoft Learn,Beginner,10,tag,4.5,HIGH,HIGH,9.45,1
792,Research & Development,Laboratory Technician,SAP,Learn SAP,C029,Enterprise Resource Planning Essentials,SAP,Intermediate,24,tag,3.5,HIGH,HIGH,7.35,2
792,Research & Development,Laboratory Technician,Microsoft Word,Learn Microsoft Word,C011,Business Documents That Get Read,LinkedIn Learning,Beginner,8,tag,3.5,HIGH,HIGH,7.35,3
793,Research & Development,Healthcare Representative,Salesforce,Learn Salesforce,C026,Managing the Customer Pipeline,Trailhead,Beginner,16,tag,4.5,HIGH,MEDIUM,7.762,1
793,Research & Development,Healthcare Representative,Microsoft Outlook,Learn Microsoft Outlook,C013,Productivity Suite Fundamentals,Microsoft Learn,Beginner,10,tag,4.5,HIGH,MEDIUM,7.762,2
793,Research & Development,Healthcare Representative,Reading Comprehension,Learn Reading Comprehension,C035,Business Writing for Clarity,LinkedIn Learning,Beginner,8,tag,3.75,HIGH,MEDIUM,6.469,3
796,Sales,Sales Executive,Microsoft Outlook,Learn Microsoft Outlook,C013,Productivity Suite Fundamentals,Microsoft Learn,Beginner,10,tag,4.5,HIGH,HIGH,9.45,1
796,Sales,Sales Executive,Speaking,Learn Speaking,C036,Listening and Influence at Work,LinkedIn Learning,Beginner,6,tag,4.0,HIGH,HIGH,8.4,2
796,Sales,Sales Executive,Adobe Creative Cloud,Learn Adobe Creative Cloud,C020,Digital Image Editing Foundations,Adobe,Beginner,16,tag,3.5,HIGH,HIGH,7.35,3
797,Research & Development,Research Scientist,Microsoft Excel,Learn Microsoft Excel,C010,Advanced Spreadsheet Modelling,Microsoft Learn,Intermediate,12,tag,4.5,HIGH,LOW,6.75,1
797,Research & Development,Research Scientist,R,Learn R,C002,Statistical Programming in R,Coursera,Intermediate,24,tag,4.5,HIGH,LOW,6.75,2
797,Research & Development,Research Scientist,Microsoft Office,Learn Microsoft Office,C013,Productivity Suite Fundamentals,Microsoft Learn,Beginner,10,tag,4.5,HIGH,LOW,6.75,3
799,Research & Development,Manufacturing Director,Microsoft Excel,Learn Microsoft Excel,C010,Advanced Spreadsheet Modelling,Microsoft Learn,Intermediate,12,tag,4.5,HIGH,MEDIUM,7.762,1
799,Research & Development,Manufacturing Director,Monitoring,Learn Monitoring,C039,Performance Tracking and Review,LinkedIn Learning,Beginner,6,tag,4.0,HIGH,MEDIUM,6.9,2
799,Research & Development,Manufacturing Director,Critical Thinking,Learn Critical Thinking,C033,Structured Problem Solving,Coursera,Intermediate,12,tag,4.0,HIGH,MEDIUM,6.9,3
800,Sales,Sales Executive,Microsoft PowerPoint,Learn Microsoft PowerPoint,C012,Presenting Data to Decision Makers,LinkedIn Learning,Beginner,10,tag,4.5,HIGH,LOW,6.75,1
800,Sales,Sales Executive,Microsoft Office,Learn Microsoft Office,C013,Productivity Suite Fundamentals,Microsoft Learn,Beginner,10,tag,4.5,HIGH,LOW,6.75,2
800,Sales,Sales Executive,Salesforce,Learn Salesforce,C026,Managing the Customer Pipeline,Trailhead,Beginner,16,tag,4.5,HIGH,LOW,6.75,3
802,Research & Development,Research Scientist,Microsoft Excel,Learn Microsoft Excel,C010,Advanced Spreadsheet Modelling,Microsoft Learn,Intermediate,12,tag,4.5,HIGH,LOW,6.75,1
802,Research & Development,Research Scientist,R,Learn R,C002,Statistical Programming in R,Coursera,Intermediate,24,tag,4.5,HIGH,LOW,6.75,2
802,Research & Development,Research Scientist,Microsoft Office,Learn Microsoft Office,C013,Productivity Suite Fundamentals,Microsoft Learn,Beginner,10,tag,4.5,HIGH,LOW,6.75,3
803,Research & Development,Manufacturing Director,Microsoft Outlook,Learn Microsoft Outlook,C013,Productivity Suite Fundamentals,Microsoft Learn,Beginner,10,tag,4.5,HIGH,HIGH,9.45,1
803,Research & Development,Manufacturing Director,Active Learning,Learn Active Learning,C034,Learning How to Learn,Coursera,Beginner,8,tag,3.62,HIGH,HIGH,7.602,2
803,Research & Development,Manufacturing Director,Adobe InDesign,Learn Adobe InDesign,C022,Layout and Publication Design,Adobe,Intermediate,14,tag,3.5,HIGH,HIGH,7.35,3
804,Research & Development,Research Scientist,R,Learn R,C002,Statistical Programming in R,Coursera,Intermediate,24,tag,4.5,HIGH,LOW,6.75,1
804,Research & Development,Research Scientist,Writing,Learn Writing,C035,Business Writing for Clarity,LinkedIn Learning,Beginner,8,tag,4.25,HIGH,LOW,6.375,2
804,Research & Development,Research Scientist,Science,Learn Science,C038,Scientific Method in Practice,edX,Intermediate,14,tag,4.12,HIGH,LOW,6.18,3
805,Sales,Sales Representative,Microsoft Office,Learn Microsoft Office,C013,Productivity Suite Fundamentals,Microsoft Learn,Beginner,10,tag,4.5,HIGH,MEDIUM,7.762,1
805,Sales,Sales Representative,Salesforce,Learn Salesforce,C026,Managing the Customer Pipeline,Trailhead,Beginner,16,tag,4.5,HIGH,MEDIUM,7.762,2
805,Sales,Sales Representative,Active Listening,Learn Active Listening,C015,Running Effective Remote Meetings,LinkedIn Learning,Beginner,6,tag,3.88,HIGH,MEDIUM,6.693,3
806,Research & Development,Laboratory Technician,Microsoft Excel,Learn Microsoft Excel,C010,Advanced Spreadsheet Modelling,Microsoft Learn,Intermediate,12,tag,4.5,HIGH,LOW,6.75,1
806,Research & Development,Laboratory Technician,Microsoft Office,Learn Microsoft Office,C013,Productivity Suite Fundamentals,Microsoft Learn,Beginner,10,tag,4.5,HIGH,LOW,6.75,2
806,Research & Development,Laboratory Technician,Active Listening,Learn Active Listening,C015,Running Effective Remote Meetings,LinkedIn Learning,Beginner,6,tag,3.62,HIGH,LOW,5.43,3
807,Research & Development,Healthcare Representative,Microsoft Excel,Learn Microsoft Excel,C010,Advanced Spreadsheet Modelling,Microsoft Learn,Intermediate,12,tag,4.5,HIGH,LOW,6.75,1
807,Research & Development,Healthcare Representative,Active Listening,Learn Active Listening,C015,Running Effective Remote Meetings,LinkedIn Learning,Beginner,6,tag,4.12,HIGH,LOW,6.18,2
807,Research & Development,Healthcare Representative,Reading Comprehension,Learn Reading Comprehension,C035,Business Writing for Clarity,LinkedIn Learning,Beginner,8,tag,3.75,HIGH,LOW,5.625,3
808,Sales,Sales Executive,Microsoft PowerPoint,Learn Microsoft PowerPoint,C012,Presenting Data to Decision Makers,LinkedIn Learning,Beginner,10,tag,4.5,HIGH,MEDIUM,7.762,1
808,Sales,Sales Executive,Microsoft Excel,Learn Microsoft Excel,C010,Advanced Spreadsheet Modelling,Microsoft Learn,Intermediate,12,tag,4.5,HIGH,MEDIUM,7.762,2
808,Sales,Sales Executive,Microsoft Office,Learn Microsoft Office,C013,Productivity Suite Fundamentals,Microsoft Learn,Beginner,10,tag,4.5,HIGH,MEDIUM,7.762,3
809,Research & Development,Manager,Microsoft Excel,Learn Microsoft Excel,C010,Advanced Spreadsheet Modelling,Microsoft Learn,Intermediate,12,tag,4.5,HIGH,LOW,6.75,1
809,Research & Development,Manager,Reading Comprehension,Learn Reading Comprehension,C035,Business Writing for Clarity,LinkedIn Learning,Beginner,8,tag,4.0,HIGH,LOW,6.0,2
809,Research & Development,Manager,Active Listening,Learn Active Listening,C015,Running Effective Remote Meetings,LinkedIn Learning,Beginner,6,tag,4.0,HIGH,LOW,6.0,3
811,Research & Development,Laboratory Technician,Microsoft Excel,Learn Microsoft Excel,C010,Advanced Spreadsheet Modelling,Microsoft Learn,Intermediate,12,tag,4.5,HIGH,HIGH,9.45,1
811,Research & Development,Laboratory Technician,Reading Comprehension,Learn Reading Comprehension,C035,Business Writing for Clarity,LinkedIn Learning,Beginner,8,tag,3.75,HIGH,HIGH,7.875,2
811,Research & Development,Laboratory Technician,SAP,Learn SAP,C029,Enterprise Resource Planning Essentials,SAP,Intermediate,24,tag,3.5,HIGH,HIGH,7.35,3
812,Research & Development,Laboratory Technician,Microsoft Excel,Learn Microsoft Excel,C010,Advanced Spreadsheet Modelling,Microsoft Learn,Intermediate,12,tag,4.5,HIGH,LOW,6.75,1
812,Research & Development,Laboratory Technician,Active Listening,Learn Active Listening,C015,Running Effective Remote Meetings,LinkedIn Learning,Beginner,6,tag,3.62,HIGH,LOW,5.43,2
812,Research & Development,Laboratory Technician,SAP,Learn SAP,C029,Enterprise Resource Planning Essentials,SAP,Intermediate,24,tag,3.5,HIGH,LOW,5.25,3
813,Research & Development,Laboratory Technician,Microsoft Office,Learn Microsoft Office,C013,Productivity Suite Fundamentals,Microsoft Learn,Beginner,10,tag,4.5,HIGH,LOW,6.75,1
813,Research & Development,Laboratory Technician,SAP,Learn SAP,C029,Enterprise Resource Planning Essentials,SAP,Intermediate,24,tag,3.5,HIGH,LOW,5.25,2
813,Research & Development,Laboratory Technician,Microsoft PowerPoint,Learn Microsoft PowerPoint,C012,Presenting Data to Decision Makers,LinkedIn Learning,Beginner,10,tag,3.5,HIGH,LOW,5.25,3
815,Research & Development,Research Director,Monitoring,Learn Monitoring,C039,Performance Tracking and Review,LinkedIn Learning,Beginner,6,tag,4.0,HIGH,LOW,6.0,1
815,Research & Development,Research Director,Reading Comprehension,Learn Reading Comprehension,C035,Business Writing for Clarity,LinkedIn Learning,Beginner,8,tag,4.0,HIGH,LOW,6.0,2
815,Research & Development,Research Director,Active Listening,Learn Active Listening,C015,Running Effective Remote Meetings,LinkedIn Learning,Beginner,6,tag,4.0,HIGH,LOW,6.0,3
816,Research & Development,Laboratory Technician,Microsoft Excel,Learn Microsoft Excel,C010,Advanced Spreadsheet Modelling,Microsoft Learn,Intermediate,12,tag,4.5,HIGH,HIGH,9.45,1
816,Research & Development,Laboratory Technician,Microsoft Office,Learn Microsoft Office,C013,Productivity Suite Fundamentals,Microsoft Learn,Beginner,10,tag,4.5,HIGH,HIGH,9.45,2
816,Research & Development,Laboratory Technician,Reading Comprehension,Learn Reading Comprehension,C035,Business Writing for Clarity,LinkedIn Learning,Beginner,8,tag,3.75,HIGH,HIGH,7.875,3
817,Research & Development,Research Director,Microsoft PowerPoint,Learn Microsoft PowerPoint,C012,Presenting Data to Decision Makers,LinkedIn Learning,Beginner,10,tag,4.5,HIGH,LOW,6.75,1
817,Research & Development,Research Director,Monitoring,Learn Monitoring,C039,Performance Tracking and Review,LinkedIn Learning,Beginner,6,tag,4.0,HIGH,LOW,6.0,2
817,Research & Development,Research Director,Speaking,Learn Speaking,C036,Listening and Influence at Work,LinkedIn Learning,Beginner,6,tag,3.88,HIGH,LOW,5.82,3
819,Sales,Sales Executive,Microsoft PowerPoint,Learn Microsoft PowerPoint,C012,Presenting Data to Decision Makers,LinkedIn Learning,Beginner,10,tag,4.5,HIGH,HIGH,9.45,1
819,Sales,Sales Executive,Salesforce,Learn Salesforce,C026,Managing the Customer Pipeline,Trailhead,Beginner,16,tag,4.5,HIGH,HIGH,9.45,2
819,Sales,Sales Executive,Microsoft Outlook,Learn Microsoft Outlook,C013,Productivity Suite Fundamentals,Microsoft Learn,Beginner,10,tag,4.5,HIGH,HIGH,9.45,3
820,Research & Development,Manager,Microsoft Office,Learn Microsoft Office,C013,Productivity Suite Fundamentals,Microsoft Learn,Beginner,10,tag,4.5,HIGH,LOW,6.75,1
820,Research & Development,Manager,Speaking,Learn Speaking,C036,Listening and Influence at Work,LinkedIn Learning,Beginner,6,tag,4.0,HIGH,LOW,6.0,2
820,Research & Development,Manager,Active Listening,Learn Active Listening,C015,Running Effective Remote Meetings,LinkedIn Learning,Beginner,6,tag,4.0,HIGH,LOW,6.0,3
823,Research & Development,Manufacturing Director,Microsoft PowerPoint,Learn Microsoft PowerPoint,C012,Presenting Data to Decision Makers,LinkedIn Learning,Beginner,10,tag,4.5,HIGH,LOW,6.75,1
823,Research & Development,Manufacturing Director,Microsoft Excel,Learn Microsoft Excel,C010,Advanced Spreadsheet Modelling,Microsoft Learn,Intermediate,12,tag,4.5,HIGH,LOW,6.75,2
823,Research & Development,Manufacturing Director,Microsoft Office,Learn Microsoft Office,C013,Productivity Suite Fundamentals,Microsoft Learn,Beginner,10,tag,4.5,HIGH,LOW,6.75,3
824,Research & Development,Research Scientist,Microsoft Office,Learn Microsoft Office,C013,Productivity Suite Fundamentals,Microsoft Learn,Beginner,10,tag,4.5,HIGH,LOW,6.75,1
824,Research & Development,Research Scientist,Science,Learn Science,C038,Scientific Method in Practice,edX,Intermediate,14,tag,4.12,HIGH,LOW,6.18,2
824,Research & Development,Research Scientist,Speaking,Learn Speaking,C036,Listening and Influence at Work,LinkedIn Learning,Beginner,6,tag,4.12,HIGH,LOW,6.18,3
825,Research & Development,Research Director,Microsoft PowerPoint,Learn Microsoft PowerPoint,C012,Presenting Data to Decision Makers,LinkedIn Learning,Beginner,10,tag,4.5,HIGH,MEDIUM,7.762,1
825,Research & Development,Research Director,Reading Comprehension,Learn Reading Comprehension,C035,Business Writing for Clarity,LinkedIn Learning,Beginner,8,tag,4.0,HIGH,MEDIUM,6.9,2
825,Research & Development,Research Director,Active Listening,Learn Active Listening,C015,Running Effective Remote Meetings,LinkedIn Learning,Beginner,6,tag,4.0,HIGH,MEDIUM,6.9,3
826,Research & Development,Research Scientist,Microsoft Excel,Learn Microsoft Excel,C010,Advanced Spreadsheet Modelling,Microsoft Learn,Intermediate,12,tag,4.5,HIGH,LOW,6.75,1
826,Research & Development,Research Scientist,R,Learn R,C002,Statistical Programming in R,Coursera,Intermediate,24,tag,4.5,HIGH,LOW,6.75,2
826,Research & Development,Research Scientist,Microsoft Office,Learn Microsoft Office,C013,Productivity Suite Fundamentals,Microsoft Learn,Beginner,10,tag,4.5,HIGH,LOW,6.75,3
827,Research & Development,Manufacturing Director,Microsoft Excel,Learn Microsoft Excel,C010,Advanced Spreadsheet Modelling,Microsoft Learn,Intermediate,12,tag,4.5,HIGH,LOW,6.75,1
827,Research & Development,Manufacturing Director,Microsoft Outlook,Learn Microsoft Outlook,C013,Productivity Suite Fundamentals,Microsoft Learn,Beginner,10,tag,4.5,HIGH,LOW,6.75,2
827,Research & Development,Manufacturing Director,Critical Thinking,Learn Critical Thinking,C033,Structured Problem Solving,Coursera,Intermediate,12,tag,4.0,HIGH,LOW,6.0,3
828,Research & Development,Research Scientist,R,Learn R,C002,Statistical Programming in R,Coursera,Intermediate,24,tag,4.5,HIGH,LOW,6.75,1
828,Research & Development,Research Scientist,Active Learning,Learn Active Learning,C034,Learning How to Learn,Coursera,Beginner,8,tag,4.12,HIGH,LOW,6.18,2
828,Research & Development,Research Scientist,Critical Thinking,Learn Critical Thinking,C033,Structured Problem Solving,Coursera,Intermediate,12,tag,4.0,HIGH,LOW,6.0,3
829,Human Resources,Human Resources,Microsoft PowerPoint,Learn Microsoft PowerPoint,C012,Presenting Data to Decision Makers,LinkedIn Learning,Beginner,10,tag,4.5,HIGH,MEDIUM,7.762,1
829,Human Resources,Human Resources,Microsoft Excel,Learn Microsoft Excel,C010,Advanced Spreadsheet Modelling,Microsoft Learn,Intermediate,12,tag,4.5,HIGH,MEDIUM,7.762,2
829,Human Resources,Human Resources,Microsoft Office,Learn Microsoft Office,C013,Productivity Suite Fundamentals,Microsoft Learn,Beginner,10,tag,4.5,HIGH,MEDIUM,7.762,3
830,Research & Development,Manufacturing Director,SAP,Learn SAP,C029,Enterprise Resource Planning Essentials,SAP,Intermediate,24,tag,4.5,HIGH,LOW,6.75,1
830,Research & Development,Manufacturing Director,Microsoft Excel,Learn Microsoft Excel,C010,Advanced Spreadsheet Modelling,Microsoft Learn,Intermediate,12,tag,4.5,HIGH,LOW,6.75,2
830,Research & Development,Manufacturing Director,Microsoft Outlook,Learn Microsoft Outlook,C013,Productivity Suite Fundamentals,Microsoft Learn,Beginner,10,tag,4.5,HIGH,LOW,6.75,3
832,Research & Development,Laboratory Technician,Microsoft Word,Learn Microsoft Word,C011,Business Documents That Get Read,LinkedIn Learning,Beginner,8,tag,3.5,HIGH,HIGH,7.35,1
832,Research & Development,Laboratory Technician,MEDITECH,Learn MEDITECH,C032,Clinical Records and Patient Data Systems,HIMSS,Intermediate,18,tag,3.5,HIGH,HIGH,7.35,2
832,Research & Development,Laboratory Technician,Google Docs,Learn Google Docs,C011,Business Documents That Get Read,LinkedIn Learning,Beginner,8,tag,3.5,HIGH,HIGH,7.35,3
833,Research & Development,Manufacturing Director,Microsoft PowerPoint,Learn Microsoft PowerPoint,C012,Presenting Data to Decision Makers,LinkedIn Learning,Beginner,10,tag,4.5,HIGH,MEDIUM,7.762,1
833,Research & Development,Manufacturing Director,Microsoft Office,Learn Microsoft Office,C013,Productivity Suite Fundamentals,Microsoft Learn,Beginner,10,tag,4.5,HIGH,MEDIUM,7.762,2
833,Research & Development,Manufacturing Director,Microsoft Outlook,Learn Microsoft Outlook,C013,Productivity Suite Fundamentals,Microsoft Learn,Beginner,10,tag,4.5,HIGH,MEDIUM,7.762,3
834,Research & Development,Research Scientist,Microsoft Excel,Learn Microsoft Excel,C010,Advanced Spreadsheet Modelling,Microsoft Learn,Intermediate,12,tag,4.5,HIGH,MEDIUM,7.762,1
834,Research & Development,Research Scientist,R,Learn R,C002,Statistical Programming in R,Coursera,Intermediate,24,tag,4.5,HIGH,MEDIUM,7.762,2
834,Research & Development,Research Scientist,Microsoft Office,Learn Microsoft Office,C013,Productivity Suite Fundamentals,Microsoft Learn,Beginner,10,tag,4.5,HIGH,MEDIUM,7.762,3
836,Research & Development,Manufacturing Director,Critical Thinking,Learn Critical Thinking,C033,Structured Problem Solving,Coursera,Intermediate,12,tag,4.0,HIGH,LOW,6.0,1
836,Research & Development,Manufacturing Director,Speaking,Learn Speaking,C036,Listening and Influence at Work,LinkedIn Learning,Beginner,6,tag,4.0,HIGH,LOW,6.0,2
836,Research & Development,Manufacturing Director,Reading Comprehension,Learn Reading Comprehension,C035,Business Writing for Clarity,LinkedIn Learning,Beginner,8,tag,3.88,HIGH,LOW,5.82,3
837,Research & Development,Healthcare Representative,Microsoft Office,Learn Microsoft Office,C013,Productivity Suite Fundamentals,Microsoft Learn,Beginner,10,tag,4.5,HIGH,MEDIUM,7.762,1
837,Research & Development,Healthcare Representative,Salesforce,Learn Salesforce,C026,Managing the Customer Pipeline,Trailhead,Beginner,16,tag,4.5,HIGH,MEDIUM,7.762,2
837,Research & Development,Healthcare Representative,Microsoft Outlook,Learn Microsoft Outlook,C013,Productivity Suite Fundamentals,Microsoft Learn,Beginner,10,tag,4.5,HIGH,MEDIUM,7.762,3
838,Research & Development,Research Scientist,R,Learn R,C002,Statistical Programming in R,Coursera,Intermediate,24,tag,4.5,HIGH,LOW,6.75,1
838,Research & Development,Research Scientist,Writing,Learn Writing,C035,Business Writing for Clarity,LinkedIn Learning,Beginner,8,tag,4.25,HIGH,LOW,6.375,2
838,Research & Development,Research Scientist,Speaking,Learn Speaking,C036,Listening and Influence at Work,LinkedIn Learning,Beginner,6,tag,4.12,HIGH,LOW,6.18,3
840,Sales,Sales Executive,Microsoft PowerPoint,Learn Microsoft PowerPoint,C012,Presenting Data to Decision Makers,LinkedIn Learning,Beginner,10,tag,4.5,HIGH,LOW,6.75,1
840,Sales,Sales Executive,Microsoft Excel,Learn Microsoft Excel,C010,Advanced Spreadsheet Modelling,Microsoft Learn,Intermediate,12,tag,4.5,HIGH,LOW,6.75,2
840,Sales,Sales Executive,Microsoft Outlook,Learn Microsoft Outlook,C013,Productivity Suite Fundamentals,Microsoft Learn,Beginner,10,tag,4.5,HIGH,LOW,6.75,3
842,Sales,Sales Executive,Microsoft PowerPoint,Learn Microsoft PowerPoint,C012,Presenting Data to Decision Makers,LinkedIn Learning,Beginner,10,tag,4.5,HIGH,MEDIUM,7.762,1
842,Sales,Sales Executive,Salesforce,Learn Salesforce,C026,Managing the Customer Pipeline,Trailhead,Beginner,16,tag,4.5,HIGH,MEDIUM,7.762,2
842,Sales,Sales Executive,Microsoft Outlook,Learn Microsoft Outlook,C013,Productivity Suite Fundamentals,Microsoft Learn,Beginner,10,tag,4.5,HIGH,MEDIUM,7.762,3
843,Research & Development,Research Director,Microsoft Office,Learn Microsoft Office,C013,Productivity Suite Fundamentals,Microsoft Learn,Beginner,10,tag,4.5,HIGH,LOW,6.75,1
843,Research & Development,Research Director,Monitoring,Learn Monitoring,C039,Performance Tracking and Review,LinkedIn Learning,Beginner,6,tag,4.0,HIGH,LOW,6.0,2
843,Research & Development,Research Director,Critical Thinking,Learn Critical Thinking,C033,Structured Problem Solving,Coursera,Intermediate,12,tag,4.0,HIGH,LOW,6.0,3
844,Research & Development,Research Director,Microsoft PowerPoint,Learn Microsoft PowerPoint,C012,Presenting Data to Decision Makers,LinkedIn Learning,Beginner,10,tag,4.5,HIGH,LOW,6.75,1
844,Research & Development,Research Director,Science,Learn Science,C038,Scientific Method in Practice,edX,Intermediate,14,tag,4.12,HIGH,LOW,6.18,2
844,Research & Development,Research Director,Monitoring,Learn Monitoring,C039,Performance Tracking and Review,LinkedIn Learning,Beginner,6,tag,4.0,HIGH,LOW,6.0,3
845,Research & Development,Manufacturing Director,Microsoft PowerPoint,Learn Microsoft PowerPoint,C012,Presenting Data to Decision Makers,LinkedIn Learning,Beginner,10,tag,4.5,HIGH,LOW,6.75,1
845,Research & Development,Manufacturing Director,Monitoring,Learn Monitoring,C039,Performance Tracking and Review,LinkedIn Learning,Beginner,6,tag,4.0,HIGH,LOW,6.0,2
845,Research & Development,Manufacturing Director,Critical Thinking,Learn Critical Thinking,C033,Structured Problem Solving,Coursera,Intermediate,12,tag,4.0,HIGH,LOW,6.0,3
846,Sales,Sales Executive,Microsoft PowerPoint,Learn Microsoft PowerPoint,C012,Presenting Data to Decision Makers,LinkedIn Learning,Beginner,10,tag,4.5,HIGH,HIGH,9.45,1
846,Sales,Sales Executive,Salesforce,Learn Salesforce,C026,Managing the Customer Pipeline,Trailhead,Beginner,16,tag,4.5,HIGH,HIGH,9.45,2
846,Sales,Sales Executive,Speaking,Learn Speaking,C036,Listening and Influence at Work,LinkedIn Learning,Beginner,6,tag,4.0,HIGH,HIGH,8.4,3
847,Human Resources,Human Resources,Microsoft Excel,Learn Microsoft Excel,C010,Advanced Spreadsheet Modelling,Microsoft Learn,Intermediate,12,tag,4.5,HIGH,LOW,6.75,1
847,Human Resources,Human Resources,Microsoft Office,Learn Microsoft Office,C013,Productivity Suite Fundamentals,Microsoft Learn,Beginner,10,tag,4.5,HIGH,LOW,6.75,2
847,Human Resources,Human Resources,Microsoft Outlook,Learn Microsoft Outlook,C013,Productivity Suite Fundamentals,Microsoft Learn,Beginner,10,tag,4.5,HIGH,LOW,6.75,3
848,Research & Development,Research Scientist,R,Learn R,C002,Statistical Programming in R,Coursera,Intermediate,24,tag,4.5,HIGH,MEDIUM,7.762,1
848,Research & Development,Research Scientist,Microsoft Office,Learn Microsoft Office,C013,Productivity Suite Fundamentals,Microsoft Learn,Beginner,10,tag,4.5,HIGH,MEDIUM,7.762,2
848,Research & Development,Research Scientist,Writing,Learn Writing,C035,Business Writing for Clarity,LinkedIn Learning,Beginner,8,tag,4.25,HIGH,MEDIUM,7.331,3
850,Research & Development,Research Scientist,Microsoft Excel,Learn Microsoft Excel,C010,Advanced Spreadsheet Modelling,Microsoft Learn,Intermediate,12,tag,4.5,HIGH,LOW,6.75,1
850,Research & Development,Research Scientist,R,Learn R,C002,Statistical Programming in R,Coursera,Intermediate,24,tag,4.5,HIGH,LOW,6.75,2
850,Research & Development,Research Scientist,Microsoft Office,Learn Microsoft Office,C013,Productivity Suite Fundamentals,Microsoft Learn,Beginner,10,tag,4.5,HIGH,LOW,6.75,3
851,Sales,Manager,Microsoft Excel,Learn Microsoft Excel,C010,Advanced Spreadsheet Modelling,Microsoft Learn,Intermediate,12,tag,4.5,HIGH,LOW,6.75,1
851,Sales,Manager,Monitoring,Learn Monitoring,C039,Performance Tracking and Review,LinkedIn Learning,Beginner,6,tag,4.0,HIGH,LOW,6.0,2
851,Sales,Manager,Speaking,Learn Speaking,C036,Listening and Influence at Work,LinkedIn Learning,Beginner,6,tag,4.0,HIGH,LOW,6.0,3
852,Research & Development,Healthcare Representative,Microsoft Office,Learn Microsoft Office,C013,Productivity Suite Fundamentals,Microsoft Learn,Beginner,10,tag,4.5,HIGH,LOW,6.75,1
852,Research & Development,Healthcare Representative,Microsoft Outlook,Learn Microsoft Outlook,C013,Productivity Suite Fundamentals,Microsoft Learn,Beginner,10,tag,4.5,HIGH,LOW,6.75,2
852,Research & Development,Healthcare Representative,Speaking,Learn Speaking,C036,Listening and Influence at Work,LinkedIn Learning,Beginner,6,tag,4.25,HIGH,LOW,6.375,3
854,Research & Development,Research Scientist,Writing,Learn Writing,C035,Business Writing for Clarity,LinkedIn Learning,Beginner,8,tag,4.25,HIGH,HIGH,8.925,1
854,Research & Development,Research Scientist,Science,Learn Science,C038,Scientific Method in Practice,edX,Intermediate,14,tag,4.12,HIGH,HIGH,8.652,2
854,Research & Development,Research Scientist,Speaking,Learn Speaking,C036,Listening and Influence at Work,LinkedIn Learning,Beginner,6,tag,4.12,HIGH,HIGH,8.652,3
855,Sales,Sales Executive,Microsoft PowerPoint,Learn Microsoft PowerPoint,C012,Presenting Data to Decision Makers,LinkedIn Learning,Beginner,10,tag,4.5,HIGH,LOW,6.75,1
855,Sales,Sales Executive,Microsoft Office,Learn Microsoft Office,C013,Productivity Suite Fundamentals,Microsoft Learn,Beginner,10,tag,4.5,HIGH,LOW,6.75,2
855,Sales,Sales Executive,Adobe Creative Cloud,Learn Adobe Creative Cloud,C020,Digital Image Editing Foundations,Adobe,Beginner,16,tag,3.5,HIGH,LOW,5.25,3
856,Research & Development,Research Scientist,Microsoft Excel,Learn Microsoft Excel,C010,Advanced Spreadsheet Modelling,Microsoft Learn,Intermediate,12,tag,4.5,HIGH,MEDIUM,7.762,1
856,Research & Development,Research Scientist,R,Learn R,C002,Statistical Programming in R,Coursera,Intermediate,24,tag,4.5,HIGH,MEDIUM,7.762,2
856,Research & Development,Research Scientist,Microsoft Office,Learn Microsoft Office,C013,Productivity Suite Fundamentals,Microsoft Learn,Beginner,10,tag,4.5,HIGH,MEDIUM,7.762,3
857,Sales,Sales Executive,Microsoft Excel,Learn Microsoft Excel,C010,Advanced Spreadsheet Modelling,Microsoft Learn,Intermediate,12,tag,4.5,HIGH,LOW,6.75,1
857,Sales,Sales Executive,Microsoft Office,Learn Microsoft Office,C013,Productivity Suite Fundamentals,Microsoft Learn,Beginner,10,tag,4.5,HIGH,LOW,6.75,2
857,Sales,Sales Executive,Speaking,Learn Speaking,C036,Listening and Influence at Work,LinkedIn Learning,Beginner,6,tag,4.0,HIGH,LOW,6.0,3
859,Sales,Sales Executive,Microsoft PowerPoint,Learn Microsoft PowerPoint,C012,Presenting Data to Decision Makers,LinkedIn Learning,Beginner,10,tag,4.5,HIGH,LOW,6.75,1
859,Sales,Sales Executive,Microsoft Excel,Learn Microsoft Excel,C010,Advanced Spreadsheet Modelling,Microsoft Learn,Intermediate,12,tag,4.5,HIGH,LOW,6.75,2
859,Sales,Sales Executive,Salesforce,Learn Salesforce,C026,Managing the Customer Pipeline,Trailhead,Beginner,16,tag,4.5,HIGH,LOW,6.75,3
861,Research & Development,Research Scientist,Microsoft Excel,Learn Microsoft Excel,C010,Advanced Spreadsheet Modelling,Microsoft Learn,Intermediate,12,tag,4.5,HIGH,LOW,6.75,1
861,Research & Development,Research Scientist,Microsoft Office,Learn Microsoft Office,C013,Productivity Suite Fundamentals,Microsoft Learn,Beginner,10,tag,4.5,HIGH,LOW,6.75,2
861,Research & Development,Research Scientist,Writing,Learn Writing,C035,Business Writing for Clarity,LinkedIn Learning,Beginner,8,tag,4.25,HIGH,LOW,6.375,3
862,Sales,Sales Executive,Microsoft PowerPoint,Learn Microsoft PowerPoint,C012,Presenting Data to Decision Makers,LinkedIn Learning,Beginner,10,tag,4.5,HIGH,LOW,6.75,1
862,Sales,Sales Executive,Microsoft Excel,Learn Microsoft Excel,C010,Advanced Spreadsheet Modelling,Microsoft Learn,Intermediate,12,tag,4.5,HIGH,LOW,6.75,2
862,Sales,Sales Executive,Salesforce,Learn Salesforce,C026,Managing the Customer Pipeline,Trailhead,Beginner,16,tag,4.5,HIGH,LOW,6.75,3
864,Sales,Sales Executive,Microsoft PowerPoint,Learn Microsoft PowerPoint,C012,Presenting Data to Decision Makers,LinkedIn Learning,Beginner,10,tag,4.5,HIGH,MEDIUM,7.762,1
864,Sales,Sales Executive,Microsoft Excel,Learn Microsoft Excel,C010,Advanced Spreadsheet Modelling,Microsoft Learn,Intermediate,12,tag,4.5,HIGH,MEDIUM,7.762,2
864,Sales,Sales Executive,Microsoft Office,Learn Microsoft Office,C013,Productivity Suite Fundamentals,Microsoft Learn,Beginner,10,tag,4.5,HIGH,MEDIUM,7.762,3
865,Research & Development,Research Scientist,Microsoft Excel,Learn Microsoft Excel,C010,Advanced Spreadsheet Modelling,Microsoft Learn,Intermediate,12,tag,4.5,HIGH,LOW,6.75,1
865,Research & Development,Research Scientist,Microsoft Office,Learn Microsoft Office,C013,Productivity Suite Fundamentals,Microsoft Learn,Beginner,10,tag,4.5,HIGH,LOW,6.75,2
865,Research & Development,Research Scientist,Science,Learn Science,C038,Scientific Method in Practice,edX,Intermediate,14,tag,4.12,HIGH,LOW,6.18,3
867,Research & Development,Manufacturing Director,SAP,Learn SAP,C029,Enterprise Resource Planning Essentials,SAP,Intermediate,24,tag,4.5,HIGH,LOW,6.75,1
867,Research & Development,Manufacturing Director,Microsoft Office,Learn Microsoft Office,C013,Productivity Suite Fundamentals,Microsoft Learn,Beginner,10,tag,4.5,HIGH,LOW,6.75,2
867,Research & Development,Manufacturing Director,Microsoft Outlook,Learn Microsoft Outlook,C013,Productivity Suite Fundamentals,Microsoft Learn,Beginner,10,tag,4.5,HIGH,LOW,6.75,3
868,Sales,Sales Executive,Microsoft PowerPoint,Learn Microsoft PowerPoint,C012,Presenting Data to Decision Makers,LinkedIn Learning,Beginner,10,tag,4.5,HIGH,LOW,6.75,1
868,Sales,Sales Executive,Microsoft Excel,Learn Microsoft Excel,C010,Advanced Spreadsheet Modelling,Microsoft Learn,Intermediate,12,tag,4.5,HIGH,LOW,6.75,2
868,Sales,Sales Executive,Microsoft Office,Learn Microsoft Office,C013,Productivity Suite Fundamentals,Microsoft Learn,Beginner,10,tag,4.5,HIGH,LOW,6.75,3
869,Human Resources,Human Resources,Microsoft PowerPoint,Learn Microsoft PowerPoint,C012,Presenting Data to Decision Makers,LinkedIn Learning,Beginner,10,tag,4.5,HIGH,LOW,6.75,1
869,Human Resources,Human Resources,Reading Comprehension,Learn Reading Comprehension,C035,Business Writing for Clarity,LinkedIn Learning,Beginner,8,tag,4.0,HIGH,LOW,6.0,2
869,Human Resources,Human Resources,Active Listening,Learn Active Listening,C015,Running Effective Remote Meetings,LinkedIn Learning,Beginner,6,tag,4.0,HIGH,LOW,6.0,3
872,Research & Development,Manufacturing Director,Microsoft PowerPoint,Learn Microsoft PowerPoint,C012,Presenting Data to Decision Makers,LinkedIn Learning,Beginner,10,tag,4.5,HIGH,LOW,6.75,1
872,Research & Development,Manufacturing Director,Microsoft Excel,Learn Microsoft Excel,C010,Advanced Spreadsheet Modelling,Microsoft Learn,Intermediate,12,tag,4.5,HIGH,LOW,6.75,2
872,Research & Development,Manufacturing Director,Microsoft Office,Learn Microsoft Office,C013,Productivity Suite Fundamentals,Microsoft Learn,Beginner,10,tag,4.5,HIGH,LOW,6.75,3
874,Research & Development,Laboratory Technician,Microsoft Excel,Learn Microsoft Excel,C010,Advanced Spreadsheet Modelling,Microsoft Learn,Intermediate,12,tag,4.5,HIGH,MEDIUM,7.762,1
874,Research & Development,Laboratory Technician,Active Listening,Learn Active Listening,C015,Running Effective Remote Meetings,LinkedIn Learning,Beginner,6,tag,3.62,HIGH,MEDIUM,6.244,2
874,Research & Development,Laboratory Technician,Microsoft PowerPoint,Learn Microsoft PowerPoint,C012,Presenting Data to Decision Makers,LinkedIn Learning,Beginner,10,tag,3.5,HIGH,MEDIUM,6.037,3
875,Research & Development,Research Scientist,Writing,Learn Writing,C035,Business Writing for Clarity,LinkedIn Learning,Beginner,8,tag,4.25,HIGH,HIGH,8.925,1
875,Research & Development,Research Scientist,Science,Learn Science,C038,Scientific Method in Practice,edX,Intermediate,14,tag,4.12,HIGH,HIGH,8.652,2
875,Research & Development,Research Scientist,Speaking,Learn Speaking,C036,Listening and Influence at Work,LinkedIn Learning,Beginner,6,tag,4.12,HIGH,HIGH,8.652,3
878,Human Resources,Human Resources,Microsoft Office,Learn Microsoft Office,C013,Productivity Suite Fundamentals,Microsoft Learn,Beginner,10,tag,4.5,HIGH,LOW,6.75,1
878,Human Resources,Human Resources,Microsoft Outlook,Learn Microsoft Outlook,C013,Productivity Suite Fundamentals,Microsoft Learn,Beginner,10,tag,4.5,HIGH,LOW,6.75,2
878,Human Resources,Human Resources,Speaking,Learn Speaking,C036,Listening and Influence at Work,LinkedIn Learning,Beginner,6,tag,4.12,HIGH,LOW,6.18,3
879,Sales,Sales Executive,Microsoft PowerPoint,Learn Microsoft PowerPoint,C012,Presenting Data to Decision Makers,LinkedIn Learning,Beginner,10,tag,4.5,HIGH,HIGH,9.45,1
879,Sales,Sales Executive,Microsoft Office,Learn Microsoft Office,C013,Productivity Suite Fundamentals,Microsoft Learn,Beginner,10,tag,4.5,HIGH,HIGH,9.45,2
879,Sales,Sales Executive,Salesforce,Learn Salesforce,C026,Managing the Customer Pipeline,Trailhead,Beginner,16,tag,4.5,HIGH,HIGH,9.45,3
880,Research & Development,Manufacturing Director,Microsoft Outlook,Learn Microsoft Outlook,C013,Productivity Suite Fundamentals,Microsoft Learn,Beginner,10,tag,4.5,HIGH,LOW,6.75,1
880,Research & Development,Manufacturing Director,Monitoring,Learn Monitoring,C039,Performance Tracking and Review,LinkedIn Learning,Beginner,6,tag,4.0,HIGH,LOW,6.0,2
880,Research & Development,Manufacturing Director,Active Listening,Learn Active Listening,C015,Running Effective Remote Meetings,LinkedIn Learning,Beginner,6,tag,3.88,HIGH,LOW,5.82,3
881,Research & Development,Research Scientist,Microsoft Office,Learn Microsoft Office,C013,Productivity Suite Fundamentals,Microsoft Learn,Beginner,10,tag,4.5,HIGH,HIGH,9.45,1
881,Research & Development,Research Scientist,Writing,Learn Writing,C035,Business Writing for Clarity,LinkedIn Learning,Beginner,8,tag,4.25,HIGH,HIGH,8.925,2
881,Research & Development,Research Scientist,Science,Learn Science,C038,Scientific Method in Practice,edX,Intermediate,14,tag,4.12,HIGH,HIGH,8.652,3
882,Research & Development,Laboratory Technician,Microsoft Office,Learn Microsoft Office,C013,Productivity Suite Fundamentals,Microsoft Learn,Beginner,10,tag,4.5,HIGH,LOW,6.75,1
882,Research & Development,Laboratory Technician,Active Listening,Learn Active Listening,C015,Running Effective Remote Meetings,LinkedIn Learning,Beginner,6,tag,3.62,HIGH,LOW,5.43,2
882,Research & Development,Laboratory Technician,Microsoft PowerPoint,Learn Microsoft PowerPoint,C012,Presenting Data to Decision Makers,LinkedIn Learning,Beginner,10,tag,3.5,HIGH,LOW,5.25,3
885,Sales,Sales Executive,Microsoft PowerPoint,Learn Microsoft PowerPoint,C012,Presenting Data to Decision Makers,LinkedIn Learning,Beginner,10,tag,4.5,HIGH,HIGH,9.45,1
885,Sales,Sales Executive,Microsoft Office,Learn Microsoft Office,C013,Productivity Suite Fundamentals,Microsoft Learn,Beginner,10,tag,4.5,HIGH,HIGH,9.45,2
885,Sales,Sales Executive,Salesforce,Learn Salesforce,C026,Managing the Customer Pipeline,Trailhead,Beginner,16,tag,4.5,HIGH,HIGH,9.45,3
887,Research & Development,Research Scientist,Microsoft Excel,Learn Microsoft Excel,C010,Advanced Spreadsheet Modelling,Microsoft Learn,Intermediate,12,tag,4.5,HIGH,LOW,6.75,1
887,Research & Development,Research Scientist,Writing,Learn Writing,C035,Business Writing for Clarity,LinkedIn Learning,Beginner,8,tag,4.25,HIGH,LOW,6.375,2
887,Research & Development,Research Scientist,Science,Learn Science,C038,Scientific Method in Practice,edX,Intermediate,14,tag,4.12,HIGH,LOW,6.18,3
888,Research & Development,Laboratory Technician,Microsoft Office,Learn Microsoft Office,C013,Productivity Suite Fundamentals,Microsoft Learn,Beginner,10,tag,4.5,HIGH,LOW,6.75,1
888,Research & Development,Laboratory Technician,Active Listening,Learn Active Listening,C015,Running Effective Remote Meetings,LinkedIn Learning,Beginner,6,tag,3.62,HIGH,LOW,5.43,2
888,Research & Development,Laboratory Technician,SAP,Learn SAP,C029,Enterprise Resource Planning Essentials,SAP,Intermediate,24,tag,3.5,HIGH,LOW,5.25,3
889,Sales,Sales Executive,Microsoft PowerPoint,Learn Microsoft PowerPoint,C012,Presenting Data to Decision Makers,LinkedIn Learning,Beginner,10,tag,4.5,HIGH,MEDIUM,7.762,1
889,Sales,Sales Executive,Microsoft Excel,Learn Microsoft Excel,C010,Advanced Spreadsheet Modelling,Microsoft Learn,Intermediate,12,tag,4.5,HIGH,MEDIUM,7.762,2
889,Sales,Sales Executive,Salesforce,Learn Salesforce,C026,Managing the Customer Pipeline,Trailhead,Beginner,16,tag,4.5,HIGH,MEDIUM,7.762,3
893,Sales,Sales Representative,Microsoft Office,Learn Microsoft Office,C013,Productivity Suite Fundamentals,Microsoft Learn,Beginner,10,tag,4.5,HIGH,MEDIUM,7.762,1
893,Sales,Sales Representative,Salesforce,Learn Salesforce,C026,Managing the Customer Pipeline,Trailhead,Beginner,16,tag,4.5,HIGH,MEDIUM,7.762,2
893,Sales,Sales Representative,Speaking,Learn Speaking,C036,Listening and Influence at Work,LinkedIn Learning,Beginner,6,tag,3.88,HIGH,MEDIUM,6.693,3
894,Research & Development,Laboratory Technician,Active Listening,Learn Active Listening,C015,Running Effective Remote Meetings,LinkedIn Learning,Beginner,6,tag,3.62,HIGH,LOW,5.43,1
894,Research & Development,Laboratory Technician,SAP,Learn SAP,C029,Enterprise Resource Planning Essentials,SAP,Intermediate,24,tag,3.5,HIGH,LOW,5.25,2
894,Research & Development,Laboratory Technician,MEDITECH,Learn MEDITECH,C032,Clinical Records and Patient Data Systems,HIMSS,Intermediate,18,tag,3.5,HIGH,LOW,5.25,3
895,Research & Development,Research Scientist,Microsoft Excel,Learn Microsoft Excel,C010,Advanced Spreadsheet Modelling,Microsoft Learn,Intermediate,12,tag,4.5,HIGH,LOW,6.75,1
895,Research & Development,Research Scientist,R,Learn R,C002,Statistical Programming in R,Coursera,Intermediate,24,tag,4.5,HIGH,LOW,6.75,2
895,Research & Development,Research Scientist,Microsoft Office,Learn Microsoft Office,C013,Productivity Suite Fundamentals,Microsoft Learn,Beginner,10,tag,4.5,HIGH,LOW,6.75,3
896,Sales,Sales Representative,Microsoft Office,Learn Microsoft Office,C013,Productivity Suite Fundamentals,Microsoft Learn,Beginner,10,tag,4.5,HIGH,HIGH,9.45,1
896,Sales,Sales Representative,Active Listening,Learn Active Listening,C015,Running Effective Remote Meetings,LinkedIn Learning,Beginner,6,tag,3.88,HIGH,HIGH,8.148,2
896,Sales,Sales Representative,Reading Comprehension,Learn Reading Comprehension,C035,Business Writing for Clarity,LinkedIn Learning,Beginner,8,tag,3.62,HIGH,HIGH,7.602,3
897,Sales,Sales Executive,Microsoft Excel,Learn Microsoft Excel,C010,Advanced Spreadsheet Modelling,Microsoft Learn,Intermediate,12,tag,4.5,HIGH,LOW,6.75,1
897,Sales,Sales Executive,Microsoft Outlook,Learn Microsoft Outlook,C013,Productivity Suite Fundamentals,Microsoft Learn,Beginner,10,tag,4.5,HIGH,LOW,6.75,2
897,Sales,Sales Executive,Speaking,Learn Speaking,C036,Listening and Influence at Work,LinkedIn Learning,Beginner,6,tag,4.0,HIGH,LOW,6.0,3
899,Research & Development,Manufacturing Director,SAP,Learn SAP,C029,Enterprise Resource Planning Essentials,SAP,Intermediate,24,tag,4.5,HIGH,MEDIUM,7.762,1
899,Research & Development,Manufacturing Director,Critical Thinking,Learn Critical Thinking,C033,Structured Problem Solving,Coursera,Intermediate,12,tag,4.0,HIGH,MEDIUM,6.9,2
899,Research & Development,Manufacturing Director,Speaking,Learn Speaking,C036,Listening and Influence at Work,LinkedIn Learning,Beginner,6,tag,4.0,HIGH,MEDIUM,6.9,3
900,Sales,Sales Representative,Microsoft Office,Learn Microsoft Office,C013,Productivity Suite Fundamentals,Microsoft Learn,Beginner,10,tag,4.5,HIGH,HIGH,9.45,1
900,Sales,Sales Representative,Salesforce,Learn Salesforce,C026,Managing the Customer Pipeline,Trailhead,Beginner,16,tag,4.5,HIGH,HIGH,9.45,2
900,Sales,Sales Representative,Speaking,Learn Speaking,C036,Listening and Influence at Work,LinkedIn Learning,Beginner,6,tag,3.88,HIGH,HIGH,8.148,3
901,Research & Development,Research Director,Science,Learn Science,C038,Scientific Method in Practice,edX,Intermediate,14,tag,4.12,HIGH,LOW,6.18,1
901,Research & Development,Research Director,Monitoring,Learn Monitoring,C039,Performance Tracking and Review,LinkedIn Learning,Beginner,6,tag,4.0,HIGH,LOW,6.0,2
901,Research & Development,Research Director,Critical Thinking,Learn Critical Thinking,C033,Structured Problem Solving,Coursera,Intermediate,12,tag,4.0,HIGH,LOW,6.0,3
902,Research & Development,Healthcare Representative,Microsoft Excel,Learn Microsoft Excel,C010,Advanced Spreadsheet Modelling,Microsoft Learn,Intermediate,12,tag,4.5,HIGH,LOW,6.75,1
902,Research & Development,Healthcare Representative,Active Listening,Learn Active Listening,C015,Running Effective Remote Meetings,LinkedIn Learning,Beginner,6,tag,4.12,HIGH,LOW,6.18,2
902,Research & Development,Healthcare Representative,Active Learning,Learn Active Learning,C034,Learning How to Learn,Coursera,Beginner,8,tag,3.5,HIGH,LOW,5.25,3
903,Sales,Sales Executive,Microsoft PowerPoint,Learn Microsoft PowerPoint,C012,Presenting Data to Decision Makers,LinkedIn Learning,Beginner,10,tag,4.5,HIGH,LOW,6.75,1
903,Sales,Sales Executive,Microsoft Excel,Learn Microsoft Excel,C010,Advanced Spreadsheet Modelling,Microsoft Learn,Intermediate,12,tag,4.5,HIGH,LOW,6.75,2
903,Sales,Sales Executive,Active Listening,Learn Active Listening,C015,Running Effective Remote Meetings,LinkedIn Learning,Beginner,6,tag,4.0,HIGH,LOW,6.0,3
904,Sales,Sales Executive,Microsoft Excel,Learn Microsoft Excel,C010,Advanced Spreadsheet Modelling,Microsoft Learn,Intermediate,12,tag,4.5,HIGH,HIGH,9.45,1
904,Sales,Sales Executive,Salesforce,Learn Salesforce,C026,Managing the Customer Pipeline,Trailhead,Beginner,16,tag,4.5,HIGH,HIGH,9.45,2
904,Sales,Sales Executive,Microsoft Outlook,Learn Microsoft Outlook,C013,Productivity Suite Fundamentals,Microsoft Learn,Beginner,10,tag,4.5,HIGH,HIGH,9.45,3
905,Research & Development,Manager,Microsoft PowerPoint,Learn Microsoft PowerPoint,C012,Presenting Data to Decision Makers,LinkedIn Learning,Beginner,10,tag,4.5,HIGH,LOW,6.75,1
905,Research & Development,Manager,Microsoft Excel,Learn Microsoft Excel,C010,Advanced Spreadsheet Modelling,Microsoft Learn,Intermediate,12,tag,4.5,HIGH,LOW,6.75,2
905,Research & Development,Manager,Monitoring,Learn Monitoring,C039,Performance Tracking and Review,LinkedIn Learning,Beginner,6,tag,4.0,HIGH,LOW,6.0,3
909,Human Resources,Human Resources,Microsoft PowerPoint,Learn Microsoft PowerPoint,C012,Presenting Data to Decision Makers,LinkedIn Learning,Beginner,10,tag,4.5,HIGH,LOW,6.75,1
909,Human Resources,Human Resources,Microsoft Outlook,Learn Microsoft Outlook,C013,Productivity Suite Fundamentals,Microsoft Learn,Beginner,10,tag,4.5,HIGH,LOW,6.75,2
909,Human Resources,Human Resources,Speaking,Learn Speaking,C036,Listening and Influence at Work,LinkedIn Learning,Beginner,6,tag,4.12,HIGH,LOW,6.18,3
910,Human Resources,Human Resources,Microsoft PowerPoint,Learn Microsoft PowerPoint,C012,Presenting Data to Decision Makers,LinkedIn Learning,Beginner,10,tag,4.5,HIGH,MEDIUM,7.762,1
910,Human Resources,Human Resources,Microsoft Excel,Learn Microsoft Excel,C010,Advanced Spreadsheet Modelling,Microsoft Learn,Intermediate,12,tag,4.5,HIGH,MEDIUM,7.762,2
910,Human Resources,Human Resources,Microsoft Outlook,Learn Microsoft Outlook,C013,Productivity Suite Fundamentals,Microsoft Learn,Beginner,10,tag,4.5,HIGH,MEDIUM,7.762,3
911,Research & Development,Laboratory Technician,Microsoft Office,Learn Microsoft Office,C013,Productivity Suite Fundamentals,Microsoft Learn,Beginner,10,tag,4.5,HIGH,HIGH,9.45,1
911,Research & Development,Laboratory Technician,Active Listening,Learn Active Listening,C015,Running Effective Remote Meetings,LinkedIn Learning,Beginner,6,tag,3.62,HIGH,HIGH,7.602,2
911,Research & Development,Laboratory Technician,SAP,Learn SAP,C029,Enterprise Resource Planning Essentials,SAP,Intermediate,24,tag,3.5,HIGH,HIGH,7.35,3
912,Research & Development,Laboratory Technician,Microsoft Office,Learn Microsoft Office,C013,Productivity Suite Fundamentals,Microsoft Learn,Beginner,10,tag,4.5,HIGH,LOW,6.75,1
912,Research & Development,Laboratory Technician,Microsoft Word,Learn Microsoft Word,C011,Business Documents That Get Read,LinkedIn Learning,Beginner,8,tag,3.5,HIGH,LOW,5.25,2
912,Research & Development,Laboratory Technician,MEDITECH,Learn MEDITECH,C032,Clinical Records and Patient Data Systems,HIMSS,Intermediate,18,tag,3.5,HIGH,LOW,5.25,3
913,Research & Development,Research Scientist,Microsoft Excel,Learn Microsoft Excel,C010,Advanced Spreadsheet Modelling,Microsoft Learn,Intermediate,12,tag,4.5,HIGH,HIGH,9.45,1
913,Research & Development,Research Scientist,Microsoft Office,Learn Microsoft Office,C013,Productivity Suite Fundamentals,Microsoft Learn,Beginner,10,tag,4.5,HIGH,HIGH,9.45,2
913,Research & Development,Research Scientist,Writing,Learn Writing,C035,Business Writing for Clarity,LinkedIn Learning,Beginner,8,tag,4.25,HIGH,HIGH,8.925,3
916,Sales,Sales Executive,Salesforce,Learn Salesforce,C026,Managing the Customer Pipeline,Trailhead,Beginner,16,tag,4.5,HIGH,HIGH,9.45,1
916,Sales,Sales Executive,Speaking,Learn Speaking,C036,Listening and Influence at Work,LinkedIn Learning,Beginner,6,tag,4.0,HIGH,HIGH,8.4,2
916,Sales,Sales Executive,Adobe Creative Cloud,Learn Adobe Creative Cloud,C020,Digital Image Editing Foundations,Adobe,Beginner,16,tag,3.5,HIGH,HIGH,7.35,3
918,Research & Development,Laboratory Technician,Microsoft Office,Learn Microsoft Office,C013,Productivity Suite Fundamentals,Microsoft Learn,Beginner,10,tag,4.5,HIGH,HIGH,9.45,1
918,Research & Development,Laboratory Technician,Active Listening,Learn Active Listening,C015,Running Effective Remote Meetings,LinkedIn Learning,Beginner,6,tag,3.62,HIGH,HIGH,7.602,2
918,Research & Development,Laboratory Technician,Microsoft PowerPoint,Learn Microsoft PowerPoint,C012,Presenting Data to Decision Makers,LinkedIn Learning,Beginner,10,tag,3.5,HIGH,HIGH,7.35,3
920,Research & Development,Manufacturing Director,SAP,Learn SAP,C029,Enterprise Resource Planning Essentials,SAP,Intermediate,24,tag,4.5,HIGH,LOW,6.75,1
920,Research & Development,Manufacturing Director,Microsoft PowerPoint,Learn Microsoft PowerPoint,C012,Presenting Data to Decision Makers,LinkedIn Learning,Beginner,10,tag,4.5,HIGH,LOW,6.75,2
920,Research & Development,Manufacturing Director,Microsoft Excel,Learn Microsoft Excel,C010,Advanced Spreadsheet Modelling,Microsoft Learn,Intermediate,12,tag,4.5,HIGH,LOW,6.75,3
922,Sales,Sales Representative,Microsoft Excel,Learn Microsoft Excel,C010,Advanced Spreadsheet Modelling,Microsoft Learn,Intermediate,12,tag,4.5,HIGH,HIGH,9.45,1
922,Sales,Sales Representative,Microsoft Office,Learn Microsoft Office,C013,Productivity Suite Fundamentals,Microsoft Learn,Beginner,10,tag,4.5,HIGH,HIGH,9.45,2
922,Sales,Sales Representative,Reading Comprehension,Learn Reading Comprehension,C035,Business Writing for Clarity,LinkedIn Learning,Beginner,8,tag,3.62,HIGH,HIGH,7.602,3
923,Research & Development,Research Scientist,Microsoft Excel,Learn Microsoft Excel,C010,Advanced Spreadsheet Modelling,Microsoft Learn,Intermediate,12,tag,4.5,HIGH,LOW,6.75,1
923,Research & Development,Research Scientist,Microsoft Office,Learn Microsoft Office,C013,Productivity Suite Fundamentals,Microsoft Learn,Beginner,10,tag,4.5,HIGH,LOW,6.75,2
923,Research & Development,Research Scientist,Science,Learn Science,C038,Scientific Method in Practice,edX,Intermediate,14,tag,4.12,HIGH,LOW,6.18,3
924,Research & Development,Healthcare Representative,Microsoft Excel,Learn Microsoft Excel,C010,Advanced Spreadsheet Modelling,Microsoft Learn,Intermediate,12,tag,4.5,HIGH,LOW,6.75,1
924,Research & Development,Healthcare Representative,Salesforce,Learn Salesforce,C026,Managing the Customer Pipeline,Trailhead,Beginner,16,tag,4.5,HIGH,LOW,6.75,2
924,Research & Development,Healthcare Representative,Speaking,Learn Speaking,C036,Listening and Influence at Work,LinkedIn Learning,Beginner,6,tag,4.25,HIGH,LOW,6.375,3
925,Sales,Sales Representative,Salesforce,Learn Salesforce,C026,Managing the Customer Pipeline,Trailhead,Beginner,16,tag,4.5,HIGH,HIGH,9.45,1
925,Sales,Sales Representative,Speaking,Learn Speaking,C036,Listening and Influence at Work,LinkedIn Learning,Beginner,6,tag,3.88,HIGH,HIGH,8.148,2
925,Sales,Sales Representative,Active Listening,Learn Active Listening,C015,Running Effective Remote Meetings,LinkedIn Learning,Beginner,6,tag,3.88,HIGH,HIGH,8.148,3
926,Research & Development,Manufacturing Director,SAP,Learn SAP,C029,Enterprise Resource Planning Essentials,SAP,Intermediate,24,tag,4.5,HIGH,LOW,6.75,1
926,Research & Development,Manufacturing Director,Microsoft PowerPoint,Learn Microsoft PowerPoint,C012,Presenting Data to Decision Makers,LinkedIn Learning,Beginner,10,tag,4.5,HIGH,LOW,6.75,2
926,Research & Development,Manufacturing Director,Microsoft Excel,Learn Microsoft Excel,C010,Advanced Spreadsheet Modelling,Microsoft Learn,Intermediate,12,tag,4.5,HIGH,LOW,6.75,3
927,Research & Development,Laboratory Technician,Microsoft Excel,Learn Microsoft Excel,C010,Advanced Spreadsheet Modelling,Microsoft Learn,Intermediate,12,tag,4.5,HIGH,HIGH,9.45,1
927,Research & Development,Laboratory Technician,Microsoft Office,Learn Microsoft Office,C013,Productivity Suite Fundamentals,Microsoft Learn,Beginner,10,tag,4.5,HIGH,HIGH,9.45,2
927,Research & Development,Laboratory Technician,Reading Comprehension,Learn Reading Comprehension,C035,Business Writing for Clarity,LinkedIn Learning,Beginner,8,tag,3.75,HIGH,HIGH,7.875,3
930,Research & Development,Research Scientist,Microsoft Excel,Learn Microsoft Excel,C010,Advanced Spreadsheet Modelling,Microsoft Learn,Intermediate,12,tag,4.5,HIGH,LOW,6.75,1
930,Research & Development,Research Scientist,R,Learn R,C002,Statistical Programming in R,Coursera,Intermediate,24,tag,4.5,HIGH,LOW,6.75,2
930,Research & Development,Research Scientist,Writing,Learn Writing,C035,Business Writing for Clarity,LinkedIn Learning,Beginner,8,tag,4.25,HIGH,LOW,6.375,3
932,Research & Development,Laboratory Technician,Active Listening,Learn Active Listening,C015,Running Effective Remote Meetings,LinkedIn Learning,Beginner,6,tag,3.62,HIGH,HIGH,7.602,1
932,Research & Development,Laboratory Technician,Microsoft Word,Learn Microsoft Word,C011,Business Documents That Get Read,LinkedIn Learning,Beginner,8,tag,3.5,HIGH,HIGH,7.35,2
932,Research & Development,Laboratory Technician,Google Docs,Learn Google Docs,C011,Business Documents That Get Read,LinkedIn Learning,Beginner,8,tag,3.5,HIGH,HIGH,7.35,3
933,Research & Development,Research Scientist,Microsoft Excel,Learn Microsoft Excel,C010,Advanced Spreadsheet Modelling,Microsoft Learn,Intermediate,12,tag,4.5,HIGH,MEDIUM,7.762,1
933,Research & Development,Research Scientist,R,Learn R,C002,Statistical Programming in R,Coursera,Intermediate,24,tag,4.5,HIGH,MEDIUM,7.762,2
933,Research & Development,Research Scientist,Writing,Learn Writing,C035,Business Writing for Clarity,LinkedIn Learning,Beginner,8,tag,4.25,HIGH,MEDIUM,7.331,3
934,Research & Development,Laboratory Technician,Microsoft Excel,Learn Microsoft Excel,C010,Advanced Spreadsheet Modelling,Microsoft Learn,Intermediate,12,tag,4.5,HIGH,HIGH,9.45,1
934,Research & Development,Laboratory Technician,Microsoft Office,Learn Microsoft Office,C013,Productivity Suite Fundamentals,Microsoft Learn,Beginner,10,tag,4.5,HIGH,HIGH,9.45,2
934,Research & Development,Laboratory Technician,Active Listening,Learn Active Listening,C015,Running Effective Remote Meetings,LinkedIn Learning,Beginner,6,tag,3.62,HIGH,HIGH,7.602,3
936,Sales,Sales Executive,Microsoft Excel,Learn Microsoft Excel,C010,Advanced Spreadsheet Modelling,Microsoft Learn,Intermediate,12,tag,4.5,HIGH,MEDIUM,7.762,1
936,Sales,Sales Executive,Microsoft Office,Learn Microsoft Office,C013,Productivity Suite Fundamentals,Microsoft Learn,Beginner,10,tag,4.5,HIGH,MEDIUM,7.762,2
936,Sales,Sales Executive,Salesforce,Learn Salesforce,C026,Managing the Customer Pipeline,Trailhead,Beginner,16,tag,4.5,HIGH,MEDIUM,7.762,3
939,Research & Development,Research Scientist,R,Learn R,C002,Statistical Programming in R,Coursera,Intermediate,24,tag,4.5,HIGH,HIGH,9.45,1
939,Research & Development,Research Scientist,Microsoft Office,Learn Microsoft Office,C013,Productivity Suite Fundamentals,Microsoft Learn,Beginner,10,tag,4.5,HIGH,HIGH,9.45,2
939,Research & Development,Research Scientist,Science,Learn Science,C038,Scientific Method in Practice,edX,Intermediate,14,tag,4.12,HIGH,HIGH,8.652,3
940,Research & Development,Healthcare Representative,Microsoft Excel,Learn Microsoft Excel,C010,Advanced Spreadsheet Modelling,Microsoft Learn,Intermediate,12,tag,4.5,HIGH,LOW,6.75,1
940,Research & Development,Healthcare Representative,Microsoft Office,Learn Microsoft Office,C013,Productivity Suite Fundamentals,Microsoft Learn,Beginner,10,tag,4.5,HIGH,LOW,6.75,2
940,Research & Development,Healthcare Representative,Microsoft Outlook,Learn Microsoft Outlook,C013,Productivity Suite Fundamentals,Microsoft Learn,Beginner,10,tag,4.5,HIGH,LOW,6.75,3
941,Sales,Sales Representative,Speaking,Learn Speaking,C036,Listening and Influence at Work,LinkedIn Learning,Beginner,6,tag,3.88,HIGH,HIGH,8.148,1
941,Sales,Sales Representative,Reading Comprehension,Learn Reading Comprehension,C035,Business Writing for Clarity,LinkedIn Learning,Beginner,8,tag,3.62,HIGH,HIGH,7.602,2
941,Sales,Sales Representative,Microsoft PowerPoint,Learn Microsoft PowerPoint,C012,Presenting Data to Decision Makers,LinkedIn Learning,Beginner,10,tag,3.5,HIGH,HIGH,7.35,3
942,Research & Development,Healthcare Representative,Microsoft Office,Learn Microsoft Office,C013,Productivity Suite Fundamentals,Microsoft Learn,Beginner,10,tag,4.5,HIGH,LOW,6.75,1
942,Research & Development,Healthcare Representative,Active Listening,Learn Active Listening,C015,Running Effective Remote Meetings,LinkedIn Learning,Beginner,6,tag,4.12,HIGH,LOW,6.18,2
942,Research & Development,Healthcare Representative,Writing,Learn Writing,C035,Business Writing for Clarity,LinkedIn Learning,Beginner,8,tag,3.38,HIGH,LOW,5.07,3
944,Research & Development,Laboratory Technician,Microsoft Excel,Learn Microsoft Excel,C010,Advanced Spreadsheet Modelling,Microsoft Learn,Intermediate,12,tag,4.5,HIGH,LOW,6.75,1
944,Research & Development,Laboratory Technician,Reading Comprehension,Learn Reading Comprehension,C035,Business Writing for Clarity,LinkedIn Learning,Beginner,8,tag,3.75,HIGH,LOW,5.625,2
944,Research & Development,Laboratory Technician,Active Listening,Learn Active Listening,C015,Running Effective Remote Meetings,LinkedIn Learning,Beginner,6,tag,3.62,HIGH,LOW,5.43,3
945,Research & Development,Research Scientist,Microsoft Excel,Learn Microsoft Excel,C010,Advanced Spreadsheet Modelling,Microsoft Learn,Intermediate,12,tag,4.5,HIGH,LOW,6.75,1
945,Research & Development,Research Scientist,R,Learn R,C002,Statistical Programming in R,Coursera,Intermediate,24,tag,4.5,HIGH,LOW,6.75,2
945,Research & Development,Research Scientist,Writing,Learn Writing,C035,Business Writing for Clarity,LinkedIn Learning,Beginner,8,tag,4.25,HIGH,LOW,6.375,3
947,Sales,Sales Executive,Microsoft Outlook,Learn Microsoft Outlook,C013,Productivity Suite Fundamentals,Microsoft Learn,Beginner,10,tag,4.5,HIGH,LOW,6.75,1
947,Sales,Sales Executive,Active Listening,Learn Active Listening,C015,Running Effective Remote Meetings,LinkedIn Learning,Beginner,6,tag,4.0,HIGH,LOW,6.0,2
947,Sales,Sales Executive,Adobe Creative Cloud,Learn Adobe Creative Cloud,C020,Digital Image Editing Foundations,Adobe,Beginner,16,tag,3.5,HIGH,LOW,5.25,3
949,Research & Development,Research Scientist,Microsoft Excel,Learn Microsoft Excel,C010,Advanced Spreadsheet Modelling,Microsoft Learn,Intermediate,12,tag,4.5,HIGH,LOW,6.75,1
949,Research & Development,Research Scientist,Microsoft Office,Learn Microsoft Office,C013,Productivity Suite Fundamentals,Microsoft Learn,Beginner,10,tag,4.5,HIGH,LOW,6.75,2
949,Research & Development,Research Scientist,Science,Learn Science,C038,Scientific Method in Practice,edX,Intermediate,14,tag,4.12,HIGH,LOW,6.18,3
950,Research & Development,Research Director,Microsoft PowerPoint,Learn Microsoft PowerPoint,C012,Presenting Data to Decision Makers,LinkedIn Learning,Beginner,10,tag,4.5,HIGH,LOW,6.75,1
950,Research & Development,Research Director,Science,Learn Science,C038,Scientific Method in Practice,edX,Intermediate,14,tag,4.12,HIGH,LOW,6.18,2
950,Research & Development,Research Director,Monitoring,Learn Monitoring,C039,Performance Tracking and Review,LinkedIn Learning,Beginner,6,tag,4.0,HIGH,LOW,6.0,3
951,Research & Development,Laboratory Technician,Microsoft Office,Learn Microsoft Office,C013,Productivity Suite Fundamentals,Microsoft Learn,Beginner,10,tag,4.5,HIGH,LOW,6.75,1
951,Research & Development,Laboratory Technician,Active Listening,Learn Active Listening,C015,Running Effective Remote Meetings,LinkedIn Learning,Beginner,6,tag,3.62,HIGH,LOW,5.43,2
951,Research & Development,Laboratory Technician,SAP,Learn SAP,C029,Enterprise Resource Planning Essentials,SAP,Intermediate,24,tag,3.5,HIGH,LOW,5.25,3
952,Sales,Sales Representative,Microsoft Excel,Learn Microsoft Excel,C010,Advanced Spreadsheet Modelling,Microsoft Learn,Intermediate,12,tag,4.5,HIGH,HIGH,9.45,1
952,Sales,Sales Representative,Speaking,Learn Speaking,C036,Listening and Influence at Work,LinkedIn Learning,Beginner,6,tag,3.88,HIGH,HIGH,8.148,2
952,Sales,Sales Representative,Active Listening,Learn Active Listening,C015,Running Effective Remote Meetings,LinkedIn Learning,Beginner,6,tag,3.88,HIGH,HIGH,8.148,3
954,Sales,Sales Executive,Microsoft PowerPoint,Learn Microsoft PowerPoint,C012,Presenting Data to Decision Makers,LinkedIn Learning,Beginner,10,tag,4.5,HIGH,HIGH,9.45,1
954,Sales,Sales Executive,Microsoft Excel,Learn Microsoft Excel,C010,Advanced Spreadsheet Modelling,Microsoft Learn,Intermediate,12,tag,4.5,HIGH,HIGH,9.45,2
954,Sales,Sales Executive,Microsoft Outlook,Learn Microsoft Outlook,C013,Productivity Suite Fundamentals,Microsoft Learn,Beginner,10,tag,4.5,HIGH,HIGH,9.45,3
956,Sales,Sales Executive,Microsoft PowerPoint,Learn Microsoft PowerPoint,C012,Presenting Data to Decision Makers,LinkedIn Learning,Beginner,10,tag,4.5,HIGH,HIGH,9.45,1
956,Sales,Sales Executive,Microsoft Excel,Learn Microsoft Excel,C010,Advanced Spreadsheet Modelling,Microsoft Learn,Intermediate,12,tag,4.5,HIGH,HIGH,9.45,2
956,Sales,Sales Executive,Microsoft Office,Learn Microsoft Office,C013,Productivity Suite Fundamentals,Microsoft Learn,Beginner,10,tag,4.5,HIGH,HIGH,9.45,3
957,Research & Development,Laboratory Technician,Microsoft Office,Learn Microsoft Office,C013,Productivity Suite Fundamentals,Microsoft Learn,Beginner,10,tag,4.5,HIGH,MEDIUM,7.762,1
957,Research & Development,Laboratory Technician,SAP,Learn SAP,C029,Enterprise Resource Planning Essentials,SAP,Intermediate,24,tag,3.5,HIGH,MEDIUM,6.037,2
957,Research & Development,Laboratory Technician,Microsoft PowerPoint,Learn Microsoft PowerPoint,C012,Presenting Data to Decision Makers,LinkedIn Learning,Beginner,10,tag,3.5,HIGH,MEDIUM,6.037,3
958,Research & Development,Laboratory Technician,Active Listening,Learn Active Listening,C015,Running Effective Remote Meetings,LinkedIn Learning,Beginner,6,tag,3.62,HIGH,LOW,5.43,1
958,Research & Development,Laboratory Technician,SAP,Learn SAP,C029,Enterprise Resource Planning Essentials,SAP,Intermediate,24,tag,3.5,HIGH,LOW,5.25,2
958,Research & Development,Laboratory Technician,Microsoft Word,Learn Microsoft Word,C011,Business Documents That Get Read,LinkedIn Learning,Beginner,8,tag,3.5,HIGH,LOW,5.25,3
959,Sales,Sales Representative,Salesforce,Learn Salesforce,C026,Managing the Customer Pipeline,Trailhead,Beginner,16,tag,4.5,HIGH,HIGH,9.45,1
959,Sales,Sales Representative,Speaking,Learn Speaking,C036,Listening and Influence at Work,LinkedIn Learning,Beginner,6,tag,3.88,HIGH,HIGH,8.148,2
959,Sales,Sales Representative,Active Listening,Learn Active Listening,C015,Running Effective Remote Meetings,LinkedIn Learning,Beginner,6,tag,3.88,HIGH,HIGH,8.148,3
960,Research & Development,Laboratory Technician,Microsoft Excel,Learn Microsoft Excel,C010,Advanced Spreadsheet Modelling,Microsoft Learn,Intermediate,12,tag,4.5,HIGH,HIGH,9.45,1
960,Research & Development,Laboratory Technician,Microsoft Office,Learn Microsoft Office,C013,Productivity Suite Fundamentals,Microsoft Learn,Beginner,10,tag,4.5,HIGH,HIGH,9.45,2
960,Research & Development,Laboratory Technician,Active Listening,Learn Active Listening,C015,Running Effective Remote Meetings,LinkedIn Learning,Beginner,6,tag,3.62,HIGH,HIGH,7.602,3
961,Research & Development,Healthcare Representative,Microsoft Excel,Learn Microsoft Excel,C010,Advanced Spreadsheet Modelling,Microsoft Learn,Intermediate,12,tag,4.5,HIGH,LOW,6.75,1
961,Research & Development,Healthcare Representative,Microsoft Office,Learn Microsoft Office,C013,Productivity Suite Fundamentals,Microsoft Learn,Beginner,10,tag,4.5,HIGH,LOW,6.75,2
961,Research & Development,Healthcare Representative,Salesforce,Learn Salesforce,C026,Managing the Customer Pipeline,Trailhead,Beginner,16,tag,4.5,HIGH,LOW,6.75,3
964,Research & Development,Research Scientist,Microsoft Office,Learn Microsoft Office,C013,Productivity Suite Fundamentals,Microsoft Learn,Beginner,10,tag,4.5,HIGH,HIGH,9.45,1
964,Research & Development,Research Scientist,Science,Learn Science,C038,Scientific Method in Practice,edX,Intermediate,14,tag,4.12,HIGH,HIGH,8.652,2
964,Research & Development,Research Scientist,Speaking,Learn Speaking,C036,Listening and Influence at Work,LinkedIn Learning,Beginner,6,tag,4.12,HIGH,HIGH,8.652,3
966,Research & Development,Manufacturing Director,SAP,Learn SAP,C029,Enterprise Resource Planning Essentials,SAP,Intermediate,24,tag,4.5,HIGH,LOW,6.75,1
966,Research & Development,Manufacturing Director,Microsoft Office,Learn Microsoft Office,C013,Productivity Suite Fundamentals,Microsoft Learn,Beginner,10,tag,4.5,HIGH,LOW,6.75,2
966,Research & Development,Manufacturing Director,Microsoft Outlook,Learn Microsoft Outlook,C013,Productivity Suite Fundamentals,Microsoft Learn,Beginner,10,tag,4.5,HIGH,LOW,6.75,3
967,Sales,Sales Executive,Microsoft PowerPoint,Learn Microsoft PowerPoint,C012,Presenting Data to Decision Makers,LinkedIn Learning,Beginner,10,tag,4.5,HIGH,MEDIUM,7.762,1
967,Sales,Sales Executive,Microsoft Excel,Learn Microsoft Excel,C010,Advanced Spreadsheet Modelling,Microsoft Learn,Intermediate,12,tag,4.5,HIGH,MEDIUM,7.762,2
967,Sales,Sales Executive,Salesforce,Learn Salesforce,C026,Managing the Customer Pipeline,Trailhead,Beginner,16,tag,4.5,HIGH,MEDIUM,7.762,3
969,Research & Development,Healthcare Representative,Microsoft Office,Learn Microsoft Office,C013,Productivity Suite Fundamentals,Microsoft Learn,Beginner,10,tag,4.5,HIGH,LOW,6.75,1
969,Research & Development,Healthcare Representative,Active Learning,Learn Active Learning,C034,Learning How to Learn,Coursera,Beginner,8,tag,3.5,HIGH,LOW,5.25,2
969,Research & Development,Healthcare Representative,Microsoft Access,Learn Microsoft Access,C009,Relational Databases and Query Design,Coursera,Beginner,18,tag,3.5,HIGH,LOW,5.25,3
970,Sales,Sales Executive,Microsoft Excel,Learn Microsoft Excel,C010,Advanced Spreadsheet Modelling,Microsoft Learn,Intermediate,12,tag,4.5,HIGH,HIGH,9.45,1
970,Sales,Sales Executive,Critical Thinking,Learn Critical Thinking,C033,Structured Problem Solving,Coursera,Intermediate,12,tag,3.5,HIGH,HIGH,7.35,2
970,Sales,Sales Executive,Reading Comprehension,Learn Reading Comprehension,C035,Business Writing for Clarity,LinkedIn Learning,Beginner,8,tag,3.38,HIGH,HIGH,7.098,3
972,Research & Development,Laboratory Technician,Microsoft Excel,Learn Microsoft Excel,C010,Advanced Spreadsheet Modelling,Microsoft Learn,Intermediate,12,tag,4.5,HIGH,LOW,6.75,1
972,Research & Development,Laboratory Technician,Microsoft Office,Learn Microsoft Office,C013,Productivity Suite Fundamentals,Microsoft Learn,Beginner,10,tag,4.5,HIGH,LOW,6.75,2
972,Research & Development,Laboratory Technician,Reading Comprehension,Learn Reading Comprehension,C035,Business Writing for Clarity,LinkedIn Learning,Beginner,8,tag,3.75,HIGH,LOW,5.625,3
974,Sales,Sales Representative,Microsoft Excel,Learn Microsoft Excel,C010,Advanced Spreadsheet Modelling,Microsoft Learn,Intermediate,12,tag,4.5,HIGH,HIGH,9.45,1
974,Sales,Sales Representative,Microsoft Office,Learn Microsoft Office,C013,Productivity Suite Fundamentals,Microsoft Learn,Beginner,10,tag,4.5,HIGH,HIGH,9.45,2
974,Sales,Sales Representative,Speaking,Learn Speaking,C036,Listening and Influence at Work,LinkedIn Learning,Beginner,6,tag,3.88,HIGH,HIGH,8.148,3
975,Sales,Sales Executive,Microsoft PowerPoint,Learn Microsoft PowerPoint,C012,Presenting Data to Decision Makers,LinkedIn Learning,Beginner,10,tag,4.5,HIGH,MEDIUM,7.762,1
975,Sales,Sales Executive,Microsoft Excel,Learn Microsoft Excel,C010,Advanced Spreadsheet Modelling,Microsoft Learn,Intermediate,12,tag,4.5,HIGH,MEDIUM,7.762,2
975,Sales,Sales Executive,Microsoft Outlook,Learn Microsoft Outlook,C013,Productivity Suite Fundamentals,Microsoft Learn,Beginner,10,tag,4.5,HIGH,MEDIUM,7.762,3
976,Research & Development,Manager,Microsoft PowerPoint,Learn Microsoft PowerPoint,C012,Presenting Data to Decision Makers,LinkedIn Learning,Beginner,10,tag,4.5,HIGH,LOW,6.75,1
976,Research & Development,Manager,Speaking,Learn Speaking,C036,Listening and Influence at Work,LinkedIn Learning,Beginner,6,tag,4.0,HIGH,LOW,6.0,2
976,Research & Development,Manager,Active Listening,Learn Active Listening,C015,Running Effective Remote Meetings,LinkedIn Learning,Beginner,6,tag,4.0,HIGH,LOW,6.0,3
977,Research & Development,Research Scientist,R,Learn R,C002,Statistical Programming in R,Coursera,Intermediate,24,tag,4.5,HIGH,LOW,6.75,1
977,Research & Development,Research Scientist,Writing,Learn Writing,C035,Business Writing for Clarity,LinkedIn Learning,Beginner,8,tag,4.25,HIGH,LOW,6.375,2
977,Research & Development,Research Scientist,Science,Learn Science,C038,Scientific Method in Practice,edX,Intermediate,14,tag,4.12,HIGH,LOW,6.18,3
981,Sales,Manager,Monitoring,Learn Monitoring,C039,Performance Tracking and Review,LinkedIn Learning,Beginner,6,tag,4.0,HIGH,LOW,6.0,1
981,Sales,Manager,Active Learning,Learn Active Learning,C034,Learning How to Learn,Coursera,Beginner,8,tag,3.62,HIGH,LOW,5.43,2
981,Sales,Manager,Adobe Acrobat,Learn Adobe Acrobat,C019,Working with PDFs and Document Workflows,Adobe,Beginner,6,tag,3.5,HIGH,LOW,5.25,3
982,Sales,Sales Executive,Microsoft PowerPoint,Learn Microsoft PowerPoint,C012,Presenting Data to Decision Makers,LinkedIn Learning,Beginner,10,tag,4.5,HIGH,MEDIUM,7.762,1
982,Sales,Sales Executive,Microsoft Excel,Learn Microsoft Excel,C010,Advanced Spreadsheet Modelling,Microsoft Learn,Intermediate,12,tag,4.5,HIGH,MEDIUM,7.762,2
982,Sales,Sales Executive,Salesforce,Learn Salesforce,C026,Managing the Customer Pipeline,Trailhead,Beginner,16,tag,4.5,HIGH,MEDIUM,7.762,3
983,Sales,Sales Executive,Microsoft PowerPoint,Learn Microsoft PowerPoint,C012,Presenting Data to Decision Makers,LinkedIn Learning,Beginner,10,tag,4.5,HIGH,HIGH,9.45,1
983,Sales,Sales Executive,Microsoft Excel,Learn Microsoft Excel,C010,Advanced Spreadsheet Modelling,Microsoft Learn,Intermediate,12,tag,4.5,HIGH,HIGH,9.45,2
983,Sales,Sales Executive,Microsoft Outlook,Learn Microsoft Outlook,C013,Productivity Suite Fundamentals,Microsoft Learn,Beginner,10,tag,4.5,HIGH,HIGH,9.45,3
984,Sales,Sales Executive,Microsoft PowerPoint,Learn Microsoft PowerPoint,C012,Presenting Data to Decision Makers,LinkedIn Learning,Beginner,10,tag,4.5,HIGH,LOW,6.75,1
984,Sales,Sales Executive,Microsoft Office,Learn Microsoft Office,C013,Productivity Suite Fundamentals,Microsoft Learn,Beginner,10,tag,4.5,HIGH,LOW,6.75,2
984,Sales,Sales Executive,Salesforce,Learn Salesforce,C026,Managing the Customer Pipeline,Trailhead,Beginner,16,tag,4.5,HIGH,LOW,6.75,3
985,Sales,Sales Executive,Microsoft Excel,Learn Microsoft Excel,C010,Advanced Spreadsheet Modelling,Microsoft Learn,Intermediate,12,tag,4.5,HIGH,LOW,6.75,1
985,Sales,Sales Executive,Active Listening,Learn Active Listening,C015,Running Effective Remote Meetings,LinkedIn Learning,Beginner,6,tag,4.0,HIGH,LOW,6.0,2
985,Sales,Sales Executive,Adobe Creative Cloud,Learn Adobe Creative Cloud,C020,Digital Image Editing Foundations,Adobe,Beginner,16,tag,3.5,HIGH,LOW,5.25,3
986,Sales,Sales Executive,Salesforce,Learn Salesforce,C026,Managing the Customer Pipeline,Trailhead,Beginner,16,tag,4.5,HIGH,MEDIUM,7.762,1
986,Sales,Sales Executive,Adobe Creative Cloud,Learn Adobe Creative Cloud,C020,Digital Image Editing Foundations,Adobe,Beginner,16,tag,3.5,HIGH,MEDIUM,6.037,2
986,Sales,Sales Executive,Adobe InDesign,Learn Adobe InDesign,C022,Layout and Publication Design,Adobe,Intermediate,14,tag,3.5,HIGH,MEDIUM,6.037,3
987,Research & Development,Manufacturing Director,Microsoft PowerPoint,Learn Microsoft PowerPoint,C012,Presenting Data to Decision Makers,LinkedIn Learning,Beginner,10,tag,4.5,HIGH,LOW,6.75,1
987,Research & Development,Manufacturing Director,Microsoft Office,Learn Microsoft Office,C013,Productivity Suite Fundamentals,Microsoft Learn,Beginner,10,tag,4.5,HIGH,LOW,6.75,2
987,Research & Development,Manufacturing Director,Microsoft Outlook,Learn Microsoft Outlook,C013,Productivity Suite Fundamentals,Microsoft Learn,Beginner,10,tag,4.5,HIGH,LOW,6.75,3
990,Sales,Sales Executive,Speaking,Learn Speaking,C036,Listening and Influence at Work,LinkedIn Learning,Beginner,6,tag,4.0,HIGH,LOW,6.0,1
990,Sales,Sales Executive,Adobe Creative Cloud,Learn Adobe Creative Cloud,C020,Digital Image Editing Foundations,Adobe,Beginner,16,tag,3.5,HIGH,LOW,5.25,2
990,Sales,Sales Executive,Critical Thinking,Learn Critical Thinking,C033,Structured Problem Solving,Coursera,Intermediate,12,tag,3.5,HIGH,LOW,5.25,3
991,Research & Development,Research Scientist,Microsoft Excel,Learn Microsoft Excel,C010,Advanced Spreadsheet Modelling,Microsoft Learn,Intermediate,12,tag,4.5,HIGH,HIGH,9.45,1
991,Research & Development,Research Scientist,Science,Learn Science,C038,Scientific Method in Practice,edX,Intermediate,14,tag,4.12,HIGH,HIGH,8.652,2
991,Research & Development,Research Scientist,Active Learning,Learn Active Learning,C034,Learning How to Learn,Coursera,Beginner,8,tag,4.12,HIGH,HIGH,8.652,3
992,Sales,Manager,Microsoft PowerPoint,Learn Microsoft PowerPoint,C012,Presenting Data to Decision Makers,LinkedIn Learning,Beginner,10,tag,4.5,HIGH,LOW,6.75,1
992,Sales,Manager,Microsoft Excel,Learn Microsoft Excel,C010,Advanced Spreadsheet Modelling,Microsoft Learn,Intermediate,12,tag,4.5,HIGH,LOW,6.75,2
992,Sales,Manager,Microsoft Office,Learn Microsoft Office,C013,Productivity Suite Fundamentals,Microsoft Learn,Beginner,10,tag,4.5,HIGH,LOW,6.75,3
994,Research & Development,Research Scientist,Microsoft Excel,Learn Microsoft Excel,C010,Advanced Spreadsheet Modelling,Microsoft Learn,Intermediate,12,tag,4.5,HIGH,HIGH,9.45,1
994,Research & Development,Research Scientist,R,Learn R,C002,Statistical Programming in R,Coursera,Intermediate,24,tag,4.5,HIGH,HIGH,9.45,2
994,Research & Development,Research Scientist,Microsoft Office,Learn Microsoft Office,C013,Productivity Suite Fundamentals,Microsoft Learn,Beginner,10,tag,4.5,HIGH,HIGH,9.45,3
995,Research & Development,Research Scientist,Microsoft Excel,Learn Microsoft Excel,C010,Advanced Spreadsheet Modelling,Microsoft Learn,Intermediate,12,tag,4.5,HIGH,LOW,6.75,1
995,Research & Development,Research Scientist,R,Learn R,C002,Statistical Programming in R,Coursera,Intermediate,24,tag,4.5,HIGH,LOW,6.75,2
995,Research & Development,Research Scientist,Microsoft Office,Learn Microsoft Office,C013,Productivity Suite Fundamentals,Microsoft Learn,Beginner,10,tag,4.5,HIGH,LOW,6.75,3
996,Research & Development,Laboratory Technician,Microsoft PowerPoint,Learn Microsoft PowerPoint,C012,Presenting Data to Decision Makers,LinkedIn Learning,Beginner,10,tag,3.5,HIGH,LOW,5.25,1
996,Research & Development,Laboratory Technician,Microsoft Word,Learn Microsoft Word,C011,Business Documents That Get Read,LinkedIn Learning,Beginner,8,tag,3.5,HIGH,LOW,5.25,2
996,Research & Development,Laboratory Technician,MEDITECH,Learn MEDITECH,C032,Clinical Records and Patient Data Systems,HIMSS,Intermediate,18,tag,3.5,HIGH,LOW,5.25,3
997,Research & Development,Research Director,Microsoft Excel,Learn Microsoft Excel,C010,Advanced Spreadsheet Modelling,Microsoft Learn,Intermediate,12,tag,4.5,HIGH,LOW,6.75,1
997,Research & Development,Research Director,Microsoft Office,Learn Microsoft Office,C013,Productivity Suite Fundamentals,Microsoft Learn,Beginner,10,tag,4.5,HIGH,LOW,6.75,2
997,Research & Development,Research Director,Monitoring,Learn Monitoring,C039,Performance Tracking and Review,LinkedIn Learning,Beginner,6,tag,4.0,HIGH,LOW,6.0,3
998,Research & Development,Healthcare Representative,Microsoft Excel,Learn Microsoft Excel,C010,Advanced Spreadsheet Modelling,Microsoft Learn,Intermediate,12,tag,4.5,HIGH,MEDIUM,7.762,1
998,Research & Development,Healthcare Representative,Salesforce,Learn Salesforce,C026,Managing the Customer Pipeline,Trailhead,Beginner,16,tag,4.5,HIGH,MEDIUM,7.762,2
998,Research & Development,Healthcare Representative,Active Listening,Learn Active Listening,C015,Running Effective Remote Meetings,LinkedIn Learning,Beginner,6,tag,4.12,HIGH,MEDIUM,7.107,3
999,Research & Development,Research Director,Microsoft Excel,Learn Microsoft Excel,C010,Advanced Spreadsheet Modelling,Microsoft Learn,Intermediate,12,tag,4.5,HIGH,LOW,6.75,1
999,Research & Development,Research Director,Science,Learn Science,C038,Scientific Method in Practice,edX,Intermediate,14,tag,4.12,HIGH,LOW,6.18,2
999,Research & Development,Research Director,Critical Thinking,Learn Critical Thinking,C033,Structured Problem Solving,Coursera,Intermediate,12,tag,4.0,HIGH,LOW,6.0,3
1001,Research & Development,Laboratory Technician,Microsoft Excel,Learn Microsoft Excel,C010,Advanced Spreadsheet Modelling,Microsoft Learn,Intermediate,12,tag,4.5,HIGH,HIGH,9.45,1
1001,Research & Development,Laboratory Technician,Microsoft Office,Learn Microsoft Office,C013,Productivity Suite Fundamentals,Microsoft Learn,Beginner,10,tag,4.5,HIGH,HIGH,9.45,2
1001,Research & Development,Laboratory Technician,Reading Comprehension,Learn Reading Comprehension,C035,Business Writing for Clarity,LinkedIn Learning,Beginner,8,tag,3.75,HIGH,HIGH,7.875,3
1002,Research & Development,Laboratory Technician,Microsoft Excel,Learn Microsoft Excel,C010,Advanced Spreadsheet Modelling,Microsoft Learn,Intermediate,12,tag,4.5,HIGH,LOW,6.75,1
1002,Research & Development,Laboratory Technician,Reading Comprehension,Learn Reading Comprehension,C035,Business Writing for Clarity,LinkedIn Learning,Beginner,8,tag,3.75,HIGH,LOW,5.625,2
1002,Research & Development,Laboratory Technician,Active Listening,Learn Active Listening,C015,Running Effective Remote Meetings,LinkedIn Learning,Beginner,6,tag,3.62,HIGH,LOW,5.43,3
1003,Sales,Sales Executive,Microsoft PowerPoint,Learn Microsoft PowerPoint,C012,Presenting Data to Decision Makers,LinkedIn Learning,Beginner,10,tag,4.5,HIGH,LOW,6.75,1
1003,Sales,Sales Executive,Microsoft Office,Learn Microsoft Office,C013,Productivity Suite Fundamentals,Microsoft Learn,Beginner,10,tag,4.5,HIGH,LOW,6.75,2
1003,Sales,Sales Executive,Salesforce,Learn Salesforce,C026,Managing the Customer Pipeline,Trailhead,Beginner,16,tag,4.5,HIGH,LOW,6.75,3
1004,Research & Development,Research Scientist,Microsoft Office,Learn Microsoft Office,C013,Productivity Suite Fundamentals,Microsoft Learn,Beginner,10,tag,4.5,HIGH,HIGH,9.45,1
1004,Research & Development,Research Scientist,Writing,Learn Writing,C035,Business Writing for Clarity,LinkedIn Learning,Beginner,8,tag,4.25,HIGH,HIGH,8.925,2
1004,Research & Development,Research Scientist,Science,Learn Science,C038,Scientific Method in Practice,edX,Intermediate,14,tag,4.12,HIGH,HIGH,8.652,3
1005,Research & Development,Manufacturing Director,SAP,Learn SAP,C029,Enterprise Resource Planning Essentials,SAP,Intermediate,24,tag,4.5,HIGH,LOW,6.75,1
1005,Research & Development,Manufacturing Director,Microsoft Excel,Learn Microsoft Excel,C010,Advanced Spreadsheet Modelling,Microsoft Learn,Intermediate,12,tag,4.5,HIGH,LOW,6.75,2
1005,Research & Development,Manufacturing Director,Microsoft Office,Learn Microsoft Office,C013,Productivity Suite Fundamentals,Microsoft Learn,Beginner,10,tag,4.5,HIGH,LOW,6.75,3
1006,Research & Development,Research Scientist,Microsoft Excel,Learn Microsoft Excel,C010,Advanced Spreadsheet Modelling,Microsoft Learn,Intermediate,12,tag,4.5,HIGH,LOW,6.75,1
1006,Research & Development,Research Scientist,R,Learn R,C002,Statistical Programming in R,Coursera,Intermediate,24,tag,4.5,HIGH,LOW,6.75,2
1006,Research & Development,Research Scientist,Microsoft Office,Learn Microsoft Office,C013,Productivity Suite Fundamentals,Microsoft Learn,Beginner,10,tag,4.5,HIGH,LOW,6.75,3
1007,Research & Development,Manufacturing Director,Microsoft PowerPoint,Learn Microsoft PowerPoint,C012,Presenting Data to Decision Makers,LinkedIn Learning,Beginner,10,tag,4.5,HIGH,LOW,6.75,1
1007,Research & Development,Manufacturing Director,Microsoft Office,Learn Microsoft Office,C013,Productivity Suite Fundamentals,Microsoft Learn,Beginner,10,tag,4.5,HIGH,LOW,6.75,2
1007,Research & Development,Manufacturing Director,Monitoring,Learn Monitoring,C039,Performance Tracking and Review,LinkedIn Learning,Beginner,6,tag,4.0,HIGH,LOW,6.0,3
1009,Research & Development,Manufacturing Director,SAP,Learn SAP,C029,Enterprise Resource Planning Essentials,SAP,Intermediate,24,tag,4.5,HIGH,LOW,6.75,1
1009,Research & Development,Manufacturing Director,Microsoft Outlook,Learn Microsoft Outlook,C013,Productivity Suite Fundamentals,Microsoft Learn,Beginner,10,tag,4.5,HIGH,LOW,6.75,2
1009,Research & Development,Manufacturing Director,Monitoring,Learn Monitoring,C039,Performance Tracking and Review,LinkedIn Learning,Beginner,6,tag,4.0,HIGH,LOW,6.0,3
1010,Research & Development,Laboratory Technician,Microsoft Excel,Learn Microsoft Excel,C010,Advanced Spreadsheet Modelling,Microsoft Learn,Intermediate,12,tag,4.5,HIGH,HIGH,9.45,1
1010,Research & Development,Laboratory Technician,Microsoft Office,Learn Microsoft Office,C013,Productivity Suite Fundamentals,Microsoft Learn,Beginner,10,tag,4.5,HIGH,HIGH,9.45,2
1010,Research & Development,Laboratory Technician,Reading Comprehension,Learn Reading Comprehension,C035,Business Writing for Clarity,LinkedIn Learning,Beginner,8,tag,3.75,HIGH,HIGH,7.875,3
1011,Research & Development,Manufacturing Director,Microsoft PowerPoint,Learn Microsoft PowerPoint,C012,Presenting Data to Decision Makers,LinkedIn Learning,Beginner,10,tag,4.5,HIGH,LOW,6.75,1
1011,Research & Development,Manufacturing Director,Microsoft Excel,Learn Microsoft Excel,C010,Advanced Spreadsheet Modelling,Microsoft Learn,Intermediate,12,tag,4.5,HIGH,LOW,6.75,2
1011,Research & Development,Manufacturing Director,Monitoring,Learn Monitoring,C039,Performance Tracking and Review,LinkedIn Learning,Beginner,6,tag,4.0,HIGH,LOW,6.0,3
1012,Research & Development,Research Scientist,Microsoft Excel,Learn Microsoft Excel,C010,Advanced Spreadsheet Modelling,Microsoft Learn,Intermediate,12,tag,4.5,HIGH,LOW,6.75,1
1012,Research & Development,Research Scientist,R,Learn R,C002,Statistical Programming in R,Coursera,Intermediate,24,tag,4.5,HIGH,LOW,6.75,2
1012,Research & Development,Research Scientist,Microsoft Office,Learn Microsoft Office,C013,Productivity Suite Fundamentals,Microsoft Learn,Beginner,10,tag,4.5,HIGH,LOW,6.75,3
1013,Research & Development,Manufacturing Director,SAP,Learn SAP,C029,Enterprise Resource Planning Essentials,SAP,Intermediate,24,tag,4.5,HIGH,LOW,6.75,1
1013,Research & Development,Manufacturing Director,Microsoft Office,Learn Microsoft Office,C013,Productivity Suite Fundamentals,Microsoft Learn,Beginner,10,tag,4.5,HIGH,LOW,6.75,2
1013,Research & Development,Manufacturing Director,Monitoring,Learn Monitoring,C039,Performance Tracking and Review,LinkedIn Learning,Beginner,6,tag,4.0,HIGH,LOW,6.0,3
1014,Research & Development,Healthcare Representative,Microsoft Excel,Learn Microsoft Excel,C010,Advanced Spreadsheet Modelling,Microsoft Learn,Intermediate,12,tag,4.5,HIGH,MEDIUM,7.762,1
1014,Research & Development,Healthcare Representative,Microsoft Office,Learn Microsoft Office,C013,Productivity Suite Fundamentals,Microsoft Learn,Beginner,10,tag,4.5,HIGH,MEDIUM,7.762,2
1014,Research & Development,Healthcare Representative,Salesforce,Learn Salesforce,C026,Managing the Customer Pipeline,Trailhead,Beginner,16,tag,4.5,HIGH,MEDIUM,7.762,3
1015,Research & Development,Research Director,Microsoft PowerPoint,Learn Microsoft PowerPoint,C012,Presenting Data to Decision Makers,LinkedIn Learning,Beginner,10,tag,4.5,HIGH,LOW,6.75,1
1015,Research & Development,Research Director,Microsoft Office,Learn Microsoft Office,C013,Productivity Suite Fundamentals,Microsoft Learn,Beginner,10,tag,4.5,HIGH,LOW,6.75,2
1015,Research & Development,Research Director,Science,Learn Science,C038,Scientific Method in Practice,edX,Intermediate,14,tag,4.12,HIGH,LOW,6.18,3
1016,Research & Development,Research Scientist,Microsoft Office,Learn Microsoft Office,C013,Productivity Suite Fundamentals,Microsoft Learn,Beginner,10,tag,4.5,HIGH,HIGH,9.45,1
1016,Research & Development,Research Scientist,Writing,Learn Writing,C035,Business Writing for Clarity,LinkedIn Learning,Beginner,8,tag,4.25,HIGH,HIGH,8.925,2
1016,Research & Development,Research Scientist,Science,Learn Science,C038,Scientific Method in Practice,edX,Intermediate,14,tag,4.12,HIGH,HIGH,8.652,3
1017,Research & Development,Laboratory Technician,Microsoft Excel,Learn Microsoft Excel,C010,Advanced Spreadsheet Modelling,Microsoft Learn,Intermediate,12,tag,4.5,HIGH,HIGH,9.45,1
1017,Research & Development,Laboratory Technician,Microsoft Office,Learn Microsoft Office,C013,Productivity Suite Fundamentals,Microsoft Learn,Beginner,10,tag,4.5,HIGH,HIGH,9.45,2
1017,Research & Development,Laboratory Technician,SAP,Learn SAP,C029,Enterprise Resource Planning Essentials,SAP,Intermediate,24,tag,3.5,HIGH,HIGH,7.35,3
1018,Research & Development,Manufacturing Director,Microsoft PowerPoint,Learn Microsoft PowerPoint,C012,Presenting Data to Decision Makers,LinkedIn Learning,Beginner,10,tag,4.5,HIGH,LOW,6.75,1
1018,Research & Development,Manufacturing Director,Microsoft Excel,Learn Microsoft Excel,C010,Advanced Spreadsheet Modelling,Microsoft Learn,Intermediate,12,tag,4.5,HIGH,LOW,6.75,2
1018,Research & Development,Manufacturing Director,Microsoft Office,Learn Microsoft Office,C013,Productivity Suite Fundamentals,Microsoft Learn,Beginner,10,tag,4.5,HIGH,LOW,6.75,3
1019,Research & Development,Laboratory Technician,Reading Comprehension,Learn Reading Comprehension,C035,Business Writing for Clarity,LinkedIn Learning,Beginner,8,tag,3.75,HIGH,HIGH,7.875,1
1019,Research & Development,Laboratory Technician,Microsoft PowerPoint,Learn Microsoft PowerPoint,C012,Presenting Data to Decision Makers,LinkedIn Learning,Beginner,10,tag,3.5,HIGH,HIGH,7.35,2
1019,Research & Development,Laboratory Technician,Speaking,Learn Speaking,C036,Listening and Influence at Work,LinkedIn Learning,Beginner,6,tag,3.12,HIGH,HIGH,6.552,3
1022,Research & Development,Healthcare Representative,Microsoft Excel,Learn Microsoft Excel,C010,Advanced Spreadsheet Modelling,Microsoft Learn,Intermediate,12,tag,4.5,HIGH,LOW,6.75,1
1022,Research & Development,Healthcare Representative,Microsoft Office,Learn Microsoft Office,C013,Productivity Suite Fundamentals,Microsoft Learn,Beginner,10,tag,4.5,HIGH,LOW,6.75,2
1022,Research & Development,Healthcare Representative,Salesforce,Learn Salesforce,C026,Managing the Customer Pipeline,Trailhead,Beginner,16,tag,4.5,HIGH,LOW,6.75,3
1024,Research & Development,Healthcare Representative,Microsoft Excel,Learn Microsoft Excel,C010,Advanced Spreadsheet Modelling,Microsoft Learn,Intermediate,12,tag,4.5,HIGH,LOW,6.75,1
1024,Research & Development,Healthcare Representative,Microsoft Office,Learn Microsoft Office,C013,Productivity Suite Fundamentals,Microsoft Learn,Beginner,10,tag,4.5,HIGH,LOW,6.75,2
1024,Research & Development,Healthcare Representative,Salesforce,Learn Salesforce,C026,Managing the Customer Pipeline,Trailhead,Beginner,16,tag,4.5,HIGH,LOW,6.75,3
1025,Research & Development,Manufacturing Director,Microsoft Excel,Learn Microsoft Excel,C010,Advanced Spreadsheet Modelling,Microsoft Learn,Intermediate,12,tag,4.5,HIGH,LOW,6.75,1
1025,Research & Development,Manufacturing Director,Microsoft Outlook,Learn Microsoft Outlook,C013,Productivity Suite Fundamentals,Microsoft Learn,Beginner,10,tag,4.5,HIGH,LOW,6.75,2
1025,Research & Development,Manufacturing Director,Speaking,Learn Speaking,C036,Listening and Influence at Work,LinkedIn Learning,Beginner,6,tag,4.0,HIGH,LOW,6.0,3
1026,Research & Development,Manufacturing Director,SAP,Learn SAP,C029,Enterprise Resource Planning Essentials,SAP,Intermediate,24,tag,4.5,HIGH,LOW,6.75,1
1026,Research & Development,Manufacturing Director,Microsoft PowerPoint,Learn Microsoft PowerPoint,C012,Presenting Data to Decision Makers,LinkedIn Learning,Beginner,10,tag,4.5,HIGH,LOW,6.75,2
1026,Research & Development,Manufacturing Director,Microsoft Office,Learn Microsoft Office,C013,Productivity Suite Fundamentals,Microsoft Learn,Beginner,10,tag,4.5,HIGH,LOW,6.75,3
1027,Research & Development,Manufacturing Director,SAP,Learn SAP,C029,Enterprise Resource Planning Essentials,SAP,Intermediate,24,tag,4.5,HIGH,LOW,6.75,1
1027,Research & Development,Manufacturing Director,Microsoft Office,Learn Microsoft Office,C013,Productivity Suite Fundamentals,Microsoft Learn,Beginner,10,tag,4.5,HIGH,LOW,6.75,2
1027,Research & Development,Manufacturing Director,Monitoring,Learn Monitoring,C039,Performance Tracking and Review,LinkedIn Learning,Beginner,6,tag,4.0,HIGH,LOW,6.0,3
1028,Research & Development,Laboratory Technician,Microsoft Excel,Learn Microsoft Excel,C010,Advanced Spreadsheet Modelling,Microsoft Learn,Intermediate,12,tag,4.5,HIGH,LOW,6.75,1
1028,Research & Development,Laboratory Technician,Active Listening,Learn Active Listening,C015,Running Effective Remote Meetings,LinkedIn Learning,Beginner,6,tag,3.62,HIGH,LOW,5.43,2
1028,Research & Development,Laboratory Technician,Microsoft Word,Learn Microsoft Word,C011,Business Documents That Get Read,LinkedIn Learning,Beginner,8,tag,3.5,HIGH,LOW,5.25,3
1029,Sales,Manager,Microsoft PowerPoint,Learn Microsoft PowerPoint,C012,Presenting Data to Decision Makers,LinkedIn Learning,Beginner,10,tag,4.5,HIGH,LOW,6.75,1
1029,Sales,Manager,Monitoring,Learn Monitoring,C039,Performance Tracking and Review,LinkedIn Learning,Beginner,6,tag,4.0,HIGH,LOW,6.0,2
1029,Sales,Manager,Reading Comprehension,Learn Reading Comprehension,C035,Business Writing for Clarity,LinkedIn Learning,Beginner,8,tag,4.0,HIGH,LOW,6.0,3
1030,Research & Development,Laboratory Technician,Active Listening,Learn Active Listening,C015,Running Effective Remote Meetings,LinkedIn Learning,Beginner,6,tag,3.62,HIGH,MEDIUM,6.244,1
1030,Research & Development,Laboratory Technician,SAP,Learn SAP,C029,Enterprise Resource Planning Essentials,SAP,Intermediate,24,tag,3.5,HIGH,MEDIUM,6.037,2
1030,Research & Development,Laboratory Technician,Microsoft Word,Learn Microsoft Word,C011,Business Documents That Get Read,LinkedIn Learning,Beginner,8,tag,3.5,HIGH,MEDIUM,6.037,3
1032,Research & Development,Manufacturing Director,Microsoft PowerPoint,Learn Microsoft PowerPoint,C012,Presenting Data to Decision Makers,LinkedIn Learning,Beginner,10,tag,4.5,HIGH,LOW,6.75,1
1032,Research & Development,Manufacturing Director,Critical Thinking,Learn Critical Thinking,C033,Structured Problem Solving,Coursera,Intermediate,12,tag,4.0,HIGH,LOW,6.0,2
1032,Research & Development,Manufacturing Director,Reading Comprehension,Learn Reading Comprehension,C035,Business Writing for Clarity,LinkedIn Learning,Beginner,8,tag,3.88,HIGH,LOW,5.82,3
1033,Research & Development,Healthcare Representative,Microsoft Office,Learn Microsoft Office,C013,Productivity Suite Fundamentals,Microsoft Learn,Beginner,10,tag,4.5,HIGH,HIGH,9.45,1
1033,Research & Development,Healthcare Representative,Salesforce,Learn Salesforce,C026,Managing the Customer Pipeline,Trailhead,Beginner,16,tag,4.5,HIGH,HIGH,9.45,2
1033,Research & Development,Healthcare Representative,Microsoft Outlook,Learn Microsoft Outlook,C013,Productivity Suite Fundamentals,Microsoft Learn,Beginner,10,tag,4.5,HIGH,HIGH,9.45,3
1034,Research & Development,Healthcare Representative,Salesforce,Learn Salesforce,C026,Managing the Customer Pipeline,Trailhead,Beginner,16,tag,4.5,HIGH,MEDIUM,7.762,1
1034,Research & Development,Healthcare Representative,Microsoft Outlook,Learn Microsoft Outlook,C013,Productivity Suite Fundamentals,Microsoft Learn,Beginner,10,tag,4.5,HIGH,MEDIUM,7.762,2
1034,Research & Development,Healthcare Representative,Speaking,Learn Speaking,C036,Listening and Influence at Work,LinkedIn Learning,Beginner,6,tag,4.25,HIGH,MEDIUM,7.331,3
1035,Research & Development,Research Director,Microsoft PowerPoint,Learn Microsoft PowerPoint,C012,Presenting Data to Decision Makers,LinkedIn Learning,Beginner,10,tag,4.5,HIGH,LOW,6.75,1
1035,Research & Development,Research Director,Microsoft Office,Learn Microsoft Office,C013,Productivity Suite Fundamentals,Microsoft Learn,Beginner,10,tag,4.5,HIGH,LOW,6.75,2
1035,Research & Development,Research Director,Science,Learn Science,C038,Scientific Method in Practice,edX,Intermediate,14,tag,4.12,HIGH,LOW,6.18,3
1036,Sales,Sales Executive,Microsoft Excel,Learn Microsoft Excel,C010,Advanced Spreadsheet Modelling,Microsoft Learn,Intermediate,12,tag,4.5,HIGH,HIGH,9.45,1
1036,Sales,Sales Executive,Microsoft Outlook,Learn Microsoft Outlook,C013,Productivity Suite Fundamentals,Microsoft Learn,Beginner,10,tag,4.5,HIGH,HIGH,9.45,2
1036,Sales,Sales Executive,Active Listening,Learn Active Listening,C015,Running Effective Remote Meetings,LinkedIn Learning,Beginner,6,tag,4.0,HIGH,HIGH,8.4,3
1037,Sales,Sales Executive,Microsoft Excel,Learn Microsoft Excel,C010,Advanced Spreadsheet Modelling,Microsoft Learn,Intermediate,12,tag,4.5,HIGH,HIGH,9.45,1
1037,Sales,Sales Executive,Microsoft Office,Learn Microsoft Office,C013,Productivity Suite Fundamentals,Microsoft Learn,Beginner,10,tag,4.5,HIGH,HIGH,9.45,2
1037,Sales,Sales Executive,Salesforce,Learn Salesforce,C026,Managing the Customer Pipeline,Trailhead,Beginner,16,tag,4.5,HIGH,HIGH,9.45,3
1038,Sales,Manager,Microsoft PowerPoint,Learn Microsoft PowerPoint,C012,Presenting Data to Decision Makers,LinkedIn Learning,Beginner,10,tag,4.5,HIGH,LOW,6.75,1
1038,Sales,Manager,Microsoft Office,Learn Microsoft Office,C013,Productivity Suite Fundamentals,Microsoft Learn,Beginner,10,tag,4.5,HIGH,LOW,6.75,2
1038,Sales,Manager,Monitoring,Learn Monitoring,C039,Performance Tracking and Review,LinkedIn Learning,Beginner,6,tag,4.0,HIGH,LOW,6.0,3
1039,Sales,Sales Executive,Microsoft PowerPoint,Learn Microsoft PowerPoint,C012,Presenting Data to Decision Makers,LinkedIn Learning,Beginner,10,tag,4.5,HIGH,MEDIUM,7.762,1
1039,Sales,Sales Executive,Microsoft Excel,Learn Microsoft Excel,C010,Advanced Spreadsheet Modelling,Microsoft Learn,Intermediate,12,tag,4.5,HIGH,MEDIUM,7.762,2
1039,Sales,Sales Executive,Salesforce,Learn Salesforce,C026,Managing the Customer Pipeline,Trailhead,Beginner,16,tag,4.5,HIGH,MEDIUM,7.762,3
1040,Sales,Sales Executive,Microsoft Outlook,Learn Microsoft Outlook,C013,Productivity Suite Fundamentals,Microsoft Learn,Beginner,10,tag,4.5,HIGH,LOW,6.75,1
1040,Sales,Sales Executive,Speaking,Learn Speaking,C036,Listening and Influence at Work,LinkedIn Learning,Beginner,6,tag,4.0,HIGH,LOW,6.0,2
1040,Sales,Sales Executive,Active Listening,Learn Active Listening,C015,Running Effective Remote Meetings,LinkedIn Learning,Beginner,6,tag,4.0,HIGH,LOW,6.0,3
1042,Research & Development,Laboratory Technician,Microsoft Office,Learn Microsoft Office,C013,Productivity Suite Fundamentals,Microsoft Learn,Beginner,10,tag,4.5,HIGH,MEDIUM,7.762,1
1042,Research & Development,Laboratory Technician,Reading Comprehension,Learn Reading Comprehension,C035,Business Writing for Clarity,LinkedIn Learning,Beginner,8,tag,3.75,HIGH,MEDIUM,6.469,2
1042,Research & Development,Laboratory Technician,MEDITECH,Learn MEDITECH,C032,Clinical Records and Patient Data Systems,HIMSS,Intermediate,18,tag,3.5,HIGH,MEDIUM,6.037,3
1043,Research & Development,Manufacturing Director,SAP,Learn SAP,C029,Enterprise Resource Planning Essentials,SAP,Intermediate,24,tag,4.5,HIGH,MEDIUM,7.762,1
1043,Research & Development,Manufacturing Director,Microsoft PowerPoint,Learn Microsoft PowerPoint,C012,Presenting Data to Decision Makers,LinkedIn Learning,Beginner,10,tag,4.5,HIGH,MEDIUM,7.762,2
1043,Research & Development,Manufacturing Director,Microsoft Excel,Learn Microsoft Excel,C010,Advanced Spreadsheet Modelling,Microsoft Learn,Intermediate,12,tag,4.5,HIGH,MEDIUM,7.762,3
1044,Sales,Sales Representative,Microsoft Excel,Learn Microsoft Excel,C010,Advanced Spreadsheet Modelling,Microsoft Learn,Intermediate,12,tag,4.5,HIGH,LOW,6.75,1
1044,Sales,Sales Representative,Microsoft Office,Learn Microsoft Office,C013,Productivity Suite Fundamentals,Microsoft Learn,Beginner,10,tag,4.5,HIGH,LOW,6.75,2
1044,Sales,Sales Representative,Speaking,Learn Speaking,C036,Listening and Influence at Work,LinkedIn Learning,Beginner,6,tag,3.88,HIGH,LOW,5.82,3
1045,Sales,Manager,Microsoft Office,Learn Microsoft Office,C013,Productivity Suite Fundamentals,Microsoft Learn,Beginner,10,tag,4.5,HIGH,LOW,6.75,1
1045,Sales,Manager,Monitoring,Learn Monitoring,C039,Performance Tracking and Review,LinkedIn Learning,Beginner,6,tag,4.0,HIGH,LOW,6.0,2
1045,Sales,Manager,Reading Comprehension,Learn Reading Comprehension,C035,Business Writing for Clarity,LinkedIn Learning,Beginner,8,tag,4.0,HIGH,LOW,6.0,3
1046,Research & Development,Laboratory Technician,Microsoft Excel,Learn Microsoft Excel,C010,Advanced Spreadsheet Modelling,Microsoft Learn,Intermediate,12,tag,4.5,HIGH,MEDIUM,7.762,1
1046,Research & Development,Laboratory Technician,Microsoft Office,Learn Microsoft Office,C013,Productivity Suite Fundamentals,Microsoft Learn,Beginner,10,tag,4.5,HIGH,MEDIUM,7.762,2
1046,Research & Development,Laboratory Technician,Reading Comprehension,Learn Reading Comprehension,C035,Business Writing for Clarity,LinkedIn Learning,Beginner,8,tag,3.75,HIGH,MEDIUM,6.469,3
1047,Sales,Sales Executive,Microsoft PowerPoint,Learn Microsoft PowerPoint,C012,Presenting Data to Decision Makers,LinkedIn Learning,Beginner,10,tag,4.5,HIGH,LOW,6.75,1
1047,Sales,Sales Executive,Salesforce,Learn Salesforce,C026,Managing the Customer Pipeline,Trailhead,Beginner,16,tag,4.5,HIGH,LOW,6.75,2
1047,Sales,Sales Executive,Microsoft Outlook,Learn Microsoft Outlook,C013,Productivity Suite Fundamentals,Microsoft Learn,Beginner,10,tag,4.5,HIGH,LOW,6.75,3
1048,Sales,Manager,Microsoft Excel,Learn Microsoft Excel,C010,Advanced Spreadsheet Modelling,Microsoft Learn,Intermediate,12,tag,4.5,HIGH,MEDIUM,7.762,1
1048,Sales,Manager,Microsoft Office,Learn Microsoft Office,C013,Productivity Suite Fundamentals,Microsoft Learn,Beginner,10,tag,4.5,HIGH,MEDIUM,7.762,2
1048,Sales,Manager,Active Listening,Learn Active Listening,C015,Running Effective Remote Meetings,LinkedIn Learning,Beginner,6,tag,4.0,HIGH,MEDIUM,6.9,3
1049,Human Resources,Human Resources,Microsoft PowerPoint,Learn Microsoft PowerPoint,C012,Presenting Data to Decision Makers,LinkedIn Learning,Beginner,10,tag,4.5,HIGH,MEDIUM,7.762,1
1049,Human Resources,Human Resources,Microsoft Excel,Learn Microsoft Excel,C010,Advanced Spreadsheet Modelling,Microsoft Learn,Intermediate,12,tag,4.5,HIGH,MEDIUM,7.762,2
1049,Human Resources,Human Resources,Speaking,Learn Speaking,C036,Listening and Influence at Work,LinkedIn Learning,Beginner,6,tag,4.12,HIGH,MEDIUM,7.107,3
1050,Sales,Sales Executive,Adobe Creative Cloud,Learn Adobe Creative Cloud,C020,Digital Image Editing Foundations,Adobe,Beginner,16,tag,3.5,HIGH,LOW,5.25,1
1050,Sales,Sales Executive,Adobe InDesign,Learn Adobe InDesign,C022,Layout and Publication Design,Adobe,Intermediate,14,tag,3.5,HIGH,LOW,5.25,2
1050,Sales,Sales Executive,Critical Thinking,Learn Critical Thinking,C033,Structured Problem Solving,Coursera,Intermediate,12,tag,3.5,HIGH,LOW,5.25,3
1052,Research & Development,Laboratory Technician,Microsoft Excel,Learn Microsoft Excel,C010,Advanced Spreadsheet Modelling,Microsoft Learn,Intermediate,12,tag,4.5,HIGH,HIGH,9.45,1
1052,Research & Development,Laboratory Technician,SAP,Learn SAP,C029,Enterprise Resource Planning Essentials,SAP,Intermediate,24,tag,3.5,HIGH,HIGH,7.35,2
1052,Research & Development,Laboratory Technician,Microsoft PowerPoint,Learn Microsoft PowerPoint,C012,Presenting Data to Decision Makers,LinkedIn Learning,Beginner,10,tag,3.5,HIGH,HIGH,7.35,3
1053,Research & Development,Research Scientist,Microsoft Excel,Learn Microsoft Excel,C010,Advanced Spreadsheet Modelling,Microsoft Learn,Intermediate,12,tag,4.5,HIGH,HIGH,9.45,1
1053,Research & Development,Research Scientist,Writing,Learn Writing,C035,Business Writing for Clarity,LinkedIn Learning,Beginner,8,tag,4.25,HIGH,HIGH,8.925,2
1053,Research & Development,Research Scientist,Science,Learn Science,C038,Scientific Method in Practice,edX,Intermediate,14,tag,4.12,HIGH,HIGH,8.652,3
1055,Sales,Sales Representative,Speaking,Learn Speaking,C036,Listening and Influence at Work,LinkedIn Learning,Beginner,6,tag,3.88,HIGH,HIGH,8.148,1
1055,Sales,Sales Representative,Active Listening,Learn Active Listening,C015,Running Effective Remote Meetings,LinkedIn Learning,Beginner,6,tag,3.88,HIGH,HIGH,8.148,2
1055,Sales,Sales Representative,Reading Comprehension,Learn Reading Comprehension,C035,Business Writing for Clarity,LinkedIn Learning,Beginner,8,tag,3.62,HIGH,HIGH,7.602,3
1056,Sales,Sales Representative,Microsoft Excel,Learn Microsoft Excel,C010,Advanced Spreadsheet Modelling,Microsoft Learn,Intermediate,12,tag,4.5,HIGH,HIGH,9.45,1
1056,Sales,Sales Representative,Microsoft Office,Learn Microsoft Office,C013,Productivity Suite Fundamentals,Microsoft Learn,Beginner,10,tag,4.5,HIGH,HIGH,9.45,2
1056,Sales,Sales Representative,Salesforce,Learn Salesforce,C026,Managing the Customer Pipeline,Trailhead,Beginner,16,tag,4.5,HIGH,HIGH,9.45,3
1060,Research & Development,Research Scientist,Microsoft Excel,Learn Microsoft Excel,C010,Advanced Spreadsheet Modelling,Microsoft Learn,Intermediate,12,tag,4.5,HIGH,LOW,6.75,1
1060,Research & Development,Research Scientist,Microsoft Office,Learn Microsoft Office,C013,Productivity Suite Fundamentals,Microsoft Learn,Beginner,10,tag,4.5,HIGH,LOW,6.75,2
1060,Research & Development,Research Scientist,Science,Learn Science,C038,Scientific Method in Practice,edX,Intermediate,14,tag,4.12,HIGH,LOW,6.18,3
1061,Research & Development,Research Director,Speaking,Learn Speaking,C036,Listening and Influence at Work,LinkedIn Learning,Beginner,6,tag,3.88,HIGH,LOW,5.82,1
1061,Research & Development,Research Director,Active Learning,Learn Active Learning,C034,Learning How to Learn,Coursera,Beginner,8,tag,3.5,HIGH,LOW,5.25,2
1061,Research & Development,Research Director,ESRI ArcGIS,Learn ESRI ArcGIS,C025,Spatial Analysis and Mapping,ESRI,Intermediate,22,tag,3.5,HIGH,LOW,5.25,3
1062,Research & Development,Healthcare Representative,Speaking,Learn Speaking,C036,Listening and Influence at Work,LinkedIn Learning,Beginner,6,tag,4.25,HIGH,LOW,6.375,1
1062,Research & Development,Healthcare Representative,Active Listening,Learn Active Listening,C015,Running Effective Remote Meetings,LinkedIn Learning,Beginner,6,tag,4.12,HIGH,LOW,6.18,2
1062,Research & Development,Healthcare Representative,Reading Comprehension,Learn Reading Comprehension,C035,Business Writing for Clarity,LinkedIn Learning,Beginner,8,tag,3.75,HIGH,LOW,5.625,3
1066,Sales,Sales Executive,Microsoft Excel,Learn Microsoft Excel,C010,Advanced Spreadsheet Modelling,Microsoft Learn,Intermediate,12,tag,4.5,HIGH,HIGH,9.45,1
1066,Sales,Sales Executive,Speaking,Learn Speaking,C036,Listening and Influence at Work,LinkedIn Learning,Beginner,6,tag,4.0,HIGH,HIGH,8.4,2
1066,Sales,Sales Executive,Active Listening,Learn Active Listening,C015,Running Effective Remote Meetings,LinkedIn Learning,Beginner,6,tag,4.0,HIGH,HIGH,8.4,3
1068,Research & Development,Research Scientist,Microsoft Excel,Learn Microsoft Excel,C010,Advanced Spreadsheet Modelling,Microsoft Learn,Intermediate,12,tag,4.5,HIGH,LOW,6.75,1
1068,Research & Development,Research Scientist,R,Learn R,C002,Statistical Programming in R,Coursera,Intermediate,24,tag,4.5,HIGH,LOW,6.75,2
1068,Research & Development,Research Scientist,Microsoft Office,Learn Microsoft Office,C013,Productivity Suite Fundamentals,Microsoft Learn,Beginner,10,tag,4.5,HIGH,LOW,6.75,3
1069,Research & Development,Research Director,Critical Thinking,Learn Critical Thinking,C033,Structured Problem Solving,Coursera,Intermediate,12,tag,4.0,HIGH,LOW,6.0,1
1069,Research & Development,Research Director,Speaking,Learn Speaking,C036,Listening and Influence at Work,LinkedIn Learning,Beginner,6,tag,3.88,HIGH,LOW,5.82,2
1069,Research & Development,Research Director,Active Learning,Learn Active Learning,C034,Learning How to Learn,Coursera,Beginner,8,tag,3.5,HIGH,LOW,5.25,3
1070,Sales,Sales Executive,Microsoft Excel,Learn Microsoft Excel,C010,Advanced Spreadsheet Modelling,Microsoft Learn,Intermediate,12,tag,4.5,HIGH,MEDIUM,7.762,1
1070,Sales,Sales Executive,Salesforce,Learn Salesforce,C026,Managing the Customer Pipeline,Trailhead,Beginner,16,tag,4.5,HIGH,MEDIUM,7.762,2
1070,Sales,Sales Executive,Speaking,Learn Speaking,C036,Listening and Influence at Work,LinkedIn Learning,Beginner,6,tag,4.0,HIGH,MEDIUM,6.9,3
1071,Research & Development,Research Scientist,Microsoft Excel,Learn Microsoft Excel,C010,Advanced Spreadsheet Modelling,Microsoft Learn,Intermediate,12,tag,4.5,HIGH,LOW,6.75,1
1071,Research & Development,Research Scientist,Writing,Learn Writing,C035,Business Writing for Clarity,LinkedIn Learning,Beginner,8,tag,4.25,HIGH,LOW,6.375,2
1071,Research & Development,Research Scientist,Science,Learn Science,C038,Scientific Method in Practice,edX,Intermediate,14,tag,4.12,HIGH,LOW,6.18,3
1073,Research & Development,Manufacturing Director,SAP,Learn SAP,C029,Enterprise Resource Planning Essentials,SAP,Intermediate,24,tag,4.5,HIGH,LOW,6.75,1
1073,Research & Development,Manufacturing Director,Microsoft Office,Learn Microsoft Office,C013,Productivity Suite Fundamentals,Microsoft Learn,Beginner,10,tag,4.5,HIGH,LOW,6.75,2
1073,Research & Development,Manufacturing Director,Monitoring,Learn Monitoring,C039,Performance Tracking and Review,LinkedIn Learning,Beginner,6,tag,4.0,HIGH,LOW,6.0,3
1074,Research & Development,Manager,Microsoft Excel,Learn Microsoft Excel,C010,Advanced Spreadsheet Modelling,Microsoft Learn,Intermediate,12,tag,4.5,HIGH,LOW,6.75,1
1074,Research & Development,Manager,Monitoring,Learn Monitoring,C039,Performance Tracking and Review,LinkedIn Learning,Beginner,6,tag,4.0,HIGH,LOW,6.0,2
1074,Research & Development,Manager,Speaking,Learn Speaking,C036,Listening and Influence at Work,LinkedIn Learning,Beginner,6,tag,4.0,HIGH,LOW,6.0,3
1076,Sales,Sales Executive,Microsoft PowerPoint,Learn Microsoft PowerPoint,C012,Presenting Data to Decision Makers,LinkedIn Learning,Beginner,10,tag,4.5,HIGH,LOW,6.75,1
1076,Sales,Sales Executive,Microsoft Excel,Learn Microsoft Excel,C010,Advanced Spreadsheet Modelling,Microsoft Learn,Intermediate,12,tag,4.5,HIGH,LOW,6.75,2
1076,Sales,Sales Executive,Salesforce,Learn Salesforce,C026,Managing the Customer Pipeline,Trailhead,Beginner,16,tag,4.5,HIGH,LOW,6.75,3
1077,Sales,Sales Representative,Microsoft Excel,Learn Microsoft Excel,C010,Advanced Spreadsheet Modelling,Microsoft Learn,Intermediate,12,tag,4.5,HIGH,HIGH,9.45,1
1077,Sales,Sales Representative,Speaking,Learn Speaking,C036,Listening and Influence at Work,LinkedIn Learning,Beginner,6,tag,3.88,HIGH,HIGH,8.148,2
1077,Sales,Sales Representative,IBM SPSS Statistics,Learn IBM SPSS Statistics,C003,Applied Statistics with SPSS,IBM SkillsBuild,Beginner,16,tag,3.5,HIGH,HIGH,7.35,3
1079,Research & Development,Laboratory Technician,Microsoft Excel,Learn Microsoft Excel,C010,Advanced Spreadsheet Modelling,Microsoft Learn,Intermediate,12,tag,4.5,HIGH,HIGH,9.45,1
1079,Research & Development,Laboratory Technician,Microsoft Office,Learn Microsoft Office,C013,Productivity Suite Fundamentals,Microsoft Learn,Beginner,10,tag,4.5,HIGH,HIGH,9.45,2
1079,Research & Development,Laboratory Technician,Reading Comprehension,Learn Reading Comprehension,C035,Business Writing for Clarity,LinkedIn Learning,Beginner,8,tag,3.75,HIGH,HIGH,7.875,3
1080,Research & Development,Research Scientist,Microsoft Excel,Learn Microsoft Excel,C010,Advanced Spreadsheet Modelling,Microsoft Learn,Intermediate,12,tag,4.5,HIGH,LOW,6.75,1
1080,Research & Development,Research Scientist,Active Learning,Learn Active Learning,C034,Learning How to Learn,Coursera,Beginner,8,tag,4.12,HIGH,LOW,6.18,2
1080,Research & Development,Research Scientist,Critical Thinking,Learn Critical Thinking,C033,Structured Problem Solving,Coursera,Intermediate,12,tag,4.0,HIGH,LOW,6.0,3
1081,Research & Development,Research Scientist,Microsoft Excel,Learn Microsoft Excel,C010,Advanced Spreadsheet Modelling,Microsoft Learn,Intermediate,12,tag,4.5,HIGH,LOW,6.75,1
1081,Research & Development,Research Scientist,Science,Learn Science,C038,Scientific Method in Practice,edX,Intermediate,14,tag,4.12,HIGH,LOW,6.18,2
1081,Research & Development,Research Scientist,Active Learning,Learn Active Learning,C034,Learning How to Learn,Coursera,Beginner,8,tag,4.12,HIGH,LOW,6.18,3
1082,Research & Development,Healthcare Representative,Microsoft Excel,Learn Microsoft Excel,C010,Advanced Spreadsheet Modelling,Microsoft Learn,Intermediate,12,tag,4.5,HIGH,MEDIUM,7.762,1
1082,Research & Development,Healthcare Representative,Salesforce,Learn Salesforce,C026,Managing the Customer Pipeline,Trailhead,Beginner,16,tag,4.5,HIGH,MEDIUM,7.762,2
1082,Research & Development,Healthcare Representative,Microsoft Outlook,Learn Microsoft Outlook,C013,Productivity Suite Fundamentals,Microsoft Learn,Beginner,10,tag,4.5,HIGH,MEDIUM,7.762,3
1083,Research & Development,Laboratory Technician,Microsoft Excel,Learn Microsoft Excel,C010,Advanced Spreadsheet Modelling,Microsoft Learn,Intermediate,12,tag,4.5,HIGH,HIGH,9.45,1
1083,Research & Development,Laboratory Technician,Reading Comprehension,Learn Reading Comprehension,C035,Business Writing for Clarity,LinkedIn Learning,Beginner,8,tag,3.75,HIGH,HIGH,7.875,2
1083,Research & Development,Laboratory Technician,SAP,Learn SAP,C029,Enterprise Resource Planning Essentials,SAP,Intermediate,24,tag,3.5,HIGH,HIGH,7.35,3
1084,Research & Development,Manufacturing Director,Microsoft PowerPoint,Learn Microsoft PowerPoint,C012,Presenting Data to Decision Makers,LinkedIn Learning,Beginner,10,tag,4.5,HIGH,LOW,6.75,1
1084,Research & Development,Manufacturing Director,Microsoft Excel,Learn Microsoft Excel,C010,Advanced Spreadsheet Modelling,Microsoft Learn,Intermediate,12,tag,4.5,HIGH,LOW,6.75,2
1084,Research & Development,Manufacturing Director,Microsoft Outlook,Learn Microsoft Outlook,C013,Productivity Suite Fundamentals,Microsoft Learn,Beginner,10,tag,4.5,HIGH,LOW,6.75,3
1085,Research & Development,Research Scientist,Microsoft Excel,Learn Microsoft Excel,C010,Advanced Spreadsheet Modelling,Microsoft Learn,Intermediate,12,tag,4.5,HIGH,LOW,6.75,1
1085,Research & Development,Research Scientist,R,Learn R,C002,Statistical Programming in R,Coursera,Intermediate,24,tag,4.5,HIGH,LOW,6.75,2
1085,Research & Development,Research Scientist,Microsoft Office,Learn Microsoft Office,C013,Productivity Suite Fundamentals,Microsoft Learn,Beginner,10,tag,4.5,HIGH,LOW,6.75,3
1088,Research & Development,Healthcare Representative,Microsoft Excel,Learn Microsoft Excel,C010,Advanced Spreadsheet Modelling,Microsoft Learn,Intermediate,12,tag,4.5,HIGH,LOW,6.75,1
1088,Research & Development,Healthcare Representative,Salesforce,Learn Salesforce,C026,Managing the Customer Pipeline,Trailhead,Beginner,16,tag,4.5,HIGH,LOW,6.75,2
1088,Research & Development,Healthcare Representative,Microsoft Outlook,Learn Microsoft Outlook,C013,Productivity Suite Fundamentals,Microsoft Learn,Beginner,10,tag,4.5,HIGH,LOW,6.75,3
1092,Research & Development,Healthcare Representative,Microsoft Excel,Learn Microsoft Excel,C010,Advanced Spreadsheet Modelling,Microsoft Learn,Intermediate,12,tag,4.5,HIGH,MEDIUM,7.762,1
1092,Research & Development,Healthcare Representative,Salesforce,Learn Salesforce,C026,Managing the Customer Pipeline,Trailhead,Beginner,16,tag,4.5,HIGH,MEDIUM,7.762,2
1092,Research & Development,Healthcare Representative,Reading Comprehension,Learn Reading Comprehension,C035,Business Writing for Clarity,LinkedIn Learning,Beginner,8,tag,3.75,HIGH,MEDIUM,6.469,3
1094,Research & Development,Laboratory Technician,Microsoft Excel,Learn Microsoft Excel,C010,Advanced Spreadsheet Modelling,Microsoft Learn,Intermediate,12,tag,4.5,HIGH,LOW,6.75,1
1094,Research & Development,Laboratory Technician,Reading Comprehension,Learn Reading Comprehension,C035,Business Writing for Clarity,LinkedIn Learning,Beginner,8,tag,3.75,HIGH,LOW,5.625,2
1094,Research & Development,Laboratory Technician,Microsoft PowerPoint,Learn Microsoft PowerPoint,C012,Presenting Data to Decision Makers,LinkedIn Learning,Beginner,10,tag,3.5,HIGH,LOW,5.25,3
1096,Research & Development,Manufacturing Director,SAP,Learn SAP,C029,Enterprise Resource Planning Essentials,SAP,Intermediate,24,tag,4.5,HIGH,LOW,6.75,1
1096,Research & Development,Manufacturing Director,Microsoft PowerPoint,Learn Microsoft PowerPoint,C012,Presenting Data to Decision Makers,LinkedIn Learning,Beginner,10,tag,4.5,HIGH,LOW,6.75,2
1096,Research & Development,Manufacturing Director,Microsoft Excel,Learn Microsoft Excel,C010,Advanced Spreadsheet Modelling,Microsoft Learn,Intermediate,12,tag,4.5,HIGH,LOW,6.75,3
1097,Research & Development,Research Scientist,Microsoft Office,Learn Microsoft Office,C013,Productivity Suite Fundamentals,Microsoft Learn,Beginner,10,tag,4.5,HIGH,LOW,6.75,1
1097,Research & Development,Research Scientist,Writing,Learn Writing,C035,Business Writing for Clarity,LinkedIn Learning,Beginner,8,tag,4.25,HIGH,LOW,6.375,2
1097,Research & Development,Research Scientist,Science,Learn Science,C038,Scientific Method in Practice,edX,Intermediate,14,tag,4.12,HIGH,LOW,6.18,3
1098,Human Resources,Human Resources,Microsoft Excel,Learn Microsoft Excel,C010,Advanced Spreadsheet Modelling,Microsoft Learn,Intermediate,12,tag,4.5,HIGH,MEDIUM,7.762,1
1098,Human Resources,Human Resources,Microsoft Office,Learn Microsoft Office,C013,Productivity Suite Fundamentals,Microsoft Learn,Beginner,10,tag,4.5,HIGH,MEDIUM,7.762,2
1098,Human Resources,Human Resources,Microsoft Outlook,Learn Microsoft Outlook,C013,Productivity Suite Fundamentals,Microsoft Learn,Beginner,10,tag,4.5,HIGH,MEDIUM,7.762,3
1099,Research & Development,Healthcare Representative,Salesforce,Learn Salesforce,C026,Managing the Customer Pipeline,Trailhead,Beginner,16,tag,4.5,HIGH,LOW,6.75,1
1099,Research & Development,Healthcare Representative,Microsoft Outlook,Learn Microsoft Outlook,C013,Productivity Suite Fundamentals,Microsoft Learn,Beginner,10,tag,4.5,HIGH,LOW,6.75,2
1099,Research & Development,Healthcare Representative,Active Listening,Learn Active Listening,C015,Running Effective Remote Meetings,LinkedIn Learning,Beginner,6,tag,4.12,HIGH,LOW,6.18,3
1100,Sales,Sales Executive,Microsoft Excel,Learn Microsoft Excel,C010,Advanced Spreadsheet Modelling,Microsoft Learn,Intermediate,12,tag,4.5,HIGH,HIGH,9.45,1
1100,Sales,Sales Executive,Microsoft Office,Learn Microsoft Office,C013,Productivity Suite Fundamentals,Microsoft Learn,Beginner,10,tag,4.5,HIGH,HIGH,9.45,2
1100,Sales,Sales Executive,Salesforce,Learn Salesforce,C026,Managing the Customer Pipeline,Trailhead,Beginner,16,tag,4.5,HIGH,HIGH,9.45,3
1101,Research & Development,Research Scientist,R,Learn R,C002,Statistical Programming in R,Coursera,Intermediate,24,tag,4.5,HIGH,MEDIUM,7.762,1
1101,Research & Development,Research Scientist,Science,Learn Science,C038,Scientific Method in Practice,edX,Intermediate,14,tag,4.12,HIGH,MEDIUM,7.107,2
1101,Research & Development,Research Scientist,Reading Comprehension,Learn Reading Comprehension,C035,Business Writing for Clarity,LinkedIn Learning,Beginner,8,tag,4.0,HIGH,MEDIUM,6.9,3
1102,Research & Development,Laboratory Technician,Microsoft Excel,Learn Microsoft Excel,C010,Advanced Spreadsheet Modelling,Microsoft Learn,Intermediate,12,tag,4.5,HIGH,MEDIUM,7.762,1
1102,Research & Development,Laboratory Technician,Active Listening,Learn Active Listening,C015,Running Effective Remote Meetings,LinkedIn Learning,Beginner,6,tag,3.62,HIGH,MEDIUM,6.244,2
1102,Research & Development,Laboratory Technician,Microsoft PowerPoint,Learn Microsoft PowerPoint,C012,Presenting Data to Decision Makers,LinkedIn Learning,Beginner,10,tag,3.5,HIGH,MEDIUM,6.037,3
1103,Research & Development,Healthcare Representative,Microsoft Excel,Learn Microsoft Excel,C010,Advanced Spreadsheet Modelling,Microsoft Learn,Intermediate,12,tag,4.5,HIGH,LOW,6.75,1
1103,Research & Development,Healthcare Representative,Salesforce,Learn Salesforce,C026,Managing the Customer Pipeline,Trailhead,Beginner,16,tag,4.5,HIGH,LOW,6.75,2
1103,Research & Development,Healthcare Representative,Microsoft Outlook,Learn Microsoft Outlook,C013,Productivity Suite Fundamentals,Microsoft Learn,Beginner,10,tag,4.5,HIGH,LOW,6.75,3
1105,Sales,Sales Executive,Microsoft PowerPoint,Learn Microsoft PowerPoint,C012,Presenting Data to Decision Makers,LinkedIn Learning,Beginner,10,tag,4.5,HIGH,LOW,6.75,1
1105,Sales,Sales Executive,Microsoft Excel,Learn Microsoft Excel,C010,Advanced Spreadsheet Modelling,Microsoft Learn,Intermediate,12,tag,4.5,HIGH,LOW,6.75,2
1105,Sales,Sales Executive,Microsoft Office,Learn Microsoft Office,C013,Productivity Suite Fundamentals,Microsoft Learn,Beginner,10,tag,4.5,HIGH,LOW,6.75,3
1106,Research & Development,Laboratory Technician,Microsoft Excel,Learn Microsoft Excel,C010,Advanced Spreadsheet Modelling,Microsoft Learn,Intermediate,12,tag,4.5,HIGH,MEDIUM,7.762,1
1106,Research & Development,Laboratory Technician,Microsoft Office,Learn Microsoft Office,C013,Productivity Suite Fundamentals,Microsoft Learn,Beginner,10,tag,4.5,HIGH,MEDIUM,7.762,2
1106,Research & Development,Laboratory Technician,Reading Comprehension,Learn Reading Comprehension,C035,Business Writing for Clarity,LinkedIn Learning,Beginner,8,tag,3.75,HIGH,MEDIUM,6.469,3
1107,Research & Development,Laboratory Technician,Microsoft Office,Learn Microsoft Office,C013,Productivity Suite Fundamentals,Microsoft Learn,Beginner,10,tag,4.5,HIGH,HIGH,9.45,1
1107,Research & Development,Laboratory Technician,Active Listening,Learn Active Listening,C015,Running Effective Remote Meetings,LinkedIn Learning,Beginner,6,tag,3.62,HIGH,HIGH,7.602,2
1107,Research & Development,Laboratory Technician,SAP,Learn SAP,C029,Enterprise Resource Planning Essentials,SAP,Intermediate,24,tag,3.5,HIGH,HIGH,7.35,3
1108,Research & Development,Research Scientist,R,Learn R,C002,Statistical Programming in R,Coursera,Intermediate,24,tag,4.5,HIGH,HIGH,9.45,1
1108,Research & Development,Research Scientist,Science,Learn Science,C038,Scientific Method in Practice,edX,Intermediate,14,tag,4.12,HIGH,HIGH,8.652,2
1108,Research & Development,Research Scientist,Speaking,Learn Speaking,C036,Listening and Influence at Work,LinkedIn Learning,Beginner,6,tag,4.12,HIGH,HIGH,8.652,3
1109,Research & Development,Manager,Microsoft Excel,Learn Microsoft Excel,C010,Advanced Spreadsheet Modelling,Microsoft Learn,Intermediate,12,tag,4.5,HIGH,LOW,6.75,1
1109,Research & Development,Manager,Reading Comprehension,Learn Reading Comprehension,C035,Business Writing for Clarity,LinkedIn Learning,Beginner,8,tag,4.0,HIGH,LOW,6.0,2
1109,Research & Development,Manager,Active Learning,Learn Active Learning,C034,Learning How to Learn,Coursera,Beginner,8,tag,3.62,HIGH,LOW,5.43,3
1111,Research & Development,Laboratory Technician,Microsoft Excel,Learn Microsoft Excel,C010,Advanced Spreadsheet Modelling,Microsoft Learn,Intermediate,12,tag,4.5,HIGH,HIGH,9.45,1
1111,Research & Development,Laboratory Technician,Microsoft Office,Learn Microsoft Office,C013,Productivity Suite Fundamentals,Microsoft Learn,Beginner,10,tag,4.5,HIGH,HIGH,9.45,2
1111,Research & Development,Laboratory Technician,Reading Comprehension,Learn Reading Comprehension,C035,Business Writing for Clarity,LinkedIn Learning,Beginner,8,tag,3.75,HIGH,HIGH,7.875,3
1113,Sales,Sales Executive,Salesforce,Learn Salesforce,C026,Managing the Customer Pipeline,Trailhead,Beginner,16,tag,4.5,HIGH,HIGH,9.45,1
1113,Sales,Sales Executive,Microsoft Outlook,Learn Microsoft Outlook,C013,Productivity Suite Fundamentals,Microsoft Learn,Beginner,10,tag,4.5,HIGH,HIGH,9.45,2
1113,Sales,Sales Executive,Speaking,Learn Speaking,C036,Listening and Influence at Work,LinkedIn Learning,Beginner,6,tag,4.0,HIGH,HIGH,8.4,3
1114,Sales,Sales Executive,Microsoft PowerPoint,Learn Microsoft PowerPoint,C012,Presenting Data to Decision Makers,LinkedIn Learning,Beginner,10,tag,4.5,HIGH,LOW,6.75,1
1114,Sales,Sales Executive,Salesforce,Learn Salesforce,C026,Managing the Customer Pipeline,Trailhead,Beginner,16,tag,4.5,HIGH,LOW,6.75,2
1114,Sales,Sales Executive,Microsoft Outlook,Learn Microsoft Outlook,C013,Productivity Suite Fundamentals,Microsoft Learn,Beginner,10,tag,4.5,HIGH,LOW,6.75,3
1115,Research & Development,Research Scientist,Microsoft Office,Learn Microsoft Office,C013,Productivity Suite Fundamentals,Microsoft Learn,Beginner,10,tag,4.5,HIGH,LOW,6.75,1
1115,Research & Development,Research Scientist,Writing,Learn Writing,C035,Business Writing for Clarity,LinkedIn Learning,Beginner,8,tag,4.25,HIGH,LOW,6.375,2
1115,Research & Development,Research Scientist,Speaking,Learn Speaking,C036,Listening and Influence at Work,LinkedIn Learning,Beginner,6,tag,4.12,HIGH,LOW,6.18,3
1116,Research & Development,Manager,Microsoft Excel,Learn Microsoft Excel,C010,Advanced Spreadsheet Modelling,Microsoft Learn,Intermediate,12,tag,4.5,HIGH,LOW,6.75,1
1116,Research & Development,Manager,Critical Thinking,Learn Critical Thinking,C033,Structured Problem Solving,Coursera,Intermediate,12,tag,3.88,HIGH,LOW,5.82,2
1116,Research & Development,Manager,Active Learning,Learn Active Learning,C034,Learning How to Learn,Coursera,Beginner,8,tag,3.62,HIGH,LOW,5.43,3
1117,Sales,Sales Executive,Active Listening,Learn Active Listening,C015,Running Effective Remote Meetings,LinkedIn Learning,Beginner,6,tag,4.0,HIGH,LOW,6.0,1
1117,Sales,Sales Executive,Adobe Creative Cloud,Learn Adobe Creative Cloud,C020,Digital Image Editing Foundations,Adobe,Beginner,16,tag,3.5,HIGH,LOW,5.25,2
1117,Sales,Sales Executive,Adobe InDesign,Learn Adobe InDesign,C022,Layout and Publication Design,Adobe,Intermediate,14,tag,3.5,HIGH,LOW,5.25,3
1118,Research & Development,Healthcare Representative,Microsoft Excel,Learn Microsoft Excel,C010,Advanced Spreadsheet Modelling,Microsoft Learn,Intermediate,12,tag,4.5,HIGH,LOW,6.75,1
1118,Research & Development,Healthcare Representative,Salesforce,Learn Salesforce,C026,Managing the Customer Pipeline,Trailhead,Beginner,16,tag,4.5,HIGH,LOW,6.75,2
1118,Research & Development,Healthcare Representative,Microsoft Outlook,Learn Microsoft Outlook,C013,Productivity Suite Fundamentals,Microsoft Learn,Beginner,10,tag,4.5,HIGH,LOW,6.75,3
1119,Sales,Sales Executive,Microsoft Excel,Learn Microsoft Excel,C010,Advanced Spreadsheet Modelling,Microsoft Learn,Intermediate,12,tag,4.5,HIGH,LOW,6.75,1
1119,Sales,Sales Executive,Microsoft Office,Learn Microsoft Office,C013,Productivity Suite Fundamentals,Microsoft Learn,Beginner,10,tag,4.5,HIGH,LOW,6.75,2
1119,Sales,Sales Executive,Speaking,Learn Speaking,C036,Listening and Influence at Work,LinkedIn Learning,Beginner,6,tag,4.0,HIGH,LOW,6.0,3
1120,Research & Development,Research Scientist,R,Learn R,C002,Statistical Programming in R,Coursera,Intermediate,24,tag,4.5,HIGH,LOW,6.75,1
1120,Research & Development,Research Scientist,Microsoft Office,Learn Microsoft Office,C013,Productivity Suite Fundamentals,Microsoft Learn,Beginner,10,tag,4.5,HIGH,LOW,6.75,2
1120,Research & Development,Research Scientist,Science,Learn Science,C038,Scientific Method in Practice,edX,Intermediate,14,tag,4.12,HIGH,LOW,6.18,3
1121,Research & Development,Manufacturing Director,SAP,Learn SAP,C029,Enterprise Resource Planning Essentials,SAP,Intermediate,24,tag,4.5,HIGH,LOW,6.75,1
1121,Research & Development,Manufacturing Director,Microsoft Excel,Learn Microsoft Excel,C010,Advanced Spreadsheet Modelling,Microsoft Learn,Intermediate,12,tag,4.5,HIGH,LOW,6.75,2
1121,Research & Development,Manufacturing Director,Monitoring,Learn Monitoring,C039,Performance Tracking and Review,LinkedIn Learning,Beginner,6,tag,4.0,HIGH,LOW,6.0,3
1124,Sales,Manager,Microsoft PowerPoint,Learn Microsoft PowerPoint,C012,Presenting Data to Decision Makers,LinkedIn Learning,Beginner,10,tag,4.5,HIGH,LOW,6.75,1
1124,Sales,Manager,Microsoft Office,Learn Microsoft Office,C013,Productivity Suite Fundamentals,Microsoft Learn,Beginner,10,tag,4.5,HIGH,LOW,6.75,2
1124,Sales,Manager,Monitoring,Learn Monitoring,C039,Performance Tracking and Review,LinkedIn Learning,Beginner,6,tag,4.0,HIGH,LOW,6.0,3
1125,Sales,Sales Executive,Microsoft PowerPoint,Learn Microsoft PowerPoint,C012,Presenting Data to Decision Makers,LinkedIn Learning,Beginner,10,tag,4.5,HIGH,HIGH,9.45,1
1125,Sales,Sales Executive,Microsoft Excel,Learn Microsoft Excel,C010,Advanced Spreadsheet Modelling,Microsoft Learn,Intermediate,12,tag,4.5,HIGH,HIGH,9.45,2
1125,Sales,Sales Executive,Microsoft Office,Learn Microsoft Office,C013,Productivity Suite Fundamentals,Microsoft Learn,Beginner,10,tag,4.5,HIGH,HIGH,9.45,3
1126,Research & Development,Manufacturing Director,Microsoft PowerPoint,Learn Microsoft PowerPoint,C012,Presenting Data to Decision Makers,LinkedIn Learning,Beginner,10,tag,4.5,HIGH,MEDIUM,7.762,1
1126,Research & Development,Manufacturing Director,Microsoft Excel,Learn Microsoft Excel,C010,Advanced Spreadsheet Modelling,Microsoft Learn,Intermediate,12,tag,4.5,HIGH,MEDIUM,7.762,2
1126,Research & Development,Manufacturing Director,Monitoring,Learn Monitoring,C039,Performance Tracking and Review,LinkedIn Learning,Beginner,6,tag,4.0,HIGH,MEDIUM,6.9,3
1127,Research & Development,Healthcare Representative,Salesforce,Learn Salesforce,C026,Managing the Customer Pipeline,Trailhead,Beginner,16,tag,4.5,HIGH,MEDIUM,7.762,1
1127,Research & Development,Healthcare Representative,Monitoring,Learn Monitoring,C039,Performance Tracking and Review,LinkedIn Learning,Beginner,6,tag,3.12,HIGH,MEDIUM,5.382,2
1127,Research & Development,Healthcare Representative,Mathematics,Learn Mathematics,C037,Quantitative Reasoning for Professionals,Khan Academy,Beginner,16,tag,2.88,HIGH,MEDIUM,4.968,3
1128,Research & Development,Research Director,Microsoft PowerPoint,Learn Microsoft PowerPoint,C012,Presenting Data to Decision Makers,LinkedIn Learning,Beginner,10,tag,4.5,HIGH,LOW,6.75,1
1128,Research & Development,Research Director,Microsoft Excel,Learn Microsoft Excel,C010,Advanced Spreadsheet Modelling,Microsoft Learn,Intermediate,12,tag,4.5,HIGH,LOW,6.75,2
1128,Research & Development,Research Director,Active Listening,Learn Active Listening,C015,Running Effective Remote Meetings,LinkedIn Learning,Beginner,6,tag,4.0,HIGH,LOW,6.0,3
1131,Research & Development,Research Scientist,R,Learn R,C002,Statistical Programming in R,Coursera,Intermediate,24,tag,4.5,HIGH,HIGH,9.45,1
1131,Research & Development,Research Scientist,Active Learning,Learn Active Learning,C034,Learning How to Learn,Coursera,Beginner,8,tag,4.12,HIGH,HIGH,8.652,2
1131,Research & Development,Research Scientist,Critical Thinking,Learn Critical Thinking,C033,Structured Problem Solving,Coursera,Intermediate,12,tag,4.0,HIGH,HIGH,8.4,3
1132,Research & Development,Laboratory Technician,Microsoft Excel,Learn Microsoft Excel,C010,Advanced Spreadsheet Modelling,Microsoft Learn,Intermediate,12,tag,4.5,HIGH,MEDIUM,7.762,1
1132,Research & Development,Laboratory Technician,SAP,Learn SAP,C029,Enterprise Resource Planning Essentials,SAP,Intermediate,24,tag,3.5,HIGH,MEDIUM,6.037,2
1132,Research & Development,Laboratory Technician,Microsoft PowerPoint,Learn Microsoft PowerPoint,C012,Presenting Data to Decision Makers,LinkedIn Learning,Beginner,10,tag,3.5,HIGH,MEDIUM,6.037,3
1133,Research & Development,Manufacturing Director,SAP,Learn SAP,C029,Enterprise Resource Planning Essentials,SAP,Intermediate,24,tag,4.5,HIGH,LOW,6.75,1
1133,Research & Development,Manufacturing Director,Microsoft Excel,Learn Microsoft Excel,C010,Advanced Spreadsheet Modelling,Microsoft Learn,Intermediate,12,tag,4.5,HIGH,LOW,6.75,2
1133,Research & Development,Manufacturing Director,Monitoring,Learn Monitoring,C039,Performance Tracking and Review,LinkedIn Learning,Beginner,6,tag,4.0,HIGH,LOW,6.0,3
1135,Sales,Sales Representative,Microsoft Excel,Learn Microsoft Excel,C010,Advanced Spreadsheet Modelling,Microsoft Learn,Intermediate,12,tag,4.5,HIGH,MEDIUM,7.762,1
1135,Sales,Sales Representative,Salesforce,Learn Salesforce,C026,Managing the Customer Pipeline,Trailhead,Beginner,16,tag,4.5,HIGH,MEDIUM,7.762,2
1135,Sales,Sales Representative,Active Listening,Learn Active Listening,C015,Running Effective Remote Meetings,LinkedIn Learning,Beginner,6,tag,3.88,HIGH,MEDIUM,6.693,3
1136,Research & Development,Research Scientist,Microsoft Excel,Learn Microsoft Excel,C010,Advanced Spreadsheet Modelling,Microsoft Learn,Intermediate,12,tag,4.5,HIGH,LOW,6.75,1
1136,Research & Development,Research Scientist,Writing,Learn Writing,C035,Business Writing for Clarity,LinkedIn Learning,Beginner,8,tag,4.25,HIGH,LOW,6.375,2
1136,Research & Development,Research Scientist,Science,Learn Science,C038,Scientific Method in Practice,edX,Intermediate,14,tag,4.12,HIGH,LOW,6.18,3
1137,Sales,Sales Executive,Microsoft PowerPoint,Learn Microsoft PowerPoint,C012,Presenting Data to Decision Makers,LinkedIn Learning,Beginner,10,tag,4.5,HIGH,LOW,6.75,1
1137,Sales,Sales Executive,Microsoft Office,Learn Microsoft Office,C013,Productivity Suite Fundamentals,Microsoft Learn,Beginner,10,tag,4.5,HIGH,LOW,6.75,2
1137,Sales,Sales Executive,Salesforce,Learn Salesforce,C026,Managing the Customer Pipeline,Trailhead,Beginner,16,tag,4.5,HIGH,LOW,6.75,3
1138,Sales,Sales Executive,Microsoft Excel,Learn Microsoft Excel,C010,Advanced Spreadsheet Modelling,Microsoft Learn,Intermediate,12,tag,4.5,HIGH,MEDIUM,7.762,1
1138,Sales,Sales Executive,Microsoft Office,Learn Microsoft Office,C013,Productivity Suite Fundamentals,Microsoft Learn,Beginner,10,tag,4.5,HIGH,MEDIUM,7.762,2
1138,Sales,Sales Executive,Salesforce,Learn Salesforce,C026,Managing the Customer Pipeline,Trailhead,Beginner,16,tag,4.5,HIGH,MEDIUM,7.762,3
1140,Research & Development,Manufacturing Director,SAP,Learn SAP,C029,Enterprise Resource Planning Essentials,SAP,Intermediate,24,tag,4.5,HIGH,LOW,6.75,1
1140,Research & Development,Manufacturing Director,Microsoft PowerPoint,Learn Microsoft PowerPoint,C012,Presenting Data to Decision Makers,LinkedIn Learning,Beginner,10,tag,4.5,HIGH,LOW,6.75,2
1140,Research & Development,Manufacturing Director,Microsoft Excel,Learn Microsoft Excel,C010,Advanced Spreadsheet Modelling,Microsoft Learn,Intermediate,12,tag,4.5,HIGH,LOW,6.75,3
1143,Research & Development,Research Scientist,Microsoft Excel,Learn Microsoft Excel,C010,Advanced Spreadsheet Modelling,Microsoft Learn,Intermediate,12,tag,4.5,HIGH,LOW,6.75,1
1143,Research & Development,Research Scientist,R,Learn R,C002,Statistical Programming in R,Coursera,Intermediate,24,tag,4.5,HIGH,LOW,6.75,2
1143,Research & Development,Research Scientist,Microsoft Office,Learn Microsoft Office,C013,Productivity Suite Fundamentals,Microsoft Learn,Beginner,10,tag,4.5,HIGH,LOW,6.75,3
1148,Research & Development,Laboratory Technician,Microsoft Office,Learn Microsoft Office,C013,Productivity Suite Fundamentals,Microsoft Learn,Beginner,10,tag,4.5,HIGH,HIGH,9.45,1
1148,Research & Development,Laboratory Technician,Reading Comprehension,Learn Reading Comprehension,C035,Business Writing for Clarity,LinkedIn Learning,Beginner,8,tag,3.75,HIGH,HIGH,7.875,2
1148,Research & Development,Laboratory Technician,Active Listening,Learn Active Listening,C015,Running Effective Remote Meetings,LinkedIn Learning,Beginner,6,tag,3.62,HIGH,HIGH,7.602,3
1150,Research & Development,Manufacturing Director,Microsoft PowerPoint,Learn Microsoft PowerPoint,C012,Presenting Data to Decision Makers,LinkedIn Learning,Beginner,10,tag,4.5,HIGH,MEDIUM,7.762,1
1150,Research & Development,Manufacturing Director,Microsoft Excel,Learn Microsoft Excel,C010,Advanced Spreadsheet Modelling,Microsoft Learn,Intermediate,12,tag,4.5,HIGH,MEDIUM,7.762,2
1150,Research & Development,Manufacturing Director,Microsoft Office,Learn Microsoft Office,C013,Productivity Suite Fundamentals,Microsoft Learn,Beginner,10,tag,4.5,HIGH,MEDIUM,7.762,3
1152,Human Resources,Human Resources,Microsoft Excel,Learn Microsoft Excel,C010,Advanced Spreadsheet Modelling,Microsoft Learn,Intermediate,12,tag,4.5,HIGH,LOW,6.75,1
1152,Human Resources,Human Resources,Microsoft Office,Learn Microsoft Office,C013,Productivity Suite Fundamentals,Microsoft Learn,Beginner,10,tag,4.5,HIGH,LOW,6.75,2
1152,Human Resources,Human Resources,Microsoft Outlook,Learn Microsoft Outlook,C013,Productivity Suite Fundamentals,Microsoft Learn,Beginner,10,tag,4.5,HIGH,LOW,6.75,3
1154,Research & Development,Research Scientist,Speaking,Learn Speaking,C036,Listening and Influence at Work,LinkedIn Learning,Beginner,6,tag,4.12,HIGH,MEDIUM,7.107,1
1154,Research & Development,Research Scientist,Critical Thinking,Learn Critical Thinking,C033,Structured Problem Solving,Coursera,Intermediate,12,tag,4.0,HIGH,MEDIUM,6.9,2
1154,Research & Development,Research Scientist,Reading Comprehension,Learn Reading Comprehension,C035,Business Writing for Clarity,LinkedIn Learning,Beginner,8,tag,4.0,HIGH,MEDIUM,6.9,3
1156,Research & Development,Laboratory Technician,Microsoft Excel,Learn Microsoft Excel,C010,Advanced Spreadsheet Modelling,Microsoft Learn,Intermediate,12,tag,4.5,HIGH,HIGH,9.45,1
1156,Research & Development,Laboratory Technician,Microsoft Office,Learn Microsoft Office,C013,Productivity Suite Fundamentals,Microsoft Learn,Beginner,10,tag,4.5,HIGH,HIGH,9.45,2
1156,Research & Development,Laboratory Technician,Reading Comprehension,Learn Reading Comprehension,C035,Business Writing for Clarity,LinkedIn Learning,Beginner,8,tag,3.75,HIGH,HIGH,7.875,3
1157,Sales,Sales Executive,Microsoft Excel,Learn Microsoft Excel,C010,Advanced Spreadsheet Modelling,Microsoft Learn,Intermediate,12,tag,4.5,HIGH,HIGH,9.45,1
1157,Sales,Sales Executive,Salesforce,Learn Salesforce,C026,Managing the Customer Pipeline,Trailhead,Beginner,16,tag,4.5,HIGH,HIGH,9.45,2
1157,Sales,Sales Executive,Microsoft Outlook,Learn Microsoft Outlook,C013,Productivity Suite Fundamentals,Microsoft Learn,Beginner,10,tag,4.5,HIGH,HIGH,9.45,3
1158,Research & Development,Laboratory Technician,Microsoft Excel,Learn Microsoft Excel,C010,Advanced Spreadsheet Modelling,Microsoft Learn,Intermediate,12,tag,4.5,HIGH,HIGH,9.45,1
1158,Research & Development,Laboratory Technician,Reading Comprehension,Learn Reading Comprehension,C035,Business Writing for Clarity,LinkedIn Learning,Beginner,8,tag,3.75,HIGH,HIGH,7.875,2
1158,Research & Development,Laboratory Technician,Active Listening,Learn Active Listening,C015,Running Effective Remote Meetings,LinkedIn Learning,Beginner,6,tag,3.62,HIGH,HIGH,7.602,3
1160,Research & Development,Laboratory Technician,Microsoft Excel,Learn Microsoft Excel,C010,Advanced Spreadsheet Modelling,Microsoft Learn,Intermediate,12,tag,4.5,HIGH,MEDIUM,7.762,1
1160,Research & Development,Laboratory Technician,Microsoft Office,Learn Microsoft Office,C013,Productivity Suite Fundamentals,Microsoft Learn,Beginner,10,tag,4.5,HIGH,MEDIUM,7.762,2
1160,Research & Development,Laboratory Technician,Reading Comprehension,Learn Reading Comprehension,C035,Business Writing for Clarity,LinkedIn Learning,Beginner,8,tag,3.75,HIGH,MEDIUM,6.469,3
1161,Research & Development,Healthcare Representative,Microsoft Office,Learn Microsoft Office,C013,Productivity Suite Fundamentals,Microsoft Learn,Beginner,10,tag,4.5,HIGH,LOW,6.75,1
1161,Research & Development,Healthcare Representative,Microsoft Outlook,Learn Microsoft Outlook,C013,Productivity Suite Fundamentals,Microsoft Learn,Beginner,10,tag,4.5,HIGH,LOW,6.75,2
1161,Research & Development,Healthcare Representative,Speaking,Learn Speaking,C036,Listening and Influence at Work,LinkedIn Learning,Beginner,6,tag,4.25,HIGH,LOW,6.375,3
1162,Research & Development,Research Scientist,Microsoft Excel,Learn Microsoft Excel,C010,Advanced Spreadsheet Modelling,Microsoft Learn,Intermediate,12,tag,4.5,HIGH,LOW,6.75,1
1162,Research & Development,Research Scientist,Writing,Learn Writing,C035,Business Writing for Clarity,LinkedIn Learning,Beginner,8,tag,4.25,HIGH,LOW,6.375,2
1162,Research & Development,Research Scientist,Critical Thinking,Learn Critical Thinking,C033,Structured Problem Solving,Coursera,Intermediate,12,tag,4.0,HIGH,LOW,6.0,3
1163,Sales,Sales Executive,Microsoft PowerPoint,Learn Microsoft PowerPoint,C012,Presenting Data to Decision Makers,LinkedIn Learning,Beginner,10,tag,4.5,HIGH,LOW,6.75,1
1163,Sales,Sales Executive,Microsoft Office,Learn Microsoft Office,C013,Productivity Suite Fundamentals,Microsoft Learn,Beginner,10,tag,4.5,HIGH,LOW,6.75,2
1163,Sales,Sales Executive,Microsoft Outlook,Learn Microsoft Outlook,C013,Productivity Suite Fundamentals,Microsoft Learn,Beginner,10,tag,4.5,HIGH,LOW,6.75,3
1164,Human Resources,Human Resources,Microsoft Outlook,Learn Microsoft Outlook,C013,Productivity Suite Fundamentals,Microsoft Learn,Beginner,10,tag,4.5,HIGH,MEDIUM,7.762,1
1164,Human Resources,Human Resources,Speaking,Learn Speaking,C036,Listening and Influence at Work,LinkedIn Learning,Beginner,6,tag,4.12,HIGH,MEDIUM,7.107,2
1164,Human Resources,Human Resources,Writing,Learn Writing,C035,Business Writing for Clarity,LinkedIn Learning,Beginner,8,tag,3.88,HIGH,MEDIUM,6.693,3
1165,Sales,Sales Executive,Salesforce,Learn Salesforce,C026,Managing the Customer Pipeline,Trailhead,Beginner,16,tag,4.5,HIGH,HIGH,9.45,1
1165,Sales,Sales Executive,Speaking,Learn Speaking,C036,Listening and Influence at Work,LinkedIn Learning,Beginner,6,tag,4.0,HIGH,HIGH,8.4,2
1165,Sales,Sales Executive,Active Listening,Learn Active Listening,C015,Running Effective Remote Meetings,LinkedIn Learning,Beginner,6,tag,4.0,HIGH,HIGH,8.4,3
1166,Research & Development,Research Director,Microsoft PowerPoint,Learn Microsoft PowerPoint,C012,Presenting Data to Decision Makers,LinkedIn Learning,Beginner,10,tag,4.5,HIGH,LOW,6.75,1
1166,Research & Development,Research Director,Microsoft Excel,Learn Microsoft Excel,C010,Advanced Spreadsheet Modelling,Microsoft Learn,Intermediate,12,tag,4.5,HIGH,LOW,6.75,2
1166,Research & Development,Research Director,Active Listening,Learn Active Listening,C015,Running Effective Remote Meetings,LinkedIn Learning,Beginner,6,tag,4.0,HIGH,LOW,6.0,3
1167,Sales,Sales Executive,Microsoft PowerPoint,Learn Microsoft PowerPoint,C012,Presenting Data to Decision Makers,LinkedIn Learning,Beginner,10,tag,4.5,HIGH,HIGH,9.45,1
1167,Sales,Sales Executive,Microsoft Excel,Learn Microsoft Excel,C010,Advanced Spreadsheet Modelling,Microsoft Learn,Intermediate,12,tag,4.5,HIGH,HIGH,9.45,2
1167,Sales,Sales Executive,Microsoft Office,Learn Microsoft Office,C013,Productivity Suite Fundamentals,Microsoft Learn,Beginner,10,tag,4.5,HIGH,HIGH,9.45,3
1171,Sales,Sales Executive,Microsoft PowerPoint,Learn Microsoft PowerPoint,C012,Presenting Data to Decision Makers,LinkedIn Learning,Beginner,10,tag,4.5,HIGH,MEDIUM,7.762,1
1171,Sales,Sales Executive,Microsoft Excel,Learn Microsoft Excel,C010,Advanced Spreadsheet Modelling,Microsoft Learn,Intermediate,12,tag,4.5,HIGH,MEDIUM,7.762,2
1171,Sales,Sales Executive,Microsoft Office,Learn Microsoft Office,C013,Productivity Suite Fundamentals,Microsoft Learn,Beginner,10,tag,4.5,HIGH,MEDIUM,7.762,3
1172,Research & Development,Laboratory Technician,Microsoft Excel,Learn Microsoft Excel,C010,Advanced Spreadsheet Modelling,Microsoft Learn,Intermediate,12,tag,4.5,HIGH,LOW,6.75,1
1172,Research & Development,Laboratory Technician,SAP,Learn SAP,C029,Enterprise Resource Planning Essentials,SAP,Intermediate,24,tag,3.5,HIGH,LOW,5.25,2
1172,Research & Development,Laboratory Technician,MEDITECH,Learn MEDITECH,C032,Clinical Records and Patient Data Systems,HIMSS,Intermediate,18,tag,3.5,HIGH,LOW,5.25,3
1173,Research & Development,Laboratory Technician,Microsoft Office,Learn Microsoft Office,C013,Productivity Suite Fundamentals,Microsoft Learn,Beginner,10,tag,4.5,HIGH,HIGH,9.45,1
1173,Research & Development,Laboratory Technician,Microsoft Word,Learn Microsoft Word,C011,Business Documents That Get Read,LinkedIn Learning,Beginner,8,tag,3.5,HIGH,HIGH,7.35,2
1173,Research & Development,Laboratory Technician,MEDITECH,Learn MEDITECH,C032,Clinical Records and Patient Data Systems,HIMSS,Intermediate,18,tag,3.5,HIGH,HIGH,7.35,3
1175,Research & Development,Laboratory Technician,Active Listening,Learn Active Listening,C015,Running Effective Remote Meetings,LinkedIn Learning,Beginner,6,tag,3.62,HIGH,HIGH,7.602,1
1175,Research & Development,Laboratory Technician,SAP,Learn SAP,C029,Enterprise Resource Planning Essentials,SAP,Intermediate,24,tag,3.5,HIGH,HIGH,7.35,2
1175,Research & Development,Laboratory Technician,Microsoft PowerPoint,Learn Microsoft PowerPoint,C012,Presenting Data to Decision Makers,LinkedIn Learning,Beginner,10,tag,3.5,HIGH,HIGH,7.35,3
1177,Research & Development,Laboratory Technician,Microsoft Excel,Learn Microsoft Excel,C010,Advanced Spreadsheet Modelling,Microsoft Learn,Intermediate,12,tag,4.5,HIGH,LOW,6.75,1
1177,Research & Development,Laboratory Technician,Active Listening,Learn Active Listening,C015,Running Effective Remote Meetings,LinkedIn Learning,Beginner,6,tag,3.62,HIGH,LOW,5.43,2
1177,Research & Development,Laboratory Technician,SAP,Learn SAP,C029,Enterprise Resource Planning Essentials,SAP,Intermediate,24,tag,3.5,HIGH,LOW,5.25,3
1179,Sales,Sales Executive,Microsoft PowerPoint,Learn Microsoft PowerPoint,C012,Presenting Data to Decision Makers,LinkedIn Learning,Beginner,10,tag,4.5,HIGH,LOW,6.75,1
1179,Sales,Sales Executive,Microsoft Excel,Learn Microsoft Excel,C010,Advanced Spreadsheet Modelling,Microsoft Learn,Intermediate,12,tag,4.5,HIGH,LOW,6.75,2
1179,Sales,Sales Executive,Microsoft Office,Learn Microsoft Office,C013,Productivity Suite Fundamentals,Microsoft Learn,Beginner,10,tag,4.5,HIGH,LOW,6.75,3
1180,Research & Development,Research Scientist,Microsoft Excel,Learn Microsoft Excel,C010,Advanced Spreadsheet Modelling,Microsoft Learn,Intermediate,12,tag,4.5,HIGH,HIGH,9.45,1
1180,Research & Development,Research Scientist,Speaking,Learn Speaking,C036,Listening and Influence at Work,LinkedIn Learning,Beginner,6,tag,4.12,HIGH,HIGH,8.652,2
1180,Research & Development,Research Scientist,Critical Thinking,Learn Critical Thinking,C033,Structured Problem Solving,Coursera,Intermediate,12,tag,4.0,HIGH,HIGH,8.4,3
1182,Research & Development,Manufacturing Director,Microsoft PowerPoint,Learn Microsoft PowerPoint,C012,Presenting Data to Decision Makers,LinkedIn Learning,Beginner,10,tag,4.5,HIGH,LOW,6.75,1
1182,Research & Development,Manufacturing Director,Microsoft Excel,Learn Microsoft Excel,C010,Advanced Spreadsheet Modelling,Microsoft Learn,Intermediate,12,tag,4.5,HIGH,LOW,6.75,2
1182,Research & Development,Manufacturing Director,Microsoft Office,Learn Microsoft Office,C013,Productivity Suite Fundamentals,Microsoft Learn,Beginner,10,tag,4.5,HIGH,LOW,6.75,3
1184,Research & Development,Healthcare Representative,Salesforce,Learn Salesforce,C026,Managing the Customer Pipeline,Trailhead,Beginner,16,tag,4.5,HIGH,LOW,6.75,1
1184,Research & Development,Healthcare Representative,Microsoft Outlook,Learn Microsoft Outlook,C013,Productivity Suite Fundamentals,Microsoft Learn,Beginner,10,tag,4.5,HIGH,LOW,6.75,2
1184,Research & Development,Healthcare Representative,Active Listening,Learn Active Listening,C015,Running Effective Remote Meetings,LinkedIn Learning,Beginner,6,tag,4.12,HIGH,LOW,6.18,3
1185,Research & Development,Laboratory Technician,Microsoft Excel,Learn Microsoft Excel,C010,Advanced Spreadsheet Modelling,Microsoft Learn,Intermediate,12,tag,4.5,HIGH,LOW,6.75,1
1185,Research & Development,Laboratory Technician,Microsoft Office,Learn Microsoft Office,C013,Productivity Suite Fundamentals,Microsoft Learn,Beginner,10,tag,4.5,HIGH,LOW,6.75,2
1185,Research & Development,Laboratory Technician,Reading Comprehension,Learn Reading Comprehension,C035,Business Writing for Clarity,LinkedIn Learning,Beginner,8,tag,3.75,HIGH,LOW,5.625,3
1188,Sales,Sales Executive,Microsoft PowerPoint,Learn Microsoft PowerPoint,C012,Presenting Data to Decision Makers,LinkedIn Learning,Beginner,10,tag,4.5,HIGH,HIGH,9.45,1
1188,Sales,Sales Executive,Microsoft Outlook,Learn Microsoft Outlook,C013,Productivity Suite Fundamentals,Microsoft Learn,Beginner,10,tag,4.5,HIGH,HIGH,9.45,2
1188,Sales,Sales Executive,Active Listening,Learn Active Listening,C015,Running Effective Remote Meetings,LinkedIn Learning,Beginner,6,tag,4.0,HIGH,HIGH,8.4,3
1190,Sales,Sales Representative,Microsoft Office,Learn Microsoft Office,C013,Productivity Suite Fundamentals,Microsoft Learn,Beginner,10,tag,4.5,HIGH,LOW,6.75,1
1190,Sales,Sales Representative,Active Listening,Learn Active Listening,C015,Running Effective Remote Meetings,LinkedIn Learning,Beginner,6,tag,3.88,HIGH,LOW,5.82,2
1190,Sales,Sales Representative,Speaking,Learn Speaking,C036,Listening and Influence at Work,LinkedIn Learning,Beginner,6,tag,3.88,HIGH,LOW,5.82,3
1191,Research & Development,Manager,Microsoft PowerPoint,Learn Microsoft PowerPoint,C012,Presenting Data to Decision Makers,LinkedIn Learning,Beginner,10,tag,4.5,HIGH,LOW,6.75,1
1191,Research & Development,Manager,Microsoft Office,Learn Microsoft Office,C013,Productivity Suite Fundamentals,Microsoft Learn,Beginner,10,tag,4.5,HIGH,LOW,6.75,2
1191,Research & Development,Manager,Speaking,Learn Speaking,C036,Listening and Influence at Work,LinkedIn Learning,Beginner,6,tag,4.0,HIGH,LOW,6.0,3
1192,Research & Development,Laboratory Technician,Microsoft Excel,Learn Microsoft Excel,C010,Advanced Spreadsheet Modelling,Microsoft Learn,Intermediate,12,tag,4.5,HIGH,LOW,6.75,1
1192,Research & Development,Laboratory Technician,Reading Comprehension,Learn Reading Comprehension,C035,Business Writing for Clarity,LinkedIn Learning,Beginner,8,tag,3.75,HIGH,LOW,5.625,2
1192,Research & Development,Laboratory Technician,Active Listening,Learn Active Listening,C015,Running Effective Remote Meetings,LinkedIn Learning,Beginner,6,tag,3.62,HIGH,LOW,5.43,3
1193,Research & Development,Research Scientist,R,Learn R,C002,Statistical Programming in R,Coursera,Intermediate,24,tag,4.5,HIGH,MEDIUM,7.762,1
1193,Research & Development,Research Scientist,Microsoft Office,Learn Microsoft Office,C013,Productivity Suite Fundamentals,Microsoft Learn,Beginner,10,tag,4.5,HIGH,MEDIUM,7.762,2
1193,Research & Development,Research Scientist,Writing,Learn Writing,C035,Business Writing for Clarity,LinkedIn Learning,Beginner,8,tag,4.25,HIGH,MEDIUM,7.331,3
1195,Research & Development,Research Scientist,Microsoft Excel,Learn Microsoft Excel,C010,Advanced Spreadsheet Modelling,Microsoft Learn,Intermediate,12,tag,4.5,HIGH,LOW,6.75,1
1195,Research & Development,Research Scientist,R,Learn R,C002,Statistical Programming in R,Coursera,Intermediate,24,tag,4.5,HIGH,LOW,6.75,2
1195,Research & Development,Research Scientist,Microsoft Office,Learn Microsoft Office,C013,Productivity Suite Fundamentals,Microsoft Learn,Beginner,10,tag,4.5,HIGH,LOW,6.75,3
1196,Research & Development,Manufacturing Director,SAP,Learn SAP,C029,Enterprise Resource Planning Essentials,SAP,Intermediate,24,tag,4.5,HIGH,LOW,6.75,1
1196,Research & Development,Manufacturing Director,Microsoft PowerPoint,Learn Microsoft PowerPoint,C012,Presenting Data to Decision Makers,LinkedIn Learning,Beginner,10,tag,4.5,HIGH,LOW,6.75,2
1196,Research & Development,Manufacturing Director,Microsoft Excel,Learn Microsoft Excel,C010,Advanced Spreadsheet Modelling,Microsoft Learn,Intermediate,12,tag,4.5,HIGH,LOW,6.75,3
1198,Research & Development,Laboratory Technician,Microsoft Office,Learn Microsoft Office,C013,Productivity Suite Fundamentals,Microsoft Learn,Beginner,10,tag,4.5,HIGH,HIGH,9.45,1
1198,Research & Development,Laboratory Technician,Reading Comprehension,Learn Reading Comprehension,C035,Business Writing for Clarity,LinkedIn Learning,Beginner,8,tag,3.75,HIGH,HIGH,7.875,2
1198,Research & Development,Laboratory Technician,Active Listening,Learn Active Listening,C015,Running Effective Remote Meetings,LinkedIn Learning,Beginner,6,tag,3.62,HIGH,HIGH,7.602,3
1200,Research & Development,Research Scientist,Microsoft Office,Learn Microsoft Office,C013,Productivity Suite Fundamentals,Microsoft Learn,Beginner,10,tag,4.5,HIGH,MEDIUM,7.762,1
1200,Research & Development,Research Scientist,Science,Learn Science,C038,Scientific Method in Practice,edX,Intermediate,14,tag,4.12,HIGH,MEDIUM,7.107,2
1200,Research & Development,Research Scientist,Active Learning,Learn Active Learning,C034,Learning How to Learn,Coursera,Beginner,8,tag,4.12,HIGH,MEDIUM,7.107,3
1201,Research & Development,Manager,Microsoft Excel,Learn Microsoft Excel,C010,Advanced Spreadsheet Modelling,Microsoft Learn,Intermediate,12,tag,4.5,HIGH,LOW,6.75,1
1201,Research & Development,Manager,Microsoft Office,Learn Microsoft Office,C013,Productivity Suite Fundamentals,Microsoft Learn,Beginner,10,tag,4.5,HIGH,LOW,6.75,2
1201,Research & Development,Manager,Monitoring,Learn Monitoring,C039,Performance Tracking and Review,LinkedIn Learning,Beginner,6,tag,4.0,HIGH,LOW,6.0,3
1202,Research & Development,Research Scientist,Microsoft Excel,Learn Microsoft Excel,C010,Advanced Spreadsheet Modelling,Microsoft Learn,Intermediate,12,tag,4.5,HIGH,MEDIUM,7.762,1
1202,Research & Development,Research Scientist,Microsoft Office,Learn Microsoft Office,C013,Productivity Suite Fundamentals,Microsoft Learn,Beginner,10,tag,4.5,HIGH,MEDIUM,7.762,2
1202,Research & Development,Research Scientist,Writing,Learn Writing,C035,Business Writing for Clarity,LinkedIn Learning,Beginner,8,tag,4.25,HIGH,MEDIUM,7.331,3
1203,Research & Development,Research Scientist,R,Learn R,C002,Statistical Programming in R,Coursera,Intermediate,24,tag,4.5,HIGH,HIGH,9.45,1
1203,Research & Development,Research Scientist,Writing,Learn Writing,C035,Business Writing for Clarity,LinkedIn Learning,Beginner,8,tag,4.25,HIGH,HIGH,8.925,2
1203,Research & Development,Research Scientist,Science,Learn Science,C038,Scientific Method in Practice,edX,Intermediate,14,tag,4.12,HIGH,HIGH,8.652,3
1204,Sales,Manager,Microsoft PowerPoint,Learn Microsoft PowerPoint,C012,Presenting Data to Decision Makers,LinkedIn Learning,Beginner,10,tag,4.5,HIGH,HIGH,9.45,1
1204,Sales,Manager,Microsoft Office,Learn Microsoft Office,C013,Productivity Suite Fundamentals,Microsoft Learn,Beginner,10,tag,4.5,HIGH,HIGH,9.45,2
1204,Sales,Manager,Apple macOS,Learn Apple macOS,C040,Operating Systems for End Users,Apple,Beginner,6,tag,3.5,HIGH,HIGH,7.35,3
1206,Research & Development,Research Scientist,Microsoft Excel,Learn Microsoft Excel,C010,Advanced Spreadsheet Modelling,Microsoft Learn,Intermediate,12,tag,4.5,HIGH,LOW,6.75,1
1206,Research & Development,Research Scientist,Writing,Learn Writing,C035,Business Writing for Clarity,LinkedIn Learning,Beginner,8,tag,4.25,HIGH,LOW,6.375,2
1206,Research & Development,Research Scientist,Science,Learn Science,C038,Scientific Method in Practice,edX,Intermediate,14,tag,4.12,HIGH,LOW,6.18,3
1207,Human Resources,Human Resources,Microsoft Excel,Learn Microsoft Excel,C010,Advanced Spreadsheet Modelling,Microsoft Learn,Intermediate,12,tag,4.5,HIGH,LOW,6.75,1
1207,Human Resources,Human Resources,Speaking,Learn Speaking,C036,Listening and Influence at Work,LinkedIn Learning,Beginner,6,tag,4.12,HIGH,LOW,6.18,2
1207,Human Resources,Human Resources,Reading Comprehension,Learn Reading Comprehension,C035,Business Writing for Clarity,LinkedIn Learning,Beginner,8,tag,4.0,HIGH,LOW,6.0,3
1210,Research & Development,Research Scientist,Microsoft Excel,Learn Microsoft Excel,C010,Advanced Spreadsheet Modelling,Microsoft Learn,Intermediate,12,tag,4.5,HIGH,MEDIUM,7.762,1
1210,Research & Development,Research Scientist,R,Learn R,C002,Statistical Programming in R,Coursera,Intermediate,24,tag,4.5,HIGH,MEDIUM,7.762,2
1210,Research & Development,Research Scientist,Microsoft Office,Learn Microsoft Office,C013,Productivity Suite Fundamentals,Microsoft Learn,Beginner,10,tag,4.5,HIGH,MEDIUM,7.762,3
1211,Sales,Sales Executive,Microsoft PowerPoint,Learn Microsoft PowerPoint,C012,Presenting Data to Decision Makers,LinkedIn Learning,Beginner,10,tag,4.5,HIGH,LOW,6.75,1
1211,Sales,Sales Executive,Microsoft Excel,Learn Microsoft Excel,C010,Advanced Spreadsheet Modelling,Microsoft Learn,Intermediate,12,tag,4.5,HIGH,LOW,6.75,2
1211,Sales,Sales Executive,Adobe InDesign,Learn Adobe InDesign,C022,Layout and Publication Design,Adobe,Intermediate,14,tag,3.5,HIGH,LOW,5.25,3
1212,Sales,Sales Executive,Microsoft PowerPoint,Learn Microsoft PowerPoint,C012,Presenting Data to Decision Makers,LinkedIn Learning,Beginner,10,tag,4.5,HIGH,MEDIUM,7.762,1
1212,Sales,Sales Executive,Microsoft Office,Learn Microsoft Office,C013,Productivity Suite Fundamentals,Microsoft Learn,Beginner,10,tag,4.5,HIGH,MEDIUM,7.762,2
1212,Sales,Sales Executive,Microsoft Outlook,Learn Microsoft Outlook,C013,Productivity Suite Fundamentals,Microsoft Learn,Beginner,10,tag,4.5,HIGH,MEDIUM,7.762,3
1215,Research & Development,Manager,Microsoft PowerPoint,Learn Microsoft PowerPoint,C012,Presenting Data to Decision Makers,LinkedIn Learning,Beginner,10,tag,4.5,HIGH,LOW,6.75,1
1215,Research & Development,Manager,Monitoring,Learn Monitoring,C039,Performance Tracking and Review,LinkedIn Learning,Beginner,6,tag,4.0,HIGH,LOW,6.0,2
1215,Research & Development,Manager,Active Listening,Learn Active Listening,C015,Running Effective Remote Meetings,LinkedIn Learning,Beginner,6,tag,4.0,HIGH,LOW,6.0,3
1216,Research & Development,Laboratory Technician,Reading Comprehension,Learn Reading Comprehension,C035,Business Writing for Clarity,LinkedIn Learning,Beginner,8,tag,3.75,HIGH,MEDIUM,6.469,1
1216,Research & Development,Laboratory Technician,SAP,Learn SAP,C029,Enterprise Resource Planning Essentials,SAP,Intermediate,24,tag,3.5,HIGH,MEDIUM,6.037,2
1216,Research & Development,Laboratory Technician,Microsoft PowerPoint,Learn Microsoft PowerPoint,C012,Presenting Data to Decision Makers,LinkedIn Learning,Beginner,10,tag,3.5,HIGH,MEDIUM,6.037,3
1217,Research & Development,Research Director,Microsoft PowerPoint,Learn Microsoft PowerPoint,C012,Presenting Data to Decision Makers,LinkedIn Learning,Beginner,10,tag,4.5,HIGH,LOW,6.75,1
1217,Research & Development,Research Director,Science,Learn Science,C038,Scientific Method in Practice,edX,Intermediate,14,tag,4.12,HIGH,LOW,6.18,2
1217,Research & Development,Research Director,Critical Thinking,Learn Critical Thinking,C033,Structured Problem Solving,Coursera,Intermediate,12,tag,4.0,HIGH,LOW,6.0,3
1218,Sales,Sales Executive,Microsoft Excel,Learn Microsoft Excel,C010,Advanced Spreadsheet Modelling,Microsoft Learn,Intermediate,12,tag,4.5,HIGH,LOW,6.75,1
1218,Sales,Sales Executive,Salesforce,Learn Salesforce,C026,Managing the Customer Pipeline,Trailhead,Beginner,16,tag,4.5,HIGH,LOW,6.75,2
1218,Sales,Sales Executive,Microsoft Outlook,Learn Microsoft Outlook,C013,Productivity Suite Fundamentals,Microsoft Learn,Beginner,10,tag,4.5,HIGH,LOW,6.75,3
1219,Research & Development,Laboratory Technician,Microsoft Excel,Learn Microsoft Excel,C010,Advanced Spreadsheet Modelling,Microsoft Learn,Intermediate,12,tag,4.5,HIGH,HIGH,9.45,1
1219,Research & Development,Laboratory Technician,Microsoft Office,Learn Microsoft Office,C013,Productivity Suite Fundamentals,Microsoft Learn,Beginner,10,tag,4.5,HIGH,HIGH,9.45,2
1219,Research & Development,Laboratory Technician,Active Listening,Learn Active Listening,C015,Running Effective Remote Meetings,LinkedIn Learning,Beginner,6,tag,3.62,HIGH,HIGH,7.602,3
1220,Sales,Sales Executive,Microsoft PowerPoint,Learn Microsoft PowerPoint,C012,Presenting Data to Decision Makers,LinkedIn Learning,Beginner,10,tag,4.5,HIGH,MEDIUM,7.762,1
1220,Sales,Sales Executive,Salesforce,Learn Salesforce,C026,Managing the Customer Pipeline,Trailhead,Beginner,16,tag,4.5,HIGH,MEDIUM,7.762,2
1220,Sales,Sales Executive,Microsoft Outlook,Learn Microsoft Outlook,C013,Productivity Suite Fundamentals,Microsoft Learn,Beginner,10,tag,4.5,HIGH,MEDIUM,7.762,3
1221,Research & Development,Laboratory Technician,Microsoft Excel,Learn Microsoft Excel,C010,Advanced Spreadsheet Modelling,Microsoft Learn,Intermediate,12,tag,4.5,HIGH,LOW,6.75,1
1221,Research & Development,Laboratory Technician,Active Listening,Learn Active Listening,C015,Running Effective Remote Meetings,LinkedIn Learning,Beginner,6,tag,3.62,HIGH,LOW,5.43,2
1221,Research & Development,Laboratory Technician,Microsoft Word,Learn Microsoft Word,C011,Business Documents That Get Read,LinkedIn Learning,Beginner,8,tag,3.5,HIGH,LOW,5.25,3
1224,Research & Development,Laboratory Technician,Microsoft Excel,Learn Microsoft Excel,C010,Advanced Spreadsheet Modelling,Microsoft Learn,Intermediate,12,tag,4.5,HIGH,LOW,6.75,1
1224,Research & Development,Laboratory Technician,Microsoft Office,Learn Microsoft Office,C013,Productivity Suite Fundamentals,Microsoft Learn,Beginner,10,tag,4.5,HIGH,LOW,6.75,2
1224,Research & Development,Laboratory Technician,Reading Comprehension,Learn Reading Comprehension,C035,Business Writing for Clarity,LinkedIn Learning,Beginner,8,tag,3.75,HIGH,LOW,5.625,3
1225,Research & Development,Research Scientist,Writing,Learn Writing,C035,Business Writing for Clarity,LinkedIn Learning,Beginner,8,tag,4.25,HIGH,LOW,6.375,1
1225,Research & Development,Research Scientist,Active Learning,Learn Active Learning,C034,Learning How to Learn,Coursera,Beginner,8,tag,4.12,HIGH,LOW,6.18,2
1225,Research & Development,Research Scientist,Active Listening,Learn Active Listening,C015,Running Effective Remote Meetings,LinkedIn Learning,Beginner,6,tag,4.0,HIGH,LOW,6.0,3
1226,Sales,Sales Representative,Microsoft Excel,Learn Microsoft Excel,C010,Advanced Spreadsheet Modelling,Microsoft Learn,Intermediate,12,tag,4.5,HIGH,HIGH,9.45,1
1226,Sales,Sales Representative,Microsoft Office,Learn Microsoft Office,C013,Productivity Suite Fundamentals,Microsoft Learn,Beginner,10,tag,4.5,HIGH,HIGH,9.45,2
1226,Sales,Sales Representative,Salesforce,Learn Salesforce,C026,Managing the Customer Pipeline,Trailhead,Beginner,16,tag,4.5,HIGH,HIGH,9.45,3
1228,Research & Development,Manufacturing Director,SAP,Learn SAP,C029,Enterprise Resource Planning Essentials,SAP,Intermediate,24,tag,4.5,HIGH,LOW,6.75,1
1228,Research & Development,Manufacturing Director,Microsoft PowerPoint,Learn Microsoft PowerPoint,C012,Presenting Data to Decision Makers,LinkedIn Learning,Beginner,10,tag,4.5,HIGH,LOW,6.75,2
1228,Research & Development,Manufacturing Director,Microsoft Excel,Learn Microsoft Excel,C010,Advanced Spreadsheet Modelling,Microsoft Learn,Intermediate,12,tag,4.5,HIGH,LOW,6.75,3
1231,Human Resources,Human Resources,Microsoft Office,Learn Microsoft Office,C013,Productivity Suite Fundamentals,Microsoft Learn,Beginner,10,tag,4.5,HIGH,LOW,6.75,1
1231,Human Resources,Human Resources,Speaking,Learn Speaking,C036,Listening and Influence at Work,LinkedIn Learning,Beginner,6,tag,4.12,HIGH,LOW,6.18,2
1231,Human Resources,Human Resources,Writing,Learn Writing,C035,Business Writing for Clarity,LinkedIn Learning,Beginner,8,tag,3.88,HIGH,LOW,5.82,3
1233,Sales,Sales Executive,Microsoft PowerPoint,Learn Microsoft PowerPoint,C012,Presenting Data to Decision Makers,LinkedIn Learning,Beginner,10,tag,4.5,HIGH,LOW,6.75,1
1233,Sales,Sales Executive,Microsoft Excel,Learn Microsoft Excel,C010,Advanced Spreadsheet Modelling,Microsoft Learn,Intermediate,12,tag,4.5,HIGH,LOW,6.75,2
1233,Sales,Sales Executive,Microsoft Office,Learn Microsoft Office,C013,Productivity Suite Fundamentals,Microsoft Learn,Beginner,10,tag,4.5,HIGH,LOW,6.75,3
1234,Research & Development,Laboratory Technician,Microsoft Office,Learn Microsoft Office,C013,Productivity Suite Fundamentals,Microsoft Learn,Beginner,10,tag,4.5,HIGH,MEDIUM,7.762,1
1234,Research & Development,Laboratory Technician,SAP,Learn SAP,C029,Enterprise Resource Planning Essentials,SAP,Intermediate,24,tag,3.5,HIGH,MEDIUM,6.037,2
1234,Research & Development,Laboratory Technician,Microsoft PowerPoint,Learn Microsoft PowerPoint,C012,Presenting Data to Decision Makers,LinkedIn Learning,Beginner,10,tag,3.5,HIGH,MEDIUM,6.037,3
1235,Research & Development,Research Scientist,Microsoft Excel,Learn Microsoft Excel,C010,Advanced Spreadsheet Modelling,Microsoft Learn,Intermediate,12,tag,4.5,HIGH,LOW,6.75,1
1235,Research & Development,Research Scientist,Microsoft Office,Learn Microsoft Office,C013,Productivity Suite Fundamentals,Microsoft Learn,Beginner,10,tag,4.5,HIGH,LOW,6.75,2
1235,Research & Development,Research Scientist,Writing,Learn Writing,C035,Business Writing for Clarity,LinkedIn Learning,Beginner,8,tag,4.25,HIGH,LOW,6.375,3
1237,Research & Development,Manufacturing Director,Microsoft PowerPoint,Learn Microsoft PowerPoint,C012,Presenting Data to Decision Makers,LinkedIn Learning,Beginner,10,tag,4.5,HIGH,HIGH,9.45,1
1237,Research & Development,Manufacturing Director,Microsoft Outlook,Learn Microsoft Outlook,C013,Productivity Suite Fundamentals,Microsoft Learn,Beginner,10,tag,4.5,HIGH,HIGH,9.45,2
1237,Research & Development,Manufacturing Director,Reading Comprehension,Learn Reading Comprehension,C035,Business Writing for Clarity,LinkedIn Learning,Beginner,8,tag,3.88,HIGH,HIGH,8.148,3
1238,Research & Development,Research Scientist,R,Learn R,C002,Statistical Programming in R,Coursera,Intermediate,24,tag,4.5,HIGH,LOW,6.75,1
1238,Research & Development,Research Scientist,Microsoft Office,Learn Microsoft Office,C013,Productivity Suite Fundamentals,Microsoft Learn,Beginner,10,tag,4.5,HIGH,LOW,6.75,2
1238,Research & Development,Research Scientist,Writing,Learn Writing,C035,Business Writing for Clarity,LinkedIn Learning,Beginner,8,tag,4.25,HIGH,LOW,6.375,3
1239,Sales,Sales Executive,Microsoft PowerPoint,Learn Microsoft PowerPoint,C012,Presenting Data to Decision Makers,LinkedIn Learning,Beginner,10,tag,4.5,HIGH,HIGH,9.45,1
1239,Sales,Sales Executive,Microsoft Excel,Learn Microsoft Excel,C010,Advanced Spreadsheet Modelling,Microsoft Learn,Intermediate,12,tag,4.5,HIGH,HIGH,9.45,2
1239,Sales,Sales Executive,Salesforce,Learn Salesforce,C026,Managing the Customer Pipeline,Trailhead,Beginner,16,tag,4.5,HIGH,HIGH,9.45,3
1240,Sales,Sales Executive,Microsoft PowerPoint,Learn Microsoft PowerPoint,C012,Presenting Data to Decision Makers,LinkedIn Learning,Beginner,10,tag,4.5,HIGH,LOW,6.75,1
1240,Sales,Sales Executive,Microsoft Outlook,Learn Microsoft Outlook,C013,Productivity Suite Fundamentals,Microsoft Learn,Beginner,10,tag,4.5,HIGH,LOW,6.75,2
1240,Sales,Sales Executive,Speaking,Learn Speaking,C036,Listening and Influence at Work,LinkedIn Learning,Beginner,6,tag,4.0,HIGH,LOW,6.0,3
1241,Research & Development,Research Scientist,Microsoft Excel,Learn Microsoft Excel,C010,Advanced Spreadsheet Modelling,Microsoft Learn,Intermediate,12,tag,4.5,HIGH,LOW,6.75,1
1241,Research & Development,Research Scientist,Microsoft Office,Learn Microsoft Office,C013,Productivity Suite Fundamentals,Microsoft Learn,Beginner,10,tag,4.5,HIGH,LOW,6.75,2
1241,Research & Development,Research Scientist,Writing,Learn Writing,C035,Business Writing for Clarity,LinkedIn Learning,Beginner,8,tag,4.25,HIGH,LOW,6.375,3
1242,Research & Development,Research Director,Monitoring,Learn Monitoring,C039,Performance Tracking and Review,LinkedIn Learning,Beginner,6,tag,4.0,HIGH,MEDIUM,6.9,1
1242,Research & Development,Research Director,Critical Thinking,Learn Critical Thinking,C033,Structured Problem Solving,Coursera,Intermediate,12,tag,4.0,HIGH,MEDIUM,6.9,2
1242,Research & Development,Research Director,Active Learning,Learn Active Learning,C034,Learning How to Learn,Coursera,Beginner,8,tag,3.5,HIGH,MEDIUM,6.037,3
1243,Sales,Sales Executive,Microsoft PowerPoint,Learn Microsoft PowerPoint,C012,Presenting Data to Decision Makers,LinkedIn Learning,Beginner,10,tag,4.5,HIGH,MEDIUM,7.762,1
1243,Sales,Sales Executive,Microsoft Office,Learn Microsoft Office,C013,Productivity Suite Fundamentals,Microsoft Learn,Beginner,10,tag,4.5,HIGH,MEDIUM,7.762,2
1243,Sales,Sales Executive,Microsoft Outlook,Learn Microsoft Outlook,C013,Productivity Suite Fundamentals,Microsoft Learn,Beginner,10,tag,4.5,HIGH,MEDIUM,7.762,3
1244,Research & Development,Research Scientist,R,Learn R,C002,Statistical Programming in R,Coursera,Intermediate,24,tag,4.5,HIGH,HIGH,9.45,1
1244,Research & Development,Research Scientist,Microsoft Office,Learn Microsoft Office,C013,Productivity Suite Fundamentals,Microsoft Learn,Beginner,10,tag,4.5,HIGH,HIGH,9.45,2
1244,Research & Development,Research Scientist,Writing,Learn Writing,C035,Business Writing for Clarity,LinkedIn Learning,Beginner,8,tag,4.25,HIGH,HIGH,8.925,3
1245,Research & Development,Manufacturing Director,SAP,Learn SAP,C029,Enterprise Resource Planning Essentials,SAP,Intermediate,24,tag,4.5,HIGH,LOW,6.75,1
1245,Research & Development,Manufacturing Director,Microsoft Excel,Learn Microsoft Excel,C010,Advanced Spreadsheet Modelling,Microsoft Learn,Intermediate,12,tag,4.5,HIGH,LOW,6.75,2
1245,Research & Development,Manufacturing Director,Microsoft Office,Learn Microsoft Office,C013,Productivity Suite Fundamentals,Microsoft Learn,Beginner,10,tag,4.5,HIGH,LOW,6.75,3
1246,Research & Development,Research Scientist,Microsoft Office,Learn Microsoft Office,C013,Productivity Suite Fundamentals,Microsoft Learn,Beginner,10,tag,4.5,HIGH,LOW,6.75,1
1246,Research & Development,Research Scientist,Science,Learn Science,C038,Scientific Method in Practice,edX,Intermediate,14,tag,4.12,HIGH,LOW,6.18,2
1246,Research & Development,Research Scientist,Speaking,Learn Speaking,C036,Listening and Influence at Work,LinkedIn Learning,Beginner,6,tag,4.12,HIGH,LOW,6.18,3
1248,Research & Development,Research Scientist,Microsoft Excel,Learn Microsoft Excel,C010,Advanced Spreadsheet Modelling,Microsoft Learn,Intermediate,12,tag,4.5,HIGH,HIGH,9.45,1
1248,Research & Development,Research Scientist,Microsoft Office,Learn Microsoft Office,C013,Productivity Suite Fundamentals,Microsoft Learn,Beginner,10,tag,4.5,HIGH,HIGH,9.45,2
1248,Research & Development,Research Scientist,Science,Learn Science,C038,Scientific Method in Practice,edX,Intermediate,14,tag,4.12,HIGH,HIGH,8.652,3
1249,Research & Development,Research Scientist,Microsoft Excel,Learn Microsoft Excel,C010,Advanced Spreadsheet Modelling,Microsoft Learn,Intermediate,12,tag,4.5,HIGH,LOW,6.75,1
1249,Research & Development,Research Scientist,Speaking,Learn Speaking,C036,Listening and Influence at Work,LinkedIn Learning,Beginner,6,tag,4.12,HIGH,LOW,6.18,2
1249,Research & Development,Research Scientist,Active Learning,Learn Active Learning,C034,Learning How to Learn,Coursera,Beginner,8,tag,4.12,HIGH,LOW,6.18,3
1250,Research & Development,Research Director,Microsoft Office,Learn Microsoft Office,C013,Productivity Suite Fundamentals,Microsoft Learn,Beginner,10,tag,4.5,HIGH,LOW,6.75,1
1250,Research & Development,Research Director,Critical Thinking,Learn Critical Thinking,C033,Structured Problem Solving,Coursera,Intermediate,12,tag,4.0,HIGH,LOW,6.0,2
1250,Research & Development,Research Director,Active Listening,Learn Active Listening,C015,Running Effective Remote Meetings,LinkedIn Learning,Beginner,6,tag,4.0,HIGH,LOW,6.0,3
1251,Research & Development,Healthcare Representative,Microsoft Excel,Learn Microsoft Excel,C010,Advanced Spreadsheet Modelling,Microsoft Learn,Intermediate,12,tag,4.5,HIGH,HIGH,9.45,1
1251,Research & Development,Healthcare Representative,Salesforce,Learn Salesforce,C026,Managing the Customer Pipeline,Trailhead,Beginner,16,tag,4.5,HIGH,HIGH,9.45,2
1251,Research & Development,Healthcare Representative,Microsoft Outlook,Learn Microsoft Outlook,C013,Productivity Suite Fundamentals,Microsoft Learn,Beginner,10,tag,4.5,HIGH,HIGH,9.45,3
1252,Research & Development,Healthcare Representative,Microsoft Excel,Learn Microsoft Excel,C010,Advanced Spreadsheet Modelling,Microsoft Learn,Intermediate,12,tag,4.5,HIGH,LOW,6.75,1
1252,Research & Development,Healthcare Representative,Salesforce,Learn Salesforce,C026,Managing the Customer Pipeline,Trailhead,Beginner,16,tag,4.5,HIGH,LOW,6.75,2
1252,Research & Development,Healthcare Representative,Speaking,Learn Speaking,C036,Listening and Influence at Work,LinkedIn Learning,Beginner,6,tag,4.25,HIGH,LOW,6.375,3
1254,Sales,Sales Executive,Microsoft PowerPoint,Learn Microsoft PowerPoint,C012,Presenting Data to Decision Makers,LinkedIn Learning,Beginner,10,tag,4.5,HIGH,LOW,6.75,1
1254,Sales,Sales Executive,Adobe Creative Cloud,Learn Adobe Creative Cloud,C020,Digital Image Editing Foundations,Adobe,Beginner,16,tag,3.5,HIGH,LOW,5.25,2
1254,Sales,Sales Executive,Adobe InDesign,Learn Adobe InDesign,C022,Layout and Publication Design,Adobe,Intermediate,14,tag,3.5,HIGH,LOW,5.25,3
1255,Research & Development,Research Director,Microsoft Excel,Learn Microsoft Excel,C010,Advanced Spreadsheet Modelling,Microsoft Learn,Intermediate,12,tag,4.5,HIGH,LOW,6.75,1
1255,Research & Development,Research Director,Monitoring,Learn Monitoring,C039,Performance Tracking and Review,LinkedIn Learning,Beginner,6,tag,4.0,HIGH,LOW,6.0,2
1255,Research & Development,Research Director,Active Listening,Learn Active Listening,C015,Running Effective Remote Meetings,LinkedIn Learning,Beginner,6,tag,4.0,HIGH,LOW,6.0,3
1256,Research & Development,Manager,Monitoring,Learn Monitoring,C039,Performance Tracking and Review,LinkedIn Learning,Beginner,6,tag,4.0,HIGH,LOW,6.0,1
1256,Research & Development,Manager,Speaking,Learn Speaking,C036,Listening and Influence at Work,LinkedIn Learning,Beginner,6,tag,4.0,HIGH,LOW,6.0,2
1256,Research & Development,Manager,Active Learning,Learn Active Learning,C034,Learning How to Learn,Coursera,Beginner,8,tag,3.62,HIGH,LOW,5.43,3
1257,Research & Development,Research Scientist,R,Learn R,C002,Statistical Programming in R,Coursera,Intermediate,24,tag,4.5,HIGH,LOW,6.75,1
1257,Research & Development,Research Scientist,Microsoft Office,Learn Microsoft Office,C013,Productivity Suite Fundamentals,Microsoft Learn,Beginner,10,tag,4.5,HIGH,LOW,6.75,2
1257,Research & Development,Research Scientist,Writing,Learn Writing,C035,Business Writing for Clarity,LinkedIn Learning,Beginner,8,tag,4.25,HIGH,LOW,6.375,3
1258,Research & Development,Laboratory Technician,Microsoft Excel,Learn Microsoft Excel,C010,Advanced Spreadsheet Modelling,Microsoft Learn,Intermediate,12,tag,4.5,HIGH,HIGH,9.45,1
1258,Research & Development,Laboratory Technician,SAP,Learn SAP,C029,Enterprise Resource Planning Essentials,SAP,Intermediate,24,tag,3.5,HIGH,HIGH,7.35,2
1258,Research & Development,Laboratory Technician,Microsoft PowerPoint,Learn Microsoft PowerPoint,C012,Presenting Data to Decision Makers,LinkedIn Learning,Beginner,10,tag,3.5,HIGH,HIGH,7.35,3
1259,Research & Development,Research Scientist,R,Learn R,C002,Statistical Programming in R,Coursera,Intermediate,24,tag,4.5,HIGH,LOW,6.75,1
1259,Research & Development,Research Scientist,Speaking,Learn Speaking,C036,Listening and Influence at Work,LinkedIn Learning,Beginner,6,tag,4.12,HIGH,LOW,6.18,2
1259,Research & Development,Research Scientist,Critical Thinking,Learn Critical Thinking,C033,Structured Problem Solving,Coursera,Intermediate,12,tag,4.0,HIGH,LOW,6.0,3
1260,Research & Development,Healthcare Representative,Microsoft Excel,Learn Microsoft Excel,C010,Advanced Spreadsheet Modelling,Microsoft Learn,Intermediate,12,tag,4.5,HIGH,LOW,6.75,1
1260,Research & Development,Healthcare Representative,Salesforce,Learn Salesforce,C026,Managing the Customer Pipeline,Trailhead,Beginner,16,tag,4.5,HIGH,LOW,6.75,2
1260,Research & Development,Healthcare Representative,Microsoft Outlook,Learn Microsoft Outlook,C013,Productivity Suite Fundamentals,Microsoft Learn,Beginner,10,tag,4.5,HIGH,LOW,6.75,3
1263,Research & Development,Research Director,Microsoft Excel,Learn Microsoft Excel,C010,Advanced Spreadsheet Modelling,Microsoft Learn,Intermediate,12,tag,4.5,HIGH,LOW,6.75,1
1263,Research & Development,Research Director,Microsoft Office,Learn Microsoft Office,C013,Productivity Suite Fundamentals,Microsoft Learn,Beginner,10,tag,4.5,HIGH,LOW,6.75,2
1263,Research & Development,Research Director,Science,Learn Science,C038,Scientific Method in Practice,edX,Intermediate,14,tag,4.12,HIGH,LOW,6.18,3
1264,Research & Development,Research Director,Microsoft PowerPoint,Learn Microsoft PowerPoint,C012,Presenting Data to Decision Makers,LinkedIn Learning,Beginner,10,tag,4.5,HIGH,LOW,6.75,1
1264,Research & Development,Research Director,Speaking,Learn Speaking,C036,Listening and Influence at Work,LinkedIn Learning,Beginner,6,tag,3.88,HIGH,LOW,5.82,2
1264,Research & Development,Research Director,Writing,Learn Writing,C035,Business Writing for Clarity,LinkedIn Learning,Beginner,8,tag,3.88,HIGH,LOW,5.82,3
1265,Research & Development,Research Scientist,Microsoft Excel,Learn Microsoft Excel,C010,Advanced Spreadsheet Modelling,Microsoft Learn,Intermediate,12,tag,4.5,HIGH,LOW,6.75,1
1265,Research & Development,Research Scientist,Active Learning,Learn Active Learning,C034,Learning How to Learn,Coursera,Beginner,8,tag,4.12,HIGH,LOW,6.18,2
1265,Research & Development,Research Scientist,Reading Comprehension,Learn Reading Comprehension,C035,Business Writing for Clarity,LinkedIn Learning,Beginner,8,tag,4.0,HIGH,LOW,6.0,3
1267,Sales,Manager,Microsoft Excel,Learn Microsoft Excel,C010,Advanced Spreadsheet Modelling,Microsoft Learn,Intermediate,12,tag,4.5,HIGH,LOW,6.75,1
1267,Sales,Manager,Apple macOS,Learn Apple macOS,C040,Operating Systems for End Users,Apple,Beginner,6,tag,3.5,HIGH,LOW,5.25,2
1267,Sales,Manager,Adobe Acrobat,Learn Adobe Acrobat,C019,Working with PDFs and Document Workflows,Adobe,Beginner,6,tag,3.5,HIGH,LOW,5.25,3
1268,Sales,Sales Executive,Microsoft Excel,Learn Microsoft Excel,C010,Advanced Spreadsheet Modelling,Microsoft Learn,Intermediate,12,tag,4.5,HIGH,LOW,6.75,1
1268,Sales,Sales Executive,Salesforce,Learn Salesforce,C026,Managing the Customer Pipeline,Trailhead,Beginner,16,tag,4.5,HIGH,LOW,6.75,2
1268,Sales,Sales Executive,Speaking,Learn Speaking,C036,Listening and Influence at Work,LinkedIn Learning,Beginner,6,tag,4.0,HIGH,LOW,6.0,3
1269,Research & Development,Research Scientist,Microsoft Excel,Learn Microsoft Excel,C010,Advanced Spreadsheet Modelling,Microsoft Learn,Intermediate,12,tag,4.5,HIGH,HIGH,9.45,1
1269,Research & Development,Research Scientist,R,Learn R,C002,Statistical Programming in R,Coursera,Intermediate,24,tag,4.5,HIGH,HIGH,9.45,2
1269,Research & Development,Research Scientist,Microsoft Office,Learn Microsoft Office,C013,Productivity Suite Fundamentals,Microsoft Learn,Beginner,10,tag,4.5,HIGH,HIGH,9.45,3
1270,Research & Development,Research Scientist,R,Learn R,C002,Statistical Programming in R,Coursera,Intermediate,24,tag,4.5,HIGH,LOW,6.75,1
1270,Research & Development,Research Scientist,Science,Learn Science,C038,Scientific Method in Practice,edX,Intermediate,14,tag,4.12,HIGH,LOW,6.18,2
1270,Research & Development,Research Scientist,Speaking,Learn Speaking,C036,Listening and Influence at Work,LinkedIn Learning,Beginner,6,tag,4.12,HIGH,LOW,6.18,3
1273,Sales,Sales Representative,Microsoft Excel,Learn Microsoft Excel,C010,Advanced Spreadsheet Modelling,Microsoft Learn,Intermediate,12,tag,4.5,HIGH,HIGH,9.45,1
1273,Sales,Sales Representative,Speaking,Learn Speaking,C036,Listening and Influence at Work,LinkedIn Learning,Beginner,6,tag,3.88,HIGH,HIGH,8.148,2
1273,Sales,Sales Representative,Active Listening,Learn Active Listening,C015,Running Effective Remote Meetings,LinkedIn Learning,Beginner,6,tag,3.88,HIGH,HIGH,8.148,3
1275,Research & Development,Research Scientist,Microsoft Excel,Learn Microsoft Excel,C010,Advanced Spreadsheet Modelling,Microsoft Learn,Intermediate,12,tag,4.5,HIGH,HIGH,9.45,1
1275,Research & Development,Research Scientist,Science,Learn Science,C038,Scientific Method in Practice,edX,Intermediate,14,tag,4.12,HIGH,HIGH,8.652,2
1275,Research & Development,Research Scientist,Speaking,Learn Speaking,C036,Listening and Influence at Work,LinkedIn Learning,Beginner,6,tag,4.12,HIGH,HIGH,8.652,3
1277,Sales,Manager,Microsoft Office,Learn Microsoft Office,C013,Productivity Suite Fundamentals,Microsoft Learn,Beginner,10,tag,4.5,HIGH,HIGH,9.45,1
1277,Sales,Manager,Adobe Acrobat,Learn Adobe Acrobat,C019,Working with PDFs and Document Workflows,Adobe,Beginner,6,tag,3.5,HIGH,HIGH,7.35,2
1277,Sales,Manager,Writing,Learn Writing,C035,Business Writing for Clarity,LinkedIn Learning,Beginner,8,tag,3.5,HIGH,HIGH,7.35,3
1278,Research & Development,Healthcare Representative,Microsoft Excel,Learn Microsoft Excel,C010,Advanced Spreadsheet Modelling,Microsoft Learn,Intermediate,12,tag,4.5,HIGH,LOW,6.75,1
1278,Research & Development,Healthcare Representative,Microsoft Office,Learn Microsoft Office,C013,Productivity Suite Fundamentals,Microsoft Learn,Beginner,10,tag,4.5,HIGH,LOW,6.75,2
1278,Research & Development,Healthcare Representative,Salesforce,Learn Salesforce,C026,Managing the Customer Pipeline,Trailhead,Beginner,16,tag,4.5,HIGH,LOW,6.75,3
1279,Research & Development,Laboratory Technician,Reading Comprehension,Learn Reading Comprehension,C035,Business Writing for Clarity,LinkedIn Learning,Beginner,8,tag,3.75,HIGH,HIGH,7.875,1
1279,Research & Development,Laboratory Technician,Active Listening,Learn Active Listening,C015,Running Effective Remote Meetings,LinkedIn Learning,Beginner,6,tag,3.62,HIGH,HIGH,7.602,2
1279,Research & Development,Laboratory Technician,SAP,Learn SAP,C029,Enterprise Resource Planning Essentials,SAP,Intermediate,24,tag,3.5,HIGH,HIGH,7.35,3
1280,Sales,Manager,Microsoft Excel,Learn Microsoft Excel,C010,Advanced Spreadsheet Modelling,Microsoft Learn,Intermediate,12,tag,4.5,HIGH,LOW,6.75,1
1280,Sales,Manager,Speaking,Learn Speaking,C036,Listening and Influence at Work,LinkedIn Learning,Beginner,6,tag,4.0,HIGH,LOW,6.0,2
1280,Sales,Manager,Critical Thinking,Learn Critical Thinking,C033,Structured Problem Solving,Coursera,Intermediate,12,tag,3.88,HIGH,LOW,5.82,3
1281,Sales,Sales Executive,Microsoft Office,Learn Microsoft Office,C013,Productivity Suite Fundamentals,Microsoft Learn,Beginner,10,tag,4.5,HIGH,HIGH,9.45,1
1281,Sales,Sales Executive,Microsoft Outlook,Learn Microsoft Outlook,C013,Productivity Suite Fundamentals,Microsoft Learn,Beginner,10,tag,4.5,HIGH,HIGH,9.45,2
1281,Sales,Sales Executive,Speaking,Learn Speaking,C036,Listening and Influence at Work,LinkedIn Learning,Beginner,6,tag,4.0,HIGH,HIGH,8.4,3
1282,Sales,Manager,Microsoft Office,Learn Microsoft Office,C013,Productivity Suite Fundamentals,Microsoft Learn,Beginner,10,tag,4.5,HIGH,HIGH,9.45,1
1282,Sales,Manager,Speaking,Learn Speaking,C036,Listening and Influence at Work,LinkedIn Learning,Beginner,6,tag,4.0,HIGH,HIGH,8.4,2
1282,Sales,Manager,Critical Thinking,Learn Critical Thinking,C033,Structured Problem Solving,Coursera,Intermediate,12,tag,3.88,HIGH,HIGH,8.148,3
1283,Research & Development,Manufacturing Director,Monitoring,Learn Monitoring,C039,Performance Tracking and Review,LinkedIn Learning,Beginner,6,tag,4.0,HIGH,LOW,6.0,1
1283,Research & Development,Manufacturing Director,Active Listening,Learn Active Listening,C015,Running Effective Remote Meetings,LinkedIn Learning,Beginner,6,tag,3.88,HIGH,LOW,5.82,2
1283,Research & Development,Manufacturing Director,Active Learning,Learn Active Learning,C034,Learning How to Learn,Coursera,Beginner,8,tag,3.62,HIGH,LOW,5.43,3
1285,Research & Development,Laboratory Technician,Reading Comprehension,Learn Reading Comprehension,C035,Business Writing for Clarity,LinkedIn Learning,Beginner,8,tag,3.75,HIGH,MEDIUM,6.469,1
1285,Research & Development,Laboratory Technician,Active Listening,Learn Active Listening,C015,Running Effective Remote Meetings,LinkedIn Learning,Beginner,6,tag,3.62,HIGH,MEDIUM,6.244,2
1285,Research & Development,Laboratory Technician,SAP,Learn SAP,C029,Enterprise Resource Planning Essentials,SAP,Intermediate,24,tag,3.5,HIGH,MEDIUM,6.037,3
1286,Research & Development,Laboratory Technician,Microsoft Excel,Learn Microsoft Excel,C010,Advanced Spreadsheet Modelling,Microsoft Learn,Intermediate,12,tag,4.5,HIGH,HIGH,9.45,1
1286,Research & Development,Laboratory Technician,Reading Comprehension,Learn Reading Comprehension,C035,Business Writing for Clarity,LinkedIn Learning,Beginner,8,tag,3.75,HIGH,HIGH,7.875,2
1286,Research & Development,Laboratory Technician,Active Listening,Learn Active Listening,C015,Running Effective Remote Meetings,LinkedIn Learning,Beginner,6,tag,3.62,HIGH,HIGH,7.602,3
1288,Research & Development,Manager,Speaking,Learn Speaking,C036,Listening and Influence at Work,LinkedIn Learning,Beginner,6,tag,4.0,HIGH,LOW,6.0,1
1288,Research & Development,Manager,Active Learning,Learn Active Learning,C034,Learning How to Learn,Coursera,Beginner,8,tag,3.62,HIGH,LOW,5.43,2
1288,Research & Development,Manager,Apple macOS,Learn Apple macOS,C040,Operating Systems for End Users,Apple,Beginner,6,tag,3.5,HIGH,LOW,5.25,3
1289,Human Resources,Human Resources,Speaking,Learn Speaking,C036,Listening and Influence at Work,LinkedIn Learning,Beginner,6,tag,4.12,HIGH,LOW,6.18,1
1289,Human Resources,Human Resources,Reading Comprehension,Learn Reading Comprehension,C035,Business Writing for Clarity,LinkedIn Learning,Beginner,8,tag,4.0,HIGH,LOW,6.0,2
1289,Human Resources,Human Resources,Active Listening,Learn Active Listening,C015,Running Effective Remote Meetings,LinkedIn Learning,Beginner,6,tag,4.0,HIGH,LOW,6.0,3
1291,Research & Development,Research Scientist,Microsoft Excel,Learn Microsoft Excel,C010,Advanced Spreadsheet Modelling,Microsoft Learn,Intermediate,12,tag,4.5,HIGH,LOW,6.75,1
1291,Research & Development,Research Scientist,Microsoft Office,Learn Microsoft Office,C013,Productivity Suite Fundamentals,Microsoft Learn,Beginner,10,tag,4.5,HIGH,LOW,6.75,2
1291,Research & Development,Research Scientist,Writing,Learn Writing,C035,Business Writing for Clarity,LinkedIn Learning,Beginner,8,tag,4.25,HIGH,LOW,6.375,3
1292,Research & Development,Research Scientist,Microsoft Office,Learn Microsoft Office,C013,Productivity Suite Fundamentals,Microsoft Learn,Beginner,10,tag,4.5,HIGH,MEDIUM,7.762,1
1292,Research & Development,Research Scientist,Writing,Learn Writing,C035,Business Writing for Clarity,LinkedIn Learning,Beginner,8,tag,4.25,HIGH,MEDIUM,7.331,2
1292,Research & Development,Research Scientist,Speaking,Learn Speaking,C036,Listening and Influence at Work,LinkedIn Learning,Beginner,6,tag,4.12,HIGH,MEDIUM,7.107,3
1293,Sales,Sales Executive,Microsoft Excel,Learn Microsoft Excel,C010,Advanced Spreadsheet Modelling,Microsoft Learn,Intermediate,12,tag,4.5,HIGH,MEDIUM,7.762,1
1293,Sales,Sales Executive,Microsoft Office,Learn Microsoft Office,C013,Productivity Suite Fundamentals,Microsoft Learn,Beginner,10,tag,4.5,HIGH,MEDIUM,7.762,2
1293,Sales,Sales Executive,Microsoft Outlook,Learn Microsoft Outlook,C013,Productivity Suite Fundamentals,Microsoft Learn,Beginner,10,tag,4.5,HIGH,MEDIUM,7.762,3
1294,Research & Development,Manufacturing Director,Microsoft Excel,Learn Microsoft Excel,C010,Advanced Spreadsheet Modelling,Microsoft Learn,Intermediate,12,tag,4.5,HIGH,HIGH,9.45,1
1294,Research & Development,Manufacturing Director,Critical Thinking,Learn Critical Thinking,C033,Structured Problem Solving,Coursera,Intermediate,12,tag,4.0,HIGH,HIGH,8.4,2
1294,Research & Development,Manufacturing Director,Speaking,Learn Speaking,C036,Listening and Influence at Work,LinkedIn Learning,Beginner,6,tag,4.0,HIGH,HIGH,8.4,3
1295,Research & Development,Healthcare Representative,Microsoft Excel,Learn Microsoft Excel,C010,Advanced Spreadsheet Modelling,Microsoft Learn,Intermediate,12,tag,4.5,HIGH,LOW,6.75,1
1295,Research & Development,Healthcare Representative,Microsoft Office,Learn Microsoft Office,C013,Productivity Suite Fundamentals,Microsoft Learn,Beginner,10,tag,4.5,HIGH,LOW,6.75,2
1295,Research & Development,Healthcare Representative,Salesforce,Learn Salesforce,C026,Managing the Customer Pipeline,Trailhead,Beginner,16,tag,4.5,HIGH,LOW,6.75,3
1296,Research & Development,Laboratory Technician,Microsoft Excel,Learn Microsoft Excel,C010,Advanced Spreadsheet Modelling,Microsoft Learn,Intermediate,12,tag,4.5,HIGH,HIGH,9.45,1
1296,Research & Development,Laboratory Technician,Reading Comprehension,Learn Reading Comprehension,C035,Business Writing for Clarity,LinkedIn Learning,Beginner,8,tag,3.75,HIGH,HIGH,7.875,2
1296,Research & Development,Laboratory Technician,Active Listening,Learn Active Listening,C015,Running Effective Remote Meetings,LinkedIn Learning,Beginner,6,tag,3.62,HIGH,HIGH,7.602,3
1297,Research & Development,Laboratory Technician,Microsoft Office,Learn Microsoft Office,C013,Productivity Suite Fundamentals,Microsoft Learn,Beginner,10,tag,4.5,HIGH,LOW,6.75,1
1297,Research & Development,Laboratory Technician,Microsoft PowerPoint,Learn Microsoft PowerPoint,C012,Presenting Data to Decision Makers,LinkedIn Learning,Beginner,10,tag,3.5,HIGH,LOW,5.25,2
1297,Research & Development,Laboratory Technician,Google Docs,Learn Google Docs,C011,Business Documents That Get Read,LinkedIn Learning,Beginner,8,tag,3.5,HIGH,LOW,5.25,3
1298,Research & Development,Manufacturing Director,Microsoft PowerPoint,Learn Microsoft PowerPoint,C012,Presenting Data to Decision Makers,LinkedIn Learning,Beginner,10,tag,4.5,HIGH,LOW,6.75,1
1298,Research & Development,Manufacturing Director,Microsoft Excel,Learn Microsoft Excel,C010,Advanced Spreadsheet Modelling,Microsoft Learn,Intermediate,12,tag,4.5,HIGH,LOW,6.75,2
1298,Research & Development,Manufacturing Director,Microsoft Outlook,Learn Microsoft Outlook,C013,Productivity Suite Fundamentals,Microsoft Learn,Beginner,10,tag,4.5,HIGH,LOW,6.75,3
1299,Research & Development,Laboratory Technician,Microsoft Excel,Learn Microsoft Excel,C010,Advanced Spreadsheet Modelling,Microsoft Learn,Intermediate,12,tag,4.5,HIGH,HIGH,9.45,1
1299,Research & Development,Laboratory Technician,Microsoft Office,Learn Microsoft Office,C013,Productivity Suite Fundamentals,Microsoft Learn,Beginner,10,tag,4.5,HIGH,HIGH,9.45,2
1299,Research & Development,Laboratory Technician,Active Listening,Learn Active Listening,C015,Running Effective Remote Meetings,LinkedIn Learning,Beginner,6,tag,3.62,HIGH,HIGH,7.602,3
1301,Research & Development,Research Scientist,Microsoft Excel,Learn Microsoft Excel,C010,Advanced Spreadsheet Modelling,Microsoft Learn,Intermediate,12,tag,4.5,HIGH,HIGH,9.45,1
1301,Research & Development,Research Scientist,Science,Learn Science,C038,Scientific Method in Practice,edX,Intermediate,14,tag,4.12,HIGH,HIGH,8.652,2
1301,Research & Development,Research Scientist,Speaking,Learn Speaking,C036,Listening and Influence at Work,LinkedIn Learning,Beginner,6,tag,4.12,HIGH,HIGH,8.652,3
1303,Research & Development,Research Scientist,R,Learn R,C002,Statistical Programming in R,Coursera,Intermediate,24,tag,4.5,HIGH,LOW,6.75,1
1303,Research & Development,Research Scientist,Writing,Learn Writing,C035,Business Writing for Clarity,LinkedIn Learning,Beginner,8,tag,4.25,HIGH,LOW,6.375,2
1303,Research & Development,Research Scientist,Science,Learn Science,C038,Scientific Method in Practice,edX,Intermediate,14,tag,4.12,HIGH,LOW,6.18,3
1304,Sales,Sales Executive,Microsoft PowerPoint,Learn Microsoft PowerPoint,C012,Presenting Data to Decision Makers,LinkedIn Learning,Beginner,10,tag,4.5,HIGH,LOW,6.75,1
1304,Sales,Sales Executive,Microsoft Excel,Learn Microsoft Excel,C010,Advanced Spreadsheet Modelling,Microsoft Learn,Intermediate,12,tag,4.5,HIGH,LOW,6.75,2
1304,Sales,Sales Executive,Microsoft Outlook,Learn Microsoft Outlook,C013,Productivity Suite Fundamentals,Microsoft Learn,Beginner,10,tag,4.5,HIGH,LOW,6.75,3
1306,Research & Development,Manager,Autodesk AutoCAD,Learn Autodesk AutoCAD,C024,Technical Drawing and 3D Modelling,Autodesk,Intermediate,26,tag,3.5,HIGH,LOW,5.25,1
1306,Research & Development,Manager,Adobe Photoshop,Learn Adobe Photoshop,C020,Digital Image Editing Foundations,Adobe,Beginner,16,tag,3.5,HIGH,LOW,5.25,2
1306,Research & Development,Manager,Apple macOS,Learn Apple macOS,C040,Operating Systems for End Users,Apple,Beginner,6,tag,3.5,HIGH,LOW,5.25,3
1307,Research & Development,Manager,Microsoft Excel,Learn Microsoft Excel,C010,Advanced Spreadsheet Modelling,Microsoft Learn,Intermediate,12,tag,4.5,HIGH,HIGH,9.45,1
1307,Research & Development,Manager,Adobe Acrobat,Learn Adobe Acrobat,C019,Working with PDFs and Document Workflows,Adobe,Beginner,6,tag,3.5,HIGH,HIGH,7.35,2
1307,Research & Development,Manager,Adobe Photoshop,Learn Adobe Photoshop,C020,Digital Image Editing Foundations,Adobe,Beginner,16,tag,3.5,HIGH,HIGH,7.35,3
1308,Research & Development,Research Scientist,Science,Learn Science,C038,Scientific Method in Practice,edX,Intermediate,14,tag,4.12,HIGH,LOW,6.18,1
1308,Research & Development,Research Scientist,Active Learning,Learn Active Learning,C034,Learning How to Learn,Coursera,Beginner,8,tag,4.12,HIGH,LOW,6.18,2
1308,Research & Development,Research Scientist,Critical Thinking,Learn Critical Thinking,C033,Structured Problem Solving,Coursera,Intermediate,12,tag,4.0,HIGH,LOW,6.0,3
1309,Research & Development,Laboratory Technician,Microsoft Excel,Learn Microsoft Excel,C010,Advanced Spreadsheet Modelling,Microsoft Learn,Intermediate,12,tag,4.5,HIGH,LOW,6.75,1
1309,Research & Development,Laboratory Technician,Microsoft Office,Learn Microsoft Office,C013,Productivity Suite Fundamentals,Microsoft Learn,Beginner,10,tag,4.5,HIGH,LOW,6.75,2
1309,Research & Development,Laboratory Technician,Active Listening,Learn Active Listening,C015,Running Effective Remote Meetings,LinkedIn Learning,Beginner,6,tag,3.62,HIGH,LOW,5.43,3
1310,Research & Development,Research Scientist,R,Learn R,C002,Statistical Programming in R,Coursera,Intermediate,24,tag,4.5,HIGH,MEDIUM,7.762,1
1310,Research & Development,Research Scientist,Writing,Learn Writing,C035,Business Writing for Clarity,LinkedIn Learning,Beginner,8,tag,4.25,HIGH,MEDIUM,7.331,2
1310,Research & Development,Research Scientist,Critical Thinking,Learn Critical Thinking,C033,Structured Problem Solving,Coursera,Intermediate,12,tag,4.0,HIGH,MEDIUM,6.9,3
1311,Research & Development,Laboratory Technician,Microsoft Excel,Learn Microsoft Excel,C010,Advanced Spreadsheet Modelling,Microsoft Learn,Intermediate,12,tag,4.5,HIGH,MEDIUM,7.762,1
1311,Research & Development,Laboratory Technician,Microsoft Office,Learn Microsoft Office,C013,Productivity Suite Fundamentals,Microsoft Learn,Beginner,10,tag,4.5,HIGH,MEDIUM,7.762,2
1311,Research & Development,Laboratory Technician,Active Listening,Learn Active Listening,C015,Running Effective Remote Meetings,LinkedIn Learning,Beginner,6,tag,3.62,HIGH,MEDIUM,6.244,3
1312,Research & Development,Healthcare Representative,Microsoft Office,Learn Microsoft Office,C013,Productivity Suite Fundamentals,Microsoft Learn,Beginner,10,tag,4.5,HIGH,LOW,6.75,1
1312,Research & Development,Healthcare Representative,Salesforce,Learn Salesforce,C026,Managing the Customer Pipeline,Trailhead,Beginner,16,tag,4.5,HIGH,LOW,6.75,2
1312,Research & Development,Healthcare Representative,Speaking,Learn Speaking,C036,Listening and Influence at Work,LinkedIn Learning,Beginner,6,tag,4.25,HIGH,LOW,6.375,3
1314,Human Resources,Human Resources,Microsoft PowerPoint,Learn Microsoft PowerPoint,C012,Presenting Data to Decision Makers,LinkedIn Learning,Beginner,10,tag,4.5,HIGH,LOW,6.75,1
1314,Human Resources,Human Resources,Active Listening,Learn Active Listening,C015,Running Effective Remote Meetings,LinkedIn Learning,Beginner,6,tag,4.0,HIGH,LOW,6.0,2
1314,Human Resources,Human Resources,Writing,Learn Writing,C035,Business Writing for Clarity,LinkedIn Learning,Beginner,8,tag,3.88,HIGH,LOW,5.82,3
1315,Research & Development,Laboratory Technician,Microsoft Excel,Learn Microsoft Excel,C010,Advanced Spreadsheet Modelling,Microsoft Learn,Intermediate,12,tag,4.5,HIGH,LOW,6.75,1
1315,Research & Development,Laboratory Technician,Microsoft Word,Learn Microsoft Word,C011,Business Documents That Get Read,LinkedIn Learning,Beginner,8,tag,3.5,HIGH,LOW,5.25,2
1315,Research & Development,Laboratory Technician,MEDITECH,Learn MEDITECH,C032,Clinical Records and Patient Data Systems,HIMSS,Intermediate,18,tag,3.5,HIGH,LOW,5.25,3
1317,Research & Development,Research Director,Microsoft Excel,Learn Microsoft Excel,C010,Advanced Spreadsheet Modelling,Microsoft Learn,Intermediate,12,tag,4.5,HIGH,LOW,6.75,1
1317,Research & Development,Research Director,Microsoft Office,Learn Microsoft Office,C013,Productivity Suite Fundamentals,Microsoft Learn,Beginner,10,tag,4.5,HIGH,LOW,6.75,2
1317,Research & Development,Research Director,Critical Thinking,Learn Critical Thinking,C033,Structured Problem Solving,Coursera,Intermediate,12,tag,4.0,HIGH,LOW,6.0,3
1318,Sales,Sales Executive,Microsoft Excel,Learn Microsoft Excel,C010,Advanced Spreadsheet Modelling,Microsoft Learn,Intermediate,12,tag,4.5,HIGH,HIGH,9.45,1
1318,Sales,Sales Executive,Speaking,Learn Speaking,C036,Listening and Influence at Work,LinkedIn Learning,Beginner,6,tag,4.0,HIGH,HIGH,8.4,2
1318,Sales,Sales Executive,Adobe Creative Cloud,Learn Adobe Creative Cloud,C020,Digital Image Editing Foundations,Adobe,Beginner,16,tag,3.5,HIGH,HIGH,7.35,3
1319,Sales,Sales Executive,Salesforce,Learn Salesforce,C026,Managing the Customer Pipeline,Trailhead,Beginner,16,tag,4.5,HIGH,HIGH,9.45,1
1319,Sales,Sales Executive,Microsoft Outlook,Learn Microsoft Outlook,C013,Productivity Suite Fundamentals,Microsoft Learn,Beginner,10,tag,4.5,HIGH,HIGH,9.45,2
1319,Sales,Sales Executive,Speaking,Learn Speaking,C036,Listening and Influence at Work,LinkedIn Learning,Beginner,6,tag,4.0,HIGH,HIGH,8.4,3
1321,Research & Development,Manager,Microsoft Office,Learn Microsoft Office,C013,Productivity Suite Fundamentals,Microsoft Learn,Beginner,10,tag,4.5,HIGH,MEDIUM,7.762,1
1321,Research & Development,Manager,Speaking,Learn Speaking,C036,Listening and Influence at Work,LinkedIn Learning,Beginner,6,tag,4.0,HIGH,MEDIUM,6.9,2
1321,Research & Development,Manager,Active Listening,Learn Active Listening,C015,Running Effective Remote Meetings,LinkedIn Learning,Beginner,6,tag,4.0,HIGH,MEDIUM,6.9,3
1322,Research & Development,Manufacturing Director,SAP,Learn SAP,C029,Enterprise Resource Planning Essentials,SAP,Intermediate,24,tag,4.5,HIGH,LOW,6.75,1
1322,Research & Development,Manufacturing Director,Microsoft PowerPoint,Learn Microsoft PowerPoint,C012,Presenting Data to Decision Makers,LinkedIn Learning,Beginner,10,tag,4.5,HIGH,LOW,6.75,2
1322,Research & Development,Manufacturing Director,Microsoft Excel,Learn Microsoft Excel,C010,Advanced Spreadsheet Modelling,Microsoft Learn,Intermediate,12,tag,4.5,HIGH,LOW,6.75,3
1324,Sales,Sales Executive,Microsoft PowerPoint,Learn Microsoft PowerPoint,C012,Presenting Data to Decision Makers,LinkedIn Learning,Beginner,10,tag,4.5,HIGH,LOW,6.75,1
1324,Sales,Sales Executive,Microsoft Excel,Learn Microsoft Excel,C010,Advanced Spreadsheet Modelling,Microsoft Learn,Intermediate,12,tag,4.5,HIGH,LOW,6.75,2
1324,Sales,Sales Executive,Speaking,Learn Speaking,C036,Listening and Influence at Work,LinkedIn Learning,Beginner,6,tag,4.0,HIGH,LOW,6.0,3
1329,Sales,Sales Executive,Microsoft PowerPoint,Learn Microsoft PowerPoint,C012,Presenting Data to Decision Makers,LinkedIn Learning,Beginner,10,tag,4.5,HIGH,MEDIUM,7.762,1
1329,Sales,Sales Executive,Microsoft Excel,Learn Microsoft Excel,C010,Advanced Spreadsheet Modelling,Microsoft Learn,Intermediate,12,tag,4.5,HIGH,MEDIUM,7.762,2
1329,Sales,Sales Executive,Microsoft Office,Learn Microsoft Office,C013,Productivity Suite Fundamentals,Microsoft Learn,Beginner,10,tag,4.5,HIGH,MEDIUM,7.762,3
1331,Sales,Sales Representative,Microsoft Excel,Learn Microsoft Excel,C010,Advanced Spreadsheet Modelling,Microsoft Learn,Intermediate,12,tag,4.5,HIGH,HIGH,9.45,1
1331,Sales,Sales Representative,Microsoft Office,Learn Microsoft Office,C013,Productivity Suite Fundamentals,Microsoft Learn,Beginner,10,tag,4.5,HIGH,HIGH,9.45,2
1331,Sales,Sales Representative,Active Listening,Learn Active Listening,C015,Running Effective Remote Meetings,LinkedIn Learning,Beginner,6,tag,3.88,HIGH,HIGH,8.148,3
1333,Research & Development,Laboratory Technician,Microsoft Excel,Learn Microsoft Excel,C010,Advanced Spreadsheet Modelling,Microsoft Learn,Intermediate,12,tag,4.5,HIGH,MEDIUM,7.762,1
1333,Research & Development,Laboratory Technician,Microsoft Office,Learn Microsoft Office,C013,Productivity Suite Fundamentals,Microsoft Learn,Beginner,10,tag,4.5,HIGH,MEDIUM,7.762,2
1333,Research & Development,Laboratory Technician,Active Listening,Learn Active Listening,C015,Running Effective Remote Meetings,LinkedIn Learning,Beginner,6,tag,3.62,HIGH,MEDIUM,6.244,3
1334,Research & Development,Manager,Microsoft PowerPoint,Learn Microsoft PowerPoint,C012,Presenting Data to Decision Makers,LinkedIn Learning,Beginner,10,tag,4.5,HIGH,LOW,6.75,1
1334,Research & Development,Manager,Microsoft Excel,Learn Microsoft Excel,C010,Advanced Spreadsheet Modelling,Microsoft Learn,Intermediate,12,tag,4.5,HIGH,LOW,6.75,2
1334,Research & Development,Manager,Microsoft Office,Learn Microsoft Office,C013,Productivity Suite Fundamentals,Microsoft Learn,Beginner,10,tag,4.5,HIGH,LOW,6.75,3
1336,Research & Development,Manager,Monitoring,Learn Monitoring,C039,Performance Tracking and Review,LinkedIn Learning,Beginner,6,tag,4.0,HIGH,LOW,6.0,1
1336,Research & Development,Manager,Reading Comprehension,Learn Reading Comprehension,C035,Business Writing for Clarity,LinkedIn Learning,Beginner,8,tag,4.0,HIGH,LOW,6.0,2
1336,Research & Development,Manager,Speaking,Learn Speaking,C036,Listening and Influence at Work,LinkedIn Learning,Beginner,6,tag,4.0,HIGH,LOW,6.0,3
1338,Human Resources,Manager,Monitoring,Learn Monitoring,C039,Performance Tracking and Review,LinkedIn Learning,Beginner,6,tag,4.0,HIGH,LOW,6.0,1
1338,Human Resources,Manager,Reading Comprehension,Learn Reading Comprehension,C035,Business Writing for Clarity,LinkedIn Learning,Beginner,8,tag,4.0,HIGH,LOW,6.0,2
1338,Human Resources,Manager,Critical Thinking,Learn Critical Thinking,C033,Structured Problem Solving,Coursera,Intermediate,12,tag,3.88,HIGH,LOW,5.82,3
1340,Research & Development,Research Scientist,Writing,Learn Writing,C035,Business Writing for Clarity,LinkedIn Learning,Beginner,8,tag,4.25,HIGH,LOW,6.375,1
1340,Research & Development,Research Scientist,Critical Thinking,Learn Critical Thinking,C033,Structured Problem Solving,Coursera,Intermediate,12,tag,4.0,HIGH,LOW,6.0,2
1340,Research & Development,Research Scientist,Reading Comprehension,Learn Reading Comprehension,C035,Business Writing for Clarity,LinkedIn Learning,Beginner,8,tag,4.0,HIGH,LOW,6.0,3
1344,Research & Development,Healthcare Representative,Microsoft Excel,Learn Microsoft Excel,C010,Advanced Spreadsheet Modelling,Microsoft Learn,Intermediate,12,tag,4.5,HIGH,LOW,6.75,1
1344,Research & Development,Healthcare Representative,Salesforce,Learn Salesforce,C026,Managing the Customer Pipeline,Trailhead,Beginner,16,tag,4.5,HIGH,LOW,6.75,2
1344,Research & Development,Healthcare Representative,Microsoft Outlook,Learn Microsoft Outlook,C013,Productivity Suite Fundamentals,Microsoft Learn,Beginner,10,tag,4.5,HIGH,LOW,6.75,3
1346,Research & Development,Research Scientist,Microsoft Excel,Learn Microsoft Excel,C010,Advanced Spreadsheet Modelling,Microsoft Learn,Intermediate,12,tag,4.5,HIGH,LOW,6.75,1
1346,Research & Development,Research Scientist,R,Learn R,C002,Statistical Programming in R,Coursera,Intermediate,24,tag,4.5,HIGH,LOW,6.75,2
1346,Research & Development,Research Scientist,Writing,Learn Writing,C035,Business Writing for Clarity,LinkedIn Learning,Beginner,8,tag,4.25,HIGH,LOW,6.375,3
1349,Sales,Sales Executive,Microsoft Excel,Learn Microsoft Excel,C010,Advanced Spreadsheet Modelling,Microsoft Learn,Intermediate,12,tag,4.5,HIGH,LOW,6.75,1
1349,Sales,Sales Executive,Salesforce,Learn Salesforce,C026,Managing the Customer Pipeline,Trailhead,Beginner,16,tag,4.5,HIGH,LOW,6.75,2
1349,Sales,Sales Executive,Microsoft Outlook,Learn Microsoft Outlook,C013,Productivity Suite Fundamentals,Microsoft Learn,Beginner,10,tag,4.5,HIGH,LOW,6.75,3
1350,Research & Development,Research Scientist,Microsoft Excel,Learn Microsoft Excel,C010,Advanced Spreadsheet Modelling,Microsoft Learn,Intermediate,12,tag,4.5,HIGH,HIGH,9.45,1
1350,Research & Development,Research Scientist,R,Learn R,C002,Statistical Programming in R,Coursera,Intermediate,24,tag,4.5,HIGH,HIGH,9.45,2
1350,Research & Development,Research Scientist,Microsoft Office,Learn Microsoft Office,C013,Productivity Suite Fundamentals,Microsoft Learn,Beginner,10,tag,4.5,HIGH,HIGH,9.45,3
1352,Human Resources,Manager,Microsoft PowerPoint,Learn Microsoft PowerPoint,C012,Presenting Data to Decision Makers,LinkedIn Learning,Beginner,10,tag,4.5,HIGH,LOW,6.75,1
1352,Human Resources,Manager,Microsoft Excel,Learn Microsoft Excel,C010,Advanced Spreadsheet Modelling,Microsoft Learn,Intermediate,12,tag,4.5,HIGH,LOW,6.75,2
1352,Human Resources,Manager,Microsoft Office,Learn Microsoft Office,C013,Productivity Suite Fundamentals,Microsoft Learn,Beginner,10,tag,4.5,HIGH,LOW,6.75,3
1355,Sales,Sales Executive,Microsoft Excel,Learn Microsoft Excel,C010,Advanced Spreadsheet Modelling,Microsoft Learn,Intermediate,12,tag,4.5,HIGH,LOW,6.75,1
1355,Sales,Sales Executive,Microsoft Office,Learn Microsoft Office,C013,Productivity Suite Fundamentals,Microsoft Learn,Beginner,10,tag,4.5,HIGH,LOW,6.75,2
1355,Sales,Sales Executive,Salesforce,Learn Salesforce,C026,Managing the Customer Pipeline,Trailhead,Beginner,16,tag,4.5,HIGH,LOW,6.75,3
1356,Sales,Sales Executive,Microsoft Office,Learn Microsoft Office,C013,Productivity Suite Fundamentals,Microsoft Learn,Beginner,10,tag,4.5,HIGH,MEDIUM,7.762,1
1356,Sales,Sales Executive,Salesforce,Learn Salesforce,C026,Managing the Customer Pipeline,Trailhead,Beginner,16,tag,4.5,HIGH,MEDIUM,7.762,2
1356,Sales,Sales Executive,Microsoft Outlook,Learn Microsoft Outlook,C013,Productivity Suite Fundamentals,Microsoft Learn,Beginner,10,tag,4.5,HIGH,MEDIUM,7.762,3
1358,Research & Development,Laboratory Technician,Microsoft Excel,Learn Microsoft Excel,C010,Advanced Spreadsheet Modelling,Microsoft Learn,Intermediate,12,tag,4.5,HIGH,LOW,6.75,1
1358,Research & Development,Laboratory Technician,Active Listening,Learn Active Listening,C015,Running Effective Remote Meetings,LinkedIn Learning,Beginner,6,tag,3.62,HIGH,LOW,5.43,2
1358,Research & Development,Laboratory Technician,Microsoft PowerPoint,Learn Microsoft PowerPoint,C012,Presenting Data to Decision Makers,LinkedIn Learning,Beginner,10,tag,3.5,HIGH,LOW,5.25,3
1360,Research & Development,Manufacturing Director,SAP,Learn SAP,C029,Enterprise Resource Planning Essentials,SAP,Intermediate,24,tag,4.5,HIGH,MEDIUM,7.762,1
1360,Research & Development,Manufacturing Director,Microsoft Excel,Learn Microsoft Excel,C010,Advanced Spreadsheet Modelling,Microsoft Learn,Intermediate,12,tag,4.5,HIGH,MEDIUM,7.762,2
1360,Research & Development,Manufacturing Director,Active Listening,Learn Active Listening,C015,Running Effective Remote Meetings,LinkedIn Learning,Beginner,6,tag,3.88,HIGH,MEDIUM,6.693,3
1361,Research & Development,Laboratory Technician,Microsoft Office,Learn Microsoft Office,C013,Productivity Suite Fundamentals,Microsoft Learn,Beginner,10,tag,4.5,HIGH,LOW,6.75,1
1361,Research & Development,Laboratory Technician,SAP,Learn SAP,C029,Enterprise Resource Planning Essentials,SAP,Intermediate,24,tag,3.5,HIGH,LOW,5.25,2
1361,Research & Development,Laboratory Technician,Microsoft PowerPoint,Learn Microsoft PowerPoint,C012,Presenting Data to Decision Makers,LinkedIn Learning,Beginner,10,tag,3.5,HIGH,LOW,5.25,3
1362,Sales,Sales Executive,Microsoft PowerPoint,Learn Microsoft PowerPoint,C012,Presenting Data to Decision Makers,LinkedIn Learning,Beginner,10,tag,4.5,HIGH,MEDIUM,7.762,1
1362,Sales,Sales Executive,Microsoft Excel,Learn Microsoft Excel,C010,Advanced Spreadsheet Modelling,Microsoft Learn,Intermediate,12,tag,4.5,HIGH,MEDIUM,7.762,2
1362,Sales,Sales Executive,Microsoft Office,Learn Microsoft Office,C013,Productivity Suite Fundamentals,Microsoft Learn,Beginner,10,tag,4.5,HIGH,MEDIUM,7.762,3
1363,Research & Development,Manufacturing Director,SAP,Learn SAP,C029,Enterprise Resource Planning Essentials,SAP,Intermediate,24,tag,4.5,HIGH,LOW,6.75,1
1363,Research & Development,Manufacturing Director,Microsoft Excel,Learn Microsoft Excel,C010,Advanced Spreadsheet Modelling,Microsoft Learn,Intermediate,12,tag,4.5,HIGH,LOW,6.75,2
1363,Research & Development,Manufacturing Director,Microsoft Office,Learn Microsoft Office,C013,Productivity Suite Fundamentals,Microsoft Learn,Beginner,10,tag,4.5,HIGH,LOW,6.75,3
1364,Sales,Sales Representative,Speaking,Learn Speaking,C036,Listening and Influence at Work,LinkedIn Learning,Beginner,6,tag,3.88,HIGH,MEDIUM,6.693,1
1364,Sales,Sales Representative,IBM SPSS Statistics,Learn IBM SPSS Statistics,C003,Applied Statistics with SPSS,IBM SkillsBuild,Beginner,16,tag,3.5,HIGH,MEDIUM,6.037,2
1364,Sales,Sales Representative,Microsoft PowerPoint,Learn Microsoft PowerPoint,C012,Presenting Data to Decision Makers,LinkedIn Learning,Beginner,10,tag,3.5,HIGH,MEDIUM,6.037,3
1367,Research & Development,Manufacturing Director,SAP,Learn SAP,C029,Enterprise Resource Planning Essentials,SAP,Intermediate,24,tag,4.5,HIGH,LOW,6.75,1
1367,Research & Development,Manufacturing Director,Microsoft Excel,Learn Microsoft Excel,C010,Advanced Spreadsheet Modelling,Microsoft Learn,Intermediate,12,tag,4.5,HIGH,LOW,6.75,2
1367,Research & Development,Manufacturing Director,Monitoring,Learn Monitoring,C039,Performance Tracking and Review,LinkedIn Learning,Beginner,6,tag,4.0,HIGH,LOW,6.0,3
1368,Research & Development,Laboratory Technician,Microsoft Excel,Learn Microsoft Excel,C010,Advanced Spreadsheet Modelling,Microsoft Learn,Intermediate,12,tag,4.5,HIGH,LOW,6.75,1
1368,Research & Development,Laboratory Technician,Microsoft Office,Learn Microsoft Office,C013,Productivity Suite Fundamentals,Microsoft Learn,Beginner,10,tag,4.5,HIGH,LOW,6.75,2
1368,Research & Development,Laboratory Technician,Reading Comprehension,Learn Reading Comprehension,C035,Business Writing for Clarity,LinkedIn Learning,Beginner,8,tag,3.75,HIGH,LOW,5.625,3
1369,Research & Development,Laboratory Technician,Microsoft Excel,Learn Microsoft Excel,C010,Advanced Spreadsheet Modelling,Microsoft Learn,Intermediate,12,tag,4.5,HIGH,LOW,6.75,1
1369,Research & Development,Laboratory Technician,Active Listening,Learn Active Listening,C015,Running Effective Remote Meetings,LinkedIn Learning,Beginner,6,tag,3.62,HIGH,LOW,5.43,2
1369,Research & Development,Laboratory Technician,SAP,Learn SAP,C029,Enterprise Resource Planning Essentials,SAP,Intermediate,24,tag,3.5,HIGH,LOW,5.25,3
1371,Sales,Sales Executive,Microsoft PowerPoint,Learn Microsoft PowerPoint,C012,Presenting Data to Decision Makers,LinkedIn Learning,Beginner,10,tag,4.5,HIGH,HIGH,9.45,1
1371,Sales,Sales Executive,Adobe Creative Cloud,Learn Adobe Creative Cloud,C020,Digital Image Editing Foundations,Adobe,Beginner,16,tag,3.5,HIGH,HIGH,7.35,2
1371,Sales,Sales Executive,Adobe InDesign,Learn Adobe InDesign,C022,Layout and Publication Design,Adobe,Intermediate,14,tag,3.5,HIGH,HIGH,7.35,3
1372,Sales,Sales Executive,Microsoft Excel,Learn Microsoft Excel,C010,Advanced Spreadsheet Modelling,Microsoft Learn,Intermediate,12,tag,4.5,HIGH,HIGH,9.45,1
1372,Sales,Sales Executive,Microsoft Outlook,Learn Microsoft Outlook,C013,Productivity Suite Fundamentals,Microsoft Learn,Beginner,10,tag,4.5,HIGH,HIGH,9.45,2
1372,Sales,Sales Executive,Active Listening,Learn Active Listening,C015,Running Effective Remote Meetings,LinkedIn Learning,Beginner,6,tag,4.0,HIGH,HIGH,8.4,3
1373,Research & Development,Manufacturing Director,Microsoft Outlook,Learn Microsoft Outlook,C013,Productivity Suite Fundamentals,Microsoft Learn,Beginner,10,tag,4.5,HIGH,HIGH,9.45,1
1373,Research & Development,Manufacturing Director,Speaking,Learn Speaking,C036,Listening and Influence at Work,LinkedIn Learning,Beginner,6,tag,4.0,HIGH,HIGH,8.4,2
1373,Research & Development,Manufacturing Director,Reading Comprehension,Learn Reading Comprehension,C035,Business Writing for Clarity,LinkedIn Learning,Beginner,8,tag,3.88,HIGH,HIGH,8.148,3
1374,Research & Development,Research Scientist,Microsoft Office,Learn Microsoft Office,C013,Productivity Suite Fundamentals,Microsoft Learn,Beginner,10,tag,4.5,HIGH,LOW,6.75,1
1374,Research & Development,Research Scientist,Writing,Learn Writing,C035,Business Writing for Clarity,LinkedIn Learning,Beginner,8,tag,4.25,HIGH,LOW,6.375,2
1374,Research & Development,Research Scientist,Speaking,Learn Speaking,C036,Listening and Influence at Work,LinkedIn Learning,Beginner,6,tag,4.12,HIGH,LOW,6.18,3
1375,Research & Development,Healthcare Representative,Microsoft Office,Learn Microsoft Office,C013,Productivity Suite Fundamentals,Microsoft Learn,Beginner,10,tag,4.5,HIGH,LOW,6.75,1
1375,Research & Development,Healthcare Representative,Salesforce,Learn Salesforce,C026,Managing the Customer Pipeline,Trailhead,Beginner,16,tag,4.5,HIGH,LOW,6.75,2
1375,Research & Development,Healthcare Representative,Speaking,Learn Speaking,C036,Listening and Influence at Work,LinkedIn Learning,Beginner,6,tag,4.25,HIGH,LOW,6.375,3
1377,Research & Development,Laboratory Technician,Microsoft Office,Learn Microsoft Office,C013,Productivity Suite Fundamentals,Microsoft Learn,Beginner,10,tag,4.5,HIGH,HIGH,9.45,1
1377,Research & Development,Laboratory Technician,Reading Comprehension,Learn Reading Comprehension,C035,Business Writing for Clarity,LinkedIn Learning,Beginner,8,tag,3.75,HIGH,HIGH,7.875,2
1377,Research & Development,Laboratory Technician,Google Docs,Learn Google Docs,C011,Business Documents That Get Read,LinkedIn Learning,Beginner,8,tag,3.5,HIGH,HIGH,7.35,3
1379,Sales,Sales Representative,Microsoft Excel,Learn Microsoft Excel,C010,Advanced Spreadsheet Modelling,Microsoft Learn,Intermediate,12,tag,4.5,HIGH,HIGH,9.45,1
1379,Sales,Sales Representative,Speaking,Learn Speaking,C036,Listening and Influence at Work,LinkedIn Learning,Beginner,6,tag,3.88,HIGH,HIGH,8.148,2
1379,Sales,Sales Representative,Active Listening,Learn Active Listening,C015,Running Effective Remote Meetings,LinkedIn Learning,Beginner,6,tag,3.88,HIGH,HIGH,8.148,3
1380,Sales,Sales Executive,Microsoft PowerPoint,Learn Microsoft PowerPoint,C012,Presenting Data to Decision Makers,LinkedIn Learning,Beginner,10,tag,4.5,HIGH,HIGH,9.45,1
1380,Sales,Sales Executive,Microsoft Excel,Learn Microsoft Excel,C010,Advanced Spreadsheet Modelling,Microsoft Learn,Intermediate,12,tag,4.5,HIGH,HIGH,9.45,2
1380,Sales,Sales Executive,Microsoft Office,Learn Microsoft Office,C013,Productivity Suite Fundamentals,Microsoft Learn,Beginner,10,tag,4.5,HIGH,HIGH,9.45,3
1382,Research & Development,Research Scientist,Microsoft Excel,Learn Microsoft Excel,C010,Advanced Spreadsheet Modelling,Microsoft Learn,Intermediate,12,tag,4.5,HIGH,LOW,6.75,1
1382,Research & Development,Research Scientist,Microsoft Office,Learn Microsoft Office,C013,Productivity Suite Fundamentals,Microsoft Learn,Beginner,10,tag,4.5,HIGH,LOW,6.75,2
1382,Research & Development,Research Scientist,Critical Thinking,Learn Critical Thinking,C033,Structured Problem Solving,Coursera,Intermediate,12,tag,4.0,HIGH,LOW,6.0,3
1383,Research & Development,Healthcare Representative,Salesforce,Learn Salesforce,C026,Managing the Customer Pipeline,Trailhead,Beginner,16,tag,4.5,HIGH,LOW,6.75,1
1383,Research & Development,Healthcare Representative,Microsoft Outlook,Learn Microsoft Outlook,C013,Productivity Suite Fundamentals,Microsoft Learn,Beginner,10,tag,4.5,HIGH,LOW,6.75,2
1383,Research & Development,Healthcare Representative,Active Listening,Learn Active Listening,C015,Running Effective Remote Meetings,LinkedIn Learning,Beginner,6,tag,4.12,HIGH,LOW,6.18,3
1387,Sales,Sales Executive,Microsoft PowerPoint,Learn Microsoft PowerPoint,C012,Presenting Data to Decision Makers,LinkedIn Learning,Beginner,10,tag,4.5,HIGH,HIGH,9.45,1
1387,Sales,Sales Executive,Microsoft Excel,Learn Microsoft Excel,C010,Advanced Spreadsheet Modelling,Microsoft Learn,Intermediate,12,tag,4.5,HIGH,HIGH,9.45,2
1387,Sales,Sales Executive,Microsoft Outlook,Learn Microsoft Outlook,C013,Productivity Suite Fundamentals,Microsoft Learn,Beginner,10,tag,4.5,HIGH,HIGH,9.45,3
1389,Research & Development,Manufacturing Director,SAP,Learn SAP,C029,Enterprise Resource Planning Essentials,SAP,Intermediate,24,tag,4.5,HIGH,MEDIUM,7.762,1
1389,Research & Development,Manufacturing Director,Microsoft PowerPoint,Learn Microsoft PowerPoint,C012,Presenting Data to Decision Makers,LinkedIn Learning,Beginner,10,tag,4.5,HIGH,MEDIUM,7.762,2
1389,Research & Development,Manufacturing Director,Microsoft Excel,Learn Microsoft Excel,C010,Advanced Spreadsheet Modelling,Microsoft Learn,Intermediate,12,tag,4.5,HIGH,MEDIUM,7.762,3
1390,Sales,Sales Executive,Microsoft Excel,Learn Microsoft Excel,C010,Advanced Spreadsheet Modelling,Microsoft Learn,Intermediate,12,tag,4.5,HIGH,HIGH,9.45,1
1390,Sales,Sales Executive,Microsoft Office,Learn Microsoft Office,C013,Productivity Suite Fundamentals,Microsoft Learn,Beginner,10,tag,4.5,HIGH,HIGH,9.45,2
1390,Sales,Sales Executive,Salesforce,Learn Salesforce,C026,Managing the Customer Pipeline,Trailhead,Beginner,16,tag,4.5,HIGH,HIGH,9.45,3
1391,Sales,Sales Executive,Microsoft PowerPoint,Learn Microsoft PowerPoint,C012,Presenting Data to Decision Makers,LinkedIn Learning,Beginner,10,tag,4.5,HIGH,MEDIUM,7.762,1
1391,Sales,Sales Executive,Adobe Creative Cloud,Learn Adobe Creative Cloud,C020,Digital Image Editing Foundations,Adobe,Beginner,16,tag,3.5,HIGH,MEDIUM,6.037,2
1391,Sales,Sales Executive,Adobe InDesign,Learn Adobe InDesign,C022,Layout and Publication Design,Adobe,Intermediate,14,tag,3.5,HIGH,MEDIUM,6.037,3
1392,Research & Development,Research Scientist,Microsoft Excel,Learn Microsoft Excel,C010,Advanced Spreadsheet Modelling,Microsoft Learn,Intermediate,12,tag,4.5,HIGH,MEDIUM,7.762,1
1392,Research & Development,Research Scientist,R,Learn R,C002,Statistical Programming in R,Coursera,Intermediate,24,tag,4.5,HIGH,MEDIUM,7.762,2
1392,Research & Development,Research Scientist,Critical Thinking,Learn Critical Thinking,C033,Structured Problem Solving,Coursera,Intermediate,12,tag,4.0,HIGH,MEDIUM,6.9,3
1394,Research & Development,Research Scientist,Microsoft Excel,Learn Microsoft Excel,C010,Advanced Spreadsheet Modelling,Microsoft Learn,Intermediate,12,tag,4.5,HIGH,LOW,6.75,1
1394,Research & Development,Research Scientist,R,Learn R,C002,Statistical Programming in R,Coursera,Intermediate,24,tag,4.5,HIGH,LOW,6.75,2
1394,Research & Development,Research Scientist,Microsoft Office,Learn Microsoft Office,C013,Productivity Suite Fundamentals,Microsoft Learn,Beginner,10,tag,4.5,HIGH,LOW,6.75,3
1395,Sales,Sales Executive,Microsoft PowerPoint,Learn Microsoft PowerPoint,C012,Presenting Data to Decision Makers,LinkedIn Learning,Beginner,10,tag,4.5,HIGH,MEDIUM,7.762,1
1395,Sales,Sales Executive,Microsoft Excel,Learn Microsoft Excel,C010,Advanced Spreadsheet Modelling,Microsoft Learn,Intermediate,12,tag,4.5,HIGH,MEDIUM,7.762,2
1395,Sales,Sales Executive,Microsoft Outlook,Learn Microsoft Outlook,C013,Productivity Suite Fundamentals,Microsoft Learn,Beginner,10,tag,4.5,HIGH,MEDIUM,7.762,3
1396,Sales,Sales Executive,Microsoft Office,Learn Microsoft Office,C013,Productivity Suite Fundamentals,Microsoft Learn,Beginner,10,tag,4.5,HIGH,HIGH,9.45,1
1396,Sales,Sales Executive,Salesforce,Learn Salesforce,C026,Managing the Customer Pipeline,Trailhead,Beginner,16,tag,4.5,HIGH,HIGH,9.45,2
1396,Sales,Sales Executive,Active Listening,Learn Active Listening,C015,Running Effective Remote Meetings,LinkedIn Learning,Beginner,6,tag,4.0,HIGH,HIGH,8.4,3
1397,Research & Development,Healthcare Representative,Microsoft Excel,Learn Microsoft Excel,C010,Advanced Spreadsheet Modelling,Microsoft Learn,Intermediate,12,tag,4.5,HIGH,LOW,6.75,1
1397,Research & Development,Healthcare Representative,Microsoft Office,Learn Microsoft Office,C013,Productivity Suite Fundamentals,Microsoft Learn,Beginner,10,tag,4.5,HIGH,LOW,6.75,2
1397,Research & Development,Healthcare Representative,Salesforce,Learn Salesforce,C026,Managing the Customer Pipeline,Trailhead,Beginner,16,tag,4.5,HIGH,LOW,6.75,3
1399,Sales,Sales Executive,Microsoft Excel,Learn Microsoft Excel,C010,Advanced Spreadsheet Modelling,Microsoft Learn,Intermediate,12,tag,4.5,HIGH,MEDIUM,7.762,1
1399,Sales,Sales Executive,Adobe Creative Cloud,Learn Adobe Creative Cloud,C020,Digital Image Editing Foundations,Adobe,Beginner,16,tag,3.5,HIGH,MEDIUM,6.037,2
1399,Sales,Sales Executive,Adobe InDesign,Learn Adobe InDesign,C022,Layout and Publication Design,Adobe,Intermediate,14,tag,3.5,HIGH,MEDIUM,6.037,3
1401,Research & Development,Manufacturing Director,SAP,Learn SAP,C029,Enterprise Resource Planning Essentials,SAP,Intermediate,24,tag,4.5,HIGH,MEDIUM,7.762,1
1401,Research & Development,Manufacturing Director,Microsoft PowerPoint,Learn Microsoft PowerPoint,C012,Presenting Data to Decision Makers,LinkedIn Learning,Beginner,10,tag,4.5,HIGH,MEDIUM,7.762,2
1401,Research & Development,Manufacturing Director,Microsoft Excel,Learn Microsoft Excel,C010,Advanced Spreadsheet Modelling,Microsoft Learn,Intermediate,12,tag,4.5,HIGH,MEDIUM,7.762,3
1402,Research & Development,Research Scientist,R,Learn R,C002,Statistical Programming in R,Coursera,Intermediate,24,tag,4.5,HIGH,MEDIUM,7.762,1
1402,Research & Development,Research Scientist,Microsoft Office,Learn Microsoft Office,C013,Productivity Suite Fundamentals,Microsoft Learn,Beginner,10,tag,4.5,HIGH,MEDIUM,7.762,2
1402,Research & Development,Research Scientist,Science,Learn Science,C038,Scientific Method in Practice,edX,Intermediate,14,tag,4.12,HIGH,MEDIUM,7.107,3
1403,Sales,Sales Executive,Microsoft PowerPoint,Learn Microsoft PowerPoint,C012,Presenting Data to Decision Makers,LinkedIn Learning,Beginner,10,tag,4.5,HIGH,HIGH,9.45,1
1403,Sales,Sales Executive,Salesforce,Learn Salesforce,C026,Managing the Customer Pipeline,Trailhead,Beginner,16,tag,4.5,HIGH,HIGH,9.45,2
1403,Sales,Sales Executive,Speaking,Learn Speaking,C036,Listening and Influence at Work,LinkedIn Learning,Beginner,6,tag,4.0,HIGH,HIGH,8.4,3
1405,Research & Development,Research Scientist,Microsoft Excel,Learn Microsoft Excel,C010,Advanced Spreadsheet Modelling,Microsoft Learn,Intermediate,12,tag,4.5,HIGH,HIGH,9.45,1
1405,Research & Development,Research Scientist,R,Learn R,C002,Statistical Programming in R,Coursera,Intermediate,24,tag,4.5,HIGH,HIGH,9.45,2
1405,Research & Development,Research Scientist,Microsoft Office,Learn Microsoft Office,C013,Productivity Suite Fundamentals,Microsoft Learn,Beginner,10,tag,4.5,HIGH,HIGH,9.45,3
1407,Research & Development,Research Scientist,Microsoft Excel,Learn Microsoft Excel,C010,Advanced Spreadsheet Modelling,Microsoft Learn,Intermediate,12,tag,4.5,HIGH,LOW,6.75,1
1407,Research & Development,Research Scientist,R,Learn R,C002,Statistical Programming in R,Coursera,Intermediate,24,tag,4.5,HIGH,LOW,6.75,2
1407,Research & Development,Research Scientist,Microsoft Office,Learn Microsoft Office,C013,Productivity Suite Fundamentals,Microsoft Learn,Beginner,10,tag,4.5,HIGH,LOW,6.75,3
1408,Human Resources,Manager,Microsoft Excel,Learn Microsoft Excel,C010,Advanced Spreadsheet Modelling,Microsoft Learn,Intermediate,12,tag,4.5,HIGH,LOW,6.75,1
1408,Human Resources,Manager,Microsoft Office,Learn Microsoft Office,C013,Productivity Suite Fundamentals,Microsoft Learn,Beginner,10,tag,4.5,HIGH,LOW,6.75,2
1408,Human Resources,Manager,Monitoring,Learn Monitoring,C039,Performance Tracking and Review,LinkedIn Learning,Beginner,6,tag,4.0,HIGH,LOW,6.0,3
1409,Research & Development,Laboratory Technician,Reading Comprehension,Learn Reading Comprehension,C035,Business Writing for Clarity,LinkedIn Learning,Beginner,8,tag,3.75,HIGH,MEDIUM,6.469,1
1409,Research & Development,Laboratory Technician,Active Listening,Learn Active Listening,C015,Running Effective Remote Meetings,LinkedIn Learning,Beginner,6,tag,3.62,HIGH,MEDIUM,6.244,2
1409,Research & Development,Laboratory Technician,SAP,Learn SAP,C029,Enterprise Resource Planning Essentials,SAP,Intermediate,24,tag,3.5,HIGH,MEDIUM,6.037,3
1411,Research & Development,Laboratory Technician,Microsoft Office,Learn Microsoft Office,C013,Productivity Suite Fundamentals,Microsoft Learn,Beginner,10,tag,4.5,HIGH,MEDIUM,7.762,1
1411,Research & Development,Laboratory Technician,Microsoft PowerPoint,Learn Microsoft PowerPoint,C012,Presenting Data to Decision Makers,LinkedIn Learning,Beginner,10,tag,3.5,HIGH,MEDIUM,6.037,2
1411,Research & Development,Laboratory Technician,Microsoft Word,Learn Microsoft Word,C011,Business Documents That Get Read,LinkedIn Learning,Beginner,8,tag,3.5,HIGH,MEDIUM,6.037,3
1412,Research & Development,Manufacturing Director,Microsoft PowerPoint,Learn Microsoft PowerPoint,C012,Presenting Data to Decision Makers,LinkedIn Learning,Beginner,10,tag,4.5,HIGH,MEDIUM,7.762,1
1412,Research & Development,Manufacturing Director,Microsoft Office,Learn Microsoft Office,C013,Productivity Suite Fundamentals,Microsoft Learn,Beginner,10,tag,4.5,HIGH,MEDIUM,7.762,2
1412,Research & Development,Manufacturing Director,Microsoft Outlook,Learn Microsoft Outlook,C013,Productivity Suite Fundamentals,Microsoft Learn,Beginner,10,tag,4.5,HIGH,MEDIUM,7.762,3
1415,Research & Development,Laboratory Technician,Microsoft Excel,Learn Microsoft Excel,C010,Advanced Spreadsheet Modelling,Microsoft Learn,Intermediate,12,tag,4.5,HIGH,HIGH,9.45,1
1415,Research & Development,Laboratory Technician,Active Listening,Learn Active Listening,C015,Running Effective Remote Meetings,LinkedIn Learning,Beginner,6,tag,3.62,HIGH,HIGH,7.602,2
1415,Research & Development,Laboratory Technician,SAP,Learn SAP,C029,Enterprise Resource Planning Essentials,SAP,Intermediate,24,tag,3.5,HIGH,HIGH,7.35,3
1417,Research & Development,Laboratory Technician,Microsoft Excel,Learn Microsoft Excel,C010,Advanced Spreadsheet Modelling,Microsoft Learn,Intermediate,12,tag,4.5,HIGH,LOW,6.75,1
1417,Research & Development,Laboratory Technician,Microsoft Office,Learn Microsoft Office,C013,Productivity Suite Fundamentals,Microsoft Learn,Beginner,10,tag,4.5,HIGH,LOW,6.75,2
1417,Research & Development,Laboratory Technician,Reading Comprehension,Learn Reading Comprehension,C035,Business Writing for Clarity,LinkedIn Learning,Beginner,8,tag,3.75,HIGH,LOW,5.625,3
1419,Human Resources,Human Resources,Microsoft PowerPoint,Learn Microsoft PowerPoint,C012,Presenting Data to Decision Makers,LinkedIn Learning,Beginner,10,tag,4.5,HIGH,HIGH,9.45,1
1419,Human Resources,Human Resources,Microsoft Excel,Learn Microsoft Excel,C010,Advanced Spreadsheet Modelling,Microsoft Learn,Intermediate,12,tag,4.5,HIGH,HIGH,9.45,2
1419,Human Resources,Human Resources,Microsoft Office,Learn Microsoft Office,C013,Productivity Suite Fundamentals,Microsoft Learn,Beginner,10,tag,4.5,HIGH,HIGH,9.45,3
1420,Research & Development,Laboratory Technician,Active Listening,Learn Active Listening,C015,Running Effective Remote Meetings,LinkedIn Learning,Beginner,6,tag,3.62,HIGH,HIGH,7.602,1
1420,Research & Development,Laboratory Technician,SAP,Learn SAP,C029,Enterprise Resource Planning Essentials,SAP,Intermediate,24,tag,3.5,HIGH,HIGH,7.35,2
1420,Research & Development,Laboratory Technician,Microsoft Outlook,Learn Microsoft Outlook,C013,Productivity Suite Fundamentals,Microsoft Learn,Beginner,10,tag,3.5,HIGH,HIGH,7.35,3
1421,Research & Development,Healthcare Representative,Microsoft Excel,Learn Microsoft Excel,C010,Advanced Spreadsheet Modelling,Microsoft Learn,Intermediate,12,tag,4.5,HIGH,HIGH,9.45,1
1421,Research & Development,Healthcare Representative,Microsoft Office,Learn Microsoft Office,C013,Productivity Suite Fundamentals,Microsoft Learn,Beginner,10,tag,4.5,HIGH,HIGH,9.45,2
1421,Research & Development,Healthcare Representative,Salesforce,Learn Salesforce,C026,Managing the Customer Pipeline,Trailhead,Beginner,16,tag,4.5,HIGH,HIGH,9.45,3
1422,Research & Development,Research Director,Microsoft PowerPoint,Learn Microsoft PowerPoint,C012,Presenting Data to Decision Makers,LinkedIn Learning,Beginner,10,tag,4.5,HIGH,LOW,6.75,1
1422,Research & Development,Research Director,Microsoft Excel,Learn Microsoft Excel,C010,Advanced Spreadsheet Modelling,Microsoft Learn,Intermediate,12,tag,4.5,HIGH,LOW,6.75,2
1422,Research & Development,Research Director,Monitoring,Learn Monitoring,C039,Performance Tracking and Review,LinkedIn Learning,Beginner,6,tag,4.0,HIGH,LOW,6.0,3
1423,Research & Development,Research Director,Critical Thinking,Learn Critical Thinking,C033,Structured Problem Solving,Coursera,Intermediate,12,tag,4.0,HIGH,LOW,6.0,1
1423,Research & Development,Research Director,Active Listening,Learn Active Listening,C015,Running Effective Remote Meetings,LinkedIn Learning,Beginner,6,tag,4.0,HIGH,LOW,6.0,2
1423,Research & Development,Research Director,ESRI ArcGIS,Learn ESRI ArcGIS,C025,Spatial Analysis and Mapping,ESRI,Intermediate,22,tag,3.5,HIGH,LOW,5.25,3
1424,Research & Development,Research Director,Microsoft Excel,Learn Microsoft Excel,C010,Advanced Spreadsheet Modelling,Microsoft Learn,Intermediate,12,tag,4.5,HIGH,LOW,6.75,1
1424,Research & Development,Research Director,Reading Comprehension,Learn Reading Comprehension,C035,Business Writing for Clarity,LinkedIn Learning,Beginner,8,tag,4.0,HIGH,LOW,6.0,2
1424,Research & Development,Research Director,IBM SPSS Statistics,Learn IBM SPSS Statistics,C003,Applied Statistics with SPSS,IBM SkillsBuild,Beginner,16,tag,3.5,HIGH,LOW,5.25,3
1425,Sales,Sales Executive,Adobe InDesign,Learn Adobe InDesign,C022,Layout and Publication Design,Adobe,Intermediate,14,tag,3.5,HIGH,HIGH,7.35,1
1425,Sales,Sales Executive,Adobe Acrobat,Learn Adobe Acrobat,C019,Working with PDFs and Document Workflows,Adobe,Beginner,6,tag,3.5,HIGH,HIGH,7.35,2
1425,Sales,Sales Executive,Adobe Illustrator,Learn Adobe Illustrator,C021,Vector Graphics and Brand Assets,Adobe,Intermediate,14,tag,3.5,HIGH,HIGH,7.35,3
1427,Sales,Sales Representative,Microsoft Excel,Learn Microsoft Excel,C010,Advanced Spreadsheet Modelling,Microsoft Learn,Intermediate,12,tag,4.5,HIGH,HIGH,9.45,1
1427,Sales,Sales Representative,Reading Comprehension,Learn Reading Comprehension,C035,Business Writing for Clarity,LinkedIn Learning,Beginner,8,tag,3.62,HIGH,HIGH,7.602,2
1427,Sales,Sales Representative,Microsoft PowerPoint,Learn Microsoft PowerPoint,C012,Presenting Data to Decision Makers,LinkedIn Learning,Beginner,10,tag,3.5,HIGH,HIGH,7.35,3
1428,Sales,Sales Executive,Microsoft Outlook,Learn Microsoft Outlook,C013,Productivity Suite Fundamentals,Microsoft Learn,Beginner,10,tag,4.5,HIGH,LOW,6.75,1
1428,Sales,Sales Executive,Active Listening,Learn Active Listening,C015,Running Effective Remote Meetings,LinkedIn Learning,Beginner,6,tag,4.0,HIGH,LOW,6.0,2
1428,Sales,Sales Executive,Adobe Creative Cloud,Learn Adobe Creative Cloud,C020,Digital Image Editing Foundations,Adobe,Beginner,16,tag,3.5,HIGH,LOW,5.25,3
1430,Research & Development,Research Director,Science,Learn Science,C038,Scientific Method in Practice,edX,Intermediate,14,tag,4.12,HIGH,LOW,6.18,1
1430,Research & Development,Research Director,Reading Comprehension,Learn Reading Comprehension,C035,Business Writing for Clarity,LinkedIn Learning,Beginner,8,tag,4.0,HIGH,LOW,6.0,2
1430,Research & Development,Research Director,Active Listening,Learn Active Listening,C015,Running Effective Remote Meetings,LinkedIn Learning,Beginner,6,tag,4.0,HIGH,LOW,6.0,3
1431,Research & Development,Research Scientist,Science,Learn Science,C038,Scientific Method in Practice,edX,Intermediate,14,tag,4.12,HIGH,LOW,6.18,1
1431,Research & Development,Research Scientist,Speaking,Learn Speaking,C036,Listening and Influence at Work,LinkedIn Learning,Beginner,6,tag,4.12,HIGH,LOW,6.18,2
1431,Research & Development,Research Scientist,Active Learning,Learn Active Learning,C034,Learning How to Learn,Coursera,Beginner,8,tag,4.12,HIGH,LOW,6.18,3
1433,Research & Development,Research Scientist,Science,Learn Science,C038,Scientific Method in Practice,edX,Intermediate,14,tag,4.12,HIGH,HIGH,8.652,1
1433,Research & Development,Research Scientist,Critical Thinking,Learn Critical Thinking,C033,Structured Problem Solving,Coursera,Intermediate,12,tag,4.0,HIGH,HIGH,8.4,2
1433,Research & Development,Research Scientist,Mathematics,Learn Mathematics,C037,Quantitative Reasoning for Professionals,Khan Academy,Beginner,16,tag,3.62,HIGH,HIGH,7.602,3
1434,Research & Development,Laboratory Technician,Microsoft Excel,Learn Microsoft Excel,C010,Advanced Spreadsheet Modelling,Microsoft Learn,Intermediate,12,tag,4.5,HIGH,LOW,6.75,1
1434,Research & Development,Laboratory Technician,Microsoft Office,Learn Microsoft Office,C013,Productivity Suite Fundamentals,Microsoft Learn,Beginner,10,tag,4.5,HIGH,LOW,6.75,2
1434,Research & Development,Laboratory Technician,Reading Comprehension,Learn Reading Comprehension,C035,Business Writing for Clarity,LinkedIn Learning,Beginner,8,tag,3.75,HIGH,LOW,5.625,3
1435,Research & Development,Laboratory Technician,Microsoft Excel,Learn Microsoft Excel,C010,Advanced Spreadsheet Modelling,Microsoft Learn,Intermediate,12,tag,4.5,HIGH,HIGH,9.45,1
1435,Research & Development,Laboratory Technician,Reading Comprehension,Learn Reading Comprehension,C035,Business Writing for Clarity,LinkedIn Learning,Beginner,8,tag,3.75,HIGH,HIGH,7.875,2
1435,Research & Development,Laboratory Technician,Active Listening,Learn Active Listening,C015,Running Effective Remote Meetings,LinkedIn Learning,Beginner,6,tag,3.62,HIGH,HIGH,7.602,3
1436,Sales,Sales Executive,Microsoft Office,Learn Microsoft Office,C013,Productivity Suite Fundamentals,Microsoft Learn,Beginner,10,tag,4.5,HIGH,HIGH,9.45,1
1436,Sales,Sales Executive,Salesforce,Learn Salesforce,C026,Managing the Customer Pipeline,Trailhead,Beginner,16,tag,4.5,HIGH,HIGH,9.45,2
1436,Sales,Sales Executive,Speaking,Learn Speaking,C036,Listening and Influence at Work,LinkedIn Learning,Beginner,6,tag,4.0,HIGH,HIGH,8.4,3
1438,Research & Development,Research Scientist,Microsoft Excel,Learn Microsoft Excel,C010,Advanced Spreadsheet Modelling,Microsoft Learn,Intermediate,12,tag,4.5,HIGH,LOW,6.75,1
1438,Research & Development,Research Scientist,R,Learn R,C002,Statistical Programming in R,Coursera,Intermediate,24,tag,4.5,HIGH,LOW,6.75,2
1438,Research & Development,Research Scientist,Writing,Learn Writing,C035,Business Writing for Clarity,LinkedIn Learning,Beginner,8,tag,4.25,HIGH,LOW,6.375,3
1439,Sales,Sales Representative,Microsoft Excel,Learn Microsoft Excel,C010,Advanced Spreadsheet Modelling,Microsoft Learn,Intermediate,12,tag,4.5,HIGH,HIGH,9.45,1
1439,Sales,Sales Representative,Salesforce,Learn Salesforce,C026,Managing the Customer Pipeline,Trailhead,Beginner,16,tag,4.5,HIGH,HIGH,9.45,2
1439,Sales,Sales Representative,Microsoft Office,Learn Microsoft Office,C013,Productivity Suite Fundamentals,Microsoft Learn,Beginner,10,tag,4.5,HIGH,HIGH,9.45,3
1440,Research & Development,Laboratory Technician,Microsoft Excel,Learn Microsoft Excel,C010,Advanced Spreadsheet Modelling,Microsoft Learn,Intermediate,12,tag,4.5,HIGH,LOW,6.75,1
1440,Research & Development,Laboratory Technician,Reading Comprehension,Learn Reading Comprehension,C035,Business Writing for Clarity,LinkedIn Learning,Beginner,8,tag,3.75,HIGH,LOW,5.625,2
1440,Research & Development,Laboratory Technician,SAP,Learn SAP,C029,Enterprise Resource Planning Essentials,SAP,Intermediate,24,tag,3.5,HIGH,LOW,5.25,3
1441,Research & Development,Research Scientist,Microsoft Excel,Learn Microsoft Excel,C010,Advanced Spreadsheet Modelling,Microsoft Learn,Intermediate,12,tag,4.5,HIGH,LOW,6.75,1
1441,Research & Development,Research Scientist,R,Learn R,C002,Statistical Programming in R,Coursera,Intermediate,24,tag,4.5,HIGH,LOW,6.75,2
1441,Research & Development,Research Scientist,Writing,Learn Writing,C035,Business Writing for Clarity,LinkedIn Learning,Beginner,8,tag,4.25,HIGH,LOW,6.375,3
1443,Research & Development,Research Director,Microsoft Office,Learn Microsoft Office,C013,Productivity Suite Fundamentals,Microsoft Learn,Beginner,10,tag,4.5,HIGH,LOW,6.75,1
1443,Research & Development,Research Director,Reading Comprehension,Learn Reading Comprehension,C035,Business Writing for Clarity,LinkedIn Learning,Beginner,8,tag,4.0,HIGH,LOW,6.0,2
1443,Research & Development,Research Director,Active Listening,Learn Active Listening,C015,Running Effective Remote Meetings,LinkedIn Learning,Beginner,6,tag,4.0,HIGH,LOW,6.0,3
1445,Sales,Sales Executive,Microsoft Excel,Learn Microsoft Excel,C010,Advanced Spreadsheet Modelling,Microsoft Learn,Intermediate,12,tag,4.5,HIGH,LOW,6.75,1
1445,Sales,Sales Executive,Microsoft Office,Learn Microsoft Office,C013,Productivity Suite Fundamentals,Microsoft Learn,Beginner,10,tag,4.5,HIGH,LOW,6.75,2
1445,Sales,Sales Executive,Salesforce,Learn Salesforce,C026,Managing the Customer Pipeline,Trailhead,Beginner,16,tag,4.5,HIGH,LOW,6.75,3
1446,Sales,Sales Executive,Microsoft Office,Learn Microsoft Office,C013,Productivity Suite Fundamentals,Microsoft Learn,Beginner,10,tag,4.5,HIGH,LOW,6.75,1
1446,Sales,Sales Executive,Salesforce,Learn Salesforce,C026,Managing the Customer Pipeline,Trailhead,Beginner,16,tag,4.5,HIGH,LOW,6.75,2
1446,Sales,Sales Executive,Microsoft Outlook,Learn Microsoft Outlook,C013,Productivity Suite Fundamentals,Microsoft Learn,Beginner,10,tag,4.5,HIGH,LOW,6.75,3
1447,Research & Development,Laboratory Technician,Microsoft Excel,Learn Microsoft Excel,C010,Advanced Spreadsheet Modelling,Microsoft Learn,Intermediate,12,tag,4.5,HIGH,MEDIUM,7.762,1
1447,Research & Development,Laboratory Technician,Microsoft Office,Learn Microsoft Office,C013,Productivity Suite Fundamentals,Microsoft Learn,Beginner,10,tag,4.5,HIGH,MEDIUM,7.762,2
1447,Research & Development,Laboratory Technician,Reading Comprehension,Learn Reading Comprehension,C035,Business Writing for Clarity,LinkedIn Learning,Beginner,8,tag,3.75,HIGH,MEDIUM,6.469,3
1448,Research & Development,Research Scientist,Microsoft Excel,Learn Microsoft Excel,C010,Advanced Spreadsheet Modelling,Microsoft Learn,Intermediate,12,tag,4.5,HIGH,LOW,6.75,1
1448,Research & Development,Research Scientist,R,Learn R,C002,Statistical Programming in R,Coursera,Intermediate,24,tag,4.5,HIGH,LOW,6.75,2
1448,Research & Development,Research Scientist,Writing,Learn Writing,C035,Business Writing for Clarity,LinkedIn Learning,Beginner,8,tag,4.25,HIGH,LOW,6.375,3
1449,Research & Development,Laboratory Technician,Microsoft Excel,Learn Microsoft Excel,C010,Advanced Spreadsheet Modelling,Microsoft Learn,Intermediate,12,tag,4.5,HIGH,LOW,6.75,1
1449,Research & Development,Laboratory Technician,Reading Comprehension,Learn Reading Comprehension,C035,Business Writing for Clarity,LinkedIn Learning,Beginner,8,tag,3.75,HIGH,LOW,5.625,2
1449,Research & Development,Laboratory Technician,Microsoft Word,Learn Microsoft Word,C011,Business Documents That Get Read,LinkedIn Learning,Beginner,8,tag,3.5,HIGH,LOW,5.25,3
1453,Sales,Sales Executive,Microsoft PowerPoint,Learn Microsoft PowerPoint,C012,Presenting Data to Decision Makers,LinkedIn Learning,Beginner,10,tag,4.5,HIGH,LOW,6.75,1
1453,Sales,Sales Executive,Active Listening,Learn Active Listening,C015,Running Effective Remote Meetings,LinkedIn Learning,Beginner,6,tag,4.0,HIGH,LOW,6.0,2
1453,Sales,Sales Executive,Adobe InDesign,Learn Adobe InDesign,C022,Layout and Publication Design,Adobe,Intermediate,14,tag,3.5,HIGH,LOW,5.25,3
1457,Sales,Sales Executive,Microsoft Outlook,Learn Microsoft Outlook,C013,Productivity Suite Fundamentals,Microsoft Learn,Beginner,10,tag,4.5,HIGH,LOW,6.75,1
1457,Sales,Sales Executive,Adobe InDesign,Learn Adobe InDesign,C022,Layout and Publication Design,Adobe,Intermediate,14,tag,3.5,HIGH,LOW,5.25,2
1457,Sales,Sales Executive,Adobe Acrobat,Learn Adobe Acrobat,C019,Working with PDFs and Document Workflows,Adobe,Beginner,6,tag,3.5,HIGH,LOW,5.25,3
1458,Research & Development,Laboratory Technician,Microsoft Office,Learn Microsoft Office,C013,Productivity Suite Fundamentals,Microsoft Learn,Beginner,10,tag,4.5,HIGH,HIGH,9.45,1
1458,Research & Development,Laboratory Technician,Reading Comprehension,Learn Reading Comprehension,C035,Business Writing for Clarity,LinkedIn Learning,Beginner,8,tag,3.75,HIGH,HIGH,7.875,2
1458,Research & Development,Laboratory Technician,Active Listening,Learn Active Listening,C015,Running Effective Remote Meetings,LinkedIn Learning,Beginner,6,tag,3.62,HIGH,HIGH,7.602,3
1459,Research & Development,Manufacturing Director,Microsoft PowerPoint,Learn Microsoft PowerPoint,C012,Presenting Data to Decision Makers,LinkedIn Learning,Beginner,10,tag,4.5,HIGH,LOW,6.75,1
1459,Research & Development,Manufacturing Director,Microsoft Office,Learn Microsoft Office,C013,Productivity Suite Fundamentals,Microsoft Learn,Beginner,10,tag,4.5,HIGH,LOW,6.75,2
1459,Research & Development,Manufacturing Director,Reading Comprehension,Learn Reading Comprehension,C035,Business Writing for Clarity,LinkedIn Learning,Beginner,8,tag,3.88,HIGH,LOW,5.82,3
1460,Research & Development,Healthcare Representative,Microsoft Excel,Learn Microsoft Excel,C010,Advanced Spreadsheet Modelling,Microsoft Learn,Intermediate,12,tag,4.5,HIGH,LOW,6.75,1
1460,Research & Development,Healthcare Representative,Microsoft Office,Learn Microsoft Office,C013,Productivity Suite Fundamentals,Microsoft Learn,Beginner,10,tag,4.5,HIGH,LOW,6.75,2
1460,Research & Development,Healthcare Representative,Salesforce,Learn Salesforce,C026,Managing the Customer Pipeline,Trailhead,Beginner,16,tag,4.5,HIGH,LOW,6.75,3
1461,Human Resources,Human Resources,Microsoft PowerPoint,Learn Microsoft PowerPoint,C012,Presenting Data to Decision Makers,LinkedIn Learning,Beginner,10,tag,4.5,HIGH,LOW,6.75,1
1461,Human Resources,Human Resources,Speaking,Learn Speaking,C036,Listening and Influence at Work,LinkedIn Learning,Beginner,6,tag,4.12,HIGH,LOW,6.18,2
1461,Human Resources,Human Resources,Reading Comprehension,Learn Reading Comprehension,C035,Business Writing for Clarity,LinkedIn Learning,Beginner,8,tag,4.0,HIGH,LOW,6.0,3
1464,Research & Development,Laboratory Technician,Reading Comprehension,Learn Reading Comprehension,C035,Business Writing for Clarity,LinkedIn Learning,Beginner,8,tag,3.75,HIGH,HIGH,7.875,1
1464,Research & Development,Laboratory Technician,SAP,Learn SAP,C029,Enterprise Resource Planning Essentials,SAP,Intermediate,24,tag,3.5,HIGH,HIGH,7.35,2
1464,Research & Development,Laboratory Technician,Microsoft Word,Learn Microsoft Word,C011,Business Documents That Get Read,LinkedIn Learning,Beginner,8,tag,3.5,HIGH,HIGH,7.35,3
1465,Research & Development,Manufacturing Director,Microsoft PowerPoint,Learn Microsoft PowerPoint,C012,Presenting Data to Decision Makers,LinkedIn Learning,Beginner,10,tag,4.5,HIGH,MEDIUM,7.762,1
1465,Research & Development,Manufacturing Director,Microsoft Excel,Learn Microsoft Excel,C010,Advanced Spreadsheet Modelling,Microsoft Learn,Intermediate,12,tag,4.5,HIGH,MEDIUM,7.762,2
1465,Research & Development,Manufacturing Director,Microsoft Outlook,Learn Microsoft Outlook,C013,Productivity Suite Fundamentals,Microsoft Learn,Beginner,10,tag,4.5,HIGH,MEDIUM,7.762,3
1466,Sales,Sales Executive,Microsoft Office,Learn Microsoft Office,C013,Productivity Suite Fundamentals,Microsoft Learn,Beginner,10,tag,4.5,HIGH,LOW,6.75,1
1466,Sales,Sales Executive,Salesforce,Learn Salesforce,C026,Managing the Customer Pipeline,Trailhead,Beginner,16,tag,4.5,HIGH,LOW,6.75,2
1466,Sales,Sales Executive,Speaking,Learn Speaking,C036,Listening and Influence at Work,LinkedIn Learning,Beginner,6,tag,4.0,HIGH,LOW,6.0,3
1467,Human Resources,Human Resources,Microsoft Office,Learn Microsoft Office,C013,Productivity Suite Fundamentals,Microsoft Learn,Beginner,10,tag,4.5,HIGH,MEDIUM,7.762,1
1467,Human Resources,Human Resources,Microsoft Outlook,Learn Microsoft Outlook,C013,Productivity Suite Fundamentals,Microsoft Learn,Beginner,10,tag,4.5,HIGH,MEDIUM,7.762,2
1467,Human Resources,Human Resources,Speaking,Learn Speaking,C036,Listening and Influence at Work,LinkedIn Learning,Beginner,6,tag,4.12,HIGH,MEDIUM,7.107,3
1468,Research & Development,Research Director,Critical Thinking,Learn Critical Thinking,C033,Structured Problem Solving,Coursera,Intermediate,12,tag,4.0,HIGH,LOW,6.0,1
1468,Research & Development,Research Director,Speaking,Learn Speaking,C036,Listening and Influence at Work,LinkedIn Learning,Beginner,6,tag,3.88,HIGH,LOW,5.82,2
1468,Research & Development,Research Director,IBM SPSS Statistics,Learn IBM SPSS Statistics,C003,Applied Statistics with SPSS,IBM SkillsBuild,Beginner,16,tag,3.5,HIGH,LOW,5.25,3
1469,Sales,Sales Executive,Microsoft PowerPoint,Learn Microsoft PowerPoint,C012,Presenting Data to Decision Makers,LinkedIn Learning,Beginner,10,tag,4.5,HIGH,LOW,6.75,1
1469,Sales,Sales Executive,Microsoft Excel,Learn Microsoft Excel,C010,Advanced Spreadsheet Modelling,Microsoft Learn,Intermediate,12,tag,4.5,HIGH,LOW,6.75,2
1469,Sales,Sales Executive,Salesforce,Learn Salesforce,C026,Managing the Customer Pipeline,Trailhead,Beginner,16,tag,4.5,HIGH,LOW,6.75,3
1471,Research & Development,Laboratory Technician,Reading Comprehension,Learn Reading Comprehension,C035,Business Writing for Clarity,LinkedIn Learning,Beginner,8,tag,3.75,HIGH,LOW,5.625,1
1471,Research & Development,Laboratory Technician,Active Listening,Learn Active Listening,C015,Running Effective Remote Meetings,LinkedIn Learning,Beginner,6,tag,3.62,HIGH,LOW,5.43,2
1471,Research & Development,Laboratory Technician,SAP,Learn SAP,C029,Enterprise Resource Planning Essentials,SAP,Intermediate,24,tag,3.5,HIGH,LOW,5.25,3
1472,Research & Development,Research Director,Microsoft PowerPoint,Learn Microsoft PowerPoint,C012,Presenting Data to Decision Makers,LinkedIn Learning,Beginner,10,tag,4.5,HIGH,LOW,6.75,1
1472,Research & Development,Research Director,Microsoft Office,Learn Microsoft Office,C013,Productivity Suite Fundamentals,Microsoft Learn,Beginner,10,tag,4.5,HIGH,LOW,6.75,2
1472,Research & Development,Research Director,Science,Learn Science,C038,Scientific Method in Practice,edX,Intermediate,14,tag,4.12,HIGH,LOW,6.18,3
1473,Research & Development,Healthcare Representative,Microsoft Outlook,Learn Microsoft Outlook,C013,Productivity Suite Fundamentals,Microsoft Learn,Beginner,10,tag,4.5,HIGH,LOW,6.75,1
1473,Research & Development,Healthcare Representative,Active Learning,Learn Active Learning,C034,Learning How to Learn,Coursera,Beginner,8,tag,3.5,HIGH,LOW,5.25,2
1473,Research & Development,Healthcare Representative,Microsoft Access,Learn Microsoft Access,C009,Relational Databases and Query Design,Coursera,Beginner,18,tag,3.5,HIGH,LOW,5.25,3
1474,Research & Development,Research Scientist,Microsoft Excel,Learn Microsoft Excel,C010,Advanced Spreadsheet Modelling,Microsoft Learn,Intermediate,12,tag,4.5,HIGH,LOW,6.75,1
1474,Research & Development,Research Scientist,Microsoft Office,Learn Microsoft Office,C013,Productivity Suite Fundamentals,Microsoft Learn,Beginner,10,tag,4.5,HIGH,LOW,6.75,2
1474,Research & Development,Research Scientist,Science,Learn Science,C038,Scientific Method in Practice,edX,Intermediate,14,tag,4.12,HIGH,LOW,6.18,3
1475,Research & Development,Research Scientist,Microsoft Office,Learn Microsoft Office,C013,Productivity Suite Fundamentals,Microsoft Learn,Beginner,10,tag,4.5,HIGH,LOW,6.75,1
1475,Research & Development,Research Scientist,Science,Learn Science,C038,Scientific Method in Practice,edX,Intermediate,14,tag,4.12,HIGH,LOW,6.18,2
1475,Research & Development,Research Scientist,Speaking,Learn Speaking,C036,Listening and Influence at Work,LinkedIn Learning,Beginner,6,tag,4.12,HIGH,LOW,6.18,3
1477,Sales,Sales Executive,Microsoft PowerPoint,Learn Microsoft PowerPoint,C012,Presenting Data to Decision Makers,LinkedIn Learning,Beginner,10,tag,4.5,HIGH,MEDIUM,7.762,1
1477,Sales,Sales Executive,Microsoft Excel,Learn Microsoft Excel,C010,Advanced Spreadsheet Modelling,Microsoft Learn,Intermediate,12,tag,4.5,HIGH,MEDIUM,7.762,2
1477,Sales,Sales Executive,Microsoft Office,Learn Microsoft Office,C013,Productivity Suite Fundamentals,Microsoft Learn,Beginner,10,tag,4.5,HIGH,MEDIUM,7.762,3
1478,Sales,Sales Executive,Microsoft Excel,Learn Microsoft Excel,C010,Advanced Spreadsheet Modelling,Microsoft Learn,Intermediate,12,tag,4.5,HIGH,LOW,6.75,1
1478,Sales,Sales Executive,Microsoft Outlook,Learn Microsoft Outlook,C013,Productivity Suite Fundamentals,Microsoft Learn,Beginner,10,tag,4.5,HIGH,LOW,6.75,2
1478,Sales,Sales Executive,Active Listening,Learn Active Listening,C015,Running Effective Remote Meetings,LinkedIn Learning,Beginner,6,tag,4.0,HIGH,LOW,6.0,3
1479,Sales,Sales Executive,Microsoft PowerPoint,Learn Microsoft PowerPoint,C012,Presenting Data to Decision Makers,LinkedIn Learning,Beginner,10,tag,4.5,HIGH,LOW,6.75,1
1479,Sales,Sales Executive,Microsoft Excel,Learn Microsoft Excel,C010,Advanced Spreadsheet Modelling,Microsoft Learn,Intermediate,12,tag,4.5,HIGH,LOW,6.75,2
1479,Sales,Sales Executive,Microsoft Office,Learn Microsoft Office,C013,Productivity Suite Fundamentals,Microsoft Learn,Beginner,10,tag,4.5,HIGH,LOW,6.75,3
1480,Research & Development,Laboratory Technician,Reading Comprehension,Learn Reading Comprehension,C035,Business Writing for Clarity,LinkedIn Learning,Beginner,8,tag,3.75,HIGH,MEDIUM,6.469,1
1480,Research & Development,Laboratory Technician,Active Listening,Learn Active Listening,C015,Running Effective Remote Meetings,LinkedIn Learning,Beginner,6,tag,3.62,HIGH,MEDIUM,6.244,2
1480,Research & Development,Laboratory Technician,SAP,Learn SAP,C029,Enterprise Resource Planning Essentials,SAP,Intermediate,24,tag,3.5,HIGH,MEDIUM,6.037,3
1481,Sales,Sales Executive,Microsoft PowerPoint,Learn Microsoft PowerPoint,C012,Presenting Data to Decision Makers,LinkedIn Learning,Beginner,10,tag,4.5,HIGH,HIGH,9.45,1
1481,Sales,Sales Executive,Microsoft Excel,Learn Microsoft Excel,C010,Advanced Spreadsheet Modelling,Microsoft Learn,Intermediate,12,tag,4.5,HIGH,HIGH,9.45,2
1481,Sales,Sales Executive,Salesforce,Learn Salesforce,C026,Managing the Customer Pipeline,Trailhead,Beginner,16,tag,4.5,HIGH,HIGH,9.45,3
1482,Research & Development,Research Scientist,Microsoft Office,Learn Microsoft Office,C013,Productivity Suite Fundamentals,Microsoft Learn,Beginner,10,tag,4.5,HIGH,LOW,6.75,1
1482,Research & Development,Research Scientist,Writing,Learn Writing,C035,Business Writing for Clarity,LinkedIn Learning,Beginner,8,tag,4.25,HIGH,LOW,6.375,2
1482,Research & Development,Research Scientist,Speaking,Learn Speaking,C036,Listening and Influence at Work,LinkedIn Learning,Beginner,6,tag,4.12,HIGH,LOW,6.18,3
1483,Research & Development,Research Scientist,Microsoft Excel,Learn Microsoft Excel,C010,Advanced Spreadsheet Modelling,Microsoft Learn,Intermediate,12,tag,4.5,HIGH,LOW,6.75,1
1483,Research & Development,Research Scientist,R,Learn R,C002,Statistical Programming in R,Coursera,Intermediate,24,tag,4.5,HIGH,LOW,6.75,2
1483,Research & Development,Research Scientist,Writing,Learn Writing,C035,Business Writing for Clarity,LinkedIn Learning,Beginner,8,tag,4.25,HIGH,LOW,6.375,3
1484,Research & Development,Healthcare Representative,Microsoft Excel,Learn Microsoft Excel,C010,Advanced Spreadsheet Modelling,Microsoft Learn,Intermediate,12,tag,4.5,HIGH,LOW,6.75,1
1484,Research & Development,Healthcare Representative,Active Learning,Learn Active Learning,C034,Learning How to Learn,Coursera,Beginner,8,tag,3.5,HIGH,LOW,5.25,2
1484,Research & Development,Healthcare Representative,Critical Thinking,Learn Critical Thinking,C033,Structured Problem Solving,Coursera,Intermediate,12,tag,3.38,HIGH,LOW,5.07,3
1485,Research & Development,Research Director,Microsoft Office,Learn Microsoft Office,C013,Productivity Suite Fundamentals,Microsoft Learn,Beginner,10,tag,4.5,HIGH,MEDIUM,7.762,1
1485,Research & Development,Research Director,Science,Learn Science,C038,Scientific Method in Practice,edX,Intermediate,14,tag,4.12,HIGH,MEDIUM,7.107,2
1485,Research & Development,Research Director,Critical Thinking,Learn Critical Thinking,C033,Structured Problem Solving,Coursera,Intermediate,12,tag,4.0,HIGH,MEDIUM,6.9,3
1486,Sales,Sales Representative,Speaking,Learn Speaking,C036,Listening and Influence at Work,LinkedIn Learning,Beginner,6,tag,3.88,HIGH,HIGH,8.148,1
1486,Sales,Sales Representative,Reading Comprehension,Learn Reading Comprehension,C035,Business Writing for Clarity,LinkedIn Learning,Beginner,8,tag,3.62,HIGH,HIGH,7.602,2
1486,Sales,Sales Representative,IBM SPSS Statistics,Learn IBM SPSS Statistics,C003,Applied Statistics with SPSS,IBM SkillsBuild,Beginner,16,tag,3.5,HIGH,HIGH,7.35,3
1487,Sales,Sales Executive,Microsoft Excel,Learn Microsoft Excel,C010,Advanced Spreadsheet Modelling,Microsoft Learn,Intermediate,12,tag,4.5,HIGH,HIGH,9.45,1
1487,Sales,Sales Executive,Salesforce,Learn Salesforce,C026,Managing the Customer Pipeline,Trailhead,Beginner,16,tag,4.5,HIGH,HIGH,9.45,2
1487,Sales,Sales Executive,Speaking,Learn Speaking,C036,Listening and Influence at Work,LinkedIn Learning,Beginner,6,tag,4.0,HIGH,HIGH,8.4,3
1489,Sales,Sales Executive,Microsoft PowerPoint,Learn Microsoft PowerPoint,C012,Presenting Data to Decision Makers,LinkedIn Learning,Beginner,10,tag,4.5,HIGH,HIGH,9.45,1
1489,Sales,Sales Executive,Microsoft Excel,Learn Microsoft Excel,C010,Advanced Spreadsheet Modelling,Microsoft Learn,Intermediate,12,tag,4.5,HIGH,HIGH,9.45,2
1489,Sales,Sales Executive,Microsoft Office,Learn Microsoft Office,C013,Productivity Suite Fundamentals,Microsoft Learn,Beginner,10,tag,4.5,HIGH,HIGH,9.45,3
1492,Sales,Sales Representative,Salesforce,Learn Salesforce,C026,Managing the Customer Pipeline,Trailhead,Beginner,16,tag,4.5,HIGH,HIGH,9.45,1
1492,Sales,Sales Representative,Speaking,Learn Speaking,C036,Listening and Influence at Work,LinkedIn Learning,Beginner,6,tag,3.88,HIGH,HIGH,8.148,2
1492,Sales,Sales Representative,Active Listening,Learn Active Listening,C015,Running Effective Remote Meetings,LinkedIn Learning,Beginner,6,tag,3.88,HIGH,HIGH,8.148,3
1494,Research & Development,Laboratory Technician,Microsoft Excel,Learn Microsoft Excel,C010,Advanced Spreadsheet Modelling,Microsoft Learn,Intermediate,12,tag,4.5,HIGH,HIGH,9.45,1
1494,Research & Development,Laboratory Technician,Reading Comprehension,Learn Reading Comprehension,C035,Business Writing for Clarity,LinkedIn Learning,Beginner,8,tag,3.75,HIGH,HIGH,7.875,2
1494,Research & Development,Laboratory Technician,Active Listening,Learn Active Listening,C015,Running Effective Remote Meetings,LinkedIn Learning,Beginner,6,tag,3.62,HIGH,HIGH,7.602,3
1495,Sales,Sales Representative,Microsoft Excel,Learn Microsoft Excel,C010,Advanced Spreadsheet Modelling,Microsoft Learn,Intermediate,12,tag,4.5,HIGH,MEDIUM,7.762,1
1495,Sales,Sales Representative,Microsoft Office,Learn Microsoft Office,C013,Productivity Suite Fundamentals,Microsoft Learn,Beginner,10,tag,4.5,HIGH,MEDIUM,7.762,2
1495,Sales,Sales Representative,Salesforce,Learn Salesforce,C026,Managing the Customer Pipeline,Trailhead,Beginner,16,tag,4.5,HIGH,MEDIUM,7.762,3
1496,Research & Development,Manufacturing Director,Microsoft Office,Learn Microsoft Office,C013,Productivity Suite Fundamentals,Microsoft Learn,Beginner,10,tag,4.5,HIGH,HIGH,9.45,1
1496,Research & Development,Manufacturing Director,Monitoring,Learn Monitoring,C039,Performance Tracking and Review,LinkedIn Learning,Beginner,6,tag,4.0,HIGH,HIGH,8.4,2
1496,Research & Development,Manufacturing Director,Reading Comprehension,Learn Reading Comprehension,C035,Business Writing for Clarity,LinkedIn Learning,Beginner,8,tag,3.88,HIGH,HIGH,8.148,3
1497,Sales,Sales Executive,Salesforce,Learn Salesforce,C026,Managing the Customer Pipeline,Trailhead,Beginner,16,tag,4.5,HIGH,LOW,6.75,1
1497,Sales,Sales Executive,Speaking,Learn Speaking,C036,Listening and Influence at Work,LinkedIn Learning,Beginner,6,tag,4.0,HIGH,LOW,6.0,2
1497,Sales,Sales Executive,Adobe Creative Cloud,Learn Adobe Creative Cloud,C020,Digital Image Editing Foundations,Adobe,Beginner,16,tag,3.5,HIGH,LOW,5.25,3
1499,Human Resources,Human Resources,Microsoft PowerPoint,Learn Microsoft PowerPoint,C012,Presenting Data to Decision Makers,LinkedIn Learning,Beginner,10,tag,4.5,HIGH,LOW,6.75,1
1499,Human Resources,Human Resources,Microsoft Excel,Learn Microsoft Excel,C010,Advanced Spreadsheet Modelling,Microsoft Learn,Intermediate,12,tag,4.5,HIGH,LOW,6.75,2
1499,Human Resources,Human Resources,Microsoft Office,Learn Microsoft Office,C013,Productivity Suite Fundamentals,Microsoft Learn,Beginner,10,tag,4.5,HIGH,LOW,6.75,3
1501,Research & Development,Healthcare Representative,Microsoft Excel,Learn Microsoft Excel,C010,Advanced Spreadsheet Modelling,Microsoft Learn,Intermediate,12,tag,4.5,HIGH,LOW,6.75,1
1501,Research & Development,Healthcare Representative,Microsoft Outlook,Learn Microsoft Outlook,C013,Productivity Suite Fundamentals,Microsoft Learn,Beginner,10,tag,4.5,HIGH,LOW,6.75,2
1501,Research & Development,Healthcare Representative,Speaking,Learn Speaking,C036,Listening and Influence at Work,LinkedIn Learning,Beginner,6,tag,4.25,HIGH,LOW,6.375,3
1502,Research & Development,Laboratory Technician,Microsoft Excel,Learn Microsoft Excel,C010,Advanced Spreadsheet Modelling,Microsoft Learn,Intermediate,12,tag,4.5,HIGH,MEDIUM,7.762,1
1502,Research & Development,Laboratory Technician,SAP,Learn SAP,C029,Enterprise Resource Planning Essentials,SAP,Intermediate,24,tag,3.5,HIGH,MEDIUM,6.037,2
1502,Research & Development,Laboratory Technician,MEDITECH,Learn MEDITECH,C032,Clinical Records and Patient Data Systems,HIMSS,Intermediate,18,tag,3.5,HIGH,MEDIUM,6.037,3
1503,Sales,Sales Executive,Microsoft PowerPoint,Learn Microsoft PowerPoint,C012,Presenting Data to Decision Makers,LinkedIn Learning,Beginner,10,tag,4.5,HIGH,MEDIUM,7.762,1
1503,Sales,Sales Executive,Microsoft Excel,Learn Microsoft Excel,C010,Advanced Spreadsheet Modelling,Microsoft Learn,Intermediate,12,tag,4.5,HIGH,MEDIUM,7.762,2
1503,Sales,Sales Executive,Adobe InDesign,Learn Adobe InDesign,C022,Layout and Publication Design,Adobe,Intermediate,14,tag,3.5,HIGH,MEDIUM,6.037,3
1504,Research & Development,Laboratory Technician,Microsoft Excel,Learn Microsoft Excel,C010,Advanced Spreadsheet Modelling,Microsoft Learn,Intermediate,12,tag,4.5,HIGH,HIGH,9.45,1
1504,Research & Development,Laboratory Technician,Microsoft Office,Learn Microsoft Office,C013,Productivity Suite Fundamentals,Microsoft Learn,Beginner,10,tag,4.5,HIGH,HIGH,9.45,2
1504,Research & Development,Laboratory Technician,Reading Comprehension,Learn Reading Comprehension,C035,Business Writing for Clarity,LinkedIn Learning,Beginner,8,tag,3.75,HIGH,HIGH,7.875,3
1506,Research & Development,Research Scientist,Microsoft Office,Learn Microsoft Office,C013,Productivity Suite Fundamentals,Microsoft Learn,Beginner,10,tag,4.5,HIGH,MEDIUM,7.762,1
1506,Research & Development,Research Scientist,Writing,Learn Writing,C035,Business Writing for Clarity,LinkedIn Learning,Beginner,8,tag,4.25,HIGH,MEDIUM,7.331,2
1506,Research & Development,Research Scientist,Active Learning,Learn Active Learning,C034,Learning How to Learn,Coursera,Beginner,8,tag,4.12,HIGH,MEDIUM,7.107,3
1507,Sales,Sales Executive,Microsoft PowerPoint,Learn Microsoft PowerPoint,C012,Presenting Data to Decision Makers,LinkedIn Learning,Beginner,10,tag,4.5,HIGH,MEDIUM,7.762,1
1507,Sales,Sales Executive,Microsoft Excel,Learn Microsoft Excel,C010,Advanced Spreadsheet Modelling,Microsoft Learn,Intermediate,12,tag,4.5,HIGH,MEDIUM,7.762,2
1507,Sales,Sales Executive,Microsoft Outlook,Learn Microsoft Outlook,C013,Productivity Suite Fundamentals,Microsoft Learn,Beginner,10,tag,4.5,HIGH,MEDIUM,7.762,3
1509,Research & Development,Laboratory Technician,Microsoft Excel,Learn Microsoft Excel,C010,Advanced Spreadsheet Modelling,Microsoft Learn,Intermediate,12,tag,4.5,HIGH,MEDIUM,7.762,1
1509,Research & Development,Laboratory Technician,Reading Comprehension,Learn Reading Comprehension,C035,Business Writing for Clarity,LinkedIn Learning,Beginner,8,tag,3.75,HIGH,MEDIUM,6.469,2
1509,Research & Development,Laboratory Technician,Active Listening,Learn Active Listening,C015,Running Effective Remote Meetings,LinkedIn Learning,Beginner,6,tag,3.62,HIGH,MEDIUM,6.244,3
1513,Research & Development,Laboratory Technician,Microsoft Office,Learn Microsoft Office,C013,Productivity Suite Fundamentals,Microsoft Learn,Beginner,10,tag,4.5,HIGH,LOW,6.75,1
1513,Research & Development,Laboratory Technician,SAP,Learn SAP,C029,Enterprise Resource Planning Essentials,SAP,Intermediate,24,tag,3.5,HIGH,LOW,5.25,2
1513,Research & Development,Laboratory Technician,Microsoft Word,Learn Microsoft Word,C011,Business Documents That Get Read,LinkedIn Learning,Beginner,8,tag,3.5,HIGH,LOW,5.25,3
1514,Research & Development,Manufacturing Director,SAP,Learn SAP,C029,Enterprise Resource Planning Essentials,SAP,Intermediate,24,tag,4.5,HIGH,LOW,6.75,1
1514,Research & Development,Manufacturing Director,Microsoft PowerPoint,Learn Microsoft PowerPoint,C012,Presenting Data to Decision Makers,LinkedIn Learning,Beginner,10,tag,4.5,HIGH,LOW,6.75,2
1514,Research & Development,Manufacturing Director,Microsoft Excel,Learn Microsoft Excel,C010,Advanced Spreadsheet Modelling,Microsoft Learn,Intermediate,12,tag,4.5,HIGH,LOW,6.75,3
1515,Research & Development,Healthcare Representative,Microsoft Excel,Learn Microsoft Excel,C010,Advanced Spreadsheet Modelling,Microsoft Learn,Intermediate,12,tag,4.5,HIGH,LOW,6.75,1
1515,Research & Development,Healthcare Representative,Microsoft Office,Learn Microsoft Office,C013,Productivity Suite Fundamentals,Microsoft Learn,Beginner,10,tag,4.5,HIGH,LOW,6.75,2
1515,Research & Development,Healthcare Representative,Salesforce,Learn Salesforce,C026,Managing the Customer Pipeline,Trailhead,Beginner,16,tag,4.5,HIGH,LOW,6.75,3
1516,Research & Development,Manager,Microsoft Office,Learn Microsoft Office,C013,Productivity Suite Fundamentals,Microsoft Learn,Beginner,10,tag,4.5,HIGH,LOW,6.75,1
1516,Research & Development,Manager,Monitoring,Learn Monitoring,C039,Performance Tracking and Review,LinkedIn Learning,Beginner,6,tag,4.0,HIGH,LOW,6.0,2
1516,Research & Development,Manager,Critical Thinking,Learn Critical Thinking,C033,Structured Problem Solving,Coursera,Intermediate,12,tag,3.88,HIGH,LOW,5.82,3
1520,Research & Development,Manager,Speaking,Learn Speaking,C036,Listening and Influence at Work,LinkedIn Learning,Beginner,6,tag,4.0,HIGH,LOW,6.0,1
1520,Research & Development,Manager,Critical Thinking,Learn Critical Thinking,C033,Structured Problem Solving,Coursera,Intermediate,12,tag,3.88,HIGH,LOW,5.82,2
1520,Research & Development,Manager,Writing,Learn Writing,C035,Business Writing for Clarity,LinkedIn Learning,Beginner,8,tag,3.5,HIGH,LOW,5.25,3
1522,Research & Development,Research Scientist,R,Learn R,C002,Statistical Programming in R,Coursera,Intermediate,24,tag,4.5,HIGH,HIGH,9.45,1
1522,Research & Development,Research Scientist,Writing,Learn Writing,C035,Business Writing for Clarity,LinkedIn Learning,Beginner,8,tag,4.25,HIGH,HIGH,8.925,2
1522,Research & Development,Research Scientist,Speaking,Learn Speaking,C036,Listening and Influence at Work,LinkedIn Learning,Beginner,6,tag,4.12,HIGH,HIGH,8.652,3
1523,Research & Development,Research Director,Microsoft Office,Learn Microsoft Office,C013,Productivity Suite Fundamentals,Microsoft Learn,Beginner,10,tag,4.5,HIGH,LOW,6.75,1
1523,Research & Development,Research Director,Active Listening,Learn Active Listening,C015,Running Effective Remote Meetings,LinkedIn Learning,Beginner,6,tag,4.0,HIGH,LOW,6.0,2
1523,Research & Development,Research Director,Writing,Learn Writing,C035,Business Writing for Clarity,LinkedIn Learning,Beginner,8,tag,3.88,HIGH,LOW,5.82,3
1525,Research & Development,Manufacturing Director,Microsoft Office,Learn Microsoft Office,C013,Productivity Suite Fundamentals,Microsoft Learn,Beginner,10,tag,4.5,HIGH,LOW,6.75,1
1525,Research & Development,Manufacturing Director,Microsoft Outlook,Learn Microsoft Outlook,C013,Productivity Suite Fundamentals,Microsoft Learn,Beginner,10,tag,4.5,HIGH,LOW,6.75,2
1525,Research & Development,Manufacturing Director,Monitoring,Learn Monitoring,C039,Performance Tracking and Review,LinkedIn Learning,Beginner,6,tag,4.0,HIGH,LOW,6.0,3
1527,Sales,Manager,Active Listening,Learn Active Listening,C015,Running Effective Remote Meetings,LinkedIn Learning,Beginner,6,tag,4.0,HIGH,LOW,6.0,1
1527,Sales,Manager,Active Learning,Learn Active Learning,C034,Learning How to Learn,Coursera,Beginner,8,tag,3.62,HIGH,LOW,5.43,2
1527,Sales,Manager,Apple macOS,Learn Apple macOS,C040,Operating Systems for End Users,Apple,Beginner,6,tag,3.5,HIGH,LOW,5.25,3
1529,Research & Development,Healthcare Representative,Microsoft Office,Learn Microsoft Office,C013,Productivity Suite Fundamentals,Microsoft Learn,Beginner,10,tag,4.5,HIGH,LOW,6.75,1
1529,Research & Development,Healthcare Representative,Salesforce,Learn Salesforce,C026,Managing the Customer Pipeline,Trailhead,Beginner,16,tag,4.5,HIGH,LOW,6.75,2
1529,Research & Development,Healthcare Representative,Microsoft Outlook,Learn Microsoft Outlook,C013,Productivity Suite Fundamentals,Microsoft Learn,Beginner,10,tag,4.5,HIGH,LOW,6.75,3
1533,Research & Development,Laboratory Technician,Microsoft Excel,Learn Microsoft Excel,C010,Advanced Spreadsheet Modelling,Microsoft Learn,Intermediate,12,tag,4.5,HIGH,HIGH,9.45,1
1533,Research & Development,Laboratory Technician,Microsoft Office,Learn Microsoft Office,C013,Productivity Suite Fundamentals,Microsoft Learn,Beginner,10,tag,4.5,HIGH,HIGH,9.45,2
1533,Research & Development,Laboratory Technician,Active Listening,Learn Active Listening,C015,Running Effective Remote Meetings,LinkedIn Learning,Beginner,6,tag,3.62,HIGH,HIGH,7.602,3
1534,Research & Development,Laboratory Technician,Microsoft Excel,Learn Microsoft Excel,C010,Advanced Spreadsheet Modelling,Microsoft Learn,Intermediate,12,tag,4.5,HIGH,HIGH,9.45,1
1534,Research & Development,Laboratory Technician,Active Listening,Learn Active Listening,C015,Running Effective Remote Meetings,LinkedIn Learning,Beginner,6,tag,3.62,HIGH,HIGH,7.602,2
1534,Research & Development,Laboratory Technician,SAP,Learn SAP,C029,Enterprise Resource Planning Essentials,SAP,Intermediate,24,tag,3.5,HIGH,HIGH,7.35,3
1535,Sales,Sales Executive,Microsoft PowerPoint,Learn Microsoft PowerPoint,C012,Presenting Data to Decision Makers,LinkedIn Learning,Beginner,10,tag,4.5,HIGH,HIGH,9.45,1
1535,Sales,Sales Executive,Microsoft Excel,Learn Microsoft Excel,C010,Advanced Spreadsheet Modelling,Microsoft Learn,Intermediate,12,tag,4.5,HIGH,HIGH,9.45,2
1535,Sales,Sales Executive,Salesforce,Learn Salesforce,C026,Managing the Customer Pipeline,Trailhead,Beginner,16,tag,4.5,HIGH,HIGH,9.45,3
1537,Research & Development,Research Scientist,Microsoft Excel,Learn Microsoft Excel,C010,Advanced Spreadsheet Modelling,Microsoft Learn,Intermediate,12,tag,4.5,HIGH,MEDIUM,7.762,1
1537,Research & Development,Research Scientist,R,Learn R,C002,Statistical Programming in R,Coursera,Intermediate,24,tag,4.5,HIGH,MEDIUM,7.762,2
1537,Research & Development,Research Scientist,Microsoft Office,Learn Microsoft Office,C013,Productivity Suite Fundamentals,Microsoft Learn,Beginner,10,tag,4.5,HIGH,MEDIUM,7.762,3
1539,Research & Development,Research Director,Microsoft Excel,Learn Microsoft Excel,C010,Advanced Spreadsheet Modelling,Microsoft Learn,Intermediate,12,tag,4.5,HIGH,MEDIUM,7.762,1
1539,Research & Development,Research Director,Critical Thinking,Learn Critical Thinking,C033,Structured Problem Solving,Coursera,Intermediate,12,tag,4.0,HIGH,MEDIUM,6.9,2
1539,Research & Development,Research Director,Speaking,Learn Speaking,C036,Listening and Influence at Work,LinkedIn Learning,Beginner,6,tag,3.88,HIGH,MEDIUM,6.693,3
1541,Sales,Sales Representative,Microsoft Excel,Learn Microsoft Excel,C010,Advanced Spreadsheet Modelling,Microsoft Learn,Intermediate,12,tag,4.5,HIGH,MEDIUM,7.762,1
1541,Sales,Sales Representative,Salesforce,Learn Salesforce,C026,Managing the Customer Pipeline,Trailhead,Beginner,16,tag,4.5,HIGH,MEDIUM,7.762,2
1541,Sales,Sales Representative,Speaking,Learn Speaking,C036,Listening and Influence at Work,LinkedIn Learning,Beginner,6,tag,3.88,HIGH,MEDIUM,6.693,3
1542,Research & Development,Laboratory Technician,Microsoft Office,Learn Microsoft Office,C013,Productivity Suite Fundamentals,Microsoft Learn,Beginner,10,tag,4.5,HIGH,MEDIUM,7.762,1
1542,Research & Development,Laboratory Technician,Reading Comprehension,Learn Reading Comprehension,C035,Business Writing for Clarity,LinkedIn Learning,Beginner,8,tag,3.75,HIGH,MEDIUM,6.469,2
1542,Research & Development,Laboratory Technician,Active Listening,Learn Active Listening,C015,Running Effective Remote Meetings,LinkedIn Learning,Beginner,6,tag,3.62,HIGH,MEDIUM,6.244,3
1543,Research & Development,Research Scientist,Microsoft Excel,Learn Microsoft Excel,C010,Advanced Spreadsheet Modelling,Microsoft Learn,Intermediate,12,tag,4.5,HIGH,LOW,6.75,1
1543,Research & Development,Research Scientist,Science,Learn Science,C038,Scientific Method in Practice,edX,Intermediate,14,tag,4.12,HIGH,LOW,6.18,2
1543,Research & Development,Research Scientist,Active Learning,Learn Active Learning,C034,Learning How to Learn,Coursera,Beginner,8,tag,4.12,HIGH,LOW,6.18,3
1544,Research & Development,Healthcare Representative,Microsoft Excel,Learn Microsoft Excel,C010,Advanced Spreadsheet Modelling,Microsoft Learn,Intermediate,12,tag,4.5,HIGH,LOW,6.75,1
1544,Research & Development,Healthcare Representative,Salesforce,Learn Salesforce,C026,Managing the Customer Pipeline,Trailhead,Beginner,16,tag,4.5,HIGH,LOW,6.75,2
1544,Research & Development,Healthcare Representative,Speaking,Learn Speaking,C036,Listening and Influence at Work,LinkedIn Learning,Beginner,6,tag,4.25,HIGH,LOW,6.375,3
1545,Research & Development,Manufacturing Director,Microsoft PowerPoint,Learn Microsoft PowerPoint,C012,Presenting Data to Decision Makers,LinkedIn Learning,Beginner,10,tag,4.5,HIGH,MEDIUM,7.762,1
1545,Research & Development,Manufacturing Director,Microsoft Office,Learn Microsoft Office,C013,Productivity Suite Fundamentals,Microsoft Learn,Beginner,10,tag,4.5,HIGH,MEDIUM,7.762,2
1545,Research & Development,Manufacturing Director,Microsoft Outlook,Learn Microsoft Outlook,C013,Productivity Suite Fundamentals,Microsoft Learn,Beginner,10,tag,4.5,HIGH,MEDIUM,7.762,3
1546,Research & Development,Research Scientist,Microsoft Office,Learn Microsoft Office,C013,Productivity Suite Fundamentals,Microsoft Learn,Beginner,10,tag,4.5,HIGH,LOW,6.75,1
1546,Research & Development,Research Scientist,Writing,Learn Writing,C035,Business Writing for Clarity,LinkedIn Learning,Beginner,8,tag,4.25,HIGH,LOW,6.375,2
1546,Research & Development,Research Scientist,Science,Learn Science,C038,Scientific Method in Practice,edX,Intermediate,14,tag,4.12,HIGH,LOW,6.18,3
1547,Research & Development,Healthcare Representative,Microsoft Office,Learn Microsoft Office,C013,Productivity Suite Fundamentals,Microsoft Learn,Beginner,10,tag,4.5,HIGH,MEDIUM,7.762,1
1547,Research & Development,Healthcare Representative,Salesforce,Learn Salesforce,C026,Managing the Customer Pipeline,Trailhead,Beginner,16,tag,4.5,HIGH,MEDIUM,7.762,2
1547,Research & Development,Healthcare Representative,Microsoft Outlook,Learn Microsoft Outlook,C013,Productivity Suite Fundamentals,Microsoft Learn,Beginner,10,tag,4.5,HIGH,MEDIUM,7.762,3
1548,Sales,Sales Executive,Microsoft Excel,Learn Microsoft Excel,C010,Advanced Spreadsheet Modelling,Microsoft Learn,Intermediate,12,tag,4.5,HIGH,LOW,6.75,1
1548,Sales,Sales Executive,Microsoft Office,Learn Microsoft Office,C013,Productivity Suite Fundamentals,Microsoft Learn,Beginner,10,tag,4.5,HIGH,LOW,6.75,2
1548,Sales,Sales Executive,Active Listening,Learn Active Listening,C015,Running Effective Remote Meetings,LinkedIn Learning,Beginner,6,tag,4.0,HIGH,LOW,6.0,3
1549,Research & Development,Laboratory Technician,Microsoft Excel,Learn Microsoft Excel,C010,Advanced Spreadsheet Modelling,Microsoft Learn,Intermediate,12,tag,4.5,HIGH,HIGH,9.45,1
1549,Research & Development,Laboratory Technician,Microsoft Office,Learn Microsoft Office,C013,Productivity Suite Fundamentals,Microsoft Learn,Beginner,10,tag,4.5,HIGH,HIGH,9.45,2
1549,Research & Development,Laboratory Technician,SAP,Learn SAP,C029,Enterprise Resource Planning Essentials,SAP,Intermediate,24,tag,3.5,HIGH,HIGH,7.35,3
1550,Human Resources,Manager,Microsoft Office,Learn Microsoft Office,C013,Productivity Suite Fundamentals,Microsoft Learn,Beginner,10,tag,4.5,HIGH,LOW,6.75,1
1550,Human Resources,Manager,Monitoring,Learn Monitoring,C039,Performance Tracking and Review,LinkedIn Learning,Beginner,6,tag,4.0,HIGH,LOW,6.0,2
1550,Human Resources,Manager,Reading Comprehension,Learn Reading Comprehension,C035,Business Writing for Clarity,LinkedIn Learning,Beginner,8,tag,4.0,HIGH,LOW,6.0,3
1551,Research & Development,Laboratory Technician,Reading Comprehension,Learn Reading Comprehension,C035,Business Writing for Clarity,LinkedIn Learning,Beginner,8,tag,3.75,HIGH,HIGH,7.875,1
1551,Research & Development,Laboratory Technician,SAP,Learn SAP,C029,Enterprise Resource Planning Essentials,SAP,Intermediate,24,tag,3.5,HIGH,HIGH,7.35,2
1551,Research & Development,Laboratory Technician,Microsoft Word,Learn Microsoft Word,C011,Business Documents That Get Read,LinkedIn Learning,Beginner,8,tag,3.5,HIGH,HIGH,7.35,3
1552,Research & Development,Healthcare Representative,Microsoft Excel,Learn Microsoft Excel,C010,Advanced Spreadsheet Modelling,Microsoft Learn,Intermediate,12,tag,4.5,HIGH,LOW,6.75,1
1552,Research & Development,Healthcare Representative,Salesforce,Learn Salesforce,C026,Managing the Customer Pipeline,Trailhead,Beginner,16,tag,4.5,HIGH,LOW,6.75,2
1552,Research & Development,Healthcare Representative,Reading Comprehension,Learn Reading Comprehension,C035,Business Writing for Clarity,LinkedIn Learning,Beginner,8,tag,3.75,HIGH,LOW,5.625,3
1553,Research & Development,Healthcare Representative,Microsoft Office,Learn Microsoft Office,C013,Productivity Suite Fundamentals,Microsoft Learn,Beginner,10,tag,4.5,HIGH,LOW,6.75,1
1553,Research & Development,Healthcare Representative,Microsoft Outlook,Learn Microsoft Outlook,C013,Productivity Suite Fundamentals,Microsoft Learn,Beginner,10,tag,4.5,HIGH,LOW,6.75,2
1553,Research & Development,Healthcare Representative,Speaking,Learn Speaking,C036,Listening and Influence at Work,LinkedIn Learning,Beginner,6,tag,4.25,HIGH,LOW,6.375,3
1554,Sales,Sales Representative,Active Listening,Learn Active Listening,C015,Running Effective Remote Meetings,LinkedIn Learning,Beginner,6,tag,3.88,HIGH,MEDIUM,6.693,1
1554,Sales,Sales Representative,Microsoft Project,Learn Microsoft Project,C016,Agile Delivery with Issue Tracking,Atlassian,Intermediate,14,tag,3.5,HIGH,MEDIUM,6.037,2
1554,Sales,Sales Representative,IBM SPSS Statistics,Learn IBM SPSS Statistics,C003,Applied Statistics with SPSS,IBM SkillsBuild,Beginner,16,tag,3.5,HIGH,MEDIUM,6.037,3
1555,Research & Development,Research Scientist,Microsoft Office,Learn Microsoft Office,C013,Productivity Suite Fundamentals,Microsoft Learn,Beginner,10,tag,4.5,HIGH,LOW,6.75,1
1555,Research & Development,Research Scientist,Writing,Learn Writing,C035,Business Writing for Clarity,LinkedIn Learning,Beginner,8,tag,4.25,HIGH,LOW,6.375,2
1555,Research & Development,Research Scientist,Speaking,Learn Speaking,C036,Listening and Influence at Work,LinkedIn Learning,Beginner,6,tag,4.12,HIGH,LOW,6.18,3
1556,Sales,Sales Representative,Microsoft Office,Learn Microsoft Office,C013,Productivity Suite Fundamentals,Microsoft Learn,Beginner,10,tag,4.5,HIGH,HIGH,9.45,1
1556,Sales,Sales Representative,Reading Comprehension,Learn Reading Comprehension,C035,Business Writing for Clarity,LinkedIn Learning,Beginner,8,tag,3.62,HIGH,HIGH,7.602,2
1556,Sales,Sales Representative,IBM SPSS Statistics,Learn IBM SPSS Statistics,C003,Applied Statistics with SPSS,IBM SkillsBuild,Beginner,16,tag,3.5,HIGH,HIGH,7.35,3
1557,Sales,Sales Executive,Microsoft PowerPoint,Learn Microsoft PowerPoint,C012,Presenting Data to Decision Makers,LinkedIn Learning,Beginner,10,tag,4.5,HIGH,LOW,6.75,1
1557,Sales,Sales Executive,Microsoft Excel,Learn Microsoft Excel,C010,Advanced Spreadsheet Modelling,Microsoft Learn,Intermediate,12,tag,4.5,HIGH,LOW,6.75,2
1557,Sales,Sales Executive,Microsoft Office,Learn Microsoft Office,C013,Productivity Suite Fundamentals,Microsoft Learn,Beginner,10,tag,4.5,HIGH,LOW,6.75,3
1558,Research & Development,Research Scientist,Microsoft Office,Learn Microsoft Office,C013,Productivity Suite Fundamentals,Microsoft Learn,Beginner,10,tag,4.5,HIGH,LOW,6.75,1
1558,Research & Development,Research Scientist,Writing,Learn Writing,C035,Business Writing for Clarity,LinkedIn Learning,Beginner,8,tag,4.25,HIGH,LOW,6.375,2
1558,Research & Development,Research Scientist,Speaking,Learn Speaking,C036,Listening and Influence at Work,LinkedIn Learning,Beginner,6,tag,4.12,HIGH,LOW,6.18,3
1560,Sales,Sales Executive,Speaking,Learn Speaking,C036,Listening and Influence at Work,LinkedIn Learning,Beginner,6,tag,4.0,HIGH,MEDIUM,6.9,1
1560,Sales,Sales Executive,Adobe InDesign,Learn Adobe InDesign,C022,Layout and Publication Design,Adobe,Intermediate,14,tag,3.5,HIGH,MEDIUM,6.037,2
1560,Sales,Sales Executive,Reading Comprehension,Learn Reading Comprehension,C035,Business Writing for Clarity,LinkedIn Learning,Beginner,8,tag,3.38,HIGH,MEDIUM,5.83,3
1562,Sales,Sales Executive,Salesforce,Learn Salesforce,C026,Managing the Customer Pipeline,Trailhead,Beginner,16,tag,4.5,HIGH,LOW,6.75,1
1562,Sales,Sales Executive,Adobe InDesign,Learn Adobe InDesign,C022,Layout and Publication Design,Adobe,Intermediate,14,tag,3.5,HIGH,LOW,5.25,2
1562,Sales,Sales Executive,Adobe Acrobat,Learn Adobe Acrobat,C019,Working with PDFs and Document Workflows,Adobe,Beginner,6,tag,3.5,HIGH,LOW,5.25,3
1563,Human Resources,Human Resources,Microsoft Excel,Learn Microsoft Excel,C010,Advanced Spreadsheet Modelling,Microsoft Learn,Intermediate,12,tag,4.5,HIGH,HIGH,9.45,1
1563,Human Resources,Human Resources,Speaking,Learn Speaking,C036,Listening and Influence at Work,LinkedIn Learning,Beginner,6,tag,4.12,HIGH,HIGH,8.652,2
1563,Human Resources,Human Resources,Active Listening,Learn Active Listening,C015,Running Effective Remote Meetings,LinkedIn Learning,Beginner,6,tag,4.0,HIGH,HIGH,8.4,3
1564,Research & Development,Laboratory Technician,Microsoft Excel,Learn Microsoft Excel,C010,Advanced Spreadsheet Modelling,Microsoft Learn,Intermediate,12,tag,4.5,HIGH,MEDIUM,7.762,1
1564,Research & Development,Laboratory Technician,Microsoft Office,Learn Microsoft Office,C013,Productivity Suite Fundamentals,Microsoft Learn,Beginner,10,tag,4.5,HIGH,MEDIUM,7.762,2
1564,Research & Development,Laboratory Technician,Reading Comprehension,Learn Reading Comprehension,C035,Business Writing for Clarity,LinkedIn Learning,Beginner,8,tag,3.75,HIGH,MEDIUM,6.469,3
1568,Sales,Sales Executive,Microsoft Office,Learn Microsoft Office,C013,Productivity Suite Fundamentals,Microsoft Learn,Beginner,10,tag,4.5,HIGH,HIGH,9.45,1
1568,Sales,Sales Executive,Salesforce,Learn Salesforce,C026,Managing the Customer Pipeline,Trailhead,Beginner,16,tag,4.5,HIGH,HIGH,9.45,2
1568,Sales,Sales Executive,Microsoft Outlook,Learn Microsoft Outlook,C013,Productivity Suite Fundamentals,Microsoft Learn,Beginner,10,tag,4.5,HIGH,HIGH,9.45,3
1569,Research & Development,Laboratory Technician,Microsoft Excel,Learn Microsoft Excel,C010,Advanced Spreadsheet Modelling,Microsoft Learn,Intermediate,12,tag,4.5,HIGH,HIGH,9.45,1
1569,Research & Development,Laboratory Technician,Microsoft Office,Learn Microsoft Office,C013,Productivity Suite Fundamentals,Microsoft Learn,Beginner,10,tag,4.5,HIGH,HIGH,9.45,2
1569,Research & Development,Laboratory Technician,Active Listening,Learn Active Listening,C015,Running Effective Remote Meetings,LinkedIn Learning,Beginner,6,tag,3.62,HIGH,HIGH,7.602,3
1572,Research & Development,Manufacturing Director,Microsoft PowerPoint,Learn Microsoft PowerPoint,C012,Presenting Data to Decision Makers,LinkedIn Learning,Beginner,10,tag,4.5,HIGH,LOW,6.75,1
1572,Research & Development,Manufacturing Director,Monitoring,Learn Monitoring,C039,Performance Tracking and Review,LinkedIn Learning,Beginner,6,tag,4.0,HIGH,LOW,6.0,2
1572,Research & Development,Manufacturing Director,Adobe InDesign,Learn Adobe InDesign,C022,Layout and Publication Design,Adobe,Intermediate,14,tag,3.5,HIGH,LOW,5.25,3
1573,Research & Development,Manufacturing Director,Microsoft Excel,Learn Microsoft Excel,C010,Advanced Spreadsheet Modelling,Microsoft Learn,Intermediate,12,tag,4.5,HIGH,LOW,6.75,1
1573,Research & Development,Manufacturing Director,Microsoft Office,Learn Microsoft Office,C013,Productivity Suite Fundamentals,Microsoft Learn,Beginner,10,tag,4.5,HIGH,LOW,6.75,2
1573,Research & Development,Manufacturing Director,Critical Thinking,Learn Critical Thinking,C033,Structured Problem Solving,Coursera,Intermediate,12,tag,4.0,HIGH,LOW,6.0,3
1574,Research & Development,Research Scientist,R,Learn R,C002,Statistical Programming in R,Coursera,Intermediate,24,tag,4.5,HIGH,LOW,6.75,1
1574,Research & Development,Research Scientist,Microsoft Office,Learn Microsoft Office,C013,Productivity Suite Fundamentals,Microsoft Learn,Beginner,10,tag,4.5,HIGH,LOW,6.75,2
1574,Research & Development,Research Scientist,Science,Learn Science,C038,Scientific Method in Practice,edX,Intermediate,14,tag,4.12,HIGH,LOW,6.18,3
1576,Research & Development,Research Scientist,R,Learn R,C002,Statistical Programming in R,Coursera,Intermediate,24,tag,4.5,HIGH,LOW,6.75,1
1576,Research & Development,Research Scientist,Microsoft Office,Learn Microsoft Office,C013,Productivity Suite Fundamentals,Microsoft Learn,Beginner,10,tag,4.5,HIGH,LOW,6.75,2
1576,Research & Development,Research Scientist,Writing,Learn Writing,C035,Business Writing for Clarity,LinkedIn Learning,Beginner,8,tag,4.25,HIGH,LOW,6.375,3
1577,Research & Development,Research Scientist,Microsoft Excel,Learn Microsoft Excel,C010,Advanced Spreadsheet Modelling,Microsoft Learn,Intermediate,12,tag,4.5,HIGH,HIGH,9.45,1
1577,Research & Development,Research Scientist,Microsoft Office,Learn Microsoft Office,C013,Productivity Suite Fundamentals,Microsoft Learn,Beginner,10,tag,4.5,HIGH,HIGH,9.45,2
1577,Research & Development,Research Scientist,Writing,Learn Writing,C035,Business Writing for Clarity,LinkedIn Learning,Beginner,8,tag,4.25,HIGH,HIGH,8.925,3
1578,Sales,Manager,Microsoft PowerPoint,Learn Microsoft PowerPoint,C012,Presenting Data to Decision Makers,LinkedIn Learning,Beginner,10,tag,4.5,HIGH,LOW,6.75,1
1578,Sales,Manager,Critical Thinking,Learn Critical Thinking,C033,Structured Problem Solving,Coursera,Intermediate,12,tag,3.88,HIGH,LOW,5.82,2
1578,Sales,Manager,Apple macOS,Learn Apple macOS,C040,Operating Systems for End Users,Apple,Beginner,6,tag,3.5,HIGH,LOW,5.25,3
1580,Research & Development,Research Scientist,R,Learn R,C002,Statistical Programming in R,Coursera,Intermediate,24,tag,4.5,HIGH,LOW,6.75,1
1580,Research & Development,Research Scientist,Speaking,Learn Speaking,C036,Listening and Influence at Work,LinkedIn Learning,Beginner,6,tag,4.12,HIGH,LOW,6.18,2
1580,Research & Development,Research Scientist,Critical Thinking,Learn Critical Thinking,C033,Structured Problem Solving,Coursera,Intermediate,12,tag,4.0,HIGH,LOW,6.0,3
1581,Research & Development,Research Scientist,R,Learn R,C002,Statistical Programming in R,Coursera,Intermediate,24,tag,4.5,HIGH,MEDIUM,7.762,1
1581,Research & Development,Research Scientist,Microsoft Office,Learn Microsoft Office,C013,Productivity Suite Fundamentals,Microsoft Learn,Beginner,10,tag,4.5,HIGH,MEDIUM,7.762,2
1581,Research & Development,Research Scientist,Writing,Learn Writing,C035,Business Writing for Clarity,LinkedIn Learning,Beginner,8,tag,4.25,HIGH,MEDIUM,7.331,3
1582,Sales,Sales Executive,Microsoft PowerPoint,Learn Microsoft PowerPoint,C012,Presenting Data to Decision Makers,LinkedIn Learning,Beginner,10,tag,4.5,HIGH,LOW,6.75,1
1582,Sales,Sales Executive,Microsoft Excel,Learn Microsoft Excel,C010,Advanced Spreadsheet Modelling,Microsoft Learn,Intermediate,12,tag,4.5,HIGH,LOW,6.75,2
1582,Sales,Sales Executive,Microsoft Office,Learn Microsoft Office,C013,Productivity Suite Fundamentals,Microsoft Learn,Beginner,10,tag,4.5,HIGH,LOW,6.75,3
1583,Sales,Sales Executive,Microsoft PowerPoint,Learn Microsoft PowerPoint,C012,Presenting Data to Decision Makers,LinkedIn Learning,Beginner,10,tag,4.5,HIGH,MEDIUM,7.762,1
1583,Sales,Sales Executive,Microsoft Outlook,Learn Microsoft Outlook,C013,Productivity Suite Fundamentals,Microsoft Learn,Beginner,10,tag,4.5,HIGH,MEDIUM,7.762,2
1583,Sales,Sales Executive,Critical Thinking,Learn Critical Thinking,C033,Structured Problem Solving,Coursera,Intermediate,12,tag,3.5,HIGH,MEDIUM,6.037,3
1585,Sales,Sales Executive,Adobe InDesign,Learn Adobe InDesign,C022,Layout and Publication Design,Adobe,Intermediate,14,tag,3.5,HIGH,MEDIUM,6.037,1
1585,Sales,Sales Executive,Adobe Illustrator,Learn Adobe Illustrator,C021,Vector Graphics and Brand Assets,Adobe,Intermediate,14,tag,3.5,HIGH,MEDIUM,6.037,2
1585,Sales,Sales Executive,Monitoring,Learn Monitoring,C039,Performance Tracking and Review,LinkedIn Learning,Beginner,6,tag,3.12,HIGH,MEDIUM,5.382,3
1586,Research & Development,Laboratory Technician,Microsoft Excel,Learn Microsoft Excel,C010,Advanced Spreadsheet Modelling,Microsoft Learn,Intermediate,12,tag,4.5,HIGH,MEDIUM,7.762,1
1586,Research & Development,Laboratory Technician,Reading Comprehension,Learn Reading Comprehension,C035,Business Writing for Clarity,LinkedIn Learning,Beginner,8,tag,3.75,HIGH,MEDIUM,6.469,2
1586,Research & Development,Laboratory Technician,Active Listening,Learn Active Listening,C015,Running Effective Remote Meetings,LinkedIn Learning,Beginner,6,tag,3.62,HIGH,MEDIUM,6.244,3
1587,Research & Development,Healthcare Representative,Microsoft Excel,Learn Microsoft Excel,C010,Advanced Spreadsheet Modelling,Microsoft Learn,Intermediate,12,tag,4.5,HIGH,MEDIUM,7.762,1
1587,Research & Development,Healthcare Representative,Salesforce,Learn Salesforce,C026,Managing the Customer Pipeline,Trailhead,Beginner,16,tag,4.5,HIGH,MEDIUM,7.762,2
1587,Research & Development,Healthcare Representative,Reading Comprehension,Learn Reading Comprehension,C035,Business Writing for Clarity,LinkedIn Learning,Beginner,8,tag,3.75,HIGH,MEDIUM,6.469,3
1588,Sales,Sales Executive,Microsoft PowerPoint,Learn Microsoft PowerPoint,C012,Presenting Data to Decision Makers,LinkedIn Learning,Beginner,10,tag,4.5,HIGH,LOW,6.75,1
1588,Sales,Sales Executive,Adobe InDesign,Learn Adobe InDesign,C022,Layout and Publication Design,Adobe,Intermediate,14,tag,3.5,HIGH,LOW,5.25,2
1588,Sales,Sales Executive,Critical Thinking,Learn Critical Thinking,C033,Structured Problem Solving,Coursera,Intermediate,12,tag,3.5,HIGH,LOW,5.25,3
1590,Research & Development,Healthcare Representative,Microsoft Excel,Learn Microsoft Excel,C010,Advanced Spreadsheet Modelling,Microsoft Learn,Intermediate,12,tag,4.5,HIGH,LOW,6.75,1
1590,Research & Development,Healthcare Representative,Salesforce,Learn Salesforce,C026,Managing the Customer Pipeline,Trailhead,Beginner,16,tag,4.5,HIGH,LOW,6.75,2
1590,Research & Development,Healthcare Representative,Microsoft Outlook,Learn Microsoft Outlook,C013,Productivity Suite Fundamentals,Microsoft Learn,Beginner,10,tag,4.5,HIGH,LOW,6.75,3
1591,Sales,Manager,Reading Comprehension,Learn Reading Comprehension,C035,Business Writing for Clarity,LinkedIn Learning,Beginner,8,tag,4.0,HIGH,LOW,6.0,1
1591,Sales,Manager,Speaking,Learn Speaking,C036,Listening and Influence at Work,LinkedIn Learning,Beginner,6,tag,4.0,HIGH,LOW,6.0,2
1591,Sales,Manager,Active Listening,Learn Active Listening,C015,Running Effective Remote Meetings,LinkedIn Learning,Beginner,6,tag,4.0,HIGH,LOW,6.0,3
1592,Research & Development,Research Scientist,R,Learn R,C002,Statistical Programming in R,Coursera,Intermediate,24,tag,4.5,HIGH,LOW,6.75,1
1592,Research & Development,Research Scientist,Microsoft Office,Learn Microsoft Office,C013,Productivity Suite Fundamentals,Microsoft Learn,Beginner,10,tag,4.5,HIGH,LOW,6.75,2
1592,Research & Development,Research Scientist,Science,Learn Science,C038,Scientific Method in Practice,edX,Intermediate,14,tag,4.12,HIGH,LOW,6.18,3
1594,Research & Development,Laboratory Technician,Microsoft Office,Learn Microsoft Office,C013,Productivity Suite Fundamentals,Microsoft Learn,Beginner,10,tag,4.5,HIGH,HIGH,9.45,1
1594,Research & Development,Laboratory Technician,Reading Comprehension,Learn Reading Comprehension,C035,Business Writing for Clarity,LinkedIn Learning,Beginner,8,tag,3.75,HIGH,HIGH,7.875,2
1594,Research & Development,Laboratory Technician,Microsoft Word,Learn Microsoft Word,C011,Business Documents That Get Read,LinkedIn Learning,Beginner,8,tag,3.5,HIGH,HIGH,7.35,3
1595,Research & Development,Manager,Microsoft Office,Learn Microsoft Office,C013,Productivity Suite Fundamentals,Microsoft Learn,Beginner,10,tag,4.5,HIGH,LOW,6.75,1
1595,Research & Development,Manager,Critical Thinking,Learn Critical Thinking,C033,Structured Problem Solving,Coursera,Intermediate,12,tag,3.88,HIGH,LOW,5.82,2
1595,Research & Development,Manager,Active Learning,Learn Active Learning,C034,Learning How to Learn,Coursera,Beginner,8,tag,3.62,HIGH,LOW,5.43,3
1596,Research & Development,Laboratory Technician,Microsoft Excel,Learn Microsoft Excel,C010,Advanced Spreadsheet Modelling,Microsoft Learn,Intermediate,12,tag,4.5,HIGH,LOW,6.75,1
1596,Research & Development,Laboratory Technician,Reading Comprehension,Learn Reading Comprehension,C035,Business Writing for Clarity,LinkedIn Learning,Beginner,8,tag,3.75,HIGH,LOW,5.625,2
1596,Research & Development,Laboratory Technician,SAP,Learn SAP,C029,Enterprise Resource Planning Essentials,SAP,Intermediate,24,tag,3.5,HIGH,LOW,5.25,3
1597,Research & Development,Healthcare Representative,Microsoft Excel,Learn Microsoft Excel,C010,Advanced Spreadsheet Modelling,Microsoft Learn,Intermediate,12,tag,4.5,HIGH,MEDIUM,7.762,1
1597,Research & Development,Healthcare Representative,Microsoft Office,Learn Microsoft Office,C013,Productivity Suite Fundamentals,Microsoft Learn,Beginner,10,tag,4.5,HIGH,MEDIUM,7.762,2
1597,Research & Development,Healthcare Representative,Speaking,Learn Speaking,C036,Listening and Influence at Work,LinkedIn Learning,Beginner,6,tag,4.25,HIGH,MEDIUM,7.331,3
1598,Sales,Sales Executive,Microsoft PowerPoint,Learn Microsoft PowerPoint,C012,Presenting Data to Decision Makers,LinkedIn Learning,Beginner,10,tag,4.5,HIGH,LOW,6.75,1
1598,Sales,Sales Executive,Salesforce,Learn Salesforce,C026,Managing the Customer Pipeline,Trailhead,Beginner,16,tag,4.5,HIGH,LOW,6.75,2
1598,Sales,Sales Executive,Microsoft Outlook,Learn Microsoft Outlook,C013,Productivity Suite Fundamentals,Microsoft Learn,Beginner,10,tag,4.5,HIGH,LOW,6.75,3
1599,Research & Development,Laboratory Technician,Microsoft Excel,Learn Microsoft Excel,C010,Advanced Spreadsheet Modelling,Microsoft Learn,Intermediate,12,tag,4.5,HIGH,MEDIUM,7.762,1
1599,Research & Development,Laboratory Technician,Reading Comprehension,Learn Reading Comprehension,C035,Business Writing for Clarity,LinkedIn Learning,Beginner,8,tag,3.75,HIGH,MEDIUM,6.469,2
1599,Research & Development,Laboratory Technician,SAP,Learn SAP,C029,Enterprise Resource Planning Essentials,SAP,Intermediate,24,tag,3.5,HIGH,MEDIUM,6.037,3
1601,Research & Development,Laboratory Technician,Microsoft Office,Learn Microsoft Office,C013,Productivity Suite Fundamentals,Microsoft Learn,Beginner,10,tag,4.5,HIGH,LOW,6.75,1
1601,Research & Development,Laboratory Technician,Active Listening,Learn Active Listening,C015,Running Effective Remote Meetings,LinkedIn Learning,Beginner,6,tag,3.62,HIGH,LOW,5.43,2
1601,Research & Development,Laboratory Technician,SAP,Learn SAP,C029,Enterprise Resource Planning Essentials,SAP,Intermediate,24,tag,3.5,HIGH,LOW,5.25,3
1602,Sales,Manager,Microsoft PowerPoint,Learn Microsoft PowerPoint,C012,Presenting Data to Decision Makers,LinkedIn Learning,Beginner,10,tag,4.5,HIGH,LOW,6.75,1
1602,Sales,Manager,Active Listening,Learn Active Listening,C015,Running Effective Remote Meetings,LinkedIn Learning,Beginner,6,tag,4.0,HIGH,LOW,6.0,2
1602,Sales,Manager,Adobe Acrobat,Learn Adobe Acrobat,C019,Working with PDFs and Document Workflows,Adobe,Beginner,6,tag,3.5,HIGH,LOW,5.25,3
1604,Research & Development,Laboratory Technician,Microsoft Excel,Learn Microsoft Excel,C010,Advanced Spreadsheet Modelling,Microsoft Learn,Intermediate,12,tag,4.5,HIGH,HIGH,9.45,1
1604,Research & Development,Laboratory Technician,Microsoft Office,Learn Microsoft Office,C013,Productivity Suite Fundamentals,Microsoft Learn,Beginner,10,tag,4.5,HIGH,HIGH,9.45,2
1604,Research & Development,Laboratory Technician,Reading Comprehension,Learn Reading Comprehension,C035,Business Writing for Clarity,LinkedIn Learning,Beginner,8,tag,3.75,HIGH,HIGH,7.875,3
1605,Research & Development,Research Scientist,Microsoft Excel,Learn Microsoft Excel,C010,Advanced Spreadsheet Modelling,Microsoft Learn,Intermediate,12,tag,4.5,HIGH,MEDIUM,7.762,1
1605,Research & Development,Research Scientist,Microsoft Office,Learn Microsoft Office,C013,Productivity Suite Fundamentals,Microsoft Learn,Beginner,10,tag,4.5,HIGH,MEDIUM,7.762,2
1605,Research & Development,Research Scientist,Science,Learn Science,C038,Scientific Method in Practice,edX,Intermediate,14,tag,4.12,HIGH,MEDIUM,7.107,3
1606,Research & Development,Healthcare Representative,Critical Thinking,Learn Critical Thinking,C033,Structured Problem Solving,Coursera,Intermediate,12,tag,3.38,HIGH,MEDIUM,5.83,1
1606,Research & Development,Healthcare Representative,Microsoft Azure,Learn Microsoft Azure,C006,Deploying and Monitoring Cloud Workloads,A Cloud Guru,Intermediate,30,tag,3.5,MEDIUM,MEDIUM,4.83,2
1606,Research & Development,Healthcare Representative,Linux,Learn Linux,C008,Linux Command Line and Shell Scripting,Linux Foundation,Beginner,14,tag,3.5,MEDIUM,MEDIUM,4.83,3
1607,Research & Development,Research Scientist,Microsoft Excel,Learn Microsoft Excel,C010,Advanced Spreadsheet Modelling,Microsoft Learn,Intermediate,12,tag,4.5,HIGH,LOW,6.75,1
1607,Research & Development,Research Scientist,R,Learn R,C002,Statistical Programming in R,Coursera,Intermediate,24,tag,4.5,HIGH,LOW,6.75,2
1607,Research & Development,Research Scientist,Microsoft Office,Learn Microsoft Office,C013,Productivity Suite Fundamentals,Microsoft Learn,Beginner,10,tag,4.5,HIGH,LOW,6.75,3
1608,Research & Development,Research Director,Science,Learn Science,C038,Scientific Method in Practice,edX,Intermediate,14,tag,4.12,HIGH,LOW,6.18,1
1608,Research & Development,Research Director,Monitoring,Learn Monitoring,C039,Performance Tracking and Review,LinkedIn Learning,Beginner,6,tag,4.0,HIGH,LOW,6.0,2
1608,Research & Development,Research Director,Critical Thinking,Learn Critical Thinking,C033,Structured Problem Solving,Coursera,Intermediate,12,tag,4.0,HIGH,LOW,6.0,3
1609,Research & Development,Research Scientist,Microsoft Excel,Learn Microsoft Excel,C010,Advanced Spreadsheet Modelling,Microsoft Learn,Intermediate,12,tag,4.5,HIGH,MEDIUM,7.762,1
1609,Research & Development,Research Scientist,R,Learn R,C002,Statistical Programming in R,Coursera,Intermediate,24,tag,4.5,HIGH,MEDIUM,7.762,2
1609,Research & Development,Research Scientist,Writing,Learn Writing,C035,Business Writing for Clarity,LinkedIn Learning,Beginner,8,tag,4.25,HIGH,MEDIUM,7.331,3
1611,Research & Development,Laboratory Technician,Microsoft Excel,Learn Microsoft Excel,C010,Advanced Spreadsheet Modelling,Microsoft Learn,Intermediate,12,tag,4.5,HIGH,HIGH,9.45,1
1611,Research & Development,Laboratory Technician,Microsoft Office,Learn Microsoft Office,C013,Productivity Suite Fundamentals,Microsoft Learn,Beginner,10,tag,4.5,HIGH,HIGH,9.45,2
1611,Research & Development,Laboratory Technician,Microsoft PowerPoint,Learn Microsoft PowerPoint,C012,Presenting Data to Decision Makers,LinkedIn Learning,Beginner,10,tag,3.5,HIGH,HIGH,7.35,3
1612,Sales,Sales Executive,Microsoft Office,Learn Microsoft Office,C013,Productivity Suite Fundamentals,Microsoft Learn,Beginner,10,tag,4.5,HIGH,HIGH,9.45,1
1612,Sales,Sales Executive,Microsoft Outlook,Learn Microsoft Outlook,C013,Productivity Suite Fundamentals,Microsoft Learn,Beginner,10,tag,4.5,HIGH,HIGH,9.45,2
1612,Sales,Sales Executive,Adobe Creative Cloud,Learn Adobe Creative Cloud,C020,Digital Image Editing Foundations,Adobe,Beginner,16,tag,3.5,HIGH,HIGH,7.35,3
1613,Sales,Sales Executive,Microsoft PowerPoint,Learn Microsoft PowerPoint,C012,Presenting Data to Decision Makers,LinkedIn Learning,Beginner,10,tag,4.5,HIGH,MEDIUM,7.762,1
1613,Sales,Sales Executive,Microsoft Excel,Learn Microsoft Excel,C010,Advanced Spreadsheet Modelling,Microsoft Learn,Intermediate,12,tag,4.5,HIGH,MEDIUM,7.762,2
1613,Sales,Sales Executive,Microsoft Office,Learn Microsoft Office,C013,Productivity Suite Fundamentals,Microsoft Learn,Beginner,10,tag,4.5,HIGH,MEDIUM,7.762,3
1614,Research & Development,Manufacturing Director,SAP,Learn SAP,C029,Enterprise Resource Planning Essentials,SAP,Intermediate,24,tag,4.5,HIGH,HIGH,9.45,1
1614,Research & Development,Manufacturing Director,Microsoft PowerPoint,Learn Microsoft PowerPoint,C012,Presenting Data to Decision Makers,LinkedIn Learning,Beginner,10,tag,4.5,HIGH,HIGH,9.45,2
1614,Research & Development,Manufacturing Director,Microsoft Excel,Learn Microsoft Excel,C010,Advanced Spreadsheet Modelling,Microsoft Learn,Intermediate,12,tag,4.5,HIGH,HIGH,9.45,3
1615,Research & Development,Manufacturing Director,SAP,Learn SAP,C029,Enterprise Resource Planning Essentials,SAP,Intermediate,24,tag,4.5,HIGH,LOW,6.75,1
1615,Research & Development,Manufacturing Director,Microsoft PowerPoint,Learn Microsoft PowerPoint,C012,Presenting Data to Decision Makers,LinkedIn Learning,Beginner,10,tag,4.5,HIGH,LOW,6.75,2
1615,Research & Development,Manufacturing Director,Microsoft Outlook,Learn Microsoft Outlook,C013,Productivity Suite Fundamentals,Microsoft Learn,Beginner,10,tag,4.5,HIGH,LOW,6.75,3
1617,Research & Development,Laboratory Technician,Microsoft Office,Learn Microsoft Office,C013,Productivity Suite Fundamentals,Microsoft Learn,Beginner,10,tag,4.5,HIGH,LOW,6.75,1
1617,Research & Development,Laboratory Technician,Reading Comprehension,Learn Reading Comprehension,C035,Business Writing for Clarity,LinkedIn Learning,Beginner,8,tag,3.75,HIGH,LOW,5.625,2
1617,Research & Development,Laboratory Technician,Microsoft Word,Learn Microsoft Word,C011,Business Documents That Get Read,LinkedIn Learning,Beginner,8,tag,3.5,HIGH,LOW,5.25,3
1618,Research & Development,Manufacturing Director,SAP,Learn SAP,C029,Enterprise Resource Planning Essentials,SAP,Intermediate,24,tag,4.5,HIGH,LOW,6.75,1
1618,Research & Development,Manufacturing Director,Microsoft Office,Learn Microsoft Office,C013,Productivity Suite Fundamentals,Microsoft Learn,Beginner,10,tag,4.5,HIGH,LOW,6.75,2
1618,Research & Development,Manufacturing Director,Monitoring,Learn Monitoring,C039,Performance Tracking and Review,LinkedIn Learning,Beginner,6,tag,4.0,HIGH,LOW,6.0,3
1619,Research & Development,Laboratory Technician,Microsoft Excel,Learn Microsoft Excel,C010,Advanced Spreadsheet Modelling,Microsoft Learn,Intermediate,12,tag,4.5,HIGH,LOW,6.75,1
1619,Research & Development,Laboratory Technician,Microsoft Office,Learn Microsoft Office,C013,Productivity Suite Fundamentals,Microsoft Learn,Beginner,10,tag,4.5,HIGH,LOW,6.75,2
1619,Research & Development,Laboratory Technician,Active Listening,Learn Active Listening,C015,Running Effective Remote Meetings,LinkedIn Learning,Beginner,6,tag,3.62,HIGH,LOW,5.43,3
1621,Research & Development,Research Scientist,Microsoft Office,Learn Microsoft Office,C013,Productivity Suite Fundamentals,Microsoft Learn,Beginner,10,tag,4.5,HIGH,LOW,6.75,1
1621,Research & Development,Research Scientist,Writing,Learn Writing,C035,Business Writing for Clarity,LinkedIn Learning,Beginner,8,tag,4.25,HIGH,LOW,6.375,2
1621,Research & Development,Research Scientist,Speaking,Learn Speaking,C036,Listening and Influence at Work,LinkedIn Learning,Beginner,6,tag,4.12,HIGH,LOW,6.18,3
1622,Research & Development,Manufacturing Director,SAP,Learn SAP,C029,Enterprise Resource Planning Essentials,SAP,Intermediate,24,tag,4.5,HIGH,MEDIUM,7.762,1
1622,Research & Development,Manufacturing Director,Microsoft PowerPoint,Learn Microsoft PowerPoint,C012,Presenting Data to Decision Makers,LinkedIn Learning,Beginner,10,tag,4.5,HIGH,MEDIUM,7.762,2
1622,Research & Development,Manufacturing Director,Microsoft Excel,Learn Microsoft Excel,C010,Advanced Spreadsheet Modelling,Microsoft Learn,Intermediate,12,tag,4.5,HIGH,MEDIUM,7.762,3
1623,Research & Development,Research Scientist,R,Learn R,C002,Statistical Programming in R,Coursera,Intermediate,24,tag,4.5,HIGH,LOW,6.75,1
1623,Research & Development,Research Scientist,Microsoft Office,Learn Microsoft Office,C013,Productivity Suite Fundamentals,Microsoft Learn,Beginner,10,tag,4.5,HIGH,LOW,6.75,2
1623,Research & Development,Research Scientist,Writing,Learn Writing,C035,Business Writing for Clarity,LinkedIn Learning,Beginner,8,tag,4.25,HIGH,LOW,6.375,3
1624,Sales,Sales Representative,Microsoft Excel,Learn Microsoft Excel,C010,Advanced Spreadsheet Modelling,Microsoft Learn,Intermediate,12,tag,4.5,HIGH,HIGH,9.45,1
1624,Sales,Sales Representative,Microsoft Office,Learn Microsoft Office,C013,Productivity Suite Fundamentals,Microsoft Learn,Beginner,10,tag,4.5,HIGH,HIGH,9.45,2
1624,Sales,Sales Representative,Speaking,Learn Speaking,C036,Listening and Influence at Work,LinkedIn Learning,Beginner,6,tag,3.88,HIGH,HIGH,8.148,3
1625,Human Resources,Manager,Reading Comprehension,Learn Reading Comprehension,C035,Business Writing for Clarity,LinkedIn Learning,Beginner,8,tag,4.0,HIGH,LOW,6.0,1
1625,Human Resources,Manager,Critical Thinking,Learn Critical Thinking,C033,Structured Problem Solving,Coursera,Intermediate,12,tag,3.88,HIGH,LOW,5.82,2
1625,Human Resources,Manager,Adobe Photoshop,Learn Adobe Photoshop,C020,Digital Image Editing Foundations,Adobe,Beginner,16,tag,3.5,HIGH,LOW,5.25,3
1627,Research & Development,Laboratory Technician,Microsoft Excel,Learn Microsoft Excel,C010,Advanced Spreadsheet Modelling,Microsoft Learn,Intermediate,12,tag,4.5,HIGH,LOW,6.75,1
1627,Research & Development,Laboratory Technician,Reading Comprehension,Learn Reading Comprehension,C035,Business Writing for Clarity,LinkedIn Learning,Beginner,8,tag,3.75,HIGH,LOW,5.625,2
1627,Research & Development,Laboratory Technician,Active Listening,Learn Active Listening,C015,Running Effective Remote Meetings,LinkedIn Learning,Beginner,6,tag,3.62,HIGH,LOW,5.43,3
1628,Research & Development,Manufacturing Director,SAP,Learn SAP,C029,Enterprise Resource Planning Essentials,SAP,Intermediate,24,tag,4.5,HIGH,LOW,6.75,1
1628,Research & Development,Manufacturing Director,Microsoft PowerPoint,Learn Microsoft PowerPoint,C012,Presenting Data to Decision Makers,LinkedIn Learning,Beginner,10,tag,4.5,HIGH,LOW,6.75,2
1628,Research & Development,Manufacturing Director,Microsoft Excel,Learn Microsoft Excel,C010,Advanced Spreadsheet Modelling,Microsoft Learn,Intermediate,12,tag,4.5,HIGH,LOW,6.75,3
1630,Research & Development,Healthcare Representative,Microsoft Excel,Learn Microsoft Excel,C010,Advanced Spreadsheet Modelling,Microsoft Learn,Intermediate,12,tag,4.5,HIGH,LOW,6.75,1
1630,Research & Development,Healthcare Representative,Salesforce,Learn Salesforce,C026,Managing the Customer Pipeline,Trailhead,Beginner,16,tag,4.5,HIGH,LOW,6.75,2
1630,Research & Development,Healthcare Representative,Speaking,Learn Speaking,C036,Listening and Influence at Work,LinkedIn Learning,Beginner,6,tag,4.25,HIGH,LOW,6.375,3
1631,Research & Development,Manufacturing Director,SAP,Learn SAP,C029,Enterprise Resource Planning Essentials,SAP,Intermediate,24,tag,4.5,HIGH,LOW,6.75,1
1631,Research & Development,Manufacturing Director,Microsoft Outlook,Learn Microsoft Outlook,C013,Productivity Suite Fundamentals,Microsoft Learn,Beginner,10,tag,4.5,HIGH,LOW,6.75,2
1631,Research & Development,Manufacturing Director,Monitoring,Learn Monitoring,C039,Performance Tracking and Review,LinkedIn Learning,Beginner,6,tag,4.0,HIGH,LOW,6.0,3
1633,Research & Development,Manufacturing Director,Microsoft Office,Learn Microsoft Office,C013,Productivity Suite Fundamentals,Microsoft Learn,Beginner,10,tag,4.5,HIGH,LOW,6.75,1
1633,Research & Development,Manufacturing Director,Monitoring,Learn Monitoring,C039,Performance Tracking and Review,LinkedIn Learning,Beginner,6,tag,4.0,HIGH,LOW,6.0,2
1633,Research & Development,Manufacturing Director,Critical Thinking,Learn Critical Thinking,C033,Structured Problem Solving,Coursera,Intermediate,12,tag,4.0,HIGH,LOW,6.0,3
1635,Research & Development,Manufacturing Director,SAP,Learn SAP,C029,Enterprise Resource Planning Essentials,SAP,Intermediate,24,tag,4.5,HIGH,LOW,6.75,1
1635,Research & Development,Manufacturing Director,Microsoft PowerPoint,Learn Microsoft PowerPoint,C012,Presenting Data to Decision Makers,LinkedIn Learning,Beginner,10,tag,4.5,HIGH,LOW,6.75,2
1635,Research & Development,Manufacturing Director,Microsoft Outlook,Learn Microsoft Outlook,C013,Productivity Suite Fundamentals,Microsoft Learn,Beginner,10,tag,4.5,HIGH,LOW,6.75,3
1638,Research & Development,Manufacturing Director,SAP,Learn SAP,C029,Enterprise Resource Planning Essentials,SAP,Intermediate,24,tag,4.5,HIGH,LOW,6.75,1
1638,Research & Development,Manufacturing Director,Microsoft Office,Learn Microsoft Office,C013,Productivity Suite Fundamentals,Microsoft Learn,Beginner,10,tag,4.5,HIGH,LOW,6.75,2
1638,Research & Development,Manufacturing Director,Monitoring,Learn Monitoring,C039,Performance Tracking and Review,LinkedIn Learning,Beginner,6,tag,4.0,HIGH,LOW,6.0,3
1639,Sales,Sales Executive,Active Listening,Learn Active Listening,C015,Running Effective Remote Meetings,LinkedIn Learning,Beginner,6,tag,4.0,HIGH,HIGH,8.4,1
1639,Sales,Sales Executive,Adobe Creative Cloud,Learn Adobe Creative Cloud,C020,Digital Image Editing Foundations,Adobe,Beginner,16,tag,3.5,HIGH,HIGH,7.35,2
1639,Sales,Sales Executive,Adobe InDesign,Learn Adobe InDesign,C022,Layout and Publication Design,Adobe,Intermediate,14,tag,3.5,HIGH,HIGH,7.35,3
1640,Research & Development,Research Scientist,Writing,Learn Writing,C035,Business Writing for Clarity,LinkedIn Learning,Beginner,8,tag,4.25,HIGH,LOW,6.375,1
1640,Research & Development,Research Scientist,Speaking,Learn Speaking,C036,Listening and Influence at Work,LinkedIn Learning,Beginner,6,tag,4.12,HIGH,LOW,6.18,2
1640,Research & Development,Research Scientist,Critical Thinking,Learn Critical Thinking,C033,Structured Problem Solving,Coursera,Intermediate,12,tag,4.0,HIGH,LOW,6.0,3
1641,Research & Development,Manufacturing Director,Microsoft PowerPoint,Learn Microsoft PowerPoint,C012,Presenting Data to Decision Makers,LinkedIn Learning,Beginner,10,tag,4.5,HIGH,MEDIUM,7.762,1
1641,Research & Development,Manufacturing Director,Microsoft Excel,Learn Microsoft Excel,C010,Advanced Spreadsheet Modelling,Microsoft Learn,Intermediate,12,tag,4.5,HIGH,MEDIUM,7.762,2
1641,Research & Development,Manufacturing Director,Monitoring,Learn Monitoring,C039,Performance Tracking and Review,LinkedIn Learning,Beginner,6,tag,4.0,HIGH,MEDIUM,6.9,3
1642,Human Resources,Human Resources,Speaking,Learn Speaking,C036,Listening and Influence at Work,LinkedIn Learning,Beginner,6,tag,4.12,HIGH,HIGH,8.652,1
1642,Human Resources,Human Resources,Adobe Acrobat,Learn Adobe Acrobat,C019,Working with PDFs and Document Workflows,Adobe,Beginner,6,tag,3.5,HIGH,HIGH,7.35,2
1642,Human Resources,Human Resources,Adobe Photoshop,Learn Adobe Photoshop,C020,Digital Image Editing Foundations,Adobe,Beginner,16,tag,3.5,HIGH,HIGH,7.35,3
1644,Research & Development,Manager,Microsoft Excel,Learn Microsoft Excel,C010,Advanced Spreadsheet Modelling,Microsoft Learn,Intermediate,12,tag,4.5,HIGH,LOW,6.75,1
1644,Research & Development,Manager,Speaking,Learn Speaking,C036,Listening and Influence at Work,LinkedIn Learning,Beginner,6,tag,4.0,HIGH,LOW,6.0,2
1644,Research & Development,Manager,Critical Thinking,Learn Critical Thinking,C033,Structured Problem Solving,Coursera,Intermediate,12,tag,3.88,HIGH,LOW,5.82,3
1645,Sales,Sales Executive,Microsoft Office,Learn Microsoft Office,C013,Productivity Suite Fundamentals,Microsoft Learn,Beginner,10,tag,4.5,HIGH,HIGH,9.45,1
1645,Sales,Sales Executive,Speaking,Learn Speaking,C036,Listening and Influence at Work,LinkedIn Learning,Beginner,6,tag,4.0,HIGH,HIGH,8.4,2
1645,Sales,Sales Executive,Active Listening,Learn Active Listening,C015,Running Effective Remote Meetings,LinkedIn Learning,Beginner,6,tag,4.0,HIGH,HIGH,8.4,3
1646,Research & Development,Research Scientist,Microsoft Excel,Learn Microsoft Excel,C010,Advanced Spreadsheet Modelling,Microsoft Learn,Intermediate,12,tag,4.5,HIGH,HIGH,9.45,1
1646,Research & Development,Research Scientist,R,Learn R,C002,Statistical Programming in R,Coursera,Intermediate,24,tag,4.5,HIGH,HIGH,9.45,2
1646,Research & Development,Research Scientist,Microsoft Office,Learn Microsoft Office,C013,Productivity Suite Fundamentals,Microsoft Learn,Beginner,10,tag,4.5,HIGH,HIGH,9.45,3
1647,Research & Development,Research Scientist,Microsoft Excel,Learn Microsoft Excel,C010,Advanced Spreadsheet Modelling,Microsoft Learn,Intermediate,12,tag,4.5,HIGH,LOW,6.75,1
1647,Research & Development,Research Scientist,Science,Learn Science,C038,Scientific Method in Practice,edX,Intermediate,14,tag,4.12,HIGH,LOW,6.18,2
1647,Research & Development,Research Scientist,Active Learning,Learn Active Learning,C034,Learning How to Learn,Coursera,Beginner,8,tag,4.12,HIGH,LOW,6.18,3
1648,Research & Development,Research Scientist,Microsoft Excel,Learn Microsoft Excel,C010,Advanced Spreadsheet Modelling,Microsoft Learn,Intermediate,12,tag,4.5,HIGH,MEDIUM,7.762,1
1648,Research & Development,Research Scientist,R,Learn R,C002,Statistical Programming in R,Coursera,Intermediate,24,tag,4.5,HIGH,MEDIUM,7.762,2
1648,Research & Development,Research Scientist,Microsoft Office,Learn Microsoft Office,C013,Productivity Suite Fundamentals,Microsoft Learn,Beginner,10,tag,4.5,HIGH,MEDIUM,7.762,3
1649,Research & Development,Laboratory Technician,Microsoft Excel,Learn Microsoft Excel,C010,Advanced Spreadsheet Modelling,Microsoft Learn,Intermediate,12,tag,4.5,HIGH,HIGH,9.45,1
1649,Research & Development,Laboratory Technician,Microsoft Office,Learn Microsoft Office,C013,Productivity Suite Fundamentals,Microsoft Learn,Beginner,10,tag,4.5,HIGH,HIGH,9.45,2
1649,Research & Development,Laboratory Technician,Active Listening,Learn Active Listening,C015,Running Effective Remote Meetings,LinkedIn Learning,Beginner,6,tag,3.62,HIGH,HIGH,7.602,3
1650,Sales,Sales Executive,Microsoft PowerPoint,Learn Microsoft PowerPoint,C012,Presenting Data to Decision Makers,LinkedIn Learning,Beginner,10,tag,4.5,HIGH,HIGH,9.45,1
1650,Sales,Sales Executive,Microsoft Excel,Learn Microsoft Excel,C010,Advanced Spreadsheet Modelling,Microsoft Learn,Intermediate,12,tag,4.5,HIGH,HIGH,9.45,2
1650,Sales,Sales Executive,Microsoft Office,Learn Microsoft Office,C013,Productivity Suite Fundamentals,Microsoft Learn,Beginner,10,tag,4.5,HIGH,HIGH,9.45,3
1651,Research & Development,Healthcare Representative,Microsoft Excel,Learn Microsoft Excel,C010,Advanced Spreadsheet Modelling,Microsoft Learn,Intermediate,12,tag,4.5,HIGH,LOW,6.75,1
1651,Research & Development,Healthcare Representative,Microsoft Office,Learn Microsoft Office,C013,Productivity Suite Fundamentals,Microsoft Learn,Beginner,10,tag,4.5,HIGH,LOW,6.75,2
1651,Research & Development,Healthcare Representative,Active Learning,Learn Active Learning,C034,Learning How to Learn,Coursera,Beginner,8,tag,3.5,HIGH,LOW,5.25,3
1653,Research & Development,Manufacturing Director,SAP,Learn SAP,C029,Enterprise Resource Planning Essentials,SAP,Intermediate,24,tag,4.5,HIGH,LOW,6.75,1
1653,Research & Development,Manufacturing Director,Microsoft Excel,Learn Microsoft Excel,C010,Advanced Spreadsheet Modelling,Microsoft Learn,Intermediate,12,tag,4.5,HIGH,LOW,6.75,2
1653,Research & Development,Manufacturing Director,Microsoft Office,Learn Microsoft Office,C013,Productivity Suite Fundamentals,Microsoft Learn,Beginner,10,tag,4.5,HIGH,LOW,6.75,3
1654,Research & Development,Manufacturing Director,SAP,Learn SAP,C029,Enterprise Resource Planning Essentials,SAP,Intermediate,24,tag,4.5,HIGH,LOW,6.75,1
1654,Research & Development,Manufacturing Director,Microsoft PowerPoint,Learn Microsoft PowerPoint,C012,Presenting Data to Decision Makers,LinkedIn Learning,Beginner,10,tag,4.5,HIGH,LOW,6.75,2
1654,Research & Development,Manufacturing Director,Microsoft Excel,Learn Microsoft Excel,C010,Advanced Spreadsheet Modelling,Microsoft Learn,Intermediate,12,tag,4.5,HIGH,LOW,6.75,3
1655,Research & Development,Research Director,Microsoft Excel,Learn Microsoft Excel,C010,Advanced Spreadsheet Modelling,Microsoft Learn,Intermediate,12,tag,4.5,HIGH,LOW,6.75,1
1655,Research & Development,Research Director,Monitoring,Learn Monitoring,C039,Performance Tracking and Review,LinkedIn Learning,Beginner,6,tag,4.0,HIGH,LOW,6.0,2
1655,Research & Development,Research Director,Reading Comprehension,Learn Reading Comprehension,C035,Business Writing for Clarity,LinkedIn Learning,Beginner,8,tag,4.0,HIGH,LOW,6.0,3
1656,Research & Development,Research Director,Microsoft PowerPoint,Learn Microsoft PowerPoint,C012,Presenting Data to Decision Makers,LinkedIn Learning,Beginner,10,tag,4.5,HIGH,LOW,6.75,1
1656,Research & Development,Research Director,Science,Learn Science,C038,Scientific Method in Practice,edX,Intermediate,14,tag,4.12,HIGH,LOW,6.18,2
1656,Research & Development,Research Director,Reading Comprehension,Learn Reading Comprehension,C035,Business Writing for Clarity,LinkedIn Learning,Beginner,8,tag,4.0,HIGH,LOW,6.0,3
1657,Sales,Sales Representative,Microsoft Excel,Learn Microsoft Excel,C010,Advanced Spreadsheet Modelling,Microsoft Learn,Intermediate,12,tag,4.5,HIGH,MEDIUM,7.762,1
1657,Sales,Sales Representative,Microsoft Office,Learn Microsoft Office,C013,Productivity Suite Fundamentals,Microsoft Learn,Beginner,10,tag,4.5,HIGH,MEDIUM,7.762,2
1657,Sales,Sales Representative,Salesforce,Learn Salesforce,C026,Managing the Customer Pipeline,Trailhead,Beginner,16,tag,4.5,HIGH,MEDIUM,7.762,3
1658,Research & Development,Research Scientist,R,Learn R,C002,Statistical Programming in R,Coursera,Intermediate,24,tag,4.5,HIGH,LOW,6.75,1
1658,Research & Development,Research Scientist,Microsoft Office,Learn Microsoft Office,C013,Productivity Suite Fundamentals,Microsoft Learn,Beginner,10,tag,4.5,HIGH,LOW,6.75,2
1658,Research & Development,Research Scientist,Writing,Learn Writing,C035,Business Writing for Clarity,LinkedIn Learning,Beginner,8,tag,4.25,HIGH,LOW,6.375,3
1659,Research & Development,Laboratory Technician,Active Listening,Learn Active Listening,C015,Running Effective Remote Meetings,LinkedIn Learning,Beginner,6,tag,3.62,HIGH,MEDIUM,6.244,1
1659,Research & Development,Laboratory Technician,SAP,Learn SAP,C029,Enterprise Resource Planning Essentials,SAP,Intermediate,24,tag,3.5,HIGH,MEDIUM,6.037,2
1659,Research & Development,Laboratory Technician,Microsoft PowerPoint,Learn Microsoft PowerPoint,C012,Presenting Data to Decision Makers,LinkedIn Learning,Beginner,10,tag,3.5,HIGH,MEDIUM,6.037,3
1661,Research & Development,Healthcare Representative,Microsoft Excel,Learn Microsoft Excel,C010,Advanced Spreadsheet Modelling,Microsoft Learn,Intermediate,12,tag,4.5,HIGH,LOW,6.75,1
1661,Research & Development,Healthcare Representative,Salesforce,Learn Salesforce,C026,Managing the Customer Pipeline,Trailhead,Beginner,16,tag,4.5,HIGH,LOW,6.75,2
1661,Research & Development,Healthcare Representative,Reading Comprehension,Learn Reading Comprehension,C035,Business Writing for Clarity,LinkedIn Learning,Beginner,8,tag,3.75,HIGH,LOW,5.625,3
1662,Research & Development,Manufacturing Director,SAP,Learn SAP,C029,Enterprise Resource Planning Essentials,SAP,Intermediate,24,tag,4.5,HIGH,LOW,6.75,1
1662,Research & Development,Manufacturing Director,Microsoft Outlook,Learn Microsoft Outlook,C013,Productivity Suite Fundamentals,Microsoft Learn,Beginner,10,tag,4.5,HIGH,LOW,6.75,2
1662,Research & Development,Manufacturing Director,Monitoring,Learn Monitoring,C039,Performance Tracking and Review,LinkedIn Learning,Beginner,6,tag,4.0,HIGH,LOW,6.0,3
1664,Research & Development,Healthcare Representative,Microsoft Excel,Learn Microsoft Excel,C010,Advanced Spreadsheet Modelling,Microsoft Learn,Intermediate,12,tag,4.5,HIGH,LOW,6.75,1
1664,Research & Development,Healthcare Representative,Microsoft Office,Learn Microsoft Office,C013,Productivity Suite Fundamentals,Microsoft Learn,Beginner,10,tag,4.5,HIGH,LOW,6.75,2
1664,Research & Development,Healthcare Representative,Microsoft Outlook,Learn Microsoft Outlook,C013,Productivity Suite Fundamentals,Microsoft Learn,Beginner,10,tag,4.5,HIGH,LOW,6.75,3
1665,Research & Development,Manager,Apple macOS,Learn Apple macOS,C040,Operating Systems for End Users,Apple,Beginner,6,tag,3.5,HIGH,LOW,5.25,1
1665,Research & Development,Manager,Adobe Acrobat,Learn Adobe Acrobat,C019,Working with PDFs and Document Workflows,Adobe,Beginner,6,tag,3.5,HIGH,LOW,5.25,2
1665,Research & Development,Manager,Writing,Learn Writing,C035,Business Writing for Clarity,LinkedIn Learning,Beginner,8,tag,3.5,HIGH,LOW,5.25,3
1666,Research & Development,Research Director,Microsoft Excel,Learn Microsoft Excel,C010,Advanced Spreadsheet Modelling,Microsoft Learn,Intermediate,12,tag,4.5,HIGH,LOW,6.75,1
1666,Research & Development,Research Director,Science,Learn Science,C038,Scientific Method in Practice,edX,Intermediate,14,tag,4.12,HIGH,LOW,6.18,2
1666,Research & Development,Research Director,Monitoring,Learn Monitoring,C039,Performance Tracking and Review,LinkedIn Learning,Beginner,6,tag,4.0,HIGH,LOW,6.0,3
1667,Sales,Sales Executive,Salesforce,Learn Salesforce,C026,Managing the Customer Pipeline,Trailhead,Beginner,16,tag,4.5,HIGH,HIGH,9.45,1
1667,Sales,Sales Executive,Microsoft Outlook,Learn Microsoft Outlook,C013,Productivity Suite Fundamentals,Microsoft Learn,Beginner,10,tag,4.5,HIGH,HIGH,9.45,2
1667,Sales,Sales Executive,Adobe InDesign,Learn Adobe InDesign,C022,Layout and Publication Design,Adobe,Intermediate,14,tag,3.5,HIGH,HIGH,7.35,3
1668,Research & Development,Research Scientist,Microsoft Excel,Learn Microsoft Excel,C010,Advanced Spreadsheet Modelling,Microsoft Learn,Intermediate,12,tag,4.5,HIGH,LOW,6.75,1
1668,Research & Development,Research Scientist,Writing,Learn Writing,C035,Business Writing for Clarity,LinkedIn Learning,Beginner,8,tag,4.25,HIGH,LOW,6.375,2
1668,Research & Development,Research Scientist,Active Learning,Learn Active Learning,C034,Learning How to Learn,Coursera,Beginner,8,tag,4.12,HIGH,LOW,6.18,3
1669,Sales,Sales Executive,Microsoft Excel,Learn Microsoft Excel,C010,Advanced Spreadsheet Modelling,Microsoft Learn,Intermediate,12,tag,4.5,HIGH,HIGH,9.45,1
1669,Sales,Sales Executive,Microsoft Office,Learn Microsoft Office,C013,Productivity Suite Fundamentals,Microsoft Learn,Beginner,10,tag,4.5,HIGH,HIGH,9.45,2
1669,Sales,Sales Executive,Salesforce,Learn Salesforce,C026,Managing the Customer Pipeline,Trailhead,Beginner,16,tag,4.5,HIGH,HIGH,9.45,3
1670,Sales,Sales Executive,Salesforce,Learn Salesforce,C026,Managing the Customer Pipeline,Trailhead,Beginner,16,tag,4.5,HIGH,LOW,6.75,1
1670,Sales,Sales Executive,Microsoft Outlook,Learn Microsoft Outlook,C013,Productivity Suite Fundamentals,Microsoft Learn,Beginner,10,tag,4.5,HIGH,LOW,6.75,2
1670,Sales,Sales Executive,Speaking,Learn Speaking,C036,Listening and Influence at Work,LinkedIn Learning,Beginner,6,tag,4.0,HIGH,LOW,6.0,3
1671,Research & Development,Research Scientist,R,Learn R,C002,Statistical Programming in R,Coursera,Intermediate,24,tag,4.5,HIGH,LOW,6.75,1
1671,Research & Development,Research Scientist,Science,Learn Science,C038,Scientific Method in Practice,edX,Intermediate,14,tag,4.12,HIGH,LOW,6.18,2
1671,Research & Development,Research Scientist,Speaking,Learn Speaking,C036,Listening and Influence at Work,LinkedIn Learning,Beginner,6,tag,4.12,HIGH,LOW,6.18,3
1673,Sales,Sales Executive,Microsoft PowerPoint,Learn Microsoft PowerPoint,C012,Presenting Data to Decision Makers,LinkedIn Learning,Beginner,10,tag,4.5,HIGH,LOW,6.75,1
1673,Sales,Sales Executive,Microsoft Office,Learn Microsoft Office,C013,Productivity Suite Fundamentals,Microsoft Learn,Beginner,10,tag,4.5,HIGH,LOW,6.75,2
1673,Sales,Sales Executive,Speaking,Learn Speaking,C036,Listening and Influence at Work,LinkedIn Learning,Beginner,6,tag,4.0,HIGH,LOW,6.0,3
1674,Research & Development,Laboratory Technician,Microsoft Office,Learn Microsoft Office,C013,Productivity Suite Fundamentals,Microsoft Learn,Beginner,10,tag,4.5,HIGH,MEDIUM,7.762,1
1674,Research & Development,Laboratory Technician,Active Listening,Learn Active Listening,C015,Running Effective Remote Meetings,LinkedIn Learning,Beginner,6,tag,3.62,HIGH,MEDIUM,6.244,2
1674,Research & Development,Laboratory Technician,SAP,Learn SAP,C029,Enterprise Resource Planning Essentials,SAP,Intermediate,24,tag,3.5,HIGH,MEDIUM,6.037,3
1675,Research & Development,Laboratory Technician,Microsoft Excel,Learn Microsoft Excel,C010,Advanced Spreadsheet Modelling,Microsoft Learn,Intermediate,12,tag,4.5,HIGH,HIGH,9.45,1
1675,Research & Development,Laboratory Technician,Reading Comprehension,Learn Reading Comprehension,C035,Business Writing for Clarity,LinkedIn Learning,Beginner,8,tag,3.75,HIGH,HIGH,7.875,2
1675,Research & Development,Laboratory Technician,Google Docs,Learn Google Docs,C011,Business Documents That Get Read,LinkedIn Learning,Beginner,8,tag,3.5,HIGH,HIGH,7.35,3
1676,Sales,Manager,Microsoft Office,Learn Microsoft Office,C013,Productivity Suite Fundamentals,Microsoft Learn,Beginner,10,tag,4.5,HIGH,LOW,6.75,1
1676,Sales,Manager,Adobe Acrobat,Learn Adobe Acrobat,C019,Working with PDFs and Document Workflows,Adobe,Beginner,6,tag,3.5,HIGH,LOW,5.25,2
1676,Sales,Manager,Writing,Learn Writing,C035,Business Writing for Clarity,LinkedIn Learning,Beginner,8,tag,3.5,HIGH,LOW,5.25,3
1677,Research & Development,Manager,Microsoft Excel,Learn Microsoft Excel,C010,Advanced Spreadsheet Modelling,Microsoft Learn,Intermediate,12,tag,4.5,HIGH,LOW,6.75,1
1677,Research & Development,Manager,Microsoft Office,Learn Microsoft Office,C013,Productivity Suite Fundamentals,Microsoft Learn,Beginner,10,tag,4.5,HIGH,LOW,6.75,2
1677,Research & Development,Manager,Monitoring,Learn Monitoring,C039,Performance Tracking and Review,LinkedIn Learning,Beginner,6,tag,4.0,HIGH,LOW,6.0,3
1678,Sales,Sales Executive,Microsoft PowerPoint,Learn Microsoft PowerPoint,C012,Presenting Data to Decision Makers,LinkedIn Learning,Beginner,10,tag,4.5,HIGH,MEDIUM,7.762,1
1678,Sales,Sales Executive,Salesforce,Learn Salesforce,C026,Managing the Customer Pipeline,Trailhead,Beginner,16,tag,4.5,HIGH,MEDIUM,7.762,2
1678,Sales,Sales Executive,Active Listening,Learn Active Listening,C015,Running Effective Remote Meetings,LinkedIn Learning,Beginner,6,tag,4.0,HIGH,MEDIUM,6.9,3
1680,Sales,Sales Representative,Microsoft Office,Learn Microsoft Office,C013,Productivity Suite Fundamentals,Microsoft Learn,Beginner,10,tag,4.5,HIGH,HIGH,9.45,1
1680,Sales,Sales Representative,Salesforce,Learn Salesforce,C026,Managing the Customer Pipeline,Trailhead,Beginner,16,tag,4.5,HIGH,HIGH,9.45,2
1680,Sales,Sales Representative,Speaking,Learn Speaking,C036,Listening and Influence at Work,LinkedIn Learning,Beginner,6,tag,3.88,HIGH,HIGH,8.148,3
1681,Sales,Sales Executive,Microsoft Office,Learn Microsoft Office,C013,Productivity Suite Fundamentals,Microsoft Learn,Beginner,10,tag,4.5,HIGH,LOW,6.75,1
1681,Sales,Sales Executive,Salesforce,Learn Salesforce,C026,Managing the Customer Pipeline,Trailhead,Beginner,16,tag,4.5,HIGH,LOW,6.75,2
1681,Sales,Sales Executive,Active Listening,Learn Active Listening,C015,Running Effective Remote Meetings,LinkedIn Learning,Beginner,6,tag,4.0,HIGH,LOW,6.0,3
1682,Research & Development,Healthcare Representative,Microsoft Excel,Learn Microsoft Excel,C010,Advanced Spreadsheet Modelling,Microsoft Learn,Intermediate,12,tag,4.5,HIGH,LOW,6.75,1
1682,Research & Development,Healthcare Representative,Salesforce,Learn Salesforce,C026,Managing the Customer Pipeline,Trailhead,Beginner,16,tag,4.5,HIGH,LOW,6.75,2
1682,Research & Development,Healthcare Representative,Reading Comprehension,Learn Reading Comprehension,C035,Business Writing for Clarity,LinkedIn Learning,Beginner,8,tag,3.75,HIGH,LOW,5.625,3
1683,Human Resources,Human Resources,Microsoft PowerPoint,Learn Microsoft PowerPoint,C012,Presenting Data to Decision Makers,LinkedIn Learning,Beginner,10,tag,4.5,HIGH,LOW,6.75,1
1683,Human Resources,Human Resources,Microsoft Excel,Learn Microsoft Excel,C010,Advanced Spreadsheet Modelling,Microsoft Learn,Intermediate,12,tag,4.5,HIGH,LOW,6.75,2
1683,Human Resources,Human Resources,Microsoft Office,Learn Microsoft Office,C013,Productivity Suite Fundamentals,Microsoft Learn,Beginner,10,tag,4.5,HIGH,LOW,6.75,3
1684,Research & Development,Laboratory Technician,Microsoft Excel,Learn Microsoft Excel,C010,Advanced Spreadsheet Modelling,Microsoft Learn,Intermediate,12,tag,4.5,HIGH,HIGH,9.45,1
1684,Research & Development,Laboratory Technician,Microsoft Office,Learn Microsoft Office,C013,Productivity Suite Fundamentals,Microsoft Learn,Beginner,10,tag,4.5,HIGH,HIGH,9.45,2
1684,Research & Development,Laboratory Technician,Reading Comprehension,Learn Reading Comprehension,C035,Business Writing for Clarity,LinkedIn Learning,Beginner,8,tag,3.75,HIGH,HIGH,7.875,3
1687,Research & Development,Laboratory Technician,Microsoft Office,Learn Microsoft Office,C013,Productivity Suite Fundamentals,Microsoft Learn,Beginner,10,tag,4.5,HIGH,LOW,6.75,1
1687,Research & Development,Laboratory Technician,Active Listening,Learn Active Listening,C015,Running Effective Remote Meetings,LinkedIn Learning,Beginner,6,tag,3.62,HIGH,LOW,5.43,2
1687,Research & Development,Laboratory Technician,SAP,Learn SAP,C029,Enterprise Resource Planning Essentials,SAP,Intermediate,24,tag,3.5,HIGH,LOW,5.25,3
1689,Research & Development,Healthcare Representative,Microsoft Office,Learn Microsoft Office,C013,Productivity Suite Fundamentals,Microsoft Learn,Beginner,10,tag,4.5,HIGH,LOW,6.75,1
1689,Research & Development,Healthcare Representative,Speaking,Learn Speaking,C036,Listening and Influence at Work,LinkedIn Learning,Beginner,6,tag,4.25,HIGH,LOW,6.375,2
1689,Research & Development,Healthcare Representative,Active Listening,Learn Active Listening,C015,Running Effective Remote Meetings,LinkedIn Learning,Beginner,6,tag,4.12,HIGH,LOW,6.18,3
1691,Sales,Sales Representative,Salesforce,Learn Salesforce,C026,Managing the Customer Pipeline,Trailhead,Beginner,16,tag,4.5,HIGH,MEDIUM,7.762,1
1691,Sales,Sales Representative,Active Listening,Learn Active Listening,C015,Running Effective Remote Meetings,LinkedIn Learning,Beginner,6,tag,3.88,HIGH,MEDIUM,6.693,2
1691,Sales,Sales Representative,IBM SPSS Statistics,Learn IBM SPSS Statistics,C003,Applied Statistics with SPSS,IBM SkillsBuild,Beginner,16,tag,3.5,HIGH,MEDIUM,6.037,3
1692,Research & Development,Laboratory Technician,Microsoft Office,Learn Microsoft Office,C013,Productivity Suite Fundamentals,Microsoft Learn,Beginner,10,tag,4.5,HIGH,HIGH,9.45,1
1692,Research & Development,Laboratory Technician,Active Listening,Learn Active Listening,C015,Running Effective Remote Meetings,LinkedIn Learning,Beginner,6,tag,3.62,HIGH,HIGH,7.602,2
1692,Research & Development,Laboratory Technician,Monitoring,Learn Monitoring,C039,Performance Tracking and Review,LinkedIn Learning,Beginner,6,tag,3.0,HIGH,HIGH,6.3,3
1693,Research & Development,Laboratory Technician,SAP,Learn SAP,C029,Enterprise Resource Planning Essentials,SAP,Intermediate,24,tag,3.5,HIGH,LOW,5.25,1
1693,Research & Development,Laboratory Technician,Microsoft PowerPoint,Learn Microsoft PowerPoint,C012,Presenting Data to Decision Makers,LinkedIn Learning,Beginner,10,tag,3.5,HIGH,LOW,5.25,2
1693,Research & Development,Laboratory Technician,MEDITECH,Learn MEDITECH,C032,Clinical Records and Patient Data Systems,HIMSS,Intermediate,18,tag,3.5,HIGH,LOW,5.25,3
1694,Research & Development,Research Scientist,Microsoft Excel,Learn Microsoft Excel,C010,Advanced Spreadsheet Modelling,Microsoft Learn,Intermediate,12,tag,4.5,HIGH,MEDIUM,7.762,1
1694,Research & Development,Research Scientist,R,Learn R,C002,Statistical Programming in R,Coursera,Intermediate,24,tag,4.5,HIGH,MEDIUM,7.762,2
1694,Research & Development,Research Scientist,Microsoft Office,Learn Microsoft Office,C013,Productivity Suite Fundamentals,Microsoft Learn,Beginner,10,tag,4.5,HIGH,MEDIUM,7.762,3
1696,Research & Development,Laboratory Technician,Reading Comprehension,Learn Reading Comprehension,C035,Business Writing for Clarity,LinkedIn Learning,Beginner,8,tag,3.75,HIGH,LOW,5.625,1
1696,Research & Development,Laboratory Technician,SAP,Learn SAP,C029,Enterprise Resource Planning Essentials,SAP,Intermediate,24,tag,3.5,HIGH,LOW,5.25,2
1696,Research & Development,Laboratory Technician,Microsoft PowerPoint,Learn Microsoft PowerPoint,C012,Presenting Data to Decision Makers,LinkedIn Learning,Beginner,10,tag,3.5,HIGH,LOW,5.25,3
1697,Research & Development,Healthcare Representative,Microsoft Excel,Learn Microsoft Excel,C010,Advanced Spreadsheet Modelling,Microsoft Learn,Intermediate,12,tag,4.5,HIGH,LOW,6.75,1
1697,Research & Development,Healthcare Representative,Speaking,Learn Speaking,C036,Listening and Influence at Work,LinkedIn Learning,Beginner,6,tag,4.25,HIGH,LOW,6.375,2
1697,Research & Development,Healthcare Representative,Reading Comprehension,Learn Reading Comprehension,C035,Business Writing for Clarity,LinkedIn Learning,Beginner,8,tag,3.75,HIGH,LOW,5.625,3
1698,Research & Development,Laboratory Technician,Reading Comprehension,Learn Reading Comprehension,C035,Business Writing for Clarity,LinkedIn Learning,Beginner,8,tag,3.75,HIGH,LOW,5.625,1
1698,Research & Development,Laboratory Technician,Active Listening,Learn Active Listening,C015,Running Effective Remote Meetings,LinkedIn Learning,Beginner,6,tag,3.62,HIGH,LOW,5.43,2
1698,Research & Development,Laboratory Technician,SAP,Learn SAP,C029,Enterprise Resource Planning Essentials,SAP,Intermediate,24,tag,3.5,HIGH,LOW,5.25,3
1700,Sales,Sales Executive,Microsoft Office,Learn Microsoft Office,C013,Productivity Suite Fundamentals,Microsoft Learn,Beginner,10,tag,4.5,HIGH,LOW,6.75,1
1700,Sales,Sales Executive,Microsoft Outlook,Learn Microsoft Outlook,C013,Productivity Suite Fundamentals,Microsoft Learn,Beginner,10,tag,4.5,HIGH,LOW,6.75,2
1700,Sales,Sales Executive,Active Listening,Learn Active Listening,C015,Running Effective Remote Meetings,LinkedIn Learning,Beginner,6,tag,4.0,HIGH,LOW,6.0,3
1701,Research & Development,Research Scientist,R,Learn R,C002,Statistical Programming in R,Coursera,Intermediate,24,tag,4.5,HIGH,LOW,6.75,1
1701,Research & Development,Research Scientist,Microsoft Office,Learn Microsoft Office,C013,Productivity Suite Fundamentals,Microsoft Learn,Beginner,10,tag,4.5,HIGH,LOW,6.75,2
1701,Research & Development,Research Scientist,Writing,Learn Writing,C035,Business Writing for Clarity,LinkedIn Learning,Beginner,8,tag,4.25,HIGH,LOW,6.375,3
1702,Sales,Sales Representative,Microsoft Excel,Learn Microsoft Excel,C010,Advanced Spreadsheet Modelling,Microsoft Learn,Intermediate,12,tag,4.5,HIGH,HIGH,9.45,1
1702,Sales,Sales Representative,Microsoft Office,Learn Microsoft Office,C013,Productivity Suite Fundamentals,Microsoft Learn,Beginner,10,tag,4.5,HIGH,HIGH,9.45,2
1702,Sales,Sales Representative,Salesforce,Learn Salesforce,C026,Managing the Customer Pipeline,Trailhead,Beginner,16,tag,4.5,HIGH,HIGH,9.45,3
1703,Research & Development,Healthcare Representative,Microsoft Excel,Learn Microsoft Excel,C010,Advanced Spreadsheet Modelling,Microsoft Learn,Intermediate,12,tag,4.5,HIGH,LOW,6.75,1
1703,Research & Development,Healthcare Representative,Salesforce,Learn Salesforce,C026,Managing the Customer Pipeline,Trailhead,Beginner,16,tag,4.5,HIGH,LOW,6.75,2
1703,Research & Development,Healthcare Representative,Microsoft Outlook,Learn Microsoft Outlook,C013,Productivity Suite Fundamentals,Microsoft Learn,Beginner,10,tag,4.5,HIGH,LOW,6.75,3
1704,Research & Development,Research Scientist,Microsoft Excel,Learn Microsoft Excel,C010,Advanced Spreadsheet Modelling,Microsoft Learn,Intermediate,12,tag,4.5,HIGH,MEDIUM,7.762,1
1704,Research & Development,Research Scientist,R,Learn R,C002,Statistical Programming in R,Coursera,Intermediate,24,tag,4.5,HIGH,MEDIUM,7.762,2
1704,Research & Development,Research Scientist,Microsoft Office,Learn Microsoft Office,C013,Productivity Suite Fundamentals,Microsoft Learn,Beginner,10,tag,4.5,HIGH,MEDIUM,7.762,3
1706,Sales,Sales Executive,Microsoft Excel,Learn Microsoft Excel,C010,Advanced Spreadsheet Modelling,Microsoft Learn,Intermediate,12,tag,4.5,HIGH,LOW,6.75,1
1706,Sales,Sales Executive,Microsoft Office,Learn Microsoft Office,C013,Productivity Suite Fundamentals,Microsoft Learn,Beginner,10,tag,4.5,HIGH,LOW,6.75,2
1706,Sales,Sales Executive,Speaking,Learn Speaking,C036,Listening and Influence at Work,LinkedIn Learning,Beginner,6,tag,4.0,HIGH,LOW,6.0,3
1707,Research & Development,Research Scientist,Speaking,Learn Speaking,C036,Listening and Influence at Work,LinkedIn Learning,Beginner,6,tag,4.12,HIGH,LOW,6.18,1
1707,Research & Development,Research Scientist,Active Learning,Learn Active Learning,C034,Learning How to Learn,Coursera,Beginner,8,tag,4.12,HIGH,LOW,6.18,2
1707,Research & Development,Research Scientist,Critical Thinking,Learn Critical Thinking,C033,Structured Problem Solving,Coursera,Intermediate,12,tag,4.0,HIGH,LOW,6.0,3
1708,Sales,Sales Executive,Microsoft Outlook,Learn Microsoft Outlook,C013,Productivity Suite Fundamentals,Microsoft Learn,Beginner,10,tag,4.5,HIGH,MEDIUM,7.762,1
1708,Sales,Sales Executive,Adobe Creative Cloud,Learn Adobe Creative Cloud,C020,Digital Image Editing Foundations,Adobe,Beginner,16,tag,3.5,HIGH,MEDIUM,6.037,2
1708,Sales,Sales Executive,Adobe InDesign,Learn Adobe InDesign,C022,Layout and Publication Design,Adobe,Intermediate,14,tag,3.5,HIGH,MEDIUM,6.037,3
1709,Research & Development,Laboratory Technician,Microsoft Excel,Learn Microsoft Excel,C010,Advanced Spreadsheet Modelling,Microsoft Learn,Intermediate,12,tag,4.5,HIGH,LOW,6.75,1
1709,Research & Development,Laboratory Technician,Microsoft Office,Learn Microsoft Office,C013,Productivity Suite Fundamentals,Microsoft Learn,Beginner,10,tag,4.5,HIGH,LOW,6.75,2
1709,Research & Development,Laboratory Technician,Microsoft PowerPoint,Learn Microsoft PowerPoint,C012,Presenting Data to Decision Makers,LinkedIn Learning,Beginner,10,tag,3.5,HIGH,LOW,5.25,3
1710,Sales,Sales Representative,Microsoft Excel,Learn Microsoft Excel,C010,Advanced Spreadsheet Modelling,Microsoft Learn,Intermediate,12,tag,4.5,HIGH,MEDIUM,7.762,1
1710,Sales,Sales Representative,Microsoft Office,Learn Microsoft Office,C013,Productivity Suite Fundamentals,Microsoft Learn,Beginner,10,tag,4.5,HIGH,MEDIUM,7.762,2
1710,Sales,Sales Representative,Speaking,Learn Speaking,C036,Listening and Influence at Work,LinkedIn Learning,Beginner,6,tag,3.88,HIGH,MEDIUM,6.693,3
1712,Research & Development,Healthcare Representative,Microsoft Excel,Learn Microsoft Excel,C010,Advanced Spreadsheet Modelling,Microsoft Learn,Intermediate,12,tag,4.5,HIGH,LOW,6.75,1
1712,Research & Development,Healthcare Representative,Microsoft Office,Learn Microsoft Office,C013,Productivity Suite Fundamentals,Microsoft Learn,Beginner,10,tag,4.5,HIGH,LOW,6.75,2
1712,Research & Development,Healthcare Representative,Active Listening,Learn Active Listening,C015,Running Effective Remote Meetings,LinkedIn Learning,Beginner,6,tag,4.12,HIGH,LOW,6.18,3
1714,Human Resources,Human Resources,Microsoft Excel,Learn Microsoft Excel,C010,Advanced Spreadsheet Modelling,Microsoft Learn,Intermediate,12,tag,4.5,HIGH,HIGH,9.45,1
1714,Human Resources,Human Resources,Microsoft Office,Learn Microsoft Office,C013,Productivity Suite Fundamentals,Microsoft Learn,Beginner,10,tag,4.5,HIGH,HIGH,9.45,2
1714,Human Resources,Human Resources,Speaking,Learn Speaking,C036,Listening and Influence at Work,LinkedIn Learning,Beginner,6,tag,4.12,HIGH,HIGH,8.652,3
1716,Sales,Sales Executive,Microsoft PowerPoint,Learn Microsoft PowerPoint,C012,Presenting Data to Decision Makers,LinkedIn Learning,Beginner,10,tag,4.5,HIGH,HIGH,9.45,1
1716,Sales,Sales Executive,Microsoft Office,Learn Microsoft Office,C013,Productivity Suite Fundamentals,Microsoft Learn,Beginner,10,tag,4.5,HIGH,HIGH,9.45,2
1716,Sales,Sales Executive,Salesforce,Learn Salesforce,C026,Managing the Customer Pipeline,Trailhead,Beginner,16,tag,4.5,HIGH,HIGH,9.45,3
1718,Research & Development,Laboratory Technician,Microsoft Excel,Learn Microsoft Excel,C010,Advanced Spreadsheet Modelling,Microsoft Learn,Intermediate,12,tag,4.5,HIGH,LOW,6.75,1
1718,Research & Development,Laboratory Technician,Reading Comprehension,Learn Reading Comprehension,C035,Business Writing for Clarity,LinkedIn Learning,Beginner,8,tag,3.75,HIGH,LOW,5.625,2
1718,Research & Development,Laboratory Technician,Active Listening,Learn Active Listening,C015,Running Effective Remote Meetings,LinkedIn Learning,Beginner,6,tag,3.62,HIGH,LOW,5.43,3
1719,Research & Development,Research Director,Microsoft Office,Learn Microsoft Office,C013,Productivity Suite Fundamentals,Microsoft Learn,Beginner,10,tag,4.5,HIGH,LOW,6.75,1
1719,Research & Development,Research Director,Monitoring,Learn Monitoring,C039,Performance Tracking and Review,LinkedIn Learning,Beginner,6,tag,4.0,HIGH,LOW,6.0,2
1719,Research & Development,Research Director,IBM SPSS Statistics,Learn IBM SPSS Statistics,C003,Applied Statistics with SPSS,IBM SkillsBuild,Beginner,16,tag,3.5,HIGH,LOW,5.25,3
1720,Research & Development,Research Scientist,Microsoft Office,Learn Microsoft Office,C013,Productivity Suite Fundamentals,Microsoft Learn,Beginner,10,tag,4.5,HIGH,HIGH,9.45,1
1720,Research & Development,Research Scientist,Speaking,Learn Speaking,C036,Listening and Influence at Work,LinkedIn Learning,Beginner,6,tag,4.12,HIGH,HIGH,8.652,2
1720,Research & Development,Research Scientist,Reading Comprehension,Learn Reading Comprehension,C035,Business Writing for Clarity,LinkedIn Learning,Beginner,8,tag,4.0,HIGH,HIGH,8.4,3
1721,Research & Development,Laboratory Technician,Microsoft Excel,Learn Microsoft Excel,C010,Advanced Spreadsheet Modelling,Microsoft Learn,Intermediate,12,tag,4.5,HIGH,LOW,6.75,1
1721,Research & Development,Laboratory Technician,Active Listening,Learn Active Listening,C015,Running Effective Remote Meetings,LinkedIn Learning,Beginner,6,tag,3.62,HIGH,LOW,5.43,2
1721,Research & Development,Laboratory Technician,MEDITECH,Learn MEDITECH,C032,Clinical Records and Patient Data Systems,HIMSS,Intermediate,18,tag,3.5,HIGH,LOW,5.25,3
1722,Human Resources,Human Resources,Microsoft Office,Learn Microsoft Office,C013,Productivity Suite Fundamentals,Microsoft Learn,Beginner,10,tag,4.5,HIGH,LOW,6.75,1
1722,Human Resources,Human Resources,Critical Thinking,Learn Critical Thinking,C033,Structured Problem Solving,Coursera,Intermediate,12,tag,3.88,HIGH,LOW,5.82,2
1722,Human Resources,Human Resources,Adobe Acrobat,Learn Adobe Acrobat,C019,Working with PDFs and Document Workflows,Adobe,Beginner,6,tag,3.5,HIGH,LOW,5.25,3
1724,Research & Development,Manufacturing Director,Microsoft Excel,Learn Microsoft Excel,C010,Advanced Spreadsheet Modelling,Microsoft Learn,Intermediate,12,tag,4.5,HIGH,MEDIUM,7.762,1
1724,Research & Development,Manufacturing Director,Microsoft Office,Learn Microsoft Office,C013,Productivity Suite Fundamentals,Microsoft Learn,Beginner,10,tag,4.5,HIGH,MEDIUM,7.762,2
1724,Research & Development,Manufacturing Director,Monitoring,Learn Monitoring,C039,Performance Tracking and Review,LinkedIn Learning,Beginner,6,tag,4.0,HIGH,MEDIUM,6.9,3
1725,Research & Development,Laboratory Technician,Microsoft Excel,Learn Microsoft Excel,C010,Advanced Spreadsheet Modelling,Microsoft Learn,Intermediate,12,tag,4.5,HIGH,HIGH,9.45,1
1725,Research & Development,Laboratory Technician,Active Listening,Learn Active Listening,C015,Running Effective Remote Meetings,LinkedIn Learning,Beginner,6,tag,3.62,HIGH,HIGH,7.602,2
1725,Research & Development,Laboratory Technician,SAP,Learn SAP,C029,Enterprise Resource Planning Essentials,SAP,Intermediate,24,tag,3.5,HIGH,HIGH,7.35,3
1727,Research & Development,Healthcare Representative,Microsoft Excel,Learn Microsoft Excel,C010,Advanced Spreadsheet Modelling,Microsoft Learn,Intermediate,12,tag,4.5,HIGH,LOW,6.75,1
1727,Research & Development,Healthcare Representative,Microsoft Office,Learn Microsoft Office,C013,Productivity Suite Fundamentals,Microsoft Learn,Beginner,10,tag,4.5,HIGH,LOW,6.75,2
1727,Research & Development,Healthcare Representative,Active Learning,Learn Active Learning,C034,Learning How to Learn,Coursera,Beginner,8,tag,3.5,HIGH,LOW,5.25,3
1728,Research & Development,Manufacturing Director,SAP,Learn SAP,C029,Enterprise Resource Planning Essentials,SAP,Intermediate,24,tag,4.5,HIGH,LOW,6.75,1
1728,Research & Development,Manufacturing Director,Microsoft Office,Learn Microsoft Office,C013,Productivity Suite Fundamentals,Microsoft Learn,Beginner,10,tag,4.5,HIGH,LOW,6.75,2
1728,Research & Development,Manufacturing Director,Monitoring,Learn Monitoring,C039,Performance Tracking and Review,LinkedIn Learning,Beginner,6,tag,4.0,HIGH,LOW,6.0,3
1729,Research & Development,Research Scientist,Microsoft Excel,Learn Microsoft Excel,C010,Advanced Spreadsheet Modelling,Microsoft Learn,Intermediate,12,tag,4.5,HIGH,LOW,6.75,1
1729,Research & Development,Research Scientist,R,Learn R,C002,Statistical Programming in R,Coursera,Intermediate,24,tag,4.5,HIGH,LOW,6.75,2
1729,Research & Development,Research Scientist,Science,Learn Science,C038,Scientific Method in Practice,edX,Intermediate,14,tag,4.12,HIGH,LOW,6.18,3
1731,Sales,Sales Executive,Microsoft PowerPoint,Learn Microsoft PowerPoint,C012,Presenting Data to Decision Makers,LinkedIn Learning,Beginner,10,tag,4.5,HIGH,MEDIUM,7.762,1
1731,Sales,Sales Executive,Microsoft Excel,Learn Microsoft Excel,C010,Advanced Spreadsheet Modelling,Microsoft Learn,Intermediate,12,tag,4.5,HIGH,MEDIUM,7.762,2
1731,Sales,Sales Executive,Microsoft Office,Learn Microsoft Office,C013,Productivity Suite Fundamentals,Microsoft Learn,Beginner,10,tag,4.5,HIGH,MEDIUM,7.762,3
1732,Sales,Sales Executive,Microsoft PowerPoint,Learn Microsoft PowerPoint,C012,Presenting Data to Decision Makers,LinkedIn Learning,Beginner,10,tag,4.5,HIGH,LOW,6.75,1
1732,Sales,Sales Executive,Microsoft Office,Learn Microsoft Office,C013,Productivity Suite Fundamentals,Microsoft Learn,Beginner,10,tag,4.5,HIGH,LOW,6.75,2
1732,Sales,Sales Executive,Adobe InDesign,Learn Adobe InDesign,C022,Layout and Publication Design,Adobe,Intermediate,14,tag,3.5,HIGH,LOW,5.25,3
1733,Sales,Sales Executive,Microsoft PowerPoint,Learn Microsoft PowerPoint,C012,Presenting Data to Decision Makers,LinkedIn Learning,Beginner,10,tag,4.5,HIGH,HIGH,9.45,1
1733,Sales,Sales Executive,Salesforce,Learn Salesforce,C026,Managing the Customer Pipeline,Trailhead,Beginner,16,tag,4.5,HIGH,HIGH,9.45,2
1733,Sales,Sales Executive,Speaking,Learn Speaking,C036,Listening and Influence at Work,LinkedIn Learning,Beginner,6,tag,4.0,HIGH,HIGH,8.4,3
1734,Sales,Sales Executive,Microsoft PowerPoint,Learn Microsoft PowerPoint,C012,Presenting Data to Decision Makers,LinkedIn Learning,Beginner,10,tag,4.5,HIGH,HIGH,9.45,1
1734,Sales,Sales Executive,Salesforce,Learn Salesforce,C026,Managing the Customer Pipeline,Trailhead,Beginner,16,tag,4.5,HIGH,HIGH,9.45,2
1734,Sales,Sales Executive,Speaking,Learn Speaking,C036,Listening and Influence at Work,LinkedIn Learning,Beginner,6,tag,4.0,HIGH,HIGH,8.4,3
1735,Research & Development,Laboratory Technician,Reading Comprehension,Learn Reading Comprehension,C035,Business Writing for Clarity,LinkedIn Learning,Beginner,8,tag,3.75,HIGH,HIGH,7.875,1
1735,Research & Development,Laboratory Technician,SAP,Learn SAP,C029,Enterprise Resource Planning Essentials,SAP,Intermediate,24,tag,3.5,HIGH,HIGH,7.35,2
1735,Research & Development,Laboratory Technician,Microsoft PowerPoint,Learn Microsoft PowerPoint,C012,Presenting Data to Decision Makers,LinkedIn Learning,Beginner,10,tag,3.5,HIGH,HIGH,7.35,3
1736,Research & Development,Manufacturing Director,SAP,Learn SAP,C029,Enterprise Resource Planning Essentials,SAP,Intermediate,24,tag,4.5,HIGH,MEDIUM,7.762,1
1736,Research & Development,Manufacturing Director,Microsoft PowerPoint,Learn Microsoft PowerPoint,C012,Presenting Data to Decision Makers,LinkedIn Learning,Beginner,10,tag,4.5,HIGH,MEDIUM,7.762,2
1736,Research & Development,Manufacturing Director,Microsoft Office,Learn Microsoft Office,C013,Productivity Suite Fundamentals,Microsoft Learn,Beginner,10,tag,4.5,HIGH,MEDIUM,7.762,3
1737,Research & Development,Laboratory Technician,Microsoft Word,Learn Microsoft Word,C011,Business Documents That Get Read,LinkedIn Learning,Beginner,8,tag,3.5,HIGH,LOW,5.25,1
1737,Research & Development,Laboratory Technician,MEDITECH,Learn MEDITECH,C032,Clinical Records and Patient Data Systems,HIMSS,Intermediate,18,tag,3.5,HIGH,LOW,5.25,2
1737,Research & Development,Laboratory Technician,Google Docs,Learn Google Docs,C011,Business Documents That Get Read,LinkedIn Learning,Beginner,8,tag,3.5,HIGH,LOW,5.25,3
1739,Sales,Sales Executive,Active Listening,Learn Active Listening,C015,Running Effective Remote Meetings,LinkedIn Learning,Beginner,6,tag,4.0,HIGH,HIGH,8.4,1
1739,Sales,Sales Executive,Critical Thinking,Learn Critical Thinking,C033,Structured Problem Solving,Coursera,Intermediate,12,tag,3.5,HIGH,HIGH,7.35,2
1739,Sales,Sales Executive,Adobe Acrobat,Learn Adobe Acrobat,C019,Working with PDFs and Document Workflows,Adobe,Beginner,6,tag,3.5,HIGH,HIGH,7.35,3
1740,Sales,Manager,Microsoft Office,Learn Microsoft Office,C013,Productivity Suite Fundamentals,Microsoft Learn,Beginner,10,tag,4.5,HIGH,HIGH,9.45,1
1740,Sales,Manager,Reading Comprehension,Learn Reading Comprehension,C035,Business Writing for Clarity,LinkedIn Learning,Beginner,8,tag,4.0,HIGH,HIGH,8.4,2
1740,Sales,Manager,Active Listening,Learn Active Listening,C015,Running Effective Remote Meetings,LinkedIn Learning,Beginner,6,tag,4.0,HIGH,HIGH,8.4,3
1744,Human Resources,Human Resources,Microsoft Excel,Learn Microsoft Excel,C010,Advanced Spreadsheet Modelling,Microsoft Learn,Intermediate,12,tag,4.5,HIGH,LOW,6.75,1
1744,Human Resources,Human Resources,Reading Comprehension,Learn Reading Comprehension,C035,Business Writing for Clarity,LinkedIn Learning,Beginner,8,tag,4.0,HIGH,LOW,6.0,2
1744,Human Resources,Human Resources,Writing,Learn Writing,C035,Business Writing for Clarity,LinkedIn Learning,Beginner,8,tag,3.88,HIGH,LOW,5.82,3
1745,Research & Development,Research Scientist,Writing,Learn Writing,C035,Business Writing for Clarity,LinkedIn Learning,Beginner,8,tag,4.25,HIGH,LOW,6.375,1
1745,Research & Development,Research Scientist,Science,Learn Science,C038,Scientific Method in Practice,edX,Intermediate,14,tag,4.12,HIGH,LOW,6.18,2
1745,Research & Development,Research Scientist,Critical Thinking,Learn Critical Thinking,C033,Structured Problem Solving,Coursera,Intermediate,12,tag,4.0,HIGH,LOW,6.0,3
1746,Human Resources,Human Resources,Microsoft Office,Learn Microsoft Office,C013,Productivity Suite Fundamentals,Microsoft Learn,Beginner,10,tag,4.5,HIGH,MEDIUM,7.762,1
1746,Human Resources,Human Resources,Speaking,Learn Speaking,C036,Listening and Influence at Work,LinkedIn Learning,Beginner,6,tag,4.12,HIGH,MEDIUM,7.107,2
1746,Human Resources,Human Resources,Adobe Photoshop,Learn Adobe Photoshop,C020,Digital Image Editing Foundations,Adobe,Beginner,16,tag,3.5,HIGH,MEDIUM,6.037,3
1747,Human Resources,Human Resources,Microsoft PowerPoint,Learn Microsoft PowerPoint,C012,Presenting Data to Decision Makers,LinkedIn Learning,Beginner,10,tag,4.5,HIGH,HIGH,9.45,1
1747,Human Resources,Human Resources,Microsoft Excel,Learn Microsoft Excel,C010,Advanced Spreadsheet Modelling,Microsoft Learn,Intermediate,12,tag,4.5,HIGH,HIGH,9.45,2
1747,Human Resources,Human Resources,Speaking,Learn Speaking,C036,Listening and Influence at Work,LinkedIn Learning,Beginner,6,tag,4.12,HIGH,HIGH,8.652,3
1749,Sales,Sales Executive,Microsoft PowerPoint,Learn Microsoft PowerPoint,C012,Presenting Data to Decision Makers,LinkedIn Learning,Beginner,10,tag,4.5,HIGH,MEDIUM,7.762,1
1749,Sales,Sales Executive,Microsoft Excel,Learn Microsoft Excel,C010,Advanced Spreadsheet Modelling,Microsoft Learn,Intermediate,12,tag,4.5,HIGH,MEDIUM,7.762,2
1749,Sales,Sales Executive,Microsoft Outlook,Learn Microsoft Outlook,C013,Productivity Suite Fundamentals,Microsoft Learn,Beginner,10,tag,4.5,HIGH,MEDIUM,7.762,3
1751,Research & Development,Research Scientist,Microsoft Excel,Learn Microsoft Excel,C010,Advanced Spreadsheet Modelling,Microsoft Learn,Intermediate,12,tag,4.5,HIGH,LOW,6.75,1
1751,Research & Development,Research Scientist,R,Learn R,C002,Statistical Programming in R,Coursera,Intermediate,24,tag,4.5,HIGH,LOW,6.75,2
1751,Research & Development,Research Scientist,Writing,Learn Writing,C035,Business Writing for Clarity,LinkedIn Learning,Beginner,8,tag,4.25,HIGH,LOW,6.375,3
1752,Sales,Sales Representative,Microsoft Excel,Learn Microsoft Excel,C010,Advanced Spreadsheet Modelling,Microsoft Learn,Intermediate,12,tag,4.5,HIGH,HIGH,9.45,1
1752,Sales,Sales Representative,Microsoft Office,Learn Microsoft Office,C013,Productivity Suite Fundamentals,Microsoft Learn,Beginner,10,tag,4.5,HIGH,HIGH,9.45,2
1752,Sales,Sales Representative,Salesforce,Learn Salesforce,C026,Managing the Customer Pipeline,Trailhead,Beginner,16,tag,4.5,HIGH,HIGH,9.45,3
1753,Research & Development,Healthcare Representative,Microsoft Office,Learn Microsoft Office,C013,Productivity Suite Fundamentals,Microsoft Learn,Beginner,10,tag,4.5,HIGH,MEDIUM,7.762,1
1753,Research & Development,Healthcare Representative,Salesforce,Learn Salesforce,C026,Managing the Customer Pipeline,Trailhead,Beginner,16,tag,4.5,HIGH,MEDIUM,7.762,2
1753,Research & Development,Healthcare Representative,Speaking,Learn Speaking,C036,Listening and Influence at Work,LinkedIn Learning,Beginner,6,tag,4.25,HIGH,MEDIUM,7.331,3
1754,Sales,Sales Executive,Salesforce,Learn Salesforce,C026,Managing the Customer Pipeline,Trailhead,Beginner,16,tag,4.5,HIGH,MEDIUM,7.762,1
1754,Sales,Sales Executive,Speaking,Learn Speaking,C036,Listening and Influence at Work,LinkedIn Learning,Beginner,6,tag,4.0,HIGH,MEDIUM,6.9,2
1754,Sales,Sales Executive,Adobe Creative Cloud,Learn Adobe Creative Cloud,C020,Digital Image Editing Foundations,Adobe,Beginner,16,tag,3.5,HIGH,MEDIUM,6.037,3
1755,Research & Development,Research Scientist,Microsoft Excel,Learn Microsoft Excel,C010,Advanced Spreadsheet Modelling,Microsoft Learn,Intermediate,12,tag,4.5,HIGH,LOW,6.75,1
1755,Research & Development,Research Scientist,R,Learn R,C002,Statistical Programming in R,Coursera,Intermediate,24,tag,4.5,HIGH,LOW,6.75,2
1755,Research & Development,Research Scientist,Microsoft Office,Learn Microsoft Office,C013,Productivity Suite Fundamentals,Microsoft Learn,Beginner,10,tag,4.5,HIGH,LOW,6.75,3
1756,Sales,Sales Executive,Microsoft Excel,Learn Microsoft Excel,C010,Advanced Spreadsheet Modelling,Microsoft Learn,Intermediate,12,tag,4.5,HIGH,LOW,6.75,1
1756,Sales,Sales Executive,Salesforce,Learn Salesforce,C026,Managing the Customer Pipeline,Trailhead,Beginner,16,tag,4.5,HIGH,LOW,6.75,2
1756,Sales,Sales Executive,Microsoft Outlook,Learn Microsoft Outlook,C013,Productivity Suite Fundamentals,Microsoft Learn,Beginner,10,tag,4.5,HIGH,LOW,6.75,3
1757,Sales,Sales Executive,Microsoft PowerPoint,Learn Microsoft PowerPoint,C012,Presenting Data to Decision Makers,LinkedIn Learning,Beginner,10,tag,4.5,HIGH,LOW,6.75,1
1757,Sales,Sales Executive,Microsoft Outlook,Learn Microsoft Outlook,C013,Productivity Suite Fundamentals,Microsoft Learn,Beginner,10,tag,4.5,HIGH,LOW,6.75,2
1757,Sales,Sales Executive,Active Listening,Learn Active Listening,C015,Running Effective Remote Meetings,LinkedIn Learning,Beginner,6,tag,4.0,HIGH,LOW,6.0,3
1758,Sales,Sales Executive,Microsoft Excel,Learn Microsoft Excel,C010,Advanced Spreadsheet Modelling,Microsoft Learn,Intermediate,12,tag,4.5,HIGH,HIGH,9.45,1
1758,Sales,Sales Executive,Microsoft Office,Learn Microsoft Office,C013,Productivity Suite Fundamentals,Microsoft Learn,Beginner,10,tag,4.5,HIGH,HIGH,9.45,2
1758,Sales,Sales Executive,Adobe InDesign,Learn Adobe InDesign,C022,Layout and Publication Design,Adobe,Intermediate,14,tag,3.5,HIGH,HIGH,7.35,3
1760,Research & Development,Laboratory Technician,Microsoft Excel,Learn Microsoft Excel,C010,Advanced Spreadsheet Modelling,Microsoft Learn,Intermediate,12,tag,4.5,HIGH,MEDIUM,7.762,1
1760,Research & Development,Laboratory Technician,Microsoft Office,Learn Microsoft Office,C013,Productivity Suite Fundamentals,Microsoft Learn,Beginner,10,tag,4.5,HIGH,MEDIUM,7.762,2
1760,Research & Development,Laboratory Technician,Reading Comprehension,Learn Reading Comprehension,C035,Business Writing for Clarity,LinkedIn Learning,Beginner,8,tag,3.75,HIGH,MEDIUM,6.469,3
1761,Sales,Sales Executive,Microsoft PowerPoint,Learn Microsoft PowerPoint,C012,Presenting Data to Decision Makers,LinkedIn Learning,Beginner,10,tag,4.5,HIGH,HIGH,9.45,1
1761,Sales,Sales Executive,Speaking,Learn Speaking,C036,Listening and Influence at Work,LinkedIn Learning,Beginner,6,tag,4.0,HIGH,HIGH,8.4,2
1761,Sales,Sales Executive,Adobe Creative Cloud,Learn Adobe Creative Cloud,C020,Digital Image Editing Foundations,Adobe,Beginner,16,tag,3.5,HIGH,HIGH,7.35,3
1762,Research & Development,Research Scientist,R,Learn R,C002,Statistical Programming in R,Coursera,Intermediate,24,tag,4.5,HIGH,MEDIUM,7.762,1
1762,Research & Development,Research Scientist,Microsoft Office,Learn Microsoft Office,C013,Productivity Suite Fundamentals,Microsoft Learn,Beginner,10,tag,4.5,HIGH,MEDIUM,7.762,2
1762,Research & Development,Research Scientist,Writing,Learn Writing,C035,Business Writing for Clarity,LinkedIn Learning,Beginner,8,tag,4.25,HIGH,MEDIUM,7.331,3
1763,Research & Development,Healthcare Representative,Microsoft Excel,Learn Microsoft Excel,C010,Advanced Spreadsheet Modelling,Microsoft Learn,Intermediate,12,tag,4.5,HIGH,LOW,6.75,1
1763,Research & Development,Healthcare Representative,Microsoft Outlook,Learn Microsoft Outlook,C013,Productivity Suite Fundamentals,Microsoft Learn,Beginner,10,tag,4.5,HIGH,LOW,6.75,2
1763,Research & Development,Healthcare Representative,Speaking,Learn Speaking,C036,Listening and Influence at Work,LinkedIn Learning,Beginner,6,tag,4.25,HIGH,LOW,6.375,3
1764,Research & Development,Research Scientist,Microsoft Office,Learn Microsoft Office,C013,Productivity Suite Fundamentals,Microsoft Learn,Beginner,10,tag,4.5,HIGH,LOW,6.75,1
1764,Research & Development,Research Scientist,Science,Learn Science,C038,Scientific Method in Practice,edX,Intermediate,14,tag,4.12,HIGH,LOW,6.18,2
1764,Research & Development,Research Scientist,Speaking,Learn Speaking,C036,Listening and Influence at Work,LinkedIn Learning,Beginner,6,tag,4.12,HIGH,LOW,6.18,3
1766,Research & Development,Healthcare Representative,Microsoft Excel,Learn Microsoft Excel,C010,Advanced Spreadsheet Modelling,Microsoft Learn,Intermediate,12,tag,4.5,HIGH,HIGH,9.45,1
1766,Research & Development,Healthcare Representative,Salesforce,Learn Salesforce,C026,Managing the Customer Pipeline,Trailhead,Beginner,16,tag,4.5,HIGH,HIGH,9.45,2
1766,Research & Development,Healthcare Representative,Speaking,Learn Speaking,C036,Listening and Influence at Work,LinkedIn Learning,Beginner,6,tag,4.25,HIGH,HIGH,8.925,3
1767,Research & Development,Research Scientist,Microsoft Excel,Learn Microsoft Excel,C010,Advanced Spreadsheet Modelling,Microsoft Learn,Intermediate,12,tag,4.5,HIGH,HIGH,9.45,1
1767,Research & Development,Research Scientist,Science,Learn Science,C038,Scientific Method in Practice,edX,Intermediate,14,tag,4.12,HIGH,HIGH,8.652,2
1767,Research & Development,Research Scientist,Critical Thinking,Learn Critical Thinking,C033,Structured Problem Solving,Coursera,Intermediate,12,tag,4.0,HIGH,HIGH,8.4,3
1768,Research & Development,Laboratory Technician,Microsoft Excel,Learn Microsoft Excel,C010,Advanced Spreadsheet Modelling,Microsoft Learn,Intermediate,12,tag,4.5,HIGH,LOW,6.75,1
1768,Research & Development,Laboratory Technician,Active Listening,Learn Active Listening,C015,Running Effective Remote Meetings,LinkedIn Learning,Beginner,6,tag,3.62,HIGH,LOW,5.43,2
1768,Research & Development,Laboratory Technician,Microsoft PowerPoint,Learn Microsoft PowerPoint,C012,Presenting Data to Decision Makers,LinkedIn Learning,Beginner,10,tag,3.5,HIGH,LOW,5.25,3
1770,Research & Development,Research Director,Science,Learn Science,C038,Scientific Method in Practice,edX,Intermediate,14,tag,4.12,HIGH,LOW,6.18,1
1770,Research & Development,Research Director,Critical Thinking,Learn Critical Thinking,C033,Structured Problem Solving,Coursera,Intermediate,12,tag,4.0,HIGH,LOW,6.0,2
1770,Research & Development,Research Director,Speaking,Learn Speaking,C036,Listening and Influence at Work,LinkedIn Learning,Beginner,6,tag,3.88,HIGH,LOW,5.82,3
1771,Research & Development,Research Scientist,Microsoft Excel,Learn Microsoft Excel,C010,Advanced Spreadsheet Modelling,Microsoft Learn,Intermediate,12,tag,4.5,HIGH,LOW,6.75,1
1771,Research & Development,Research Scientist,R,Learn R,C002,Statistical Programming in R,Coursera,Intermediate,24,tag,4.5,HIGH,LOW,6.75,2
1771,Research & Development,Research Scientist,Microsoft Office,Learn Microsoft Office,C013,Productivity Suite Fundamentals,Microsoft Learn,Beginner,10,tag,4.5,HIGH,LOW,6.75,3
1772,Research & Development,Laboratory Technician,Reading Comprehension,Learn Reading Comprehension,C035,Business Writing for Clarity,LinkedIn Learning,Beginner,8,tag,3.75,HIGH,LOW,5.625,1
1772,Research & Development,Laboratory Technician,Microsoft PowerPoint,Learn Microsoft PowerPoint,C012,Presenting Data to Decision Makers,LinkedIn Learning,Beginner,10,tag,3.5,HIGH,LOW,5.25,2
1772,Research & Development,Laboratory Technician,Microsoft Word,Learn Microsoft Word,C011,Business Documents That Get Read,LinkedIn Learning,Beginner,8,tag,3.5,HIGH,LOW,5.25,3
1774,Sales,Sales Executive,Microsoft PowerPoint,Learn Microsoft PowerPoint,C012,Presenting Data to Decision Makers,LinkedIn Learning,Beginner,10,tag,4.5,HIGH,LOW,6.75,1
1774,Sales,Sales Executive,Microsoft Excel,Learn Microsoft Excel,C010,Advanced Spreadsheet Modelling,Microsoft Learn,Intermediate,12,tag,4.5,HIGH,LOW,6.75,2
1774,Sales,Sales Executive,Microsoft Office,Learn Microsoft Office,C013,Productivity Suite Fundamentals,Microsoft Learn,Beginner,10,tag,4.5,HIGH,LOW,6.75,3
1775,Research & Development,Manufacturing Director,Microsoft Office,Learn Microsoft Office,C013,Productivity Suite Fundamentals,Microsoft Learn,Beginner,10,tag,4.5,HIGH,LOW,6.75,1
1775,Research & Development,Manufacturing Director,Monitoring,Learn Monitoring,C039,Performance Tracking and Review,LinkedIn Learning,Beginner,6,tag,4.0,HIGH,LOW,6.0,2
1775,Research & Development,Manufacturing Director,Reading Comprehension,Learn Reading Comprehension,C035,Business Writing for Clarity,LinkedIn Learning,Beginner,8,tag,3.88,HIGH,LOW,5.82,3
1778,Human Resources,Human Resources,Speaking,Learn Speaking,C036,Listening and Influence at Work,LinkedIn Learning,Beginner,6,tag,4.12,HIGH,LOW,6.18,1
1778,Human Resources,Human Resources,Reading Comprehension,Learn Reading Comprehension,C035,Business Writing for Clarity,LinkedIn Learning,Beginner,8,tag,4.0,HIGH,LOW,6.0,2
1778,Human Resources,Human Resources,Active Listening,Learn Active Listening,C015,Running Effective Remote Meetings,LinkedIn Learning,Beginner,6,tag,4.0,HIGH,LOW,6.0,3
1779,Sales,Sales Executive,Microsoft PowerPoint,Learn Microsoft PowerPoint,C012,Presenting Data to Decision Makers,LinkedIn Learning,Beginner,10,tag,4.5,HIGH,MEDIUM,7.762,1
1779,Sales,Sales Executive,Microsoft Excel,Learn Microsoft Excel,C010,Advanced Spreadsheet Modelling,Microsoft Learn,Intermediate,12,tag,4.5,HIGH,MEDIUM,7.762,2
1779,Sales,Sales Executive,Speaking,Learn Speaking,C036,Listening and Influence at Work,LinkedIn Learning,Beginner,6,tag,4.0,HIGH,MEDIUM,6.9,3
1780,Sales,Sales Representative,Microsoft Excel,Learn Microsoft Excel,C010,Advanced Spreadsheet Modelling,Microsoft Learn,Intermediate,12,tag,4.5,HIGH,HIGH,9.45,1
1780,Sales,Sales Representative,Speaking,Learn Speaking,C036,Listening and Influence at Work,LinkedIn Learning,Beginner,6,tag,3.88,HIGH,HIGH,8.148,2
1780,Sales,Sales Representative,Active Listening,Learn Active Listening,C015,Running Effective Remote Meetings,LinkedIn Learning,Beginner,6,tag,3.88,HIGH,HIGH,8.148,3
1782,Research & Development,Laboratory Technician,Microsoft Excel,Learn Microsoft Excel,C010,Advanced Spreadsheet Modelling,Microsoft Learn,Intermediate,12,tag,4.5,HIGH,LOW,6.75,1
1782,Research & Development,Laboratory Technician,SAP,Learn SAP,C029,Enterprise Resource Planning Essentials,SAP,Intermediate,24,tag,3.5,HIGH,LOW,5.25,2
1782,Research & Development,Laboratory Technician,Microsoft PowerPoint,Learn Microsoft PowerPoint,C012,Presenting Data to Decision Makers,LinkedIn Learning,Beginner,10,tag,3.5,HIGH,LOW,5.25,3
1783,Research & Development,Laboratory Technician,Microsoft Excel,Learn Microsoft Excel,C010,Advanced Spreadsheet Modelling,Microsoft Learn,Intermediate,12,tag,4.5,HIGH,HIGH,9.45,1
1783,Research & Development,Laboratory Technician,Microsoft Office,Learn Microsoft Office,C013,Productivity Suite Fundamentals,Microsoft Learn,Beginner,10,tag,4.5,HIGH,HIGH,9.45,2
1783,Research & Development,Laboratory Technician,Active Listening,Learn Active Listening,C015,Running Effective Remote Meetings,LinkedIn Learning,Beginner,6,tag,3.62,HIGH,HIGH,7.602,3
1784,Sales,Sales Executive,Microsoft Excel,Learn Microsoft Excel,C010,Advanced Spreadsheet Modelling,Microsoft Learn,Intermediate,12,tag,4.5,HIGH,MEDIUM,7.762,1
1784,Sales,Sales Executive,Microsoft Office,Learn Microsoft Office,C013,Productivity Suite Fundamentals,Microsoft Learn,Beginner,10,tag,4.5,HIGH,MEDIUM,7.762,2
1784,Sales,Sales Executive,Microsoft Outlook,Learn Microsoft Outlook,C013,Productivity Suite Fundamentals,Microsoft Learn,Beginner,10,tag,4.5,HIGH,MEDIUM,7.762,3
1786,Research & Development,Manager,Microsoft PowerPoint,Learn Microsoft PowerPoint,C012,Presenting Data to Decision Makers,LinkedIn Learning,Beginner,10,tag,4.5,HIGH,LOW,6.75,1
1786,Research & Development,Manager,Monitoring,Learn Monitoring,C039,Performance Tracking and Review,LinkedIn Learning,Beginner,6,tag,4.0,HIGH,LOW,6.0,2
1786,Research & Development,Manager,Reading Comprehension,Learn Reading Comprehension,C035,Business Writing for Clarity,LinkedIn Learning,Beginner,8,tag,4.0,HIGH,LOW,6.0,3
1787,Sales,Sales Executive,Microsoft Excel,Learn Microsoft Excel,C010,Advanced Spreadsheet Modelling,Microsoft Learn,Intermediate,12,tag,4.5,HIGH,HIGH,9.45,1
1787,Sales,Sales Executive,Microsoft Office,Learn Microsoft Office,C013,Productivity Suite Fundamentals,Microsoft Learn,Beginner,10,tag,4.5,HIGH,HIGH,9.45,2
1787,Sales,Sales Executive,Salesforce,Learn Salesforce,C026,Managing the Customer Pipeline,Trailhead,Beginner,16,tag,4.5,HIGH,HIGH,9.45,3
1789,Research & Development,Research Director,Monitoring,Learn Monitoring,C039,Performance Tracking and Review,LinkedIn Learning,Beginner,6,tag,4.0,HIGH,LOW,6.0,1
1789,Research & Development,Research Director,Critical Thinking,Learn Critical Thinking,C033,Structured Problem Solving,Coursera,Intermediate,12,tag,4.0,HIGH,LOW,6.0,2
1789,Research & Development,Research Director,Speaking,Learn Speaking,C036,Listening and Influence at Work,LinkedIn Learning,Beginner,6,tag,3.88,HIGH,LOW,5.82,3
1790,Research & Development,Healthcare Representative,Salesforce,Learn Salesforce,C026,Managing the Customer Pipeline,Trailhead,Beginner,16,tag,4.5,HIGH,MEDIUM,7.762,1
1790,Research & Development,Healthcare Representative,Microsoft Outlook,Learn Microsoft Outlook,C013,Productivity Suite Fundamentals,Microsoft Learn,Beginner,10,tag,4.5,HIGH,MEDIUM,7.762,2
1790,Research & Development,Healthcare Representative,Active Listening,Learn Active Listening,C015,Running Effective Remote Meetings,LinkedIn Learning,Beginner,6,tag,4.12,HIGH,MEDIUM,7.107,3
1792,Research & Development,Research Scientist,Microsoft Excel,Learn Microsoft Excel,C010,Advanced Spreadsheet Modelling,Microsoft Learn,Intermediate,12,tag,4.5,HIGH,MEDIUM,7.762,1
1792,Research & Development,Research Scientist,R,Learn R,C002,Statistical Programming in R,Coursera,Intermediate,24,tag,4.5,HIGH,MEDIUM,7.762,2
1792,Research & Development,Research Scientist,Microsoft Office,Learn Microsoft Office,C013,Productivity Suite Fundamentals,Microsoft Learn,Beginner,10,tag,4.5,HIGH,MEDIUM,7.762,3
1794,Human Resources,Human Resources,Microsoft Excel,Learn Microsoft Excel,C010,Advanced Spreadsheet Modelling,Microsoft Learn,Intermediate,12,tag,4.5,HIGH,LOW,6.75,1
1794,Human Resources,Human Resources,Microsoft Office,Learn Microsoft Office,C013,Productivity Suite Fundamentals,Microsoft Learn,Beginner,10,tag,4.5,HIGH,LOW,6.75,2
1794,Human Resources,Human Resources,Reading Comprehension,Learn Reading Comprehension,C035,Business Writing for Clarity,LinkedIn Learning,Beginner,8,tag,4.0,HIGH,LOW,6.0,3
1797,Sales,Sales Executive,Microsoft PowerPoint,Learn Microsoft PowerPoint,C012,Presenting Data to Decision Makers,LinkedIn Learning,Beginner,10,tag,4.5,HIGH,HIGH,9.45,1
1797,Sales,Sales Executive,Salesforce,Learn Salesforce,C026,Managing the Customer Pipeline,Trailhead,Beginner,16,tag,4.5,HIGH,HIGH,9.45,2
1797,Sales,Sales Executive,Speaking,Learn Speaking,C036,Listening and Influence at Work,LinkedIn Learning,Beginner,6,tag,4.0,HIGH,HIGH,8.4,3
1798,Research & Development,Research Scientist,Microsoft Excel,Learn Microsoft Excel,C010,Advanced Spreadsheet Modelling,Microsoft Learn,Intermediate,12,tag,4.5,HIGH,LOW,6.75,1
1798,Research & Development,Research Scientist,R,Learn R,C002,Statistical Programming in R,Coursera,Intermediate,24,tag,4.5,HIGH,LOW,6.75,2
1798,Research & Development,Research Scientist,Microsoft Office,Learn Microsoft Office,C013,Productivity Suite Fundamentals,Microsoft Learn,Beginner,10,tag,4.5,HIGH,LOW,6.75,3
1799,Research & Development,Research Scientist,Microsoft Excel,Learn Microsoft Excel,C010,Advanced Spreadsheet Modelling,Microsoft Learn,Intermediate,12,tag,4.5,HIGH,LOW,6.75,1
1799,Research & Development,Research Scientist,Microsoft Office,Learn Microsoft Office,C013,Productivity Suite Fundamentals,Microsoft Learn,Beginner,10,tag,4.5,HIGH,LOW,6.75,2
1799,Research & Development,Research Scientist,Speaking,Learn Speaking,C036,Listening and Influence at Work,LinkedIn Learning,Beginner,6,tag,4.12,HIGH,LOW,6.18,3
1800,Research & Development,Research Director,Microsoft PowerPoint,Learn Microsoft PowerPoint,C012,Presenting Data to Decision Makers,LinkedIn Learning,Beginner,10,tag,4.5,HIGH,LOW,6.75,1
1800,Research & Development,Research Director,Microsoft Office,Learn Microsoft Office,C013,Productivity Suite Fundamentals,Microsoft Learn,Beginner,10,tag,4.5,HIGH,LOW,6.75,2
1800,Research & Development,Research Director,Science,Learn Science,C038,Scientific Method in Practice,edX,Intermediate,14,tag,4.12,HIGH,LOW,6.18,3
1801,Sales,Sales Executive,Microsoft Excel,Learn Microsoft Excel,C010,Advanced Spreadsheet Modelling,Microsoft Learn,Intermediate,12,tag,4.5,HIGH,MEDIUM,7.762,1
1801,Sales,Sales Executive,Microsoft Office,Learn Microsoft Office,C013,Productivity Suite Fundamentals,Microsoft Learn,Beginner,10,tag,4.5,HIGH,MEDIUM,7.762,2
1801,Sales,Sales Executive,Adobe Creative Cloud,Learn Adobe Creative Cloud,C020,Digital Image Editing Foundations,Adobe,Beginner,16,tag,3.5,HIGH,MEDIUM,6.037,3
1802,Research & Development,Laboratory Technician,Microsoft Excel,Learn Microsoft Excel,C010,Advanced Spreadsheet Modelling,Microsoft Learn,Intermediate,12,tag,4.5,HIGH,LOW,6.75,1
1802,Research & Development,Laboratory Technician,Active Listening,Learn Active Listening,C015,Running Effective Remote Meetings,LinkedIn Learning,Beginner,6,tag,3.62,HIGH,LOW,5.43,2
1802,Research & Development,Laboratory Technician,SAP,Learn SAP,C029,Enterprise Resource Planning Essentials,SAP,Intermediate,24,tag,3.5,HIGH,LOW,5.25,3
1803,Research & Development,Healthcare Representative,Microsoft Office,Learn Microsoft Office,C013,Productivity Suite Fundamentals,Microsoft Learn,Beginner,10,tag,4.5,HIGH,LOW,6.75,1
1803,Research & Development,Healthcare Representative,Speaking,Learn Speaking,C036,Listening and Influence at Work,LinkedIn Learning,Beginner,6,tag,4.25,HIGH,LOW,6.375,2
1803,Research & Development,Healthcare Representative,Microsoft Access,Learn Microsoft Access,C009,Relational Databases and Query Design,Coursera,Beginner,18,tag,3.5,HIGH,LOW,5.25,3
1804,Research & Development,Manufacturing Director,SAP,Learn SAP,C029,Enterprise Resource Planning Essentials,SAP,Intermediate,24,tag,4.5,HIGH,LOW,6.75,1
1804,Research & Development,Manufacturing Director,Microsoft PowerPoint,Learn Microsoft PowerPoint,C012,Presenting Data to Decision Makers,LinkedIn Learning,Beginner,10,tag,4.5,HIGH,LOW,6.75,2
1804,Research & Development,Manufacturing Director,Microsoft Outlook,Learn Microsoft Outlook,C013,Productivity Suite Fundamentals,Microsoft Learn,Beginner,10,tag,4.5,HIGH,LOW,6.75,3
1805,Human Resources,Human Resources,Microsoft PowerPoint,Learn Microsoft PowerPoint,C012,Presenting Data to Decision Makers,LinkedIn Learning,Beginner,10,tag,4.5,HIGH,LOW,6.75,1
1805,Human Resources,Human Resources,Microsoft Excel,Learn Microsoft Excel,C010,Advanced Spreadsheet Modelling,Microsoft Learn,Intermediate,12,tag,4.5,HIGH,LOW,6.75,2
1805,Human Resources,Human Resources,Microsoft Office,Learn Microsoft Office,C013,Productivity Suite Fundamentals,Microsoft Learn,Beginner,10,tag,4.5,HIGH,LOW,6.75,3
1807,Research & Development,Laboratory Technician,Reading Comprehension,Learn Reading Comprehension,C035,Business Writing for Clarity,LinkedIn Learning,Beginner,8,tag,3.75,HIGH,MEDIUM,6.469,1
1807,Research & Development,Laboratory Technician,SAP,Learn SAP,C029,Enterprise Resource Planning Essentials,SAP,Intermediate,24,tag,3.5,HIGH,MEDIUM,6.037,2
1807,Research & Development,Laboratory Technician,Microsoft PowerPoint,Learn Microsoft PowerPoint,C012,Presenting Data to Decision Makers,LinkedIn Learning,Beginner,10,tag,3.5,HIGH,MEDIUM,6.037,3
1809,Research & Development,Manufacturing Director,Microsoft PowerPoint,Learn Microsoft PowerPoint,C012,Presenting Data to Decision Makers,LinkedIn Learning,Beginner,10,tag,4.5,HIGH,LOW,6.75,1
1809,Research & Development,Manufacturing Director,Microsoft Office,Learn Microsoft Office,C013,Productivity Suite Fundamentals,Microsoft Learn,Beginner,10,tag,4.5,HIGH,LOW,6.75,2
1809,Research & Development,Manufacturing Director,Microsoft Outlook,Learn Microsoft Outlook,C013,Productivity Suite Fundamentals,Microsoft Learn,Beginner,10,tag,4.5,HIGH,LOW,6.75,3
1812,Sales,Sales Executive,Microsoft Excel,Learn Microsoft Excel,C010,Advanced Spreadsheet Modelling,Microsoft Learn,Intermediate,12,tag,4.5,HIGH,LOW,6.75,1
1812,Sales,Sales Executive,Salesforce,Learn Salesforce,C026,Managing the Customer Pipeline,Trailhead,Beginner,16,tag,4.5,HIGH,LOW,6.75,2
1812,Sales,Sales Executive,Microsoft Outlook,Learn Microsoft Outlook,C013,Productivity Suite Fundamentals,Microsoft Learn,Beginner,10,tag,4.5,HIGH,LOW,6.75,3
1813,Research & Development,Research Scientist,R,Learn R,C002,Statistical Programming in R,Coursera,Intermediate,24,tag,4.5,HIGH,LOW,6.75,1
1813,Research & Development,Research Scientist,Microsoft Office,Learn Microsoft Office,C013,Productivity Suite Fundamentals,Microsoft Learn,Beginner,10,tag,4.5,HIGH,LOW,6.75,2
1813,Research & Development,Research Scientist,Writing,Learn Writing,C035,Business Writing for Clarity,LinkedIn Learning,Beginner,8,tag,4.25,HIGH,LOW,6.375,3
1814,Research & Development,Healthcare Representative,Microsoft Outlook,Learn Microsoft Outlook,C013,Productivity Suite Fundamentals,Microsoft Learn,Beginner,10,tag,4.5,HIGH,LOW,6.75,1
1814,Research & Development,Healthcare Representative,Speaking,Learn Speaking,C036,Listening and Influence at Work,LinkedIn Learning,Beginner,6,tag,4.25,HIGH,LOW,6.375,2
1814,Research & Development,Healthcare Representative,Active Listening,Learn Active Listening,C015,Running Effective Remote Meetings,LinkedIn Learning,Beginner,6,tag,4.12,HIGH,LOW,6.18,3
1815,Sales,Sales Executive,Microsoft Excel,Learn Microsoft Excel,C010,Advanced Spreadsheet Modelling,Microsoft Learn,Intermediate,12,tag,4.5,HIGH,LOW,6.75,1
1815,Sales,Sales Executive,Active Listening,Learn Active Listening,C015,Running Effective Remote Meetings,LinkedIn Learning,Beginner,6,tag,4.0,HIGH,LOW,6.0,2
1815,Sales,Sales Executive,Adobe Creative Cloud,Learn Adobe Creative Cloud,C020,Digital Image Editing Foundations,Adobe,Beginner,16,tag,3.5,HIGH,LOW,5.25,3
1816,Research & Development,Manufacturing Director,SAP,Learn SAP,C029,Enterprise Resource Planning Essentials,SAP,Intermediate,24,tag,4.5,HIGH,HIGH,9.45,1
1816,Research & Development,Manufacturing Director,Monitoring,Learn Monitoring,C039,Performance Tracking and Review,LinkedIn Learning,Beginner,6,tag,4.0,HIGH,HIGH,8.4,2
1816,Research & Development,Manufacturing Director,Speaking,Learn Speaking,C036,Listening and Influence at Work,LinkedIn Learning,Beginner,6,tag,4.0,HIGH,HIGH,8.4,3
1818,Human Resources,Human Resources,Microsoft PowerPoint,Learn Microsoft PowerPoint,C012,Presenting Data to Decision Makers,LinkedIn Learning,Beginner,10,tag,4.5,HIGH,MEDIUM,7.762,1
1818,Human Resources,Human Resources,Microsoft Excel,Learn Microsoft Excel,C010,Advanced Spreadsheet Modelling,Microsoft Learn,Intermediate,12,tag,4.5,HIGH,MEDIUM,7.762,2
1818,Human Resources,Human Resources,Microsoft Outlook,Learn Microsoft Outlook,C013,Productivity Suite Fundamentals,Microsoft Learn,Beginner,10,tag,4.5,HIGH,MEDIUM,7.762,3
1821,Research & Development,Healthcare Representative,Microsoft Excel,Learn Microsoft Excel,C010,Advanced Spreadsheet Modelling,Microsoft Learn,Intermediate,12,tag,4.5,HIGH,LOW,6.75,1
1821,Research & Development,Healthcare Representative,Microsoft Outlook,Learn Microsoft Outlook,C013,Productivity Suite Fundamentals,Microsoft Learn,Beginner,10,tag,4.5,HIGH,LOW,6.75,2
1821,Research & Development,Healthcare Representative,Speaking,Learn Speaking,C036,Listening and Influence at Work,LinkedIn Learning,Beginner,6,tag,4.25,HIGH,LOW,6.375,3
1822,Research & Development,Healthcare Representative,Speaking,Learn Speaking,C036,Listening and Influence at Work,LinkedIn Learning,Beginner,6,tag,4.25,HIGH,LOW,6.375,1
1822,Research & Development,Healthcare Representative,Active Listening,Learn Active Listening,C015,Running Effective Remote Meetings,LinkedIn Learning,Beginner,6,tag,4.12,HIGH,LOW,6.18,2
1822,Research & Development,Healthcare Representative,Active Learning,Learn Active Learning,C034,Learning How to Learn,Coursera,Beginner,8,tag,3.5,HIGH,LOW,5.25,3
1823,Sales,Sales Executive,Microsoft Office,Learn Microsoft Office,C013,Productivity Suite Fundamentals,Microsoft Learn,Beginner,10,tag,4.5,HIGH,LOW,6.75,1
1823,Sales,Sales Executive,Speaking,Learn Speaking,C036,Listening and Influence at Work,LinkedIn Learning,Beginner,6,tag,4.0,HIGH,LOW,6.0,2
1823,Sales,Sales Executive,Adobe Creative Cloud,Learn Adobe Creative Cloud,C020,Digital Image Editing Foundations,Adobe,Beginner,16,tag,3.5,HIGH,LOW,5.25,3
1824,Sales,Manager,Microsoft Excel,Learn Microsoft Excel,C010,Advanced Spreadsheet Modelling,Microsoft Learn,Intermediate,12,tag,4.5,HIGH,LOW,6.75,1
1824,Sales,Manager,Microsoft Office,Learn Microsoft Office,C013,Productivity Suite Fundamentals,Microsoft Learn,Beginner,10,tag,4.5,HIGH,LOW,6.75,2
1824,Sales,Manager,Speaking,Learn Speaking,C036,Listening and Influence at Work,LinkedIn Learning,Beginner,6,tag,4.0,HIGH,LOW,6.0,3
1826,Research & Development,Laboratory Technician,Microsoft Excel,Learn Microsoft Excel,C010,Advanced Spreadsheet Modelling,Microsoft Learn,Intermediate,12,tag,4.5,HIGH,MEDIUM,7.762,1
1826,Research & Development,Laboratory Technician,Microsoft Office,Learn Microsoft Office,C013,Productivity Suite Fundamentals,Microsoft Learn,Beginner,10,tag,4.5,HIGH,MEDIUM,7.762,2
1826,Research & Development,Laboratory Technician,Reading Comprehension,Learn Reading Comprehension,C035,Business Writing for Clarity,LinkedIn Learning,Beginner,8,tag,3.75,HIGH,MEDIUM,6.469,3
1827,Research & Development,Manufacturing Director,SAP,Learn SAP,C029,Enterprise Resource Planning Essentials,SAP,Intermediate,24,tag,4.5,HIGH,HIGH,9.45,1
1827,Research & Development,Manufacturing Director,Microsoft PowerPoint,Learn Microsoft PowerPoint,C012,Presenting Data to Decision Makers,LinkedIn Learning,Beginner,10,tag,4.5,HIGH,HIGH,9.45,2
1827,Research & Development,Manufacturing Director,Microsoft Office,Learn Microsoft Office,C013,Productivity Suite Fundamentals,Microsoft Learn,Beginner,10,tag,4.5,HIGH,HIGH,9.45,3
1829,Research & Development,Healthcare Representative,Microsoft Excel,Learn Microsoft Excel,C010,Advanced Spreadsheet Modelling,Microsoft Learn,Intermediate,12,tag,4.5,HIGH,LOW,6.75,1
1829,Research & Development,Healthcare Representative,Microsoft Outlook,Learn Microsoft Outlook,C013,Productivity Suite Fundamentals,Microsoft Learn,Beginner,10,tag,4.5,HIGH,LOW,6.75,2
1829,Research & Development,Healthcare Representative,Reading Comprehension,Learn Reading Comprehension,C035,Business Writing for Clarity,LinkedIn Learning,Beginner,8,tag,3.75,HIGH,LOW,5.625,3
1830,Research & Development,Research Scientist,R,Learn R,C002,Statistical Programming in R,Coursera,Intermediate,24,tag,4.5,HIGH,LOW,6.75,1
1830,Research & Development,Research Scientist,Critical Thinking,Learn Critical Thinking,C033,Structured Problem Solving,Coursera,Intermediate,12,tag,4.0,HIGH,LOW,6.0,2
1830,Research & Development,Research Scientist,Reading Comprehension,Learn Reading Comprehension,C035,Business Writing for Clarity,LinkedIn Learning,Beginner,8,tag,4.0,HIGH,LOW,6.0,3
1833,Sales,Sales Executive,Microsoft PowerPoint,Learn Microsoft PowerPoint,C012,Presenting Data to Decision Makers,LinkedIn Learning,Beginner,10,tag,4.5,HIGH,MEDIUM,7.762,1
1833,Sales,Sales Executive,Microsoft Excel,Learn Microsoft Excel,C010,Advanced Spreadsheet Modelling,Microsoft Learn,Intermediate,12,tag,4.5,HIGH,MEDIUM,7.762,2
1833,Sales,Sales Executive,Speaking,Learn Speaking,C036,Listening and Influence at Work,LinkedIn Learning,Beginner,6,tag,4.0,HIGH,MEDIUM,6.9,3
1834,Research & Development,Research Scientist,Microsoft Office,Learn Microsoft Office,C013,Productivity Suite Fundamentals,Microsoft Learn,Beginner,10,tag,4.5,HIGH,LOW,6.75,1
1834,Research & Development,Research Scientist,Science,Learn Science,C038,Scientific Method in Practice,edX,Intermediate,14,tag,4.12,HIGH,LOW,6.18,2
1834,Research & Development,Research Scientist,Critical Thinking,Learn Critical Thinking,C033,Structured Problem Solving,Coursera,Intermediate,12,tag,4.0,HIGH,LOW,6.0,3
1835,Sales,Sales Representative,Microsoft Office,Learn Microsoft Office,C013,Productivity Suite Fundamentals,Microsoft Learn,Beginner,10,tag,4.5,HIGH,HIGH,9.45,1
1835,Sales,Sales Representative,Salesforce,Learn Salesforce,C026,Managing the Customer Pipeline,Trailhead,Beginner,16,tag,4.5,HIGH,HIGH,9.45,2
1835,Sales,Sales Representative,Speaking,Learn Speaking,C036,Listening and Influence at Work,LinkedIn Learning,Beginner,6,tag,3.88,HIGH,HIGH,8.148,3
1836,Sales,Sales Executive,Microsoft PowerPoint,Learn Microsoft PowerPoint,C012,Presenting Data to Decision Makers,LinkedIn Learning,Beginner,10,tag,4.5,HIGH,MEDIUM,7.762,1
1836,Sales,Sales Executive,Microsoft Excel,Learn Microsoft Excel,C010,Advanced Spreadsheet Modelling,Microsoft Learn,Intermediate,12,tag,4.5,HIGH,MEDIUM,7.762,2
1836,Sales,Sales Executive,Salesforce,Learn Salesforce,C026,Managing the Customer Pipeline,Trailhead,Beginner,16,tag,4.5,HIGH,MEDIUM,7.762,3
1837,Research & Development,Research Director,Speaking,Learn Speaking,C036,Listening and Influence at Work,LinkedIn Learning,Beginner,6,tag,3.88,HIGH,LOW,5.82,1
1837,Research & Development,Research Director,IBM SPSS Statistics,Learn IBM SPSS Statistics,C003,Applied Statistics with SPSS,IBM SkillsBuild,Beginner,16,tag,3.5,HIGH,LOW,5.25,2
1837,Research & Development,Research Director,Microsoft Visio,Learn Microsoft Visio,C018,Process Mapping and Diagramming,Microsoft Learn,Beginner,8,tag,3.5,MEDIUM,LOW,4.2,3
1839,Research & Development,Research Scientist,R,Learn R,C002,Statistical Programming in R,Coursera,Intermediate,24,tag,4.5,HIGH,MEDIUM,7.762,1
1839,Research & Development,Research Scientist,Microsoft Office,Learn Microsoft Office,C013,Productivity Suite Fundamentals,Microsoft Learn,Beginner,10,tag,4.5,HIGH,MEDIUM,7.762,2
1839,Research & Development,Research Scientist,Speaking,Learn Speaking,C036,Listening and Influence at Work,LinkedIn Learning,Beginner,6,tag,4.12,HIGH,MEDIUM,7.107,3
1842,Human Resources,Human Resources,Microsoft Excel,Learn Microsoft Excel,C010,Advanced Spreadsheet Modelling,Microsoft Learn,Intermediate,12,tag,4.5,HIGH,MEDIUM,7.762,1
1842,Human Resources,Human Resources,Microsoft Outlook,Learn Microsoft Outlook,C013,Productivity Suite Fundamentals,Microsoft Learn,Beginner,10,tag,4.5,HIGH,MEDIUM,7.762,2
1842,Human Resources,Human Resources,Reading Comprehension,Learn Reading Comprehension,C035,Business Writing for Clarity,LinkedIn Learning,Beginner,8,tag,4.0,HIGH,MEDIUM,6.9,3
1844,Human Resources,Human Resources,Microsoft PowerPoint,Learn Microsoft PowerPoint,C012,Presenting Data to Decision Makers,LinkedIn Learning,Beginner,10,tag,4.5,HIGH,HIGH,9.45,1
1844,Human Resources,Human Resources,Microsoft Excel,Learn Microsoft Excel,C010,Advanced Spreadsheet Modelling,Microsoft Learn,Intermediate,12,tag,4.5,HIGH,HIGH,9.45,2
1844,Human Resources,Human Resources,Microsoft Office,Learn Microsoft Office,C013,Productivity Suite Fundamentals,Microsoft Learn,Beginner,10,tag,4.5,HIGH,HIGH,9.45,3
1845,Sales,Sales Executive,Microsoft PowerPoint,Learn Microsoft PowerPoint,C012,Presenting Data to Decision Makers,LinkedIn Learning,Beginner,10,tag,4.5,HIGH,LOW,6.75,1
1845,Sales,Sales Executive,Microsoft Excel,Learn Microsoft Excel,C010,Advanced Spreadsheet Modelling,Microsoft Learn,Intermediate,12,tag,4.5,HIGH,LOW,6.75,2
1845,Sales,Sales Executive,Speaking,Learn Speaking,C036,Listening and Influence at Work,LinkedIn Learning,Beginner,6,tag,4.0,HIGH,LOW,6.0,3
1847,Research & Development,Research Scientist,Microsoft Office,Learn Microsoft Office,C013,Productivity Suite Fundamentals,Microsoft Learn,Beginner,10,tag,4.5,HIGH,LOW,6.75,1
1847,Research & Development,Research Scientist,Speaking,Learn Speaking,C036,Listening and Influence at Work,LinkedIn Learning,Beginner,6,tag,4.12,HIGH,LOW,6.18,2
1847,Research & Development,Research Scientist,Critical Thinking,Learn Critical Thinking,C033,Structured Problem Solving,Coursera,Intermediate,12,tag,4.0,HIGH,LOW,6.0,3
1849,Sales,Sales Executive,Microsoft Excel,Learn Microsoft Excel,C010,Advanced Spreadsheet Modelling,Microsoft Learn,Intermediate,12,tag,4.5,HIGH,LOW,6.75,1
1849,Sales,Sales Executive,Salesforce,Learn Salesforce,C026,Managing the Customer Pipeline,Trailhead,Beginner,16,tag,4.5,HIGH,LOW,6.75,2
1849,Sales,Sales Executive,Microsoft Outlook,Learn Microsoft Outlook,C013,Productivity Suite Fundamentals,Microsoft Learn,Beginner,10,tag,4.5,HIGH,LOW,6.75,3
1850,Research & Development,Laboratory Technician,Microsoft Excel,Learn Microsoft Excel,C010,Advanced Spreadsheet Modelling,Microsoft Learn,Intermediate,12,tag,4.5,HIGH,HIGH,9.45,1
1850,Research & Development,Laboratory Technician,Microsoft Office,Learn Microsoft Office,C013,Productivity Suite Fundamentals,Microsoft Learn,Beginner,10,tag,4.5,HIGH,HIGH,9.45,2
1850,Research & Development,Laboratory Technician,Reading Comprehension,Learn Reading Comprehension,C035,Business Writing for Clarity,LinkedIn Learning,Beginner,8,tag,3.75,HIGH,HIGH,7.875,3
1852,Research & Development,Laboratory Technician,Microsoft Excel,Learn Microsoft Excel,C010,Advanced Spreadsheet Modelling,Microsoft Learn,Intermediate,12,tag,4.5,HIGH,LOW,6.75,1
1852,Research & Development,Laboratory Technician,Microsoft Office,Learn Microsoft Office,C013,Productivity Suite Fundamentals,Microsoft Learn,Beginner,10,tag,4.5,HIGH,LOW,6.75,2
1852,Research & Development,Laboratory Technician,Active Listening,Learn Active Listening,C015,Running Effective Remote Meetings,LinkedIn Learning,Beginner,6,tag,3.62,HIGH,LOW,5.43,3
1853,Sales,Sales Executive,Microsoft PowerPoint,Learn Microsoft PowerPoint,C012,Presenting Data to Decision Makers,LinkedIn Learning,Beginner,10,tag,4.5,HIGH,HIGH,9.45,1
1853,Sales,Sales Executive,Microsoft Excel,Learn Microsoft Excel,C010,Advanced Spreadsheet Modelling,Microsoft Learn,Intermediate,12,tag,4.5,HIGH,HIGH,9.45,2
1853,Sales,Sales Executive,Salesforce,Learn Salesforce,C026,Managing the Customer Pipeline,Trailhead,Beginner,16,tag,4.5,HIGH,HIGH,9.45,3
1854,Research & Development,Research Scientist,Microsoft Excel,Learn Microsoft Excel,C010,Advanced Spreadsheet Modelling,Microsoft Learn,Intermediate,12,tag,4.5,HIGH,LOW,6.75,1
1854,Research & Development,Research Scientist,R,Learn R,C002,Statistical Programming in R,Coursera,Intermediate,24,tag,4.5,HIGH,LOW,6.75,2
1854,Research & Development,Research Scientist,Writing,Learn Writing,C035,Business Writing for Clarity,LinkedIn Learning,Beginner,8,tag,4.25,HIGH,LOW,6.375,3
1856,Research & Development,Laboratory Technician,Microsoft Excel,Learn Microsoft Excel,C010,Advanced Spreadsheet Modelling,Microsoft Learn,Intermediate,12,tag,4.5,HIGH,HIGH,9.45,1
1856,Research & Development,Laboratory Technician,Microsoft Office,Learn Microsoft Office,C013,Productivity Suite Fundamentals,Microsoft Learn,Beginner,10,tag,4.5,HIGH,HIGH,9.45,2
1856,Research & Development,Laboratory Technician,SAP,Learn SAP,C029,Enterprise Resource Planning Essentials,SAP,Intermediate,24,tag,3.5,HIGH,HIGH,7.35,3
1857,Research & Development,Manufacturing Director,SAP,Learn SAP,C029,Enterprise Resource Planning Essentials,SAP,Intermediate,24,tag,4.5,HIGH,LOW,6.75,1
1857,Research & Development,Manufacturing Director,Microsoft Office,Learn Microsoft Office,C013,Productivity Suite Fundamentals,Microsoft Learn,Beginner,10,tag,4.5,HIGH,LOW,6.75,2
1857,Research & Development,Manufacturing Director,Microsoft Outlook,Learn Microsoft Outlook,C013,Productivity Suite Fundamentals,Microsoft Learn,Beginner,10,tag,4.5,HIGH,LOW,6.75,3
1858,Human Resources,Human Resources,Microsoft PowerPoint,Learn Microsoft PowerPoint,C012,Presenting Data to Decision Makers,LinkedIn Learning,Beginner,10,tag,4.5,HIGH,LOW,6.75,1
1858,Human Resources,Human Resources,Microsoft Excel,Learn Microsoft Excel,C010,Advanced Spreadsheet Modelling,Microsoft Learn,Intermediate,12,tag,4.5,HIGH,LOW,6.75,2
1858,Human Resources,Human Resources,Microsoft Office,Learn Microsoft Office,C013,Productivity Suite Fundamentals,Microsoft Learn,Beginner,10,tag,4.5,HIGH,LOW,6.75,3
1859,Research & Development,Healthcare Representative,Microsoft Excel,Learn Microsoft Excel,C010,Advanced Spreadsheet Modelling,Microsoft Learn,Intermediate,12,tag,4.5,HIGH,LOW,6.75,1
1859,Research & Development,Healthcare Representative,Microsoft Office,Learn Microsoft Office,C013,Productivity Suite Fundamentals,Microsoft Learn,Beginner,10,tag,4.5,HIGH,LOW,6.75,2
1859,Research & Development,Healthcare Representative,Speaking,Learn Speaking,C036,Listening and Influence at Work,LinkedIn Learning,Beginner,6,tag,4.25,HIGH,LOW,6.375,3
1860,Research & Development,Laboratory Technician,Microsoft Excel,Learn Microsoft Excel,C010,Advanced Spreadsheet Modelling,Microsoft Learn,Intermediate,12,tag,4.5,HIGH,LOW,6.75,1
1860,Research & Development,Laboratory Technician,Reading Comprehension,Learn Reading Comprehension,C035,Business Writing for Clarity,LinkedIn Learning,Beginner,8,tag,3.75,HIGH,LOW,5.625,2
1860,Research & Development,Laboratory Technician,SAP,Learn SAP,C029,Enterprise Resource Planning Essentials,SAP,Intermediate,24,tag,3.5,HIGH,LOW,5.25,3
1862,Sales,Sales Executive,Microsoft Office,Learn Microsoft Office,C013,Productivity Suite Fundamentals,Microsoft Learn,Beginner,10,tag,4.5,HIGH,HIGH,9.45,1
1862,Sales,Sales Executive,Salesforce,Learn Salesforce,C026,Managing the Customer Pipeline,Trailhead,Beginner,16,tag,4.5,HIGH,HIGH,9.45,2
1862,Sales,Sales Executive,Adobe Creative Cloud,Learn Adobe Creative Cloud,C020,Digital Image Editing Foundations,Adobe,Beginner,16,tag,3.5,HIGH,HIGH,7.35,3
1863,Sales,Sales Executive,Adobe InDesign,Learn Adobe InDesign,C022,Layout and Publication Design,Adobe,Intermediate,14,tag,3.5,HIGH,LOW,5.25,1
1863,Sales,Sales Executive,Adobe Illustrator,Learn Adobe Illustrator,C021,Vector Graphics and Brand Assets,Adobe,Intermediate,14,tag,3.5,HIGH,LOW,5.25,2
1863,Sales,Sales Executive,Adobe Creative Cloud,Learn Adobe Creative Cloud,C020,Digital Image Editing Foundations,Adobe,Beginner,16,tag,3.5,HIGH,LOW,5.25,3
1864,Sales,Sales Representative,Speaking,Learn Speaking,C036,Listening and Influence at Work,LinkedIn Learning,Beginner,6,tag,3.88,HIGH,MEDIUM,6.693,1
1864,Sales,Sales Representative,Active Listening,Learn Active Listening,C015,Running Effective Remote Meetings,LinkedIn Learning,Beginner,6,tag,3.88,HIGH,MEDIUM,6.693,2
1864,Sales,Sales Representative,Reading Comprehension,Learn Reading Comprehension,C035,Business Writing for Clarity,LinkedIn Learning,Beginner,8,tag,3.62,HIGH,MEDIUM,6.244,3
1865,Human Resources,Human Resources,Microsoft PowerPoint,Learn Microsoft PowerPoint,C012,Presenting Data to Decision Makers,LinkedIn Learning,Beginner,10,tag,4.5,HIGH,MEDIUM,7.762,1
1865,Human Resources,Human Resources,Microsoft Excel,Learn Microsoft Excel,C010,Advanced Spreadsheet Modelling,Microsoft Learn,Intermediate,12,tag,4.5,HIGH,MEDIUM,7.762,2
1865,Human Resources,Human Resources,Microsoft Outlook,Learn Microsoft Outlook,C013,Productivity Suite Fundamentals,Microsoft Learn,Beginner,10,tag,4.5,HIGH,MEDIUM,7.762,3
1866,Research & Development,Manager,Microsoft Excel,Learn Microsoft Excel,C010,Advanced Spreadsheet Modelling,Microsoft Learn,Intermediate,12,tag,4.5,HIGH,MEDIUM,7.762,1
1866,Research & Development,Manager,Adobe Acrobat,Learn Adobe Acrobat,C019,Working with PDFs and Document Workflows,Adobe,Beginner,6,tag,3.5,HIGH,MEDIUM,6.037,2
1866,Research & Development,Manager,Writing,Learn Writing,C035,Business Writing for Clarity,LinkedIn Learning,Beginner,8,tag,3.5,HIGH,MEDIUM,6.037,3
1867,Research & Development,Research Director,Monitoring,Learn Monitoring,C039,Performance Tracking and Review,LinkedIn Learning,Beginner,6,tag,4.0,HIGH,LOW,6.0,1
1867,Research & Development,Research Director,Writing,Learn Writing,C035,Business Writing for Clarity,LinkedIn Learning,Beginner,8,tag,3.88,HIGH,LOW,5.82,2
1867,Research & Development,Research Director,IBM SPSS Statistics,Learn IBM SPSS Statistics,C003,Applied Statistics with SPSS,IBM SkillsBuild,Beginner,16,tag,3.5,HIGH,LOW,5.25,3
1868,Research & Development,Research Scientist,R,Learn R,C002,Statistical Programming in R,Coursera,Intermediate,24,tag,4.5,HIGH,HIGH,9.45,1
1868,Research & Development,Research Scientist,Writing,Learn Writing,C035,Business Writing for Clarity,LinkedIn Learning,Beginner,8,tag,4.25,HIGH,HIGH,8.925,2
1868,Research & Development,Research Scientist,Science,Learn Science,C038,Scientific Method in Practice,edX,Intermediate,14,tag,4.12,HIGH,HIGH,8.652,3
1869,Sales,Sales Executive,Microsoft Excel,Learn Microsoft Excel,C010,Advanced Spreadsheet Modelling,Microsoft Learn,Intermediate,12,tag,4.5,HIGH,LOW,6.75,1
1869,Sales,Sales Executive,Microsoft Outlook,Learn Microsoft Outlook,C013,Productivity Suite Fundamentals,Microsoft Learn,Beginner,10,tag,4.5,HIGH,LOW,6.75,2
1869,Sales,Sales Executive,Active Listening,Learn Active Listening,C015,Running Effective Remote Meetings,LinkedIn Learning,Beginner,6,tag,4.0,HIGH,LOW,6.0,3
1870,Research & Development,Research Scientist,R,Learn R,C002,Statistical Programming in R,Coursera,Intermediate,24,tag,4.5,HIGH,LOW,6.75,1
1870,Research & Development,Research Scientist,Writing,Learn Writing,C035,Business Writing for Clarity,LinkedIn Learning,Beginner,8,tag,4.25,HIGH,LOW,6.375,2
1870,Research & Development,Research Scientist,Science,Learn Science,C038,Scientific Method in Practice,edX,Intermediate,14,tag,4.12,HIGH,LOW,6.18,3
1871,Research & Development,Research Scientist,Microsoft Excel,Learn Microsoft Excel,C010,Advanced Spreadsheet Modelling,Microsoft Learn,Intermediate,12,tag,4.5,HIGH,LOW,6.75,1
1871,Research & Development,Research Scientist,R,Learn R,C002,Statistical Programming in R,Coursera,Intermediate,24,tag,4.5,HIGH,LOW,6.75,2
1871,Research & Development,Research Scientist,Microsoft Office,Learn Microsoft Office,C013,Productivity Suite Fundamentals,Microsoft Learn,Beginner,10,tag,4.5,HIGH,LOW,6.75,3
1873,Research & Development,Research Scientist,Microsoft Excel,Learn Microsoft Excel,C010,Advanced Spreadsheet Modelling,Microsoft Learn,Intermediate,12,tag,4.5,HIGH,LOW,6.75,1
1873,Research & Development,Research Scientist,R,Learn R,C002,Statistical Programming in R,Coursera,Intermediate,24,tag,4.5,HIGH,LOW,6.75,2
1873,Research & Development,Research Scientist,Microsoft Office,Learn Microsoft Office,C013,Productivity Suite Fundamentals,Microsoft Learn,Beginner,10,tag,4.5,HIGH,LOW,6.75,3
1875,Sales,Sales Representative,Microsoft Excel,Learn Microsoft Excel,C010,Advanced Spreadsheet Modelling,Microsoft Learn,Intermediate,12,tag,4.5,HIGH,MEDIUM,7.762,1
1875,Sales,Sales Representative,Microsoft Office,Learn Microsoft Office,C013,Productivity Suite Fundamentals,Microsoft Learn,Beginner,10,tag,4.5,HIGH,MEDIUM,7.762,2
1875,Sales,Sales Representative,Salesforce,Learn Salesforce,C026,Managing the Customer Pipeline,Trailhead,Beginner,16,tag,4.5,HIGH,MEDIUM,7.762,3
1876,Sales,Sales Representative,Microsoft Office,Learn Microsoft Office,C013,Productivity Suite Fundamentals,Microsoft Learn,Beginner,10,tag,4.5,HIGH,HIGH,9.45,1
1876,Sales,Sales Representative,Speaking,Learn Speaking,C036,Listening and Influence at Work,LinkedIn Learning,Beginner,6,tag,3.88,HIGH,HIGH,8.148,2
1876,Sales,Sales Representative,IBM SPSS Statistics,Learn IBM SPSS Statistics,C003,Applied Statistics with SPSS,IBM SkillsBuild,Beginner,16,tag,3.5,HIGH,HIGH,7.35,3
1878,Research & Development,Research Scientist,R,Learn R,C002,Statistical Programming in R,Coursera,Intermediate,24,tag,4.5,HIGH,HIGH,9.45,1
1878,Research & Development,Research Scientist,Microsoft Office,Learn Microsoft Office,C013,Productivity Suite Fundamentals,Microsoft Learn,Beginner,10,tag,4.5,HIGH,HIGH,9.45,2
1878,Research & Development,Research Scientist,Writing,Learn Writing,C035,Business Writing for Clarity,LinkedIn Learning,Beginner,8,tag,4.25,HIGH,HIGH,8.925,3
1880,Sales,Sales Executive,Microsoft PowerPoint,Learn Microsoft PowerPoint,C012,Presenting Data to Decision Makers,LinkedIn Learning,Beginner,10,tag,4.5,HIGH,HIGH,9.45,1
1880,Sales,Sales Executive,Microsoft Office,Learn Microsoft Office,C013,Productivity Suite Fundamentals,Microsoft Learn,Beginner,10,tag,4.5,HIGH,HIGH,9.45,2
1880,Sales,Sales Executive,Microsoft Outlook,Learn Microsoft Outlook,C013,Productivity Suite Fundamentals,Microsoft Learn,Beginner,10,tag,4.5,HIGH,HIGH,9.45,3
1881,Research & Development,Laboratory Technician,Microsoft Excel,Learn Microsoft Excel,C010,Advanced Spreadsheet Modelling,Microsoft Learn,Intermediate,12,tag,4.5,HIGH,MEDIUM,7.762,1
1881,Research & Development,Laboratory Technician,Microsoft PowerPoint,Learn Microsoft PowerPoint,C012,Presenting Data to Decision Makers,LinkedIn Learning,Beginner,10,tag,3.5,HIGH,MEDIUM,6.037,2
1881,Research & Development,Laboratory Technician,Microsoft Word,Learn Microsoft Word,C011,Business Documents That Get Read,LinkedIn Learning,Beginner,8,tag,3.5,HIGH,MEDIUM,6.037,3
1882,Sales,Sales Executive,Microsoft PowerPoint,Learn Microsoft PowerPoint,C012,Presenting Data to Decision Makers,LinkedIn Learning,Beginner,10,tag,4.5,HIGH,MEDIUM,7.762,1
1882,Sales,Sales Executive,Salesforce,Learn Salesforce,C026,Managing the Customer Pipeline,Trailhead,Beginner,16,tag,4.5,HIGH,MEDIUM,7.762,2
1882,Sales,Sales Executive,Microsoft Outlook,Learn Microsoft Outlook,C013,Productivity Suite Fundamentals,Microsoft Learn,Beginner,10,tag,4.5,HIGH,MEDIUM,7.762,3
1883,Research & Development,Laboratory Technician,Microsoft Excel,Learn Microsoft Excel,C010,Advanced Spreadsheet Modelling,Microsoft Learn,Intermediate,12,tag,4.5,HIGH,HIGH,9.45,1
1883,Research & Development,Laboratory Technician,Reading Comprehension,Learn Reading Comprehension,C035,Business Writing for Clarity,LinkedIn Learning,Beginner,8,tag,3.75,HIGH,HIGH,7.875,2
1883,Research & Development,Laboratory Technician,Active Listening,Learn Active Listening,C015,Running Effective Remote Meetings,LinkedIn Learning,Beginner,6,tag,3.62,HIGH,HIGH,7.602,3
1885,Research & Development,Research Scientist,Microsoft Excel,Learn Microsoft Excel,C010,Advanced Spreadsheet Modelling,Microsoft Learn,Intermediate,12,tag,4.5,HIGH,LOW,6.75,1
1885,Research & Development,Research Scientist,Science,Learn Science,C038,Scientific Method in Practice,edX,Intermediate,14,tag,4.12,HIGH,LOW,6.18,2
1885,Research & Development,Research Scientist,Speaking,Learn Speaking,C036,Listening and Influence at Work,LinkedIn Learning,Beginner,6,tag,4.12,HIGH,LOW,6.18,3
1886,Research & Development,Manufacturing Director,SAP,Learn SAP,C029,Enterprise Resource Planning Essentials,SAP,Intermediate,24,tag,4.5,HIGH,MEDIUM,7.762,1
1886,Research & Development,Manufacturing Director,Microsoft PowerPoint,Learn Microsoft PowerPoint,C012,Presenting Data to Decision Makers,LinkedIn Learning,Beginner,10,tag,4.5,HIGH,MEDIUM,7.762,2
1886,Research & Development,Manufacturing Director,Microsoft Excel,Learn Microsoft Excel,C010,Advanced Spreadsheet Modelling,Microsoft Learn,Intermediate,12,tag,4.5,HIGH,MEDIUM,7.762,3
1888,Research & Development,Manufacturing Director,SAP,Learn SAP,C029,Enterprise Resource Planning Essentials,SAP,Intermediate,24,tag,4.5,HIGH,LOW,6.75,1
1888,Research & Development,Manufacturing Director,Microsoft PowerPoint,Learn Microsoft PowerPoint,C012,Presenting Data to Decision Makers,LinkedIn Learning,Beginner,10,tag,4.5,HIGH,LOW,6.75,2
1888,Research & Development,Manufacturing Director,Microsoft Excel,Learn Microsoft Excel,C010,Advanced Spreadsheet Modelling,Microsoft Learn,Intermediate,12,tag,4.5,HIGH,LOW,6.75,3
1890,Human Resources,Human Resources,Microsoft PowerPoint,Learn Microsoft PowerPoint,C012,Presenting Data to Decision Makers,LinkedIn Learning,Beginner,10,tag,4.5,HIGH,MEDIUM,7.762,1
1890,Human Resources,Human Resources,Microsoft Office,Learn Microsoft Office,C013,Productivity Suite Fundamentals,Microsoft Learn,Beginner,10,tag,4.5,HIGH,MEDIUM,7.762,2
1890,Human Resources,Human Resources,Microsoft Outlook,Learn Microsoft Outlook,C013,Productivity Suite Fundamentals,Microsoft Learn,Beginner,10,tag,4.5,HIGH,MEDIUM,7.762,3
1892,Research & Development,Manager,Microsoft Excel,Learn Microsoft Excel,C010,Advanced Spreadsheet Modelling,Microsoft Learn,Intermediate,12,tag,4.5,HIGH,MEDIUM,7.762,1
1892,Research & Development,Manager,Microsoft Office,Learn Microsoft Office,C013,Productivity Suite Fundamentals,Microsoft Learn,Beginner,10,tag,4.5,HIGH,MEDIUM,7.762,2
1892,Research & Development,Manager,Active Listening,Learn Active Listening,C015,Running Effective Remote Meetings,LinkedIn Learning,Beginner,6,tag,4.0,HIGH,MEDIUM,6.9,3
1893,Research & Development,Research Scientist,Microsoft Excel,Learn Microsoft Excel,C010,Advanced Spreadsheet Modelling,Microsoft Learn,Intermediate,12,tag,4.5,HIGH,HIGH,9.45,1
1893,Research & Development,Research Scientist,R,Learn R,C002,Statistical Programming in R,Coursera,Intermediate,24,tag,4.5,HIGH,HIGH,9.45,2
1893,Research & Development,Research Scientist,Microsoft Office,Learn Microsoft Office,C013,Productivity Suite Fundamentals,Microsoft Learn,Beginner,10,tag,4.5,HIGH,HIGH,9.45,3
1898,Sales,Sales Executive,Microsoft PowerPoint,Learn Microsoft PowerPoint,C012,Presenting Data to Decision Makers,LinkedIn Learning,Beginner,10,tag,4.5,HIGH,LOW,6.75,1
1898,Sales,Sales Executive,Salesforce,Learn Salesforce,C026,Managing the Customer Pipeline,Trailhead,Beginner,16,tag,4.5,HIGH,LOW,6.75,2
1898,Sales,Sales Executive,Microsoft Outlook,Learn Microsoft Outlook,C013,Productivity Suite Fundamentals,Microsoft Learn,Beginner,10,tag,4.5,HIGH,LOW,6.75,3
1900,Research & Development,Manager,Active Listening,Learn Active Listening,C015,Running Effective Remote Meetings,LinkedIn Learning,Beginner,6,tag,4.0,HIGH,LOW,6.0,1
1900,Research & Development,Manager,Critical Thinking,Learn Critical Thinking,C033,Structured Problem Solving,Coursera,Intermediate,12,tag,3.88,HIGH,LOW,5.82,2
1900,Research & Development,Manager,Adobe Acrobat,Learn Adobe Acrobat,C019,Working with PDFs and Document Workflows,Adobe,Beginner,6,tag,3.5,HIGH,LOW,5.25,3
1903,Research & Development,Healthcare Representative,Salesforce,Learn Salesforce,C026,Managing the Customer Pipeline,Trailhead,Beginner,16,tag,4.5,HIGH,LOW,6.75,1
1903,Research & Development,Healthcare Representative,Speaking,Learn Speaking,C036,Listening and Influence at Work,LinkedIn Learning,Beginner,6,tag,4.25,HIGH,LOW,6.375,2
1903,Research & Development,Healthcare Representative,Reading Comprehension,Learn Reading Comprehension,C035,Business Writing for Clarity,LinkedIn Learning,Beginner,8,tag,3.75,HIGH,LOW,5.625,3
1905,Research & Development,Research Scientist,Microsoft Excel,Learn Microsoft Excel,C010,Advanced Spreadsheet Modelling,Microsoft Learn,Intermediate,12,tag,4.5,HIGH,HIGH,9.45,1
1905,Research & Development,Research Scientist,R,Learn R,C002,Statistical Programming in R,Coursera,Intermediate,24,tag,4.5,HIGH,HIGH,9.45,2
1905,Research & Development,Research Scientist,Writing,Learn Writing,C035,Business Writing for Clarity,LinkedIn Learning,Beginner,8,tag,4.25,HIGH,HIGH,8.925,3
1907,Research & Development,Laboratory Technician,Reading Comprehension,Learn Reading Comprehension,C035,Business Writing for Clarity,LinkedIn Learning,Beginner,8,tag,3.75,HIGH,MEDIUM,6.469,1
1907,Research & Development,Laboratory Technician,Active Listening,Learn Active Listening,C015,Running Effective Remote Meetings,LinkedIn Learning,Beginner,6,tag,3.62,HIGH,MEDIUM,6.244,2
1907,Research & Development,Laboratory Technician,SAP,Learn SAP,C029,Enterprise Resource Planning Essentials,SAP,Intermediate,24,tag,3.5,HIGH,MEDIUM,6.037,3
1908,Sales,Sales Executive,Microsoft PowerPoint,Learn Microsoft PowerPoint,C012,Presenting Data to Decision Makers,LinkedIn Learning,Beginner,10,tag,4.5,HIGH,MEDIUM,7.762,1
1908,Sales,Sales Executive,Microsoft Excel,Learn Microsoft Excel,C010,Advanced Spreadsheet Modelling,Microsoft Learn,Intermediate,12,tag,4.5,HIGH,MEDIUM,7.762,2
1908,Sales,Sales Executive,Microsoft Office,Learn Microsoft Office,C013,Productivity Suite Fundamentals,Microsoft Learn,Beginner,10,tag,4.5,HIGH,MEDIUM,7.762,3
1909,Sales,Sales Executive,Microsoft PowerPoint,Learn Microsoft PowerPoint,C012,Presenting Data to Decision Makers,LinkedIn Learning,Beginner,10,tag,4.5,HIGH,LOW,6.75,1
1909,Sales,Sales Executive,Microsoft Excel,Learn Microsoft Excel,C010,Advanced Spreadsheet Modelling,Microsoft Learn,Intermediate,12,tag,4.5,HIGH,LOW,6.75,2
1909,Sales,Sales Executive,Salesforce,Learn Salesforce,C026,Managing the Customer Pipeline,Trailhead,Beginner,16,tag,4.5,HIGH,LOW,6.75,3
1911,Research & Development,Research Director,Microsoft PowerPoint,Learn Microsoft PowerPoint,C012,Presenting Data to Decision Makers,LinkedIn Learning,Beginner,10,tag,4.5,HIGH,LOW,6.75,1
1911,Research & Development,Research Director,Microsoft Excel,Learn Microsoft Excel,C010,Advanced Spreadsheet Modelling,Microsoft Learn,Intermediate,12,tag,4.5,HIGH,LOW,6.75,2
1911,Research & Development,Research Director,Science,Learn Science,C038,Scientific Method in Practice,edX,Intermediate,14,tag,4.12,HIGH,LOW,6.18,3
1912,Sales,Sales Executive,Microsoft Excel,Learn Microsoft Excel,C010,Advanced Spreadsheet Modelling,Microsoft Learn,Intermediate,12,tag,4.5,HIGH,LOW,6.75,1
1912,Sales,Sales Executive,Microsoft Office,Learn Microsoft Office,C013,Productivity Suite Fundamentals,Microsoft Learn,Beginner,10,tag,4.5,HIGH,LOW,6.75,2
1912,Sales,Sales Executive,Salesforce,Learn Salesforce,C026,Managing the Customer Pipeline,Trailhead,Beginner,16,tag,4.5,HIGH,LOW,6.75,3
1915,Sales,Sales Executive,Microsoft PowerPoint,Learn Microsoft PowerPoint,C012,Presenting Data to Decision Makers,LinkedIn Learning,Beginner,10,tag,4.5,HIGH,HIGH,9.45,1
1915,Sales,Sales Executive,Microsoft Excel,Learn Microsoft Excel,C010,Advanced Spreadsheet Modelling,Microsoft Learn,Intermediate,12,tag,4.5,HIGH,HIGH,9.45,2
1915,Sales,Sales Executive,Microsoft Office,Learn Microsoft Office,C013,Productivity Suite Fundamentals,Microsoft Learn,Beginner,10,tag,4.5,HIGH,HIGH,9.45,3
1916,Research & Development,Laboratory Technician,Microsoft Excel,Learn Microsoft Excel,C010,Advanced Spreadsheet Modelling,Microsoft Learn,Intermediate,12,tag,4.5,HIGH,MEDIUM,7.762,1
1916,Research & Development,Laboratory Technician,Reading Comprehension,Learn Reading Comprehension,C035,Business Writing for Clarity,LinkedIn Learning,Beginner,8,tag,3.75,HIGH,MEDIUM,6.469,2
1916,Research & Development,Laboratory Technician,Active Listening,Learn Active Listening,C015,Running Effective Remote Meetings,LinkedIn Learning,Beginner,6,tag,3.62,HIGH,MEDIUM,6.244,3
1918,Research & Development,Laboratory Technician,Microsoft Excel,Learn Microsoft Excel,C010,Advanced Spreadsheet Modelling,Microsoft Learn,Intermediate,12,tag,4.5,HIGH,LOW,6.75,1
1918,Research & Development,Laboratory Technician,Microsoft Office,Learn Microsoft Office,C013,Productivity Suite Fundamentals,Microsoft Learn,Beginner,10,tag,4.5,HIGH,LOW,6.75,2
1918,Research & Development,Laboratory Technician,Active Listening,Learn Active Listening,C015,Running Effective Remote Meetings,LinkedIn Learning,Beginner,6,tag,3.62,HIGH,LOW,5.43,3
1922,Research & Development,Healthcare Representative,Microsoft Excel,Learn Microsoft Excel,C010,Advanced Spreadsheet Modelling,Microsoft Learn,Intermediate,12,tag,4.5,HIGH,LOW,6.75,1
1922,Research & Development,Healthcare Representative,Microsoft Office,Learn Microsoft Office,C013,Productivity Suite Fundamentals,Microsoft Learn,Beginner,10,tag,4.5,HIGH,LOW,6.75,2
1922,Research & Development,Healthcare Representative,Salesforce,Learn Salesforce,C026,Managing the Customer Pipeline,Trailhead,Beginner,16,tag,4.5,HIGH,LOW,6.75,3
1924,Sales,Sales Executive,Microsoft PowerPoint,Learn Microsoft PowerPoint,C012,Presenting Data to Decision Makers,LinkedIn Learning,Beginner,10,tag,4.5,HIGH,MEDIUM,7.762,1
1924,Sales,Sales Executive,Microsoft Office,Learn Microsoft Office,C013,Productivity Suite Fundamentals,Microsoft Learn,Beginner,10,tag,4.5,HIGH,MEDIUM,7.762,2
1924,Sales,Sales Executive,Microsoft Outlook,Learn Microsoft Outlook,C013,Productivity Suite Fundamentals,Microsoft Learn,Beginner,10,tag,4.5,HIGH,MEDIUM,7.762,3
1927,Sales,Sales Executive,Microsoft PowerPoint,Learn Microsoft PowerPoint,C012,Presenting Data to Decision Makers,LinkedIn Learning,Beginner,10,tag,4.5,HIGH,MEDIUM,7.762,1
1927,Sales,Sales Executive,Microsoft Office,Learn Microsoft Office,C013,Productivity Suite Fundamentals,Microsoft Learn,Beginner,10,tag,4.5,HIGH,MEDIUM,7.762,2
1927,Sales,Sales Executive,Salesforce,Learn Salesforce,C026,Managing the Customer Pipeline,Trailhead,Beginner,16,tag,4.5,HIGH,MEDIUM,7.762,3
1928,Sales,Sales Representative,Speaking,Learn Speaking,C036,Listening and Influence at Work,LinkedIn Learning,Beginner,6,tag,3.88,HIGH,HIGH,8.148,1
1928,Sales,Sales Representative,Active Listening,Learn Active Listening,C015,Running Effective Remote Meetings,LinkedIn Learning,Beginner,6,tag,3.88,HIGH,HIGH,8.148,2
1928,Sales,Sales Representative,Reading Comprehension,Learn Reading Comprehension,C035,Business Writing for Clarity,LinkedIn Learning,Beginner,8,tag,3.62,HIGH,HIGH,7.602,3
1929,Sales,Sales Executive,Microsoft PowerPoint,Learn Microsoft PowerPoint,C012,Presenting Data to Decision Makers,LinkedIn Learning,Beginner,10,tag,4.5,HIGH,LOW,6.75,1
1929,Sales,Sales Executive,Microsoft Outlook,Learn Microsoft Outlook,C013,Productivity Suite Fundamentals,Microsoft Learn,Beginner,10,tag,4.5,HIGH,LOW,6.75,2
1929,Sales,Sales Executive,Speaking,Learn Speaking,C036,Listening and Influence at Work,LinkedIn Learning,Beginner,6,tag,4.0,HIGH,LOW,6.0,3
1931,Research & Development,Research Scientist,Microsoft Excel,Learn Microsoft Excel,C010,Advanced Spreadsheet Modelling,Microsoft Learn,Intermediate,12,tag,4.5,HIGH,LOW,6.75,1
1931,Research & Development,Research Scientist,Science,Learn Science,C038,Scientific Method in Practice,edX,Intermediate,14,tag,4.12,HIGH,LOW,6.18,2
1931,Research & Development,Research Scientist,Critical Thinking,Learn Critical Thinking,C033,Structured Problem Solving,Coursera,Intermediate,12,tag,4.0,HIGH,LOW,6.0,3
1932,Research & Development,Research Scientist,Microsoft Excel,Learn Microsoft Excel,C010,Advanced Spreadsheet Modelling,Microsoft Learn,Intermediate,12,tag,4.5,HIGH,MEDIUM,7.762,1
1932,Research & Development,Research Scientist,Microsoft Office,Learn Microsoft Office,C013,Productivity Suite Fundamentals,Microsoft Learn,Beginner,10,tag,4.5,HIGH,MEDIUM,7.762,2
1932,Research & Development,Research Scientist,Science,Learn Science,C038,Scientific Method in Practice,edX,Intermediate,14,tag,4.12,HIGH,MEDIUM,7.107,3
1933,Sales,Sales Executive,Microsoft PowerPoint,Learn Microsoft PowerPoint,C012,Presenting Data to Decision Makers,LinkedIn Learning,Beginner,10,tag,4.5,HIGH,HIGH,9.45,1
1933,Sales,Sales Executive,Microsoft Excel,Learn Microsoft Excel,C010,Advanced Spreadsheet Modelling,Microsoft Learn,Intermediate,12,tag,4.5,HIGH,HIGH,9.45,2
1933,Sales,Sales Executive,Microsoft Office,Learn Microsoft Office,C013,Productivity Suite Fundamentals,Microsoft Learn,Beginner,10,tag,4.5,HIGH,HIGH,9.45,3
1934,Research & Development,Research Scientist,R,Learn R,C002,Statistical Programming in R,Coursera,Intermediate,24,tag,4.5,HIGH,LOW,6.75,1
1934,Research & Development,Research Scientist,Writing,Learn Writing,C035,Business Writing for Clarity,LinkedIn Learning,Beginner,8,tag,4.25,HIGH,LOW,6.375,2
1934,Research & Development,Research Scientist,Speaking,Learn Speaking,C036,Listening and Influence at Work,LinkedIn Learning,Beginner,6,tag,4.12,HIGH,LOW,6.18,3
1935,Sales,Sales Executive,Microsoft PowerPoint,Learn Microsoft PowerPoint,C012,Presenting Data to Decision Makers,LinkedIn Learning,Beginner,10,tag,4.5,HIGH,LOW,6.75,1
1935,Sales,Sales Executive,Microsoft Excel,Learn Microsoft Excel,C010,Advanced Spreadsheet Modelling,Microsoft Learn,Intermediate,12,tag,4.5,HIGH,LOW,6.75,2
1935,Sales,Sales Executive,Microsoft Outlook,Learn Microsoft Outlook,C013,Productivity Suite Fundamentals,Microsoft Learn,Beginner,10,tag,4.5,HIGH,LOW,6.75,3
1936,Research & Development,Manufacturing Director,SAP,Learn SAP,C029,Enterprise Resource Planning Essentials,SAP,Intermediate,24,tag,4.5,HIGH,LOW,6.75,1
1936,Research & Development,Manufacturing Director,Microsoft PowerPoint,Learn Microsoft PowerPoint,C012,Presenting Data to Decision Makers,LinkedIn Learning,Beginner,10,tag,4.5,HIGH,LOW,6.75,2
1936,Research & Development,Manufacturing Director,Microsoft Office,Learn Microsoft Office,C013,Productivity Suite Fundamentals,Microsoft Learn,Beginner,10,tag,4.5,HIGH,LOW,6.75,3
1937,Research & Development,Research Scientist,R,Learn R,C002,Statistical Programming in R,Coursera,Intermediate,24,tag,4.5,HIGH,LOW,6.75,1
1937,Research & Development,Research Scientist,Microsoft Office,Learn Microsoft Office,C013,Productivity Suite Fundamentals,Microsoft Learn,Beginner,10,tag,4.5,HIGH,LOW,6.75,2
1937,Research & Development,Research Scientist,Writing,Learn Writing,C035,Business Writing for Clarity,LinkedIn Learning,Beginner,8,tag,4.25,HIGH,LOW,6.375,3
1938,Sales,Manager,Microsoft PowerPoint,Learn Microsoft PowerPoint,C012,Presenting Data to Decision Makers,LinkedIn Learning,Beginner,10,tag,4.5,HIGH,LOW,6.75,1
1938,Sales,Manager,Microsoft Excel,Learn Microsoft Excel,C010,Advanced Spreadsheet Modelling,Microsoft Learn,Intermediate,12,tag,4.5,HIGH,LOW,6.75,2
1938,Sales,Manager,Microsoft Office,Learn Microsoft Office,C013,Productivity Suite Fundamentals,Microsoft Learn,Beginner,10,tag,4.5,HIGH,LOW,6.75,3
1939,Research & Development,Research Scientist,Writing,Learn Writing,C035,Business Writing for Clarity,LinkedIn Learning,Beginner,8,tag,4.25,HIGH,HIGH,8.925,1
1939,Research & Development,Research Scientist,Speaking,Learn Speaking,C036,Listening and Influence at Work,LinkedIn Learning,Beginner,6,tag,4.12,HIGH,HIGH,8.652,2
1939,Research & Development,Research Scientist,Active Learning,Learn Active Learning,C034,Learning How to Learn,Coursera,Beginner,8,tag,4.12,HIGH,HIGH,8.652,3
1940,Research & Development,Research Scientist,R,Learn R,C002,Statistical Programming in R,Coursera,Intermediate,24,tag,4.5,HIGH,LOW,6.75,1
1940,Research & Development,Research Scientist,Microsoft Office,Learn Microsoft Office,C013,Productivity Suite Fundamentals,Microsoft Learn,Beginner,10,tag,4.5,HIGH,LOW,6.75,2
1940,Research & Development,Research Scientist,Speaking,Learn Speaking,C036,Listening and Influence at Work,LinkedIn Learning,Beginner,6,tag,4.12,HIGH,LOW,6.18,3
1941,Research & Development,Research Director,Microsoft Excel,Learn Microsoft Excel,C010,Advanced Spreadsheet Modelling,Microsoft Learn,Intermediate,12,tag,4.5,HIGH,LOW,6.75,1
1941,Research & Development,Research Director,Microsoft Office,Learn Microsoft Office,C013,Productivity Suite Fundamentals,Microsoft Learn,Beginner,10,tag,4.5,HIGH,LOW,6.75,2
1941,Research & Development,Research Director,Speaking,Learn Speaking,C036,Listening and Influence at Work,LinkedIn Learning,Beginner,6,tag,3.88,HIGH,LOW,5.82,3
1943,Sales,Sales Executive,Microsoft PowerPoint,Learn Microsoft PowerPoint,C012,Presenting Data to Decision Makers,LinkedIn Learning,Beginner,10,tag,4.5,HIGH,MEDIUM,7.762,1
1943,Sales,Sales Executive,Microsoft Excel,Learn Microsoft Excel,C010,Advanced Spreadsheet Modelling,Microsoft Learn,Intermediate,12,tag,4.5,HIGH,MEDIUM,7.762,2
1943,Sales,Sales Executive,Salesforce,Learn Salesforce,C026,Managing the Customer Pipeline,Trailhead,Beginner,16,tag,4.5,HIGH,MEDIUM,7.762,3
1944,Human Resources,Human Resources,Microsoft PowerPoint,Learn Microsoft PowerPoint,C012,Presenting Data to Decision Makers,LinkedIn Learning,Beginner,10,tag,4.5,HIGH,HIGH,9.45,1
1944,Human Resources,Human Resources,Microsoft Excel,Learn Microsoft Excel,C010,Advanced Spreadsheet Modelling,Microsoft Learn,Intermediate,12,tag,4.5,HIGH,HIGH,9.45,2
1944,Human Resources,Human Resources,Microsoft Office,Learn Microsoft Office,C013,Productivity Suite Fundamentals,Microsoft Learn,Beginner,10,tag,4.5,HIGH,HIGH,9.45,3
1945,Sales,Sales Executive,Microsoft Excel,Learn Microsoft Excel,C010,Advanced Spreadsheet Modelling,Microsoft Learn,Intermediate,12,tag,4.5,HIGH,MEDIUM,7.762,1
1945,Sales,Sales Executive,Microsoft Office,Learn Microsoft Office,C013,Productivity Suite Fundamentals,Microsoft Learn,Beginner,10,tag,4.5,HIGH,MEDIUM,7.762,2
1945,Sales,Sales Executive,Microsoft Outlook,Learn Microsoft Outlook,C013,Productivity Suite Fundamentals,Microsoft Learn,Beginner,10,tag,4.5,HIGH,MEDIUM,7.762,3
1947,Research & Development,Research Scientist,Microsoft Excel,Learn Microsoft Excel,C010,Advanced Spreadsheet Modelling,Microsoft Learn,Intermediate,12,tag,4.5,HIGH,LOW,6.75,1
1947,Research & Development,Research Scientist,R,Learn R,C002,Statistical Programming in R,Coursera,Intermediate,24,tag,4.5,HIGH,LOW,6.75,2
1947,Research & Development,Research Scientist,Microsoft Office,Learn Microsoft Office,C013,Productivity Suite Fundamentals,Microsoft Learn,Beginner,10,tag,4.5,HIGH,LOW,6.75,3
1948,Research & Development,Research Scientist,Microsoft Excel,Learn Microsoft Excel,C010,Advanced Spreadsheet Modelling,Microsoft Learn,Intermediate,12,tag,4.5,HIGH,LOW,6.75,1
1948,Research & Development,Research Scientist,R,Learn R,C002,Statistical Programming in R,Coursera,Intermediate,24,tag,4.5,HIGH,LOW,6.75,2
1948,Research & Development,Research Scientist,Microsoft Office,Learn Microsoft Office,C013,Productivity Suite Fundamentals,Microsoft Learn,Beginner,10,tag,4.5,HIGH,LOW,6.75,3
1949,Research & Development,Laboratory Technician,Active Listening,Learn Active Listening,C015,Running Effective Remote Meetings,LinkedIn Learning,Beginner,6,tag,3.62,HIGH,LOW,5.43,1
1949,Research & Development,Laboratory Technician,SAP,Learn SAP,C029,Enterprise Resource Planning Essentials,SAP,Intermediate,24,tag,3.5,HIGH,LOW,5.25,2
1949,Research & Development,Laboratory Technician,MEDITECH,Learn MEDITECH,C032,Clinical Records and Patient Data Systems,HIMSS,Intermediate,18,tag,3.5,HIGH,LOW,5.25,3
1950,Sales,Sales Executive,Microsoft Excel,Learn Microsoft Excel,C010,Advanced Spreadsheet Modelling,Microsoft Learn,Intermediate,12,tag,4.5,HIGH,MEDIUM,7.762,1
1950,Sales,Sales Executive,Microsoft Outlook,Learn Microsoft Outlook,C013,Productivity Suite Fundamentals,Microsoft Learn,Beginner,10,tag,4.5,HIGH,MEDIUM,7.762,2
1950,Sales,Sales Executive,Active Listening,Learn Active Listening,C015,Running Effective Remote Meetings,LinkedIn Learning,Beginner,6,tag,4.0,HIGH,MEDIUM,6.9,3
1951,Sales,Sales Executive,Microsoft PowerPoint,Learn Microsoft PowerPoint,C012,Presenting Data to Decision Makers,LinkedIn Learning,Beginner,10,tag,4.5,HIGH,LOW,6.75,1
1951,Sales,Sales Executive,Salesforce,Learn Salesforce,C026,Managing the Customer Pipeline,Trailhead,Beginner,16,tag,4.5,HIGH,LOW,6.75,2
1951,Sales,Sales Executive,Active Listening,Learn Active Listening,C015,Running Effective Remote Meetings,LinkedIn Learning,Beginner,6,tag,4.0,HIGH,LOW,6.0,3
1952,Research & Development,Laboratory Technician,Active Listening,Learn Active Listening,C015,Running Effective Remote Meetings,LinkedIn Learning,Beginner,6,tag,3.62,HIGH,MEDIUM,6.244,1
1952,Research & Development,Laboratory Technician,SAP,Learn SAP,C029,Enterprise Resource Planning Essentials,SAP,Intermediate,24,tag,3.5,HIGH,MEDIUM,6.037,2
1952,Research & Development,Laboratory Technician,Microsoft PowerPoint,Learn Microsoft PowerPoint,C012,Presenting Data to Decision Makers,LinkedIn Learning,Beginner,10,tag,3.5,HIGH,MEDIUM,6.037,3
1954,Research & Development,Healthcare Representative,Microsoft Excel,Learn Microsoft Excel,C010,Advanced Spreadsheet Modelling,Microsoft Learn,Intermediate,12,tag,4.5,HIGH,LOW,6.75,1
1954,Research & Development,Healthcare Representative,Salesforce,Learn Salesforce,C026,Managing the Customer Pipeline,Trailhead,Beginner,16,tag,4.5,HIGH,LOW,6.75,2
1954,Research & Development,Healthcare Representative,Speaking,Learn Speaking,C036,Listening and Influence at Work,LinkedIn Learning,Beginner,6,tag,4.25,HIGH,LOW,6.375,3
1955,Research & Development,Healthcare Representative,Microsoft Office,Learn Microsoft Office,C013,Productivity Suite Fundamentals,Microsoft Learn,Beginner,10,tag,4.5,HIGH,LOW,6.75,1
1955,Research & Development,Healthcare Representative,Speaking,Learn Speaking,C036,Listening and Influence at Work,LinkedIn Learning,Beginner,6,tag,4.25,HIGH,LOW,6.375,2
1955,Research & Development,Healthcare Representative,Microsoft Access,Learn Microsoft Access,C009,Relational Databases and Query Design,Coursera,Beginner,18,tag,3.5,HIGH,LOW,5.25,3
1956,Research & Development,Research Scientist,R,Learn R,C002,Statistical Programming in R,Coursera,Intermediate,24,tag,4.5,HIGH,MEDIUM,7.762,1
1956,Research & Development,Research Scientist,Microsoft Office,Learn Microsoft Office,C013,Productivity Suite Fundamentals,Microsoft Learn,Beginner,10,tag,4.5,HIGH,MEDIUM,7.762,2
1956,Research & Development,Research Scientist,Writing,Learn Writing,C035,Business Writing for Clarity,LinkedIn Learning,Beginner,8,tag,4.25,HIGH,MEDIUM,7.331,3
1960,Research & Development,Laboratory Technician,Reading Comprehension,Learn Reading Comprehension,C035,Business Writing for Clarity,LinkedIn Learning,Beginner,8,tag,3.75,HIGH,HIGH,7.875,1
1960,Research & Development,Laboratory Technician,SAP,Learn SAP,C029,Enterprise Resource Planning Essentials,SAP,Intermediate,24,tag,3.5,HIGH,HIGH,7.35,2
1960,Research & Development,Laboratory Technician,Microsoft PowerPoint,Learn Microsoft PowerPoint,C012,Presenting Data to Decision Makers,LinkedIn Learning,Beginner,10,tag,3.5,HIGH,HIGH,7.35,3
1961,Sales,Sales Representative,Microsoft Office,Learn Microsoft Office,C013,Productivity Suite Fundamentals,Microsoft Learn,Beginner,10,tag,4.5,HIGH,HIGH,9.45,1
1961,Sales,Sales Representative,Active Listening,Learn Active Listening,C015,Running Effective Remote Meetings,LinkedIn Learning,Beginner,6,tag,3.88,HIGH,HIGH,8.148,2
1961,Sales,Sales Representative,Reading Comprehension,Learn Reading Comprehension,C035,Business Writing for Clarity,LinkedIn Learning,Beginner,8,tag,3.62,HIGH,HIGH,7.602,3
1962,Sales,Sales Executive,Microsoft Office,Learn Microsoft Office,C013,Productivity Suite Fundamentals,Microsoft Learn,Beginner,10,tag,4.5,HIGH,LOW,6.75,1
1962,Sales,Sales Executive,Salesforce,Learn Salesforce,C026,Managing the Customer Pipeline,Trailhead,Beginner,16,tag,4.5,HIGH,LOW,6.75,2
1962,Sales,Sales Executive,Active Listening,Learn Active Listening,C015,Running Effective Remote Meetings,LinkedIn Learning,Beginner,6,tag,4.0,HIGH,LOW,6.0,3
1965,Sales,Sales Executive,Microsoft Office,Learn Microsoft Office,C013,Productivity Suite Fundamentals,Microsoft Learn,Beginner,10,tag,4.5,HIGH,LOW,6.75,1
1965,Sales,Sales Executive,Salesforce,Learn Salesforce,C026,Managing the Customer Pipeline,Trailhead,Beginner,16,tag,4.5,HIGH,LOW,6.75,2
1965,Sales,Sales Executive,Adobe Creative Cloud,Learn Adobe Creative Cloud,C020,Digital Image Editing Foundations,Adobe,Beginner,16,tag,3.5,HIGH,LOW,5.25,3
1966,Research & Development,Manufacturing Director,Microsoft PowerPoint,Learn Microsoft PowerPoint,C012,Presenting Data to Decision Makers,LinkedIn Learning,Beginner,10,tag,4.5,HIGH,LOW,6.75,1
1966,Research & Development,Manufacturing Director,Microsoft Outlook,Learn Microsoft Outlook,C013,Productivity Suite Fundamentals,Microsoft Learn,Beginner,10,tag,4.5,HIGH,LOW,6.75,2
1966,Research & Development,Manufacturing Director,Critical Thinking,Learn Critical Thinking,C033,Structured Problem Solving,Coursera,Intermediate,12,tag,4.0,HIGH,LOW,6.0,3
1967,Sales,Sales Executive,Microsoft PowerPoint,Learn Microsoft PowerPoint,C012,Presenting Data to Decision Makers,LinkedIn Learning,Beginner,10,tag,4.5,HIGH,HIGH,9.45,1
1967,Sales,Sales Executive,Microsoft Excel,Learn Microsoft Excel,C010,Advanced Spreadsheet Modelling,Microsoft Learn,Intermediate,12,tag,4.5,HIGH,HIGH,9.45,2
1967,Sales,Sales Executive,Speaking,Learn Speaking,C036,Listening and Influence at Work,LinkedIn Learning,Beginner,6,tag,4.0,HIGH,HIGH,8.4,3
1968,Sales,Sales Executive,Microsoft PowerPoint,Learn Microsoft PowerPoint,C012,Presenting Data to Decision Makers,LinkedIn Learning,Beginner,10,tag,4.5,HIGH,HIGH,9.45,1
1968,Sales,Sales Executive,Microsoft Excel,Learn Microsoft Excel,C010,Advanced Spreadsheet Modelling,Microsoft Learn,Intermediate,12,tag,4.5,HIGH,HIGH,9.45,2
1968,Sales,Sales Executive,Salesforce,Learn Salesforce,C026,Managing the Customer Pipeline,Trailhead,Beginner,16,tag,4.5,HIGH,HIGH,9.45,3
1969,Research & Development,Research Scientist,Microsoft Excel,Learn Microsoft Excel,C010,Advanced Spreadsheet Modelling,Microsoft Learn,Intermediate,12,tag,4.5,HIGH,LOW,6.75,1
1969,Research & Development,Research Scientist,Microsoft Office,Learn Microsoft Office,C013,Productivity Suite Fundamentals,Microsoft Learn,Beginner,10,tag,4.5,HIGH,LOW,6.75,2
1969,Research & Development,Research Scientist,Science,Learn Science,C038,Scientific Method in Practice,edX,Intermediate,14,tag,4.12,HIGH,LOW,6.18,3
1970,Research & Development,Healthcare Representative,Microsoft Excel,Learn Microsoft Excel,C010,Advanced Spreadsheet Modelling,Microsoft Learn,Intermediate,12,tag,4.5,HIGH,LOW,6.75,1
1970,Research & Development,Healthcare Representative,Microsoft Office,Learn Microsoft Office,C013,Productivity Suite Fundamentals,Microsoft Learn,Beginner,10,tag,4.5,HIGH,LOW,6.75,2
1970,Research & Development,Healthcare Representative,Salesforce,Learn Salesforce,C026,Managing the Customer Pipeline,Trailhead,Beginner,16,tag,4.5,HIGH,LOW,6.75,3
1971,Research & Development,Healthcare Representative,Microsoft Office,Learn Microsoft Office,C013,Productivity Suite Fundamentals,Microsoft Learn,Beginner,10,tag,4.5,HIGH,LOW,6.75,1
1971,Research & Development,Healthcare Representative,Salesforce,Learn Salesforce,C026,Managing the Customer Pipeline,Trailhead,Beginner,16,tag,4.5,HIGH,LOW,6.75,2
1971,Research & Development,Healthcare Representative,Active Listening,Learn Active Listening,C015,Running Effective Remote Meetings,LinkedIn Learning,Beginner,6,tag,4.12,HIGH,LOW,6.18,3
1972,Human Resources,Human Resources,Microsoft PowerPoint,Learn Microsoft PowerPoint,C012,Presenting Data to Decision Makers,LinkedIn Learning,Beginner,10,tag,4.5,HIGH,LOW,6.75,1
1972,Human Resources,Human Resources,Microsoft Excel,Learn Microsoft Excel,C010,Advanced Spreadsheet Modelling,Microsoft Learn,Intermediate,12,tag,4.5,HIGH,LOW,6.75,2
1972,Human Resources,Human Resources,Microsoft Office,Learn Microsoft Office,C013,Productivity Suite Fundamentals,Microsoft Learn,Beginner,10,tag,4.5,HIGH,LOW,6.75,3
1973,Human Resources,Manager,Microsoft Office,Learn Microsoft Office,C013,Productivity Suite Fundamentals,Microsoft Learn,Beginner,10,tag,4.5,HIGH,MEDIUM,7.762,1
1973,Human Resources,Manager,Speaking,Learn Speaking,C036,Listening and Influence at Work,LinkedIn Learning,Beginner,6,tag,4.0,HIGH,MEDIUM,6.9,2
1973,Human Resources,Manager,Learning Strategies,Learn Learning Strategies,C034,Learning How to Learn,Coursera,Beginner,8,tag,3.0,HIGH,MEDIUM,5.175,3
1974,Research & Development,Laboratory Technician,Microsoft Office,Learn Microsoft Office,C013,Productivity Suite Fundamentals,Microsoft Learn,Beginner,10,tag,4.5,HIGH,HIGH,9.45,1
1974,Research & Development,Laboratory Technician,Reading Comprehension,Learn Reading Comprehension,C035,Business Writing for Clarity,LinkedIn Learning,Beginner,8,tag,3.75,HIGH,HIGH,7.875,2
1974,Research & Development,Laboratory Technician,Active Listening,Learn Active Listening,C015,Running Effective Remote Meetings,LinkedIn Learning,Beginner,6,tag,3.62,HIGH,HIGH,7.602,3
1975,Sales,Sales Executive,Microsoft PowerPoint,Learn Microsoft PowerPoint,C012,Presenting Data to Decision Makers,LinkedIn Learning,Beginner,10,tag,4.5,HIGH,HIGH,9.45,1
1975,Sales,Sales Executive,Microsoft Excel,Learn Microsoft Excel,C010,Advanced Spreadsheet Modelling,Microsoft Learn,Intermediate,12,tag,4.5,HIGH,HIGH,9.45,2
1975,Sales,Sales Executive,Salesforce,Learn Salesforce,C026,Managing the Customer Pipeline,Trailhead,Beginner,16,tag,4.5,HIGH,HIGH,9.45,3
1976,Research & Development,Research Scientist,Microsoft Office,Learn Microsoft Office,C013,Productivity Suite Fundamentals,Microsoft Learn,Beginner,10,tag,4.5,HIGH,LOW,6.75,1
1976,Research & Development,Research Scientist,Writing,Learn Writing,C035,Business Writing for Clarity,LinkedIn Learning,Beginner,8,tag,4.25,HIGH,LOW,6.375,2
1976,Research & Development,Research Scientist,Science,Learn Science,C038,Scientific Method in Practice,edX,Intermediate,14,tag,4.12,HIGH,LOW,6.18,3
1979,Research & Development,Research Director,Microsoft Excel,Learn Microsoft Excel,C010,Advanced Spreadsheet Modelling,Microsoft Learn,Intermediate,12,tag,4.5,HIGH,LOW,6.75,1
1979,Research & Development,Research Director,Critical Thinking,Learn Critical Thinking,C033,Structured Problem Solving,Coursera,Intermediate,12,tag,4.0,HIGH,LOW,6.0,2
1979,Research & Development,Research Director,Reading Comprehension,Learn Reading Comprehension,C035,Business Writing for Clarity,LinkedIn Learning,Beginner,8,tag,4.0,HIGH,LOW,6.0,3
1980,Research & Development,Manufacturing Director,SAP,Learn SAP,C029,Enterprise Resource Planning Essentials,SAP,Intermediate,24,tag,4.5,HIGH,MEDIUM,7.762,1
1980,Research & Development,Manufacturing Director,Microsoft Excel,Learn Microsoft Excel,C010,Advanced Spreadsheet Modelling,Microsoft Learn,Intermediate,12,tag,4.5,HIGH,MEDIUM,7.762,2
1980,Research & Development,Manufacturing Director,Microsoft Office,Learn Microsoft Office,C013,Productivity Suite Fundamentals,Microsoft Learn,Beginner,10,tag,4.5,HIGH,MEDIUM,7.762,3
1981,Research & Development,Healthcare Representative,Microsoft Office,Learn Microsoft Office,C013,Productivity Suite Fundamentals,Microsoft Learn,Beginner,10,tag,4.5,HIGH,MEDIUM,7.762,1
1981,Research & Development,Healthcare Representative,Salesforce,Learn Salesforce,C026,Managing the Customer Pipeline,Trailhead,Beginner,16,tag,4.5,HIGH,MEDIUM,7.762,2
1981,Research & Development,Healthcare Representative,Active Listening,Learn Active Listening,C015,Running Effective Remote Meetings,LinkedIn Learning,Beginner,6,tag,4.12,HIGH,MEDIUM,7.107,3
1982,Research & Development,Laboratory Technician,Microsoft Excel,Learn Microsoft Excel,C010,Advanced Spreadsheet Modelling,Microsoft Learn,Intermediate,12,tag,4.5,HIGH,LOW,6.75,1
1982,Research & Development,Laboratory Technician,Reading Comprehension,Learn Reading Comprehension,C035,Business Writing for Clarity,LinkedIn Learning,Beginner,8,tag,3.75,HIGH,LOW,5.625,2
1982,Research & Development,Laboratory Technician,Active Listening,Learn Active Listening,C015,Running Effective Remote Meetings,LinkedIn Learning,Beginner,6,tag,3.62,HIGH,LOW,5.43,3
1985,Research & Development,Laboratory Technician,Microsoft Excel,Learn Microsoft Excel,C010,Advanced Spreadsheet Modelling,Microsoft Learn,Intermediate,12,tag,4.5,HIGH,HIGH,9.45,1
1985,Research & Development,Laboratory Technician,Microsoft Office,Learn Microsoft Office,C013,Productivity Suite Fundamentals,Microsoft Learn,Beginner,10,tag,4.5,HIGH,HIGH,9.45,2
1985,Research & Development,Laboratory Technician,Active Listening,Learn Active Listening,C015,Running Effective Remote Meetings,LinkedIn Learning,Beginner,6,tag,3.62,HIGH,HIGH,7.602,3
1986,Sales,Sales Executive,Microsoft Excel,Learn Microsoft Excel,C010,Advanced Spreadsheet Modelling,Microsoft Learn,Intermediate,12,tag,4.5,HIGH,LOW,6.75,1
1986,Sales,Sales Executive,Microsoft Office,Learn Microsoft Office,C013,Productivity Suite Fundamentals,Microsoft Learn,Beginner,10,tag,4.5,HIGH,LOW,6.75,2
1986,Sales,Sales Executive,Microsoft Outlook,Learn Microsoft Outlook,C013,Productivity Suite Fundamentals,Microsoft Learn,Beginner,10,tag,4.5,HIGH,LOW,6.75,3
1987,Human Resources,Human Resources,Microsoft PowerPoint,Learn Microsoft PowerPoint,C012,Presenting Data to Decision Makers,LinkedIn Learning,Beginner,10,tag,4.5,HIGH,MEDIUM,7.762,1
1987,Human Resources,Human Resources,Microsoft Excel,Learn Microsoft Excel,C010,Advanced Spreadsheet Modelling,Microsoft Learn,Intermediate,12,tag,4.5,HIGH,MEDIUM,7.762,2
1987,Human Resources,Human Resources,Microsoft Outlook,Learn Microsoft Outlook,C013,Productivity Suite Fundamentals,Microsoft Learn,Beginner,10,tag,4.5,HIGH,MEDIUM,7.762,3
1989,Research & Development,Laboratory Technician,Microsoft Office,Learn Microsoft Office,C013,Productivity Suite Fundamentals,Microsoft Learn,Beginner,10,tag,4.5,HIGH,LOW,6.75,1
1989,Research & Development,Laboratory Technician,Reading Comprehension,Learn Reading Comprehension,C035,Business Writing for Clarity,LinkedIn Learning,Beginner,8,tag,3.75,HIGH,LOW,5.625,2
1989,Research & Development,Laboratory Technician,SAP,Learn SAP,C029,Enterprise Resource Planning Essentials,SAP,Intermediate,24,tag,3.5,HIGH,LOW,5.25,3
1992,Research & Development,Laboratory Technician,Microsoft Excel,Learn Microsoft Excel,C010,Advanced Spreadsheet Modelling,Microsoft Learn,Intermediate,12,tag,4.5,HIGH,LOW,6.75,1
1992,Research & Development,Laboratory Technician,Microsoft Office,Learn Microsoft Office,C013,Productivity Suite Fundamentals,Microsoft Learn,Beginner,10,tag,4.5,HIGH,LOW,6.75,2
1992,Research & Development,Laboratory Technician,Active Listening,Learn Active Listening,C015,Running Effective Remote Meetings,LinkedIn Learning,Beginner,6,tag,3.62,HIGH,LOW,5.43,3
1993,Research & Development,Healthcare Representative,Microsoft Office,Learn Microsoft Office,C013,Productivity Suite Fundamentals,Microsoft Learn,Beginner,10,tag,4.5,HIGH,LOW,6.75,1
1993,Research & Development,Healthcare Representative,Salesforce,Learn Salesforce,C026,Managing the Customer Pipeline,Trailhead,Beginner,16,tag,4.5,HIGH,LOW,6.75,2
1993,Research & Development,Healthcare Representative,Microsoft Access,Learn Microsoft Access,C009,Relational Databases and Query Design,Coursera,Beginner,18,tag,3.5,HIGH,LOW,5.25,3
1994,Research & Development,Laboratory Technician,Microsoft Office,Learn Microsoft Office,C013,Productivity Suite Fundamentals,Microsoft Learn,Beginner,10,tag,4.5,HIGH,LOW,6.75,1
1994,Research & Development,Laboratory Technician,Reading Comprehension,Learn Reading Comprehension,C035,Business Writing for Clarity,LinkedIn Learning,Beginner,8,tag,3.75,HIGH,LOW,5.625,2
1994,Research & Development,Laboratory Technician,Microsoft Word,Learn Microsoft Word,C011,Business Documents That Get Read,LinkedIn Learning,Beginner,8,tag,3.5,HIGH,LOW,5.25,3
1995,Sales,Sales Executive,Microsoft PowerPoint,Learn Microsoft PowerPoint,C012,Presenting Data to Decision Makers,LinkedIn Learning,Beginner,10,tag,4.5,HIGH,LOW,6.75,1
1995,Sales,Sales Executive,Microsoft Office,Learn Microsoft Office,C013,Productivity Suite Fundamentals,Microsoft Learn,Beginner,10,tag,4.5,HIGH,LOW,6.75,2
1995,Sales,Sales Executive,Salesforce,Learn Salesforce,C026,Managing the Customer Pipeline,Trailhead,Beginner,16,tag,4.5,HIGH,LOW,6.75,3
1996,Sales,Sales Representative,Microsoft Excel,Learn Microsoft Excel,C010,Advanced Spreadsheet Modelling,Microsoft Learn,Intermediate,12,tag,4.5,HIGH,LOW,6.75,1
1996,Sales,Sales Representative,Microsoft Office,Learn Microsoft Office,C013,Productivity Suite Fundamentals,Microsoft Learn,Beginner,10,tag,4.5,HIGH,LOW,6.75,2
1996,Sales,Sales Representative,Active Listening,Learn Active Listening,C015,Running Effective Remote Meetings,LinkedIn Learning,Beginner,6,tag,3.88,HIGH,LOW,5.82,3
1997,Research & Development,Manufacturing Director,Microsoft Excel,Learn Microsoft Excel,C010,Advanced Spreadsheet Modelling,Microsoft Learn,Intermediate,12,tag,4.5,HIGH,MEDIUM,7.762,1
1997,Research & Development,Manufacturing Director,Microsoft Outlook,Learn Microsoft Outlook,C013,Productivity Suite Fundamentals,Microsoft Learn,Beginner,10,tag,4.5,HIGH,MEDIUM,7.762,2
1997,Research & Development,Manufacturing Director,Critical Thinking,Learn Critical Thinking,C033,Structured Problem Solving,Coursera,Intermediate,12,tag,4.0,HIGH,MEDIUM,6.9,3
1998,Research & Development,Research Scientist,R,Learn R,C002,Statistical Programming in R,Coursera,Intermediate,24,tag,4.5,HIGH,HIGH,9.45,1
1998,Research & Development,Research Scientist,Writing,Learn Writing,C035,Business Writing for Clarity,LinkedIn Learning,Beginner,8,tag,4.25,HIGH,HIGH,8.925,2
1998,Research & Development,Research Scientist,Science,Learn Science,C038,Scientific Method in Practice,edX,Intermediate,14,tag,4.12,HIGH,HIGH,8.652,3
1999,Research & Development,Research Scientist,Speaking,Learn Speaking,C036,Listening and Influence at Work,LinkedIn Learning,Beginner,6,tag,4.12,HIGH,LOW,6.18,1
1999,Research & Development,Research Scientist,Active Learning,Learn Active Learning,C034,Learning How to Learn,Coursera,Beginner,8,tag,4.12,HIGH,LOW,6.18,2
1999,Research & Development,Research Scientist,Critical Thinking,Learn Critical Thinking,C033,Structured Problem Solving,Coursera,Intermediate,12,tag,4.0,HIGH,LOW,6.0,3
2000,Research & Development,Research Director,Microsoft Excel,Learn Microsoft Excel,C010,Advanced Spreadsheet Modelling,Microsoft Learn,Intermediate,12,tag,4.5,HIGH,LOW,6.75,1
2000,Research & Development,Research Director,Science,Learn Science,C038,Scientific Method in Practice,edX,Intermediate,14,tag,4.12,HIGH,LOW,6.18,2
2000,Research & Development,Research Director,Monitoring,Learn Monitoring,C039,Performance Tracking and Review,LinkedIn Learning,Beginner,6,tag,4.0,HIGH,LOW,6.0,3
2003,Research & Development,Laboratory Technician,Microsoft Excel,Learn Microsoft Excel,C010,Advanced Spreadsheet Modelling,Microsoft Learn,Intermediate,12,tag,4.5,HIGH,HIGH,9.45,1
2003,Research & Development,Laboratory Technician,Microsoft Office,Learn Microsoft Office,C013,Productivity Suite Fundamentals,Microsoft Learn,Beginner,10,tag,4.5,HIGH,HIGH,9.45,2
2003,Research & Development,Laboratory Technician,SAP,Learn SAP,C029,Enterprise Resource Planning Essentials,SAP,Intermediate,24,tag,3.5,HIGH,HIGH,7.35,3
2007,Research & Development,Research Scientist,Microsoft Excel,Learn Microsoft Excel,C010,Advanced Spreadsheet Modelling,Microsoft Learn,Intermediate,12,tag,4.5,HIGH,LOW,6.75,1
2007,Research & Development,Research Scientist,R,Learn R,C002,Statistical Programming in R,Coursera,Intermediate,24,tag,4.5,HIGH,LOW,6.75,2
2007,Research & Development,Research Scientist,Microsoft Office,Learn Microsoft Office,C013,Productivity Suite Fundamentals,Microsoft Learn,Beginner,10,tag,4.5,HIGH,LOW,6.75,3
2008,Research & Development,Research Scientist,R,Learn R,C002,Statistical Programming in R,Coursera,Intermediate,24,tag,4.5,HIGH,LOW,6.75,1
2008,Research & Development,Research Scientist,Microsoft Office,Learn Microsoft Office,C013,Productivity Suite Fundamentals,Microsoft Learn,Beginner,10,tag,4.5,HIGH,LOW,6.75,2
2008,Research & Development,Research Scientist,Science,Learn Science,C038,Scientific Method in Practice,edX,Intermediate,14,tag,4.12,HIGH,LOW,6.18,3
2009,Research & Development,Healthcare Representative,Microsoft Excel,Learn Microsoft Excel,C010,Advanced Spreadsheet Modelling,Microsoft Learn,Intermediate,12,tag,4.5,HIGH,LOW,6.75,1
2009,Research & Development,Healthcare Representative,Salesforce,Learn Salesforce,C026,Managing the Customer Pipeline,Trailhead,Beginner,16,tag,4.5,HIGH,LOW,6.75,2
2009,Research & Development,Healthcare Representative,Reading Comprehension,Learn Reading Comprehension,C035,Business Writing for Clarity,LinkedIn Learning,Beginner,8,tag,3.75,HIGH,LOW,5.625,3
2010,Research & Development,Laboratory Technician,Microsoft Excel,Learn Microsoft Excel,C010,Advanced Spreadsheet Modelling,Microsoft Learn,Intermediate,12,tag,4.5,HIGH,HIGH,9.45,1
2010,Research & Development,Laboratory Technician,Reading Comprehension,Learn Reading Comprehension,C035,Business Writing for Clarity,LinkedIn Learning,Beginner,8,tag,3.75,HIGH,HIGH,7.875,2
2010,Research & Development,Laboratory Technician,Active Listening,Learn Active Listening,C015,Running Effective Remote Meetings,LinkedIn Learning,Beginner,6,tag,3.62,HIGH,HIGH,7.602,3
2012,Research & Development,Laboratory Technician,Microsoft Excel,Learn Microsoft Excel,C010,Advanced Spreadsheet Modelling,Microsoft Learn,Intermediate,12,tag,4.5,HIGH,MEDIUM,7.762,1
2012,Research & Development,Laboratory Technician,Microsoft Office,Learn Microsoft Office,C013,Productivity Suite Fundamentals,Microsoft Learn,Beginner,10,tag,4.5,HIGH,MEDIUM,7.762,2
2012,Research & Development,Laboratory Technician,Active Listening,Learn Active Listening,C015,Running Effective Remote Meetings,LinkedIn Learning,Beginner,6,tag,3.62,HIGH,MEDIUM,6.244,3
2013,Sales,Sales Representative,Salesforce,Learn Salesforce,C026,Managing the Customer Pipeline,Trailhead,Beginner,16,tag,4.5,HIGH,HIGH,9.45,1
2013,Sales,Sales Representative,Speaking,Learn Speaking,C036,Listening and Influence at Work,LinkedIn Learning,Beginner,6,tag,3.88,HIGH,HIGH,8.148,2
2013,Sales,Sales Representative,IBM SPSS Statistics,Learn IBM SPSS Statistics,C003,Applied Statistics with SPSS,IBM SkillsBuild,Beginner,16,tag,3.5,HIGH,HIGH,7.35,3
2014,Research & Development,Research Scientist,Microsoft Excel,Learn Microsoft Excel,C010,Advanced Spreadsheet Modelling,Microsoft Learn,Intermediate,12,tag,4.5,HIGH,MEDIUM,7.762,1
2014,Research & Development,Research Scientist,R,Learn R,C002,Statistical Programming in R,Coursera,Intermediate,24,tag,4.5,HIGH,MEDIUM,7.762,2
2014,Research & Development,Research Scientist,Microsoft Office,Learn Microsoft Office,C013,Productivity Suite Fundamentals,Microsoft Learn,Beginner,10,tag,4.5,HIGH,MEDIUM,7.762,3
2015,Research & Development,Research Director,Monitoring,Learn Monitoring,C039,Performance Tracking and Review,LinkedIn Learning,Beginner,6,tag,4.0,HIGH,LOW,6.0,1
2015,Research & Development,Research Director,Critical Thinking,Learn Critical Thinking,C033,Structured Problem Solving,Coursera,Intermediate,12,tag,4.0,HIGH,LOW,6.0,2
2015,Research & Development,Research Director,Reading Comprehension,Learn Reading Comprehension,C035,Business Writing for Clarity,LinkedIn Learning,Beginner,8,tag,4.0,HIGH,LOW,6.0,3
2016,Sales,Sales Executive,Microsoft PowerPoint,Learn Microsoft PowerPoint,C012,Presenting Data to Decision Makers,LinkedIn Learning,Beginner,10,tag,4.5,HIGH,LOW,6.75,1
2016,Sales,Sales Executive,Salesforce,Learn Salesforce,C026,Managing the Customer Pipeline,Trailhead,Beginner,16,tag,4.5,HIGH,LOW,6.75,2
2016,Sales,Sales Executive,Speaking,Learn Speaking,C036,Listening and Influence at Work,LinkedIn Learning,Beginner,6,tag,4.0,HIGH,LOW,6.0,3
2017,Research & Development,Research Director,Microsoft PowerPoint,Learn Microsoft PowerPoint,C012,Presenting Data to Decision Makers,LinkedIn Learning,Beginner,10,tag,4.5,HIGH,LOW,6.75,1
2017,Research & Development,Research Director,Microsoft Office,Learn Microsoft Office,C013,Productivity Suite Fundamentals,Microsoft Learn,Beginner,10,tag,4.5,HIGH,LOW,6.75,2
2017,Research & Development,Research Director,Monitoring,Learn Monitoring,C039,Performance Tracking and Review,LinkedIn Learning,Beginner,6,tag,4.0,HIGH,LOW,6.0,3
2018,Sales,Sales Executive,Microsoft Excel,Learn Microsoft Excel,C010,Advanced Spreadsheet Modelling,Microsoft Learn,Intermediate,12,tag,4.5,HIGH,LOW,6.75,1
2018,Sales,Sales Executive,Microsoft Outlook,Learn Microsoft Outlook,C013,Productivity Suite Fundamentals,Microsoft Learn,Beginner,10,tag,4.5,HIGH,LOW,6.75,2
2018,Sales,Sales Executive,Speaking,Learn Speaking,C036,Listening and Influence at Work,LinkedIn Learning,Beginner,6,tag,4.0,HIGH,LOW,6.0,3
2019,Sales,Sales Representative,Microsoft Excel,Learn Microsoft Excel,C010,Advanced Spreadsheet Modelling,Microsoft Learn,Intermediate,12,tag,4.5,HIGH,LOW,6.75,1
2019,Sales,Sales Representative,Speaking,Learn Speaking,C036,Listening and Influence at Work,LinkedIn Learning,Beginner,6,tag,3.88,HIGH,LOW,5.82,2
2019,Sales,Sales Representative,IBM SPSS Statistics,Learn IBM SPSS Statistics,C003,Applied Statistics with SPSS,IBM SkillsBuild,Beginner,16,tag,3.5,HIGH,LOW,5.25,3
2020,Research & Development,Research Scientist,Science,Learn Science,C038,Scientific Method in Practice,edX,Intermediate,14,tag,4.12,HIGH,HIGH,8.652,1
2020,Research & Development,Research Scientist,Active Learning,Learn Active Learning,C034,Learning How to Learn,Coursera,Beginner,8,tag,4.12,HIGH,HIGH,8.652,2
2020,Research & Development,Research Scientist,Reading Comprehension,Learn Reading Comprehension,C035,Business Writing for Clarity,LinkedIn Learning,Beginner,8,tag,4.0,HIGH,HIGH,8.4,3
2021,Sales,Sales Representative,Microsoft Excel,Learn Microsoft Excel,C010,Advanced Spreadsheet Modelling,Microsoft Learn,Intermediate,12,tag,4.5,HIGH,HIGH,9.45,1
2021,Sales,Sales Representative,Microsoft Office,Learn Microsoft Office,C013,Productivity Suite Fundamentals,Microsoft Learn,Beginner,10,tag,4.5,HIGH,HIGH,9.45,2
2021,Sales,Sales Representative,Salesforce,Learn Salesforce,C026,Managing the Customer Pipeline,Trailhead,Beginner,16,tag,4.5,HIGH,HIGH,9.45,3
2022,Research & Development,Manager,Microsoft PowerPoint,Learn Microsoft PowerPoint,C012,Presenting Data to Decision Makers,LinkedIn Learning,Beginner,10,tag,4.5,HIGH,LOW,6.75,1
2022,Research & Development,Manager,Monitoring,Learn Monitoring,C039,Performance Tracking and Review,LinkedIn Learning,Beginner,6,tag,4.0,HIGH,LOW,6.0,2
2022,Research & Development,Manager,Speaking,Learn Speaking,C036,Listening and Influence at Work,LinkedIn Learning,Beginner,6,tag,4.0,HIGH,LOW,6.0,3
2023,Sales,Sales Representative,Microsoft Office,Learn Microsoft Office,C013,Productivity Suite Fundamentals,Microsoft Learn,Beginner,10,tag,4.5,HIGH,HIGH,9.45,1
2023,Sales,Sales Representative,Speaking,Learn Speaking,C036,Listening and Influence at Work,LinkedIn Learning,Beginner,6,tag,3.88,HIGH,HIGH,8.148,2
2023,Sales,Sales Representative,Active Listening,Learn Active Listening,C015,Running Effective Remote Meetings,LinkedIn Learning,Beginner,6,tag,3.88,HIGH,HIGH,8.148,3
2024,Sales,Sales Executive,Microsoft PowerPoint,Learn Microsoft PowerPoint,C012,Presenting Data to Decision Makers,LinkedIn Learning,Beginner,10,tag,4.5,HIGH,LOW,6.75,1
2024,Sales,Sales Executive,Microsoft Excel,Learn Microsoft Excel,C010,Advanced Spreadsheet Modelling,Microsoft Learn,Intermediate,12,tag,4.5,HIGH,LOW,6.75,2
2024,Sales,Sales Executive,Adobe Creative Cloud,Learn Adobe Creative Cloud,C020,Digital Image Editing Foundations,Adobe,Beginner,16,tag,3.5,HIGH,LOW,5.25,3
2025,Research & Development,Manufacturing Director,Microsoft Excel,Learn Microsoft Excel,C010,Advanced Spreadsheet Modelling,Microsoft Learn,Intermediate,12,tag,4.5,HIGH,LOW,6.75,1
2025,Research & Development,Manufacturing Director,Microsoft Office,Learn Microsoft Office,C013,Productivity Suite Fundamentals,Microsoft Learn,Beginner,10,tag,4.5,HIGH,LOW,6.75,2
2025,Research & Development,Manufacturing Director,Microsoft Outlook,Learn Microsoft Outlook,C013,Productivity Suite Fundamentals,Microsoft Learn,Beginner,10,tag,4.5,HIGH,LOW,6.75,3
2026,Research & Development,Healthcare Representative,Microsoft Excel,Learn Microsoft Excel,C010,Advanced Spreadsheet Modelling,Microsoft Learn,Intermediate,12,tag,4.5,HIGH,LOW,6.75,1
2026,Research & Development,Healthcare Representative,Salesforce,Learn Salesforce,C026,Managing the Customer Pipeline,Trailhead,Beginner,16,tag,4.5,HIGH,LOW,6.75,2
2026,Research & Development,Healthcare Representative,Active Listening,Learn Active Listening,C015,Running Effective Remote Meetings,LinkedIn Learning,Beginner,6,tag,4.12,HIGH,LOW,6.18,3
2027,Research & Development,Research Scientist,R,Learn R,C002,Statistical Programming in R,Coursera,Intermediate,24,tag,4.5,HIGH,MEDIUM,7.762,1
2027,Research & Development,Research Scientist,Microsoft Office,Learn Microsoft Office,C013,Productivity Suite Fundamentals,Microsoft Learn,Beginner,10,tag,4.5,HIGH,MEDIUM,7.762,2
2027,Research & Development,Research Scientist,Writing,Learn Writing,C035,Business Writing for Clarity,LinkedIn Learning,Beginner,8,tag,4.25,HIGH,MEDIUM,7.331,3
2031,Research & Development,Manager,Monitoring,Learn Monitoring,C039,Performance Tracking and Review,LinkedIn Learning,Beginner,6,tag,4.0,HIGH,HIGH,8.4,1
2031,Research & Development,Manager,Adobe Photoshop,Learn Adobe Photoshop,C020,Digital Image Editing Foundations,Adobe,Beginner,16,tag,3.5,HIGH,HIGH,7.35,2
2031,Research & Development,Manager,Autodesk AutoCAD,Learn Autodesk AutoCAD,C024,Technical Drawing and 3D Modelling,Autodesk,Intermediate,26,tag,3.5,HIGH,HIGH,7.35,3
2032,Research & Development,Laboratory Technician,Microsoft Excel,Learn Microsoft Excel,C010,Advanced Spreadsheet Modelling,Microsoft Learn,Intermediate,12,tag,4.5,HIGH,MEDIUM,7.762,1
2032,Research & Development,Laboratory Technician,Microsoft Office,Learn Microsoft Office,C013,Productivity Suite Fundamentals,Microsoft Learn,Beginner,10,tag,4.5,HIGH,MEDIUM,7.762,2
2032,Research & Development,Laboratory Technician,Reading Comprehension,Learn Reading Comprehension,C035,Business Writing for Clarity,LinkedIn Learning,Beginner,8,tag,3.75,HIGH,MEDIUM,6.469,3
2034,Research & Development,Manufacturing Director,SAP,Learn SAP,C029,Enterprise Resource Planning Essentials,SAP,Intermediate,24,tag,4.5,HIGH,LOW,6.75,1
2034,Research & Development,Manufacturing Director,Microsoft PowerPoint,Learn Microsoft PowerPoint,C012,Presenting Data to Decision Makers,LinkedIn Learning,Beginner,10,tag,4.5,HIGH,LOW,6.75,2
2034,Research & Development,Manufacturing Director,Microsoft Outlook,Learn Microsoft Outlook,C013,Productivity Suite Fundamentals,Microsoft Learn,Beginner,10,tag,4.5,HIGH,LOW,6.75,3
2035,Sales,Sales Executive,Microsoft Excel,Learn Microsoft Excel,C010,Advanced Spreadsheet Modelling,Microsoft Learn,Intermediate,12,tag,4.5,HIGH,LOW,6.75,1
2035,Sales,Sales Executive,Salesforce,Learn Salesforce,C026,Managing the Customer Pipeline,Trailhead,Beginner,16,tag,4.5,HIGH,LOW,6.75,2
2035,Sales,Sales Executive,Active Listening,Learn Active Listening,C015,Running Effective Remote Meetings,LinkedIn Learning,Beginner,6,tag,4.0,HIGH,LOW,6.0,3
2036,Sales,Sales Executive,Salesforce,Learn Salesforce,C026,Managing the Customer Pipeline,Trailhead,Beginner,16,tag,4.5,HIGH,LOW,6.75,1
2036,Sales,Sales Executive,Adobe Creative Cloud,Learn Adobe Creative Cloud,C020,Digital Image Editing Foundations,Adobe,Beginner,16,tag,3.5,HIGH,LOW,5.25,2
2036,Sales,Sales Executive,Adobe InDesign,Learn Adobe InDesign,C022,Layout and Publication Design,Adobe,Intermediate,14,tag,3.5,HIGH,LOW,5.25,3
2037,Sales,Sales Executive,Microsoft PowerPoint,Learn Microsoft PowerPoint,C012,Presenting Data to Decision Makers,LinkedIn Learning,Beginner,10,tag,4.5,HIGH,LOW,6.75,1
2037,Sales,Sales Executive,Microsoft Excel,Learn Microsoft Excel,C010,Advanced Spreadsheet Modelling,Microsoft Learn,Intermediate,12,tag,4.5,HIGH,LOW,6.75,2
2037,Sales,Sales Executive,Microsoft Office,Learn Microsoft Office,C013,Productivity Suite Fundamentals,Microsoft Learn,Beginner,10,tag,4.5,HIGH,LOW,6.75,3
2038,Research & Development,Research Scientist,Microsoft Excel,Learn Microsoft Excel,C010,Advanced Spreadsheet Modelling,Microsoft Learn,Intermediate,12,tag,4.5,HIGH,LOW,6.75,1
2038,Research & Development,Research Scientist,Microsoft Office,Learn Microsoft Office,C013,Productivity Suite Fundamentals,Microsoft Learn,Beginner,10,tag,4.5,HIGH,LOW,6.75,2
2038,Research & Development,Research Scientist,Writing,Learn Writing,C035,Business Writing for Clarity,LinkedIn Learning,Beginner,8,tag,4.25,HIGH,LOW,6.375,3
2040,Human Resources,Human Resources,Microsoft Excel,Learn Microsoft Excel,C010,Advanced Spreadsheet Modelling,Microsoft Learn,Intermediate,12,tag,4.5,HIGH,HIGH,9.45,1
2040,Human Resources,Human Resources,Microsoft Outlook,Learn Microsoft Outlook,C013,Productivity Suite Fundamentals,Microsoft Learn,Beginner,10,tag,4.5,HIGH,HIGH,9.45,2
2040,Human Resources,Human Resources,Speaking,Learn Speaking,C036,Listening and Influence at Work,LinkedIn Learning,Beginner,6,tag,4.12,HIGH,HIGH,8.652,3
2041,Sales,Sales Executive,Microsoft Excel,Learn Microsoft Excel,C010,Advanced Spreadsheet Modelling,Microsoft Learn,Intermediate,12,tag,4.5,HIGH,LOW,6.75,1
2041,Sales,Sales Executive,Microsoft Outlook,Learn Microsoft Outlook,C013,Productivity Suite Fundamentals,Microsoft Learn,Beginner,10,tag,4.5,HIGH,LOW,6.75,2
2041,Sales,Sales Executive,Adobe Creative Cloud,Learn Adobe Creative Cloud,C020,Digital Image Editing Foundations,Adobe,Beginner,16,tag,3.5,HIGH,LOW,5.25,3
2044,Sales,Sales Executive,Microsoft PowerPoint,Learn Microsoft PowerPoint,C012,Presenting Data to Decision Makers,LinkedIn Learning,Beginner,10,tag,4.5,HIGH,LOW,6.75,1
2044,Sales,Sales Executive,Microsoft Office,Learn Microsoft Office,C013,Productivity Suite Fundamentals,Microsoft Learn,Beginner,10,tag,4.5,HIGH,LOW,6.75,2
2044,Sales,Sales Executive,Microsoft Outlook,Learn Microsoft Outlook,C013,Productivity Suite Fundamentals,Microsoft Learn,Beginner,10,tag,4.5,HIGH,LOW,6.75,3
2045,Sales,Sales Executive,Microsoft Excel,Learn Microsoft Excel,C010,Advanced Spreadsheet Modelling,Microsoft Learn,Intermediate,12,tag,4.5,HIGH,HIGH,9.45,1
2045,Sales,Sales Executive,Microsoft Office,Learn Microsoft Office,C013,Productivity Suite Fundamentals,Microsoft Learn,Beginner,10,tag,4.5,HIGH,HIGH,9.45,2
2045,Sales,Sales Executive,Speaking,Learn Speaking,C036,Listening and Influence at Work,LinkedIn Learning,Beginner,6,tag,4.0,HIGH,HIGH,8.4,3
2046,Sales,Sales Executive,Microsoft Excel,Learn Microsoft Excel,C010,Advanced Spreadsheet Modelling,Microsoft Learn,Intermediate,12,tag,4.5,HIGH,MEDIUM,7.762,1
2046,Sales,Sales Executive,Microsoft Outlook,Learn Microsoft Outlook,C013,Productivity Suite Fundamentals,Microsoft Learn,Beginner,10,tag,4.5,HIGH,MEDIUM,7.762,2
2046,Sales,Sales Executive,Speaking,Learn Speaking,C036,Listening and Influence at Work,LinkedIn Learning,Beginner,6,tag,4.0,HIGH,MEDIUM,6.9,3
2048,Research & Development,Research Scientist,Writing,Learn Writing,C035,Business Writing for Clarity,LinkedIn Learning,Beginner,8,tag,4.25,HIGH,LOW,6.375,1
2048,Research & Development,Research Scientist,Speaking,Learn Speaking,C036,Listening and Influence at Work,LinkedIn Learning,Beginner,6,tag,4.12,HIGH,LOW,6.18,2
2048,Research & Development,Research Scientist,Critical Thinking,Learn Critical Thinking,C033,Structured Problem Solving,Coursera,Intermediate,12,tag,4.0,HIGH,LOW,6.0,3
2049,Research & Development,Healthcare Representative,Salesforce,Learn Salesforce,C026,Managing the Customer Pipeline,Trailhead,Beginner,16,tag,4.5,HIGH,LOW,6.75,1
2049,Research & Development,Healthcare Representative,Microsoft Outlook,Learn Microsoft Outlook,C013,Productivity Suite Fundamentals,Microsoft Learn,Beginner,10,tag,4.5,HIGH,LOW,6.75,2
2049,Research & Development,Healthcare Representative,Active Listening,Learn Active Listening,C015,Running Effective Remote Meetings,LinkedIn Learning,Beginner,6,tag,4.12,HIGH,LOW,6.18,3
2051,Research & Development,Research Scientist,R,Learn R,C002,Statistical Programming in R,Coursera,Intermediate,24,tag,4.5,HIGH,LOW,6.75,1
2051,Research & Development,Research Scientist,Science,Learn Science,C038,Scientific Method in Practice,edX,Intermediate,14,tag,4.12,HIGH,LOW,6.18,2
2051,Research & Development,Research Scientist,Active Learning,Learn Active Learning,C034,Learning How to Learn,Coursera,Beginner,8,tag,4.12,HIGH,LOW,6.18,3
2052,Research & Development,Research Scientist,Microsoft Excel,Learn Microsoft Excel,C010,Advanced Spreadsheet Modelling,Microsoft Learn,Intermediate,12,tag,4.5,HIGH,LOW,6.75,1
2052,Research & Development,Research Scientist,R,Learn R,C002,Statistical Programming in R,Coursera,Intermediate,24,tag,4.5,HIGH,LOW,6.75,2
2052,Research & Development,Research Scientist,Microsoft Office,Learn Microsoft Office,C013,Productivity Suite Fundamentals,Microsoft Learn,Beginner,10,tag,4.5,HIGH,LOW,6.75,3
2053,Research & Development,Laboratory Technician,Microsoft Excel,Learn Microsoft Excel,C010,Advanced Spreadsheet Modelling,Microsoft Learn,Intermediate,12,tag,4.5,HIGH,HIGH,9.45,1
2053,Research & Development,Laboratory Technician,Reading Comprehension,Learn Reading Comprehension,C035,Business Writing for Clarity,LinkedIn Learning,Beginner,8,tag,3.75,HIGH,HIGH,7.875,2
2053,Research & Development,Laboratory Technician,SAP,Learn SAP,C029,Enterprise Resource Planning Essentials,SAP,Intermediate,24,tag,3.5,HIGH,HIGH,7.35,3
2054,Research & Development,Research Scientist,R,Learn R,C002,Statistical Programming in R,Coursera,Intermediate,24,tag,4.5,HIGH,MEDIUM,7.762,1
2054,Research & Development,Research Scientist,Microsoft Office,Learn Microsoft Office,C013,Productivity Suite Fundamentals,Microsoft Learn,Beginner,10,tag,4.5,HIGH,MEDIUM,7.762,2
2054,Research & Development,Research Scientist,Writing,Learn Writing,C035,Business Writing for Clarity,LinkedIn Learning,Beginner,8,tag,4.25,HIGH,MEDIUM,7.331,3
2055,Sales,Sales Executive,Microsoft Excel,Learn Microsoft Excel,C010,Advanced Spreadsheet Modelling,Microsoft Learn,Intermediate,12,tag,4.5,HIGH,HIGH,9.45,1
2055,Sales,Sales Executive,Speaking,Learn Speaking,C036,Listening and Influence at Work,LinkedIn Learning,Beginner,6,tag,4.0,HIGH,HIGH,8.4,2
2055,Sales,Sales Executive,Active Listening,Learn Active Listening,C015,Running Effective Remote Meetings,LinkedIn Learning,Beginner,6,tag,4.0,HIGH,HIGH,8.4,3
2056,Sales,Sales Executive,Microsoft PowerPoint,Learn Microsoft PowerPoint,C012,Presenting Data to Decision Makers,LinkedIn Learning,Beginner,10,tag,4.5,HIGH,LOW,6.75,1
2056,Sales,Sales Executive,Microsoft Office,Learn Microsoft Office,C013,Productivity Suite Fundamentals,Microsoft Learn,Beginner,10,tag,4.5,HIGH,LOW,6.75,2
2056,Sales,Sales Executive,Salesforce,Learn Salesforce,C026,Managing the Customer Pipeline,Trailhead,Beginner,16,tag,4.5,HIGH,LOW,6.75,3
2057,Research & Development,Manufacturing Director,SAP,Learn SAP,C029,Enterprise Resource Planning Essentials,SAP,Intermediate,24,tag,4.5,HIGH,LOW,6.75,1
2057,Research & Development,Manufacturing Director,Microsoft PowerPoint,Learn Microsoft PowerPoint,C012,Presenting Data to Decision Makers,LinkedIn Learning,Beginner,10,tag,4.5,HIGH,LOW,6.75,2
2057,Research & Development,Manufacturing Director,Microsoft Excel,Learn Microsoft Excel,C010,Advanced Spreadsheet Modelling,Microsoft Learn,Intermediate,12,tag,4.5,HIGH,LOW,6.75,3
2060,Sales,Sales Representative,Microsoft Office,Learn Microsoft Office,C013,Productivity Suite Fundamentals,Microsoft Learn,Beginner,10,tag,4.5,HIGH,LOW,6.75,1
2060,Sales,Sales Representative,Salesforce,Learn Salesforce,C026,Managing the Customer Pipeline,Trailhead,Beginner,16,tag,4.5,HIGH,LOW,6.75,2
2060,Sales,Sales Representative,Speaking,Learn Speaking,C036,Listening and Influence at Work,LinkedIn Learning,Beginner,6,tag,3.88,HIGH,LOW,5.82,3
2061,Research & Development,Laboratory Technician,Microsoft Excel,Learn Microsoft Excel,C010,Advanced Spreadsheet Modelling,Microsoft Learn,Intermediate,12,tag,4.5,HIGH,LOW,6.75,1
2061,Research & Development,Laboratory Technician,Microsoft Office,Learn Microsoft Office,C013,Productivity Suite Fundamentals,Microsoft Learn,Beginner,10,tag,4.5,HIGH,LOW,6.75,2
2061,Research & Development,Laboratory Technician,SAP,Learn SAP,C029,Enterprise Resource Planning Essentials,SAP,Intermediate,24,tag,3.5,HIGH,LOW,5.25,3
2062,Research & Development,Healthcare Representative,Salesforce,Learn Salesforce,C026,Managing the Customer Pipeline,Trailhead,Beginner,16,tag,4.5,HIGH,LOW,6.75,1
2062,Research & Development,Healthcare Representative,Microsoft Outlook,Learn Microsoft Outlook,C013,Productivity Suite Fundamentals,Microsoft Learn,Beginner,10,tag,4.5,HIGH,LOW,6.75,2
2062,Research & Development,Healthcare Representative,Active Listening,Learn Active Listening,C015,Running Effective Remote Meetings,LinkedIn Learning,Beginner,6,tag,4.12,HIGH,LOW,6.18,3
2064,Research & Development,Manufacturing Director,SAP,Learn SAP,C029,Enterprise Resource Planning Essentials,SAP,Intermediate,24,tag,4.5,HIGH,HIGH,9.45,1
2064,Research & Development,Manufacturing Director,Microsoft Excel,Learn Microsoft Excel,C010,Advanced Spreadsheet Modelling,Microsoft Learn,Intermediate,12,tag,4.5,HIGH,HIGH,9.45,2
2064,Research & Development,Manufacturing Director,Microsoft Office,Learn Microsoft Office,C013,Productivity Suite Fundamentals,Microsoft Learn,Beginner,10,tag,4.5,HIGH,HIGH,9.45,3
2065,Sales,Sales Executive,Microsoft Outlook,Learn Microsoft Outlook,C013,Productivity Suite Fundamentals,Microsoft Learn,Beginner,10,tag,4.5,HIGH,LOW,6.75,1
2065,Sales,Sales Executive,Speaking,Learn Speaking,C036,Listening and Influence at Work,LinkedIn Learning,Beginner,6,tag,4.0,HIGH,LOW,6.0,2
2065,Sales,Sales Executive,Active Listening,Learn Active Listening,C015,Running Effective Remote Meetings,LinkedIn Learning,Beginner,6,tag,4.0,HIGH,LOW,6.0,3
2068,Research & Development,Laboratory Technician,Microsoft Office,Learn Microsoft Office,C013,Productivity Suite Fundamentals,Microsoft Learn,Beginner,10,tag,4.5,HIGH,MEDIUM,7.762,1
2068,Research & Development,Laboratory Technician,Reading Comprehension,Learn Reading Comprehension,C035,Business Writing for Clarity,LinkedIn Learning,Beginner,8,tag,3.75,HIGH,MEDIUM,6.469,2
2068,Research & Development,Laboratory Technician,Active Listening,Learn Active Listening,C015,Running Effective Remote Meetings,LinkedIn Learning,Beginner,6,tag,3.62,HIGH,MEDIUM,6.244,3
